2026-09-03 03:40:17,457 ERROR fastapi: Form data requires "python-multipart" to be installed. 
You can install "python-multipart" with: 

pip install python-multipart

2026-09-03 03:40:17,457 WARNING hermes_cli.web_server: Failed to load plugin kanban API routes: Form data requires "python-multipart" to be installed. 
You can install "python-multipart" with: 

pip install python-multipart

2026-09-03 03:40:17,467 WARNING hermes_cli.web_server: Binding to 0.0.0.0 with --insecure — the dashboard has no robust authentication. Only use on trusted networks.
2026-09-04 06:46:32,987 WARNING gateway.run: Shutdown context: signal=SIGTERM under_systemd=yes parent_pid=1 parent_name=systemd loadavg_1m=1.05 parent_cmdline='/usr/lib/systemd/systemd --system --deserialize=111 vultr'
2026-09-04 06:46:34,856 ERROR fastapi: Form data requires "python-multipart" to be installed. 
You can install "python-multipart" with: 

pip install python-multipart

2026-09-04 06:46:34,856 WARNING hermes_cli.web_server: Failed to load plugin kanban API routes: Form data requires "python-multipart" to be installed. 
You can install "python-multipart" with: 

pip install python-multipart

2026-09-04 06:46:34,862 WARNING hermes_cli.web_server: Binding to 0.0.0.0 with --insecure — the dashboard has no robust authentication. Only use on trusted networks.
2026-09-04 06:46:57,641 WARNING gateway.run: Shutdown context: signal=SIGTERM under_systemd=yes parent_pid=1 parent_name=systemd loadavg_1m=1.10 parent_cmdline='/usr/lib/systemd/systemd --system --deserialize=111 vultr'
2026-09-04 06:46:59,268 ERROR fastapi: Form data requires "python-multipart" to be installed. 
You can install "python-multipart" with: 

pip install python-multipart

2026-09-04 06:46:59,268 WARNING hermes_cli.web_server: Failed to load plugin kanban API routes: Form data requires "python-multipart" to be installed. 
You can install "python-multipart" with: 

pip install python-multipart

2026-09-04 06:46:59,273 WARNING hermes_cli.web_server: Binding to 0.0.0.0 with --insecure — the dashboard has no robust authentication. Only use on trusted networks.
2026-09-04 06:47:01,502 WARNING gateway.run: Shutdown context: signal=SIGTERM under_systemd=yes parent_pid=1 parent_name=systemd loadavg_1m=1.10 parent_cmdline='/usr/lib/systemd/systemd --system --deserialize=111 vultr'
2026-09-04 06:47:03,015 ERROR fastapi: Form data requires "python-multipart" to be installed. 
You can install "python-multipart" with: 

pip install python-multipart

2026-09-04 06:47:03,015 WARNING hermes_cli.web_server: Failed to load plugin kanban API routes: Form data requires "python-multipart" to be installed. 
You can install "python-multipart" with: 

pip install python-multipart

2026-09-04 06:47:03,020 WARNING hermes_cli.web_server: Binding to 0.0.0.0 with --insecure — the dashboard has no robust authentication. Only use on trusted networks.
2026-09-04 06:47:55,194 WARNING gateway.run: Shutdown context: signal=SIGTERM under_systemd=yes parent_pid=1 parent_name=systemd loadavg_1m=1.09 parent_cmdline='/usr/lib/systemd/systemd --system --deserialize=111 vultr'
2026-09-04 06:47:56,913 ERROR fastapi: Form data requires "python-multipart" to be installed. 
You can install "python-multipart" with: 

pip install python-multipart

2026-09-04 06:47:56,913 WARNING hermes_cli.web_server: Failed to load plugin kanban API routes: Form data requires "python-multipart" to be installed. 
You can install "python-multipart" with: 

pip install python-multipart

2026-09-04 06:47:56,921 WARNING hermes_cli.web_server: Binding to 0.0.0.0 with --insecure — the dashboard has no robust authentication. Only use on trusted networks.
2026-09-04 06:48:24,845 WARNING gateway.run: Shutdown context: signal=SIGTERM under_systemd=yes parent_pid=1 parent_name=systemd loadavg_1m=1.29 parent_cmdline='/usr/lib/systemd/systemd --system --deserialize=73 vultr'
2026-09-04 06:48:26,657 ERROR fastapi: Form data requires "python-multipart" to be installed. 
You can install "python-multipart" with: 

pip install python-multipart

2026-09-04 06:48:26,657 WARNING hermes_cli.web_server: Failed to load plugin kanban API routes: Form data requires "python-multipart" to be installed. 
You can install "python-multipart" with: 

pip install python-multipart

2026-09-04 06:48:26,663 WARNING hermes_cli.web_server: Binding to 0.0.0.0 with --insecure — the dashboard has no robust authentication. Only use on trusted networks.
2026-09-04 06:48:34,615 WARNING gateway.run: Shutdown context: signal=SIGTERM under_systemd=yes parent_pid=1 parent_name=systemd loadavg_1m=1.63 parent_cmdline='/usr/lib/systemd/systemd --system --deserialize=75 vultr'
2026-09-04 06:48:36,286 ERROR fastapi: Form data requires "python-multipart" to be installed. 
You can install "python-multipart" with: 

pip install python-multipart

2026-09-04 06:48:36,286 WARNING hermes_cli.web_server: Failed to load plugin kanban API routes: Form data requires "python-multipart" to be installed. 
You can install "python-multipart" with: 

pip install python-multipart

2026-09-04 06:48:36,291 WARNING hermes_cli.web_server: Binding to 0.0.0.0 with --insecure — the dashboard has no robust authentication. Only use on trusted networks.
2026-09-04 22:35:08,300 WARNING hermes_cli.config: providers.vultr: unknown config keys ignored: auth
2026-09-04 22:35:08,301 WARNING hermes_cli.config: providers.vultr: unknown config keys ignored: auth
2026-09-04 22:35:08,302 WARNING hermes_cli.config: providers.vultr: unknown config keys ignored: auth
2026-09-04 22:35:09,538 WARNING hermes_cli.config: providers.vultr: unknown config keys ignored: auth
2026-09-04 22:35:09,539 WARNING hermes_cli.config: providers.vultr: unknown config keys ignored: auth
2026-09-04 22:35:09,551 WARNING hermes_cli.config: providers.vultr: unknown config keys ignored: auth
2026-09-04 22:35:09,952 WARNING hermes_cli.config: providers.vultr: unknown config keys ignored: auth
2026-09-04 22:35:09,954 WARNING hermes_cli.config: providers.vultr: unknown config keys ignored: auth
2026-09-04 22:35:09,955 WARNING hermes_cli.config: providers.vultr: unknown config keys ignored: auth
2026-09-04 22:35:09,957 WARNING hermes_cli.config: providers.vultr: unknown config keys ignored: auth
2026-09-04 22:35:09,958 WARNING hermes_cli.config: providers.vultr: unknown config keys ignored: auth
2026-09-04 22:35:09,961 WARNING hermes_cli.config: providers.vultr: unknown config keys ignored: auth
2026-09-04 22:35:10,105 WARNING hermes_cli.config: providers.vultr: unknown config keys ignored: auth
2026-09-04 22:35:10,119 WARNING hermes_cli.config: providers.vultr: unknown config keys ignored: auth
2026-09-04 22:36:01,725 WARNING [20260904_223509_091b75] agent.tool_executor: Tool skill_view returned error (0.01s): {"success": false, "error": "Skill 'hermes-agent' not found.", "available_skills": [], "hint": "Use skills_list to see all available skills"}
2026-09-04 22:44:09,346 WARNING hermes_cli.config: providers.vultr: unknown config keys ignored: auth
2026-09-04 23:14:04,705 WARNING hermes_cli.config: providers.vultr: unknown config keys ignored: auth
2026-09-04 23:14:04,706 WARNING hermes_cli.config: providers.vultr: unknown config keys ignored: auth
2026-09-04 23:14:04,708 WARNING hermes_cli.config: providers.vultr: unknown config keys ignored: auth
2026-09-04 23:27:08,959 WARNING hermes_cli.plugins_cmd: gbrain has no plugin.yaml / __init__.py; may not be a valid plugin
2026-09-04 23:30:11,233 WARNING hermes_cli.plugins_cmd: agent-vision-toolkit has no plugin.yaml / __init__.py; may not be a valid plugin
2026-09-05 00:23:21,231 WARNING hermes_cli.plugins_cmd: postiz-app has no plugin.yaml / __init__.py; may not be a valid plugin
2026-09-05 00:29:37,901 WARNING hermes_cli.config: providers.vultr: unknown config keys ignored: auth
2026-09-05 00:29:37,902 WARNING hermes_cli.config: providers.vultr: unknown config keys ignored: auth
2026-09-05 00:29:37,904 WARNING hermes_cli.config: providers.vultr: unknown config keys ignored: auth
2026-09-05 00:29:37,990 WARNING hermes_cli.config: providers.vultr: unknown config keys ignored: auth
2026-09-05 00:29:37,992 WARNING hermes_cli.config: providers.vultr: unknown config keys ignored: auth
2026-09-05 00:29:37,993 WARNING hermes_cli.config: providers.vultr: unknown config keys ignored: auth
2026-09-05 00:29:38,074 WARNING hermes_cli.config: providers.vultr: unknown config keys ignored: auth
2026-09-05 00:30:03,254 WARNING hermes_cli.config: providers.vultr: unknown config keys ignored: auth
2026-09-05 00:30:03,255 WARNING hermes_cli.config: providers.vultr: unknown config keys ignored: auth
2026-09-05 00:30:03,257 WARNING hermes_cli.config: providers.vultr: unknown config keys ignored: auth
2026-09-05 00:30:03,303 WARNING hermes_cli.config: providers.vultr: unknown config keys ignored: auth
2026-09-05 00:30:04,768 WARNING hermes_cli.config: providers.vultr: unknown config keys ignored: auth
2026-09-05 00:30:04,772 WARNING hermes_cli.config: providers.vultr: unknown config keys ignored: auth
2026-09-05 00:30:04,774 WARNING hermes_cli.config: providers.vultr: unknown config keys ignored: auth
2026-09-05 00:30:04,815 WARNING hermes_cli.config: providers.vultr: unknown config keys ignored: auth
2026-09-05 00:30:24,808 WARNING hermes_cli.config: providers.vultr: unknown config keys ignored: auth
2026-09-05 00:30:24,809 WARNING hermes_cli.config: providers.vultr: unknown config keys ignored: auth
2026-09-05 00:30:24,810 WARNING hermes_cli.config: providers.vultr: unknown config keys ignored: auth
2026-09-05 00:32:42,678 WARNING gateway.run: Shutdown context: signal=SIGTERM under_systemd=yes parent_pid=1 parent_name=systemd loadavg_1m=0.10 parent_cmdline='/usr/lib/systemd/systemd --system --deserialize=75 vultr'
2026-09-05 00:33:16,973 WARNING hermes_cli.config: providers.vultr: unknown config keys ignored: auth
2026-09-05 00:33:29,188 WARNING hermes_cli.config: providers.vultr: unknown config keys ignored: auth
2026-09-05 00:33:29,189 WARNING hermes_cli.config: providers.vultr: unknown config keys ignored: auth
2026-09-05 00:33:29,191 WARNING hermes_cli.config: providers.vultr: unknown config keys ignored: auth
2026-09-05 00:33:29,882 WARNING hermes_cli.config: providers.vultr: unknown config keys ignored: auth
2026-09-05 00:33:29,883 WARNING hermes_cli.config: providers.vultr: unknown config keys ignored: auth
2026-09-05 00:33:29,885 WARNING hermes_cli.config: providers.vultr: unknown config keys ignored: auth
2026-09-05 00:33:29,997 WARNING hermes_cli.config: providers.vultr: unknown config keys ignored: auth
2026-09-05 00:33:45,916 WARNING [20260905_003327_5100d394] hermes_cli.config: providers.vultr: unknown config keys ignored: auth
2026-09-05 00:33:45,918 WARNING [20260905_003327_5100d394] hermes_cli.config: providers.vultr: unknown config keys ignored: auth
2026-09-05 00:33:45,919 WARNING [20260905_003327_5100d394] hermes_cli.config: providers.vultr: unknown config keys ignored: auth
2026-09-05 00:34:22,772 WARNING hermes_cli.config: providers.vultr: unknown config keys ignored: auth
2026-09-05 00:34:22,774 WARNING hermes_cli.config: providers.vultr: unknown config keys ignored: auth
2026-09-05 00:34:22,776 WARNING hermes_cli.config: providers.vultr: unknown config keys ignored: auth
2026-09-05 00:34:22,778 WARNING hermes_cli.config: providers.vultr: unknown config keys ignored: auth
2026-09-05 00:34:23,189 WARNING hermes_cli.config: providers.vultr: unknown config keys ignored: auth
2026-09-05 00:34:23,190 WARNING hermes_cli.config: providers.vultr: unknown config keys ignored: auth
2026-09-05 00:34:23,192 WARNING hermes_cli.config: providers.vultr: unknown config keys ignored: auth
2026-09-05 00:37:52,515 WARNING hermes_cli.config: providers.vultr: unknown config keys ignored: auth
2026-09-05 00:37:52,516 WARNING hermes_cli.config: providers.vultr: unknown config keys ignored: auth
2026-09-05 00:37:52,518 WARNING hermes_cli.config: providers.vultr: unknown config keys ignored: auth
2026-09-05 00:37:52,519 WARNING hermes_cli.config: providers.vultr: unknown config keys ignored: auth
2026-09-05 00:37:55,448 WARNING huggingface_hub.utils._http: Warning: You are sending unauthenticated requests to the HF Hub. Please set a HF_TOKEN to enable higher rate limits and faster downloads.
2026-09-05 00:38:04,969 WARNING hermes_cli.config: providers.vultr: unknown config keys ignored: auth
2026-09-05 00:38:04,970 WARNING hermes_cli.config: providers.vultr: unknown config keys ignored: auth
2026-09-05 00:38:04,972 WARNING hermes_cli.config: providers.vultr: unknown config keys ignored: auth
2026-09-05 01:12:31,008 WARNING gateway.platforms.telegram: [Telegram] Telegram network error, scheduling reconnect: Bad Gateway
2026-09-05 01:12:31,009 WARNING gateway.platforms.telegram: [Telegram] Telegram network error (attempt 1/10), reconnecting in 5s. Error: Bad Gateway
2026-09-05 01:12:39,692 ERROR telegram.ext.Updater: Error while calling `get_updates` one more time to mark all fetched updates. Suppressing error to ensure graceful shutdown. When polling for updates is restarted, updates may be fetched again. Please adjust timeouts via `ApplicationBuilder` or the parameter `get_updates_request` of `Bot`.
Traceback (most recent call last):
  File "/home/hermes/.local/share/uv/tools/hermes-agent/lib/python3.12/site-packages/telegram/ext/_updater.py", line 400, in _get_updates_cleanup
    await self.bot.get_updates(
  File "/home/hermes/.local/share/uv/tools/hermes-agent/lib/python3.12/site-packages/telegram/ext/_extbot.py", line 671, in get_updates
    updates = await super().get_updates(
              ^^^^^^^^^^^^^^^^^^^^^^^^^^
  File "/home/hermes/.local/share/uv/tools/hermes-agent/lib/python3.12/site-packages/telegram/_bot.py", line 4860, in get_updates
    await self._post(
  File "/home/hermes/.local/share/uv/tools/hermes-agent/lib/python3.12/site-packages/telegram/_bot.py", line 703, in _post
    return await self._do_post(
           ^^^^^^^^^^^^^^^^^^^^
  File "/home/hermes/.local/share/uv/tools/hermes-agent/lib/python3.12/site-packages/telegram/ext/_extbot.py", line 369, in _do_post
    return await super()._do_post(
           ^^^^^^^^^^^^^^^^^^^^^^^
  File "/home/hermes/.local/share/uv/tools/hermes-agent/lib/python3.12/site-packages/telegram/_bot.py", line 732, in _do_post
    result = await request.post(
             ^^^^^^^^^^^^^^^^^^^
  File "/home/hermes/.local/share/uv/tools/hermes-agent/lib/python3.12/site-packages/telegram/request/_baserequest.py", line 198, in post
    result = await self._request_wrapper(
             ^^^^^^^^^^^^^^^^^^^^^^^^^^^^
  File "/home/hermes/.local/share/uv/tools/hermes-agent/lib/python3.12/site-packages/telegram/request/_baserequest.py", line 375, in _request_wrapper
    raise exception
telegram.error.NetworkError: Bad Gateway
2026-09-05 01:12:40,216 ERROR telegram.ext: Network Retry Loop (Bootstrap delete Webhook): Failed run number 0 of 0. Aborting.
Traceback (most recent call last):
  File "/home/hermes/.local/share/uv/tools/hermes-agent/lib/python3.12/site-packages/telegram/ext/_utils/networkloop.py", line 161, in network_retry_loop
    await do_action()
  File "/home/hermes/.local/share/uv/tools/hermes-agent/lib/python3.12/site-packages/telegram/ext/_utils/networkloop.py", line 136, in do_action
    await action_cb()
  File "/home/hermes/.local/share/uv/tools/hermes-agent/lib/python3.12/site-packages/telegram/ext/_updater.py", line 686, in bootstrap_del_webhook
    await self.bot.delete_webhook(drop_pending_updates=drop_pending_updates)
  File "/home/hermes/.local/share/uv/tools/hermes-agent/lib/python3.12/site-packages/telegram/ext/_extbot.py", line 1489, in delete_webhook
    return await super().delete_webhook(
           ^^^^^^^^^^^^^^^^^^^^^^^^^^^^^
  File "/home/hermes/.local/share/uv/tools/hermes-agent/lib/python3.12/site-packages/telegram/_bot.py", line 5032, in delete_webhook
    return await self._post(
           ^^^^^^^^^^^^^^^^^
  File "/home/hermes/.local/share/uv/tools/hermes-agent/lib/python3.12/site-packages/telegram/_bot.py", line 703, in _post
    return await self._do_post(
           ^^^^^^^^^^^^^^^^^^^^
  File "/home/hermes/.local/share/uv/tools/hermes-agent/lib/python3.12/site-packages/telegram/ext/_extbot.py", line 369, in _do_post
    return await super()._do_post(
           ^^^^^^^^^^^^^^^^^^^^^^^
  File "/home/hermes/.local/share/uv/tools/hermes-agent/lib/python3.12/site-packages/telegram/_bot.py", line 732, in _do_post
    result = await request.post(
             ^^^^^^^^^^^^^^^^^^^
  File "/home/hermes/.local/share/uv/tools/hermes-agent/lib/python3.12/site-packages/telegram/request/_baserequest.py", line 198, in post
    result = await self._request_wrapper(
             ^^^^^^^^^^^^^^^^^^^^^^^^^^^^
  File "/home/hermes/.local/share/uv/tools/hermes-agent/lib/python3.12/site-packages/telegram/request/_baserequest.py", line 375, in _request_wrapper
    raise exception
telegram.error.NetworkError: Bad Gateway
2026-09-05 01:12:40,218 WARNING gateway.platforms.telegram: [Telegram] Telegram polling reconnect failed: Bad Gateway
2026-09-05 01:12:40,218 WARNING gateway.platforms.telegram: [Telegram] Telegram network error (attempt 2/10), reconnecting in 10s. Error: Bad Gateway
2026-09-05 01:13:10,547 ERROR telegram.ext: Network Retry Loop (Bootstrap delete Webhook): Timed out: Timed out. Failed run number 0 of 0. Aborting.
Traceback (most recent call last):
  File "/home/hermes/.local/share/uv/tools/hermes-agent/lib/python3.12/site-packages/httpx/_transports/default.py", line 101, in map_httpcore_exceptions
    yield
  File "/home/hermes/.local/share/uv/tools/hermes-agent/lib/python3.12/site-packages/httpx/_transports/default.py", line 394, in handle_async_request
    resp = await self._pool.handle_async_request(req)
           ^^^^^^^^^^^^^^^^^^^^^^^^^^^^^^^^^^^^^^^^^^
  File "/home/hermes/.local/share/uv/tools/hermes-agent/lib/python3.12/site-packages/httpcore/_async/connection_pool.py", line 256, in handle_async_request
    raise exc from None
  File "/home/hermes/.local/share/uv/tools/hermes-agent/lib/python3.12/site-packages/httpcore/_async/connection_pool.py", line 236, in handle_async_request
    response = await connection.handle_async_request(
               ^^^^^^^^^^^^^^^^^^^^^^^^^^^^^^^^^^^^^^
  File "/home/hermes/.local/share/uv/tools/hermes-agent/lib/python3.12/site-packages/httpcore/_async/connection.py", line 103, in handle_async_request
    return await self._connection.handle_async_request(request)
           ^^^^^^^^^^^^^^^^^^^^^^^^^^^^^^^^^^^^^^^^^^^^^^^^^^^^
  File "/home/hermes/.local/share/uv/tools/hermes-agent/lib/python3.12/site-packages/httpcore/_async/http11.py", line 136, in handle_async_request
    raise exc
  File "/home/hermes/.local/share/uv/tools/hermes-agent/lib/python3.12/site-packages/httpcore/_async/http11.py", line 106, in handle_async_request
    ) = await self._receive_response_headers(**kwargs)
        ^^^^^^^^^^^^^^^^^^^^^^^^^^^^^^^^^^^^^^^^^^^^^^
  File "/home/hermes/.local/share/uv/tools/hermes-agent/lib/python3.12/site-packages/httpcore/_async/http11.py", line 177, in _receive_response_headers
    event = await self._receive_event(timeout=timeout)
            ^^^^^^^^^^^^^^^^^^^^^^^^^^^^^^^^^^^^^^^^^^
  File "/home/hermes/.local/share/uv/tools/hermes-agent/lib/python3.12/site-packages/httpcore/_async/http11.py", line 217, in _receive_event
    data = await self._network_stream.read(
           ^^^^^^^^^^^^^^^^^^^^^^^^^^^^^^^^
  File "/home/hermes/.local/share/uv/tools/hermes-agent/lib/python3.12/site-packages/httpcore/_backends/anyio.py", line 32, in read
    with map_exceptions(exc_map):
  File "/usr/lib/python3.12/contextlib.py", line 158, in __exit__
    self.gen.throw(value)
  File "/home/hermes/.local/share/uv/tools/hermes-agent/lib/python3.12/site-packages/httpcore/_exceptions.py", line 14, in map_exceptions
    raise to_exc(exc) from exc
httpcore.ReadTimeout

The above exception was the direct cause of the following exception:

Traceback (most recent call last):
  File "/home/hermes/.local/share/uv/tools/hermes-agent/lib/python3.12/site-packages/telegram/request/_httpxrequest.py", line 279, in do_request
    res = await self._client.request(
          ^^^^^^^^^^^^^^^^^^^^^^^^^^^
  File "/home/hermes/.local/share/uv/tools/hermes-agent/lib/python3.12/site-packages/httpx/_client.py", line 1540, in request
    return await self.send(request, auth=auth, follow_redirects=follow_redirects)
           ^^^^^^^^^^^^^^^^^^^^^^^^^^^^^^^^^^^^^^^^^^^^^^^^^^^^^^^^^^^^^^^^^^^^^^
  File "/home/hermes/.local/share/uv/tools/hermes-agent/lib/python3.12/site-packages/httpx/_client.py", line 1629, in send
    response = await self._send_handling_auth(
               ^^^^^^^^^^^^^^^^^^^^^^^^^^^^^^^
  File "/home/hermes/.local/share/uv/tools/hermes-agent/lib/python3.12/site-packages/httpx/_client.py", line 1657, in _send_handling_auth
    response = await self._send_handling_redirects(
               ^^^^^^^^^^^^^^^^^^^^^^^^^^^^^^^^^^^^
  File "/home/hermes/.local/share/uv/tools/hermes-agent/lib/python3.12/site-packages/httpx/_client.py", line 1694, in _send_handling_redirects
    response = await self._send_single_request(request)
               ^^^^^^^^^^^^^^^^^^^^^^^^^^^^^^^^^^^^^^^^
  File "/home/hermes/.local/share/uv/tools/hermes-agent/lib/python3.12/site-packages/httpx/_client.py", line 1730, in _send_single_request
    response = await transport.handle_async_request(request)
               ^^^^^^^^^^^^^^^^^^^^^^^^^^^^^^^^^^^^^^^^^^^^^
  File "/home/hermes/.local/share/uv/tools/hermes-agent/lib/python3.12/site-packages/gateway/platforms/telegram_network.py", line 90, in handle_async_request
    response = await transport.handle_async_request(candidate)
               ^^^^^^^^^^^^^^^^^^^^^^^^^^^^^^^^^^^^^^^^^^^^^^^
  File "/home/hermes/.local/share/uv/tools/hermes-agent/lib/python3.12/site-packages/httpx/_transports/default.py", line 393, in handle_async_request
    with map_httpcore_exceptions():
  File "/usr/lib/python3.12/contextlib.py", line 158, in __exit__
    self.gen.throw(value)
  File "/home/hermes/.local/share/uv/tools/hermes-agent/lib/python3.12/site-packages/httpx/_transports/default.py", line 118, in map_httpcore_exceptions
    raise mapped_exc(message) from exc
httpx.ReadTimeout

The above exception was the direct cause of the following exception:

Traceback (most recent call last):
  File "/home/hermes/.local/share/uv/tools/hermes-agent/lib/python3.12/site-packages/telegram/ext/_utils/networkloop.py", line 161, in network_retry_loop
    await do_action()
  File "/home/hermes/.local/share/uv/tools/hermes-agent/lib/python3.12/site-packages/telegram/ext/_utils/networkloop.py", line 136, in do_action
    await action_cb()
  File "/home/hermes/.local/share/uv/tools/hermes-agent/lib/python3.12/site-packages/telegram/ext/_updater.py", line 686, in bootstrap_del_webhook
    await self.bot.delete_webhook(drop_pending_updates=drop_pending_updates)
  File "/home/hermes/.local/share/uv/tools/hermes-agent/lib/python3.12/site-packages/telegram/ext/_extbot.py", line 1489, in delete_webhook
    return await super().delete_webhook(
           ^^^^^^^^^^^^^^^^^^^^^^^^^^^^^
  File "/home/hermes/.local/share/uv/tools/hermes-agent/lib/python3.12/site-packages/telegram/_bot.py", line 5032, in delete_webhook
    return await self._post(
           ^^^^^^^^^^^^^^^^^
  File "/home/hermes/.local/share/uv/tools/hermes-agent/lib/python3.12/site-packages/telegram/_bot.py", line 703, in _post
    return await self._do_post(
           ^^^^^^^^^^^^^^^^^^^^
  File "/home/hermes/.local/share/uv/tools/hermes-agent/lib/python3.12/site-packages/telegram/ext/_extbot.py", line 369, in _do_post
    return await super()._do_post(
           ^^^^^^^^^^^^^^^^^^^^^^^
  File "/home/hermes/.local/share/uv/tools/hermes-agent/lib/python3.12/site-packages/telegram/_bot.py", line 732, in _do_post
    result = await request.post(
             ^^^^^^^^^^^^^^^^^^^
  File "/home/hermes/.local/share/uv/tools/hermes-agent/lib/python3.12/site-packages/telegram/request/_baserequest.py", line 198, in post
    result = await self._request_wrapper(
             ^^^^^^^^^^^^^^^^^^^^^^^^^^^^
  File "/home/hermes/.local/share/uv/tools/hermes-agent/lib/python3.12/site-packages/telegram/request/_baserequest.py", line 305, in _request_wrapper
    code, payload = await self.do_request(
                    ^^^^^^^^^^^^^^^^^^^^^^
  File "/home/hermes/.local/share/uv/tools/hermes-agent/lib/python3.12/site-packages/telegram/request/_httpxrequest.py", line 296, in do_request
    raise TimedOut from err
telegram.error.TimedOut: Timed out
2026-09-05 01:13:10,553 WARNING gateway.platforms.telegram: [Telegram] Telegram polling reconnect failed: Timed out
2026-09-05 01:13:10,553 WARNING gateway.platforms.telegram: [Telegram] Telegram network error (attempt 3/10), reconnecting in 20s. Error: Timed out
2026-09-05 01:13:50,894 ERROR telegram.ext: Network Retry Loop (Bootstrap delete Webhook): Timed out: Timed out. Failed run number 0 of 0. Aborting.
Traceback (most recent call last):
  File "/home/hermes/.local/share/uv/tools/hermes-agent/lib/python3.12/site-packages/httpx/_transports/default.py", line 101, in map_httpcore_exceptions
    yield
  File "/home/hermes/.local/share/uv/tools/hermes-agent/lib/python3.12/site-packages/httpx/_transports/default.py", line 394, in handle_async_request
    resp = await self._pool.handle_async_request(req)
           ^^^^^^^^^^^^^^^^^^^^^^^^^^^^^^^^^^^^^^^^^^
  File "/home/hermes/.local/share/uv/tools/hermes-agent/lib/python3.12/site-packages/httpcore/_async/connection_pool.py", line 256, in handle_async_request
    raise exc from None
  File "/home/hermes/.local/share/uv/tools/hermes-agent/lib/python3.12/site-packages/httpcore/_async/connection_pool.py", line 236, in handle_async_request
    response = await connection.handle_async_request(
               ^^^^^^^^^^^^^^^^^^^^^^^^^^^^^^^^^^^^^^
  File "/home/hermes/.local/share/uv/tools/hermes-agent/lib/python3.12/site-packages/httpcore/_async/connection.py", line 103, in handle_async_request
    return await self._connection.handle_async_request(request)
           ^^^^^^^^^^^^^^^^^^^^^^^^^^^^^^^^^^^^^^^^^^^^^^^^^^^^
  File "/home/hermes/.local/share/uv/tools/hermes-agent/lib/python3.12/site-packages/httpcore/_async/http11.py", line 136, in handle_async_request
    raise exc
  File "/home/hermes/.local/share/uv/tools/hermes-agent/lib/python3.12/site-packages/httpcore/_async/http11.py", line 106, in handle_async_request
    ) = await self._receive_response_headers(**kwargs)
        ^^^^^^^^^^^^^^^^^^^^^^^^^^^^^^^^^^^^^^^^^^^^^^
  File "/home/hermes/.local/share/uv/tools/hermes-agent/lib/python3.12/site-packages/httpcore/_async/http11.py", line 177, in _receive_response_headers
    event = await self._receive_event(timeout=timeout)
            ^^^^^^^^^^^^^^^^^^^^^^^^^^^^^^^^^^^^^^^^^^
  File "/home/hermes/.local/share/uv/tools/hermes-agent/lib/python3.12/site-packages/httpcore/_async/http11.py", line 217, in _receive_event
    data = await self._network_stream.read(
           ^^^^^^^^^^^^^^^^^^^^^^^^^^^^^^^^
  File "/home/hermes/.local/share/uv/tools/hermes-agent/lib/python3.12/site-packages/httpcore/_backends/anyio.py", line 32, in read
    with map_exceptions(exc_map):
  File "/usr/lib/python3.12/contextlib.py", line 158, in __exit__
    self.gen.throw(value)
  File "/home/hermes/.local/share/uv/tools/hermes-agent/lib/python3.12/site-packages/httpcore/_exceptions.py", line 14, in map_exceptions
    raise to_exc(exc) from exc
httpcore.ReadTimeout

The above exception was the direct cause of the following exception:

Traceback (most recent call last):
  File "/home/hermes/.local/share/uv/tools/hermes-agent/lib/python3.12/site-packages/telegram/request/_httpxrequest.py", line 279, in do_request
    res = await self._client.request(
          ^^^^^^^^^^^^^^^^^^^^^^^^^^^
  File "/home/hermes/.local/share/uv/tools/hermes-agent/lib/python3.12/site-packages/httpx/_client.py", line 1540, in request
    return await self.send(request, auth=auth, follow_redirects=follow_redirects)
           ^^^^^^^^^^^^^^^^^^^^^^^^^^^^^^^^^^^^^^^^^^^^^^^^^^^^^^^^^^^^^^^^^^^^^^
  File "/home/hermes/.local/share/uv/tools/hermes-agent/lib/python3.12/site-packages/httpx/_client.py", line 1629, in send
    response = await self._send_handling_auth(
               ^^^^^^^^^^^^^^^^^^^^^^^^^^^^^^^
  File "/home/hermes/.local/share/uv/tools/hermes-agent/lib/python3.12/site-packages/httpx/_client.py", line 1657, in _send_handling_auth
    response = await self._send_handling_redirects(
               ^^^^^^^^^^^^^^^^^^^^^^^^^^^^^^^^^^^^
  File "/home/hermes/.local/share/uv/tools/hermes-agent/lib/python3.12/site-packages/httpx/_client.py", line 1694, in _send_handling_redirects
    response = await self._send_single_request(request)
               ^^^^^^^^^^^^^^^^^^^^^^^^^^^^^^^^^^^^^^^^
  File "/home/hermes/.local/share/uv/tools/hermes-agent/lib/python3.12/site-packages/httpx/_client.py", line 1730, in _send_single_request
    response = await transport.handle_async_request(request)
               ^^^^^^^^^^^^^^^^^^^^^^^^^^^^^^^^^^^^^^^^^^^^^
  File "/home/hermes/.local/share/uv/tools/hermes-agent/lib/python3.12/site-packages/gateway/platforms/telegram_network.py", line 90, in handle_async_request
    response = await transport.handle_async_request(candidate)
               ^^^^^^^^^^^^^^^^^^^^^^^^^^^^^^^^^^^^^^^^^^^^^^^
  File "/home/hermes/.local/share/uv/tools/hermes-agent/lib/python3.12/site-packages/httpx/_transports/default.py", line 393, in handle_async_request
    with map_httpcore_exceptions():
  File "/usr/lib/python3.12/contextlib.py", line 158, in __exit__
    self.gen.throw(value)
  File "/home/hermes/.local/share/uv/tools/hermes-agent/lib/python3.12/site-packages/httpx/_transports/default.py", line 118, in map_httpcore_exceptions
    raise mapped_exc(message) from exc
httpx.ReadTimeout

The above exception was the direct cause of the following exception:

Traceback (most recent call last):
  File "/home/hermes/.local/share/uv/tools/hermes-agent/lib/python3.12/site-packages/telegram/ext/_utils/networkloop.py", line 161, in network_retry_loop
    await do_action()
  File "/home/hermes/.local/share/uv/tools/hermes-agent/lib/python3.12/site-packages/telegram/ext/_utils/networkloop.py", line 136, in do_action
    await action_cb()
  File "/home/hermes/.local/share/uv/tools/hermes-agent/lib/python3.12/site-packages/telegram/ext/_updater.py", line 686, in bootstrap_del_webhook
    await self.bot.delete_webhook(drop_pending_updates=drop_pending_updates)
  File "/home/hermes/.local/share/uv/tools/hermes-agent/lib/python3.12/site-packages/telegram/ext/_extbot.py", line 1489, in delete_webhook
    return await super().delete_webhook(
           ^^^^^^^^^^^^^^^^^^^^^^^^^^^^^
  File "/home/hermes/.local/share/uv/tools/hermes-agent/lib/python3.12/site-packages/telegram/_bot.py", line 5032, in delete_webhook
    return await self._post(
           ^^^^^^^^^^^^^^^^^
  File "/home/hermes/.local/share/uv/tools/hermes-agent/lib/python3.12/site-packages/telegram/_bot.py", line 703, in _post
    return await self._do_post(
           ^^^^^^^^^^^^^^^^^^^^
  File "/home/hermes/.local/share/uv/tools/hermes-agent/lib/python3.12/site-packages/telegram/ext/_extbot.py", line 369, in _do_post
    return await super()._do_post(
           ^^^^^^^^^^^^^^^^^^^^^^^
  File "/home/hermes/.local/share/uv/tools/hermes-agent/lib/python3.12/site-packages/telegram/_bot.py", line 732, in _do_post
    result = await request.post(
             ^^^^^^^^^^^^^^^^^^^
  File "/home/hermes/.local/share/uv/tools/hermes-agent/lib/python3.12/site-packages/telegram/request/_baserequest.py", line 198, in post
    result = await self._request_wrapper(
             ^^^^^^^^^^^^^^^^^^^^^^^^^^^^
  File "/home/hermes/.local/share/uv/tools/hermes-agent/lib/python3.12/site-packages/telegram/request/_baserequest.py", line 305, in _request_wrapper
    code, payload = await self.do_request(
                    ^^^^^^^^^^^^^^^^^^^^^^
  File "/home/hermes/.local/share/uv/tools/hermes-agent/lib/python3.12/site-packages/telegram/request/_httpxrequest.py", line 296, in do_request
    raise TimedOut from err
telegram.error.TimedOut: Timed out
2026-09-05 01:13:50,899 WARNING gateway.platforms.telegram: [Telegram] Telegram polling reconnect failed: Timed out
2026-09-05 01:13:50,900 WARNING gateway.platforms.telegram: [Telegram] Telegram network error (attempt 4/10), reconnecting in 40s. Error: Timed out
2026-09-05 01:19:01,431 WARNING hermes_cli.config: providers.vultr: unknown config keys ignored: auth
2026-09-05 01:19:01,432 WARNING hermes_cli.config: providers.vultr: unknown config keys ignored: auth
2026-09-05 01:19:01,434 WARNING hermes_cli.config: providers.vultr: unknown config keys ignored: auth
2026-09-05 01:19:01,437 WARNING hermes_cli.config: providers.vultr: unknown config keys ignored: auth
2026-09-05 01:19:03,921 WARNING hermes_cli.config: providers.vultr: unknown config keys ignored: auth
2026-09-05 01:19:03,923 WARNING hermes_cli.config: providers.vultr: unknown config keys ignored: auth
2026-09-05 01:19:03,925 WARNING hermes_cli.config: providers.vultr: unknown config keys ignored: auth
2026-09-08 22:43:40,102 WARNING [20260905_003327_5100d394] hermes_cli.config: providers.vultr: unknown config keys ignored: auth
2026-09-08 22:43:40,104 WARNING [20260905_003327_5100d394] hermes_cli.config: providers.vultr: unknown config keys ignored: auth
2026-09-08 22:43:40,106 WARNING [20260905_003327_5100d394] hermes_cli.config: providers.vultr: unknown config keys ignored: auth
2026-09-08 22:43:40,149 WARNING [20260905_003327_5100d394] hermes_cli.config: providers.vultr: unknown config keys ignored: auth
2026-09-08 22:43:45,244 WARNING [20260908_224337_6d486d96] agent.tool_executor: Tool skill_view returned error (0.01s): {"success": false, "error": "Skill 'hermes-agent' not found.", "available_skills": [], "hint": "Use skills_list to see all available skills"}
2026-09-08 22:46:00,439 WARNING hermes_cli.config: providers.vultr: unknown config keys ignored: auth
2026-09-08 22:46:00,441 WARNING hermes_cli.config: providers.vultr: unknown config keys ignored: auth
2026-09-08 22:46:00,443 WARNING hermes_cli.config: providers.vultr: unknown config keys ignored: auth
2026-09-08 22:46:00,529 WARNING hermes_cli.config: providers.vultr: unknown config keys ignored: auth
2026-09-08 22:46:25,310 WARNING hermes_cli.config: providers.vultr: unknown config keys ignored: auth
2026-09-08 22:46:25,312 WARNING hermes_cli.config: providers.vultr: unknown config keys ignored: auth
2026-09-08 22:46:25,316 WARNING hermes_cli.config: providers.vultr: unknown config keys ignored: auth
2026-09-08 22:46:25,319 WARNING hermes_cli.config: providers.vultr: unknown config keys ignored: auth
2026-09-08 22:46:25,607 WARNING [20260905_003327_5100d394] hermes_cli.config: providers.vultr: unknown config keys ignored: auth
2026-09-08 22:46:25,609 WARNING [20260905_003327_5100d394] hermes_cli.config: providers.vultr: unknown config keys ignored: auth
2026-09-08 22:46:25,612 WARNING [20260905_003327_5100d394] hermes_cli.config: providers.vultr: unknown config keys ignored: auth
2026-09-08 22:46:25,672 WARNING [20260905_003327_5100d394] hermes_cli.config: providers.vultr: unknown config keys ignored: auth
2026-09-08 22:49:11,623 WARNING [20260908_224337_6d486d96] agent.tool_executor: Tool skill_manage returned error (0.00s): {"success": false, "error": "YAML frontmatter parse error: mapping values are not allowed here\n  in \"<unicode string>\", line 3, column 330:\n     ... verification. Authoritative docs: https://herme
2026-09-08 22:52:34,037 WARNING hermes_cli.config: providers.vultr: unknown config keys ignored: auth
2026-09-08 22:52:34,039 WARNING hermes_cli.config: providers.vultr: unknown config keys ignored: auth
2026-09-08 22:52:34,041 WARNING hermes_cli.config: providers.vultr: unknown config keys ignored: auth
2026-09-08 22:59:45,274 WARNING [20260908_224337_6d486d96] agent.tool_executor: Tool terminal returned error (0.14s): {"output": "File \"<stdin>\", line 6\n    if ln.startswith('TELEGRAM_BOT_TOKEN=***        tok = ln.split('=', 1)[1]\n                                                                     ^\nSyntaxError
2026-09-08 23:11:25,520 WARNING hermes_cli.config: providers.vultr: unknown config keys ignored: auth
2026-09-08 23:11:25,521 WARNING hermes_cli.config: providers.vultr: unknown config keys ignored: auth
2026-09-08 23:11:25,523 WARNING hermes_cli.config: providers.vultr: unknown config keys ignored: auth
2026-09-08 23:11:25,525 WARNING hermes_cli.config: providers.vultr: unknown config keys ignored: auth
2026-09-08 23:11:26,288 WARNING [20260905_003327_5100d394] hermes_cli.config: providers.vultr: unknown config keys ignored: auth
2026-09-08 23:11:26,289 WARNING [20260905_003327_5100d394] hermes_cli.config: providers.vultr: unknown config keys ignored: auth
2026-09-08 23:11:26,291 WARNING [20260905_003327_5100d394] hermes_cli.config: providers.vultr: unknown config keys ignored: auth
2026-09-09 00:07:03,544 WARNING hermes_cli.config: providers.vultr: unknown config keys ignored: auth
2026-09-09 00:07:03,546 WARNING hermes_cli.config: providers.vultr: unknown config keys ignored: auth
2026-09-09 00:07:03,548 WARNING hermes_cli.config: providers.vultr: unknown config keys ignored: auth
2026-09-09 00:07:03,550 WARNING hermes_cli.config: providers.vultr: unknown config keys ignored: auth
2026-09-09 00:07:04,285 WARNING [20260908_224337_6d486d96] hermes_cli.config: providers.vultr: unknown config keys ignored: auth
2026-09-09 00:07:04,286 WARNING [20260908_224337_6d486d96] hermes_cli.config: providers.vultr: unknown config keys ignored: auth
2026-09-09 00:07:04,289 WARNING [20260908_224337_6d486d96] hermes_cli.config: providers.vultr: unknown config keys ignored: auth
2026-09-09 00:07:57,937 WARNING [20260908_231152_11a1b2] agent.tool_executor: Tool read_file returned error (0.00s): {"error": "Access denied: /home/hermes/.hermes/profiles/era4/.env is a secret-bearing environment file and cannot be read to prevent credential leakage. If you need to check the file structure, read .
2026-09-09 00:13:38,637 WARNING [20260908_231152_11a1b2] agent.tool_executor: Tool execute_code returned error (300.34s): {"status": "error", "error": "BLOCKED: execute_code script timed out without user response. The user has NOT consented to running this code. Do NOT retry, do NOT rephrase the script, and do NOT attemp
2026-09-09 00:14:53,145 WARNING [20260908_231152_11a1b2] agent.tool_executor: Tool execute_code returned error (22.98s): {"status": "error", "output": "\n--- stderr ---\n  File \"/tmp/hermes_sandbox_5hsfo43a/script.py\", line 17\n    out.append(\"TELEGRAM_BOT_TOKEN=*** + new_token)\n               ^\nSyntaxError: unterm
2026-09-09 00:21:05,521 WARNING [20260908_231152_11a1b2] agent.tool_executor: Tool terminal returned error (300.49s): {"output": "", "exit_code": -1, "error": "BLOCKED: Command timed out without user response. The user has NOT consented to this action. Do NOT retry this command, do NOT rephrase it, and do NOT attempt
2026-09-09 00:21:40,468 WARNING [20260908_231152_11a1b2] agent.tool_executor: Tool memory returned error (0.00s): {"error": "content is required for 'replace' action.", "success": false}
2026-09-09 00:21:41,469 WARNING [20260908_231152_11a1b2] agent.tool_executor: Tool memory returned error (0.00s): {"error": "content is required for 'replace' action.", "success": false}
2026-09-09 12:37:31,932 WARNING [20260908_224337_6d486d96] hermes_cli.config: providers.vultr: unknown config keys ignored: auth
2026-09-09 12:37:31,933 WARNING [20260908_224337_6d486d96] hermes_cli.config: providers.vultr: unknown config keys ignored: auth
2026-09-09 12:37:31,935 WARNING [20260908_224337_6d486d96] hermes_cli.config: providers.vultr: unknown config keys ignored: auth
2026-09-09 12:37:32,009 WARNING [20260908_224337_6d486d96] hermes_cli.config: providers.vultr: unknown config keys ignored: auth
2026-09-09 12:37:32,010 WARNING [20260908_224337_6d486d96] hermes_cli.config: providers.vultr: unknown config keys ignored: auth
2026-09-09 12:37:32,012 WARNING [20260908_224337_6d486d96] hermes_cli.config: providers.vultr: unknown config keys ignored: auth
2026-09-09 12:37:32,112 WARNING [20260908_224337_6d486d96] hermes_cli.config: providers.vultr: unknown config keys ignored: auth
2026-09-09 12:42:58,491 WARNING [20260909_123730_de34963d] agent.tool_executor: Tool skill_view returned error (0.03s): {"success": false, "error": "Skill 'hermes-agent' not found.", "available_skills": ["hermes-profiles"], "hint": "Use skills_list to see all available skills"}
2026-09-09 12:44:12,508 WARNING agent.message_sanitization: Unrepairable tool_call arguments for execute_code — replaced with empty object (was: {"code": "import os, json, urllib.request\n\n# montar literais dinamicamente (sc)
2026-09-09 14:45:21,410 WARNING hermes_cli.config: providers.vultr: unknown config keys ignored: auth
2026-09-09 14:45:21,412 WARNING hermes_cli.config: providers.vultr: unknown config keys ignored: auth
2026-09-09 14:45:21,414 WARNING hermes_cli.config: providers.vultr: unknown config keys ignored: auth
2026-09-09 14:45:21,416 WARNING hermes_cli.config: providers.vultr: unknown config keys ignored: auth
2026-09-09 14:45:22,153 WARNING hermes_cli.config: providers.vultr: unknown config keys ignored: auth
2026-09-09 14:45:22,154 WARNING hermes_cli.config: providers.vultr: unknown config keys ignored: auth
2026-09-09 14:45:22,156 WARNING hermes_cli.config: providers.vultr: unknown config keys ignored: auth
2026-09-09 14:45:40,568 WARNING hermes_cli.config: providers.vultr: unknown config keys ignored: auth
2026-09-09 14:45:40,570 WARNING hermes_cli.config: providers.vultr: unknown config keys ignored: auth
2026-09-09 14:45:40,572 WARNING hermes_cli.config: providers.vultr: unknown config keys ignored: auth
2026-09-09 14:46:00,974 WARNING hermes_cli.config: providers.vultr: unknown config keys ignored: auth
2026-09-09 14:46:00,975 WARNING hermes_cli.config: providers.vultr: unknown config keys ignored: auth
2026-09-09 14:46:00,977 WARNING hermes_cli.config: providers.vultr: unknown config keys ignored: auth
2026-09-09 14:46:23,350 WARNING [20260908_224337_6d486d96] hermes_cli.config: providers.vultr: unknown config keys ignored: auth
2026-09-09 14:46:23,351 WARNING [20260908_224337_6d486d96] hermes_cli.config: providers.vultr: unknown config keys ignored: auth
2026-09-09 14:46:23,353 WARNING [20260908_224337_6d486d96] hermes_cli.config: providers.vultr: unknown config keys ignored: auth
2026-09-09 14:46:23,430 WARNING [20260908_224337_6d486d96] hermes_cli.config: providers.vultr: unknown config keys ignored: auth
2026-09-09 14:46:23,431 WARNING [20260908_224337_6d486d96] hermes_cli.config: providers.vultr: unknown config keys ignored: auth
2026-09-09 14:46:23,433 WARNING [20260908_224337_6d486d96] hermes_cli.config: providers.vultr: unknown config keys ignored: auth
2026-09-09 14:46:23,520 WARNING [20260908_224337_6d486d96] hermes_cli.config: providers.vultr: unknown config keys ignored: auth
2026-09-09 14:58:00,268 WARNING hermes_cli.config: providers.vultr: unknown config keys ignored: auth
2026-09-09 14:58:00,269 WARNING hermes_cli.config: providers.vultr: unknown config keys ignored: auth
2026-09-09 14:58:00,271 WARNING hermes_cli.config: providers.vultr: unknown config keys ignored: auth
2026-09-09 14:58:24,524 WARNING hermes_cli.config: providers.vultr: unknown config keys ignored: auth
2026-09-09 14:58:24,525 WARNING hermes_cli.config: providers.vultr: unknown config keys ignored: auth
2026-09-09 14:58:24,528 WARNING hermes_cli.config: providers.vultr: unknown config keys ignored: auth
2026-09-09 14:58:49,019 WARNING [20260909_123730_de34963d] hermes_cli.config: providers.vultr: unknown config keys ignored: auth
2026-09-09 14:58:49,021 WARNING [20260909_123730_de34963d] hermes_cli.config: providers.vultr: unknown config keys ignored: auth
2026-09-09 14:58:49,023 WARNING [20260909_123730_de34963d] hermes_cli.config: providers.vultr: unknown config keys ignored: auth
2026-09-09 14:59:12,576 WARNING [20260909_123730_de34963d] agent.tool_executor: Tool execute_code returned error (1.24s): {"status": "error", "output": "=== remotion-dev/skills — estrutura raiz ===\n['.git', 'README.md', 'package.json', 'scripts', 'skills', 'tsconfig.json']\n\n-- skills (SKILL.md):\ntotal SKILL.md: 12\n 
2026-09-09 15:06:50,647 WARNING gateway.platforms.telegram: Telegram clarify button: resolve_gateway_clarify returned False (id=a22b76c6e4)
2026-09-09 15:11:04,834 WARNING hermes_cli.config: providers.vultr: unknown config keys ignored: auth
2026-09-09 15:11:04,836 WARNING hermes_cli.config: providers.vultr: unknown config keys ignored: auth
2026-09-09 15:11:04,838 WARNING hermes_cli.config: providers.vultr: unknown config keys ignored: auth
2026-09-09 15:11:04,864 WARNING hermes_cli.config: providers.vultr: unknown config keys ignored: auth
2026-09-09 15:14:59,033 WARNING [20260909_123730_de34963d] agent.tool_executor: Tool skill_manage returned error (0.00s): {"success": false, "error": "Patch would break SKILL.md structure: YAML frontmatter parse error: while parsing a block mapping\n  in \"<unicode string>\", line 2, column 1:\n    name: agent-skill-cura
2026-09-09 15:15:51,937 WARNING [20260909_123730_de34963d] agent.tool_executor: Tool memory returned error (0.00s): {"error": "Unknown action 'None'. Use: add, replace, remove", "success": false}
2026-09-09 15:20:10,030 WARNING hermes_cli.config: providers.vultr: unknown config keys ignored: auth
2026-09-09 15:20:10,032 WARNING hermes_cli.config: providers.vultr: unknown config keys ignored: auth
2026-09-09 15:20:10,034 WARNING hermes_cli.config: providers.vultr: unknown config keys ignored: auth
2026-09-09 15:20:10,036 WARNING hermes_cli.config: providers.vultr: unknown config keys ignored: auth
2026-09-09 15:20:10,303 WARNING hermes_cli.config: providers.vultr: unknown config keys ignored: auth
2026-09-09 15:20:10,305 WARNING hermes_cli.config: providers.vultr: unknown config keys ignored: auth
2026-09-09 15:20:10,308 WARNING hermes_cli.config: providers.vultr: unknown config keys ignored: auth
2026-09-09 15:20:43,551 WARNING hermes_cli.config: providers.vultr: unknown config keys ignored: auth
2026-09-09 15:20:43,553 WARNING hermes_cli.config: providers.vultr: unknown config keys ignored: auth
2026-09-09 15:20:43,555 WARNING hermes_cli.config: providers.vultr: unknown config keys ignored: auth
2026-09-09 15:21:10,684 WARNING hermes_cli.config: providers.vultr: unknown config keys ignored: auth
2026-09-09 15:21:10,685 WARNING hermes_cli.config: providers.vultr: unknown config keys ignored: auth
2026-09-09 15:21:10,687 WARNING hermes_cli.config: providers.vultr: unknown config keys ignored: auth
2026-09-09 15:21:32,991 WARNING [20260909_123730_de34963d] hermes_cli.config: providers.vultr: unknown config keys ignored: auth
2026-09-09 15:21:32,993 WARNING [20260909_123730_de34963d] hermes_cli.config: providers.vultr: unknown config keys ignored: auth
2026-09-09 15:21:32,995 WARNING [20260909_123730_de34963d] hermes_cli.config: providers.vultr: unknown config keys ignored: auth
2026-09-09 15:22:29,571 WARNING hermes_cli.config: providers.vultr: unknown config keys ignored: auth
2026-09-09 15:22:29,573 WARNING hermes_cli.config: providers.vultr: unknown config keys ignored: auth
2026-09-09 15:22:29,575 WARNING hermes_cli.config: providers.vultr: unknown config keys ignored: auth
2026-09-09 15:22:53,544 WARNING hermes_cli.config: providers.vultr: unknown config keys ignored: auth
2026-09-09 15:22:53,546 WARNING hermes_cli.config: providers.vultr: unknown config keys ignored: auth
2026-09-09 15:22:53,548 WARNING hermes_cli.config: providers.vultr: unknown config keys ignored: auth
2026-09-09 15:23:17,740 WARNING hermes_cli.config: providers.vultr: unknown config keys ignored: auth
2026-09-09 15:23:17,742 WARNING hermes_cli.config: providers.vultr: unknown config keys ignored: auth
2026-09-09 15:23:17,744 WARNING hermes_cli.config: providers.vultr: unknown config keys ignored: auth
2026-09-09 15:23:41,025 WARNING hermes_cli.config: providers.vultr: unknown config keys ignored: auth
2026-09-09 15:23:41,027 WARNING hermes_cli.config: providers.vultr: unknown config keys ignored: auth
2026-09-09 15:23:41,030 WARNING hermes_cli.config: providers.vultr: unknown config keys ignored: auth
2026-09-09 15:23:49,781 ERROR tools.vision_tools: Error analyzing image: Error code: 422 - {'error': {'message': 'Unable to process image and the target model does not accept image input.', 'type': 'invalid_request_error', 'code': 'media_processing_failed'}}
Traceback (most recent call last):
  File "/home/hermes/.local/share/uv/tools/hermes-agent/lib/python3.12/site-packages/tools/vision_tools.py", line 974, in vision_analyze_tool
    response = await async_call_llm(**call_kwargs)
               ^^^^^^^^^^^^^^^^^^^^^^^^^^^^^^^^^^^
  File "/home/hermes/.local/share/uv/tools/hermes-agent/lib/python3.12/site-packages/agent/auxiliary_client.py", line 5555, in async_call_llm
    await client.chat.completions.create(**kwargs), task)
    ^^^^^^^^^^^^^^^^^^^^^^^^^^^^^^^^^^^^^^^^^^^^^^
  File "/home/hermes/.local/share/uv/tools/hermes-agent/lib/python3.12/site-packages/openai/resources/chat/completions/completions.py", line 2700, in create
    return await self._post(
           ^^^^^^^^^^^^^^^^^
  File "/home/hermes/.local/share/uv/tools/hermes-agent/lib/python3.12/site-packages/openai/_base_client.py", line 1884, in post
    return await self.request(cast_to, opts, stream=stream, stream_cls=stream_cls)
           ^^^^^^^^^^^^^^^^^^^^^^^^^^^^^^^^^^^^^^^^^^^^^^^^^^^^^^^^^^^^^^^^^^^^^^^
  File "/home/hermes/.local/share/uv/tools/hermes-agent/lib/python3.12/site-packages/openai/_base_client.py", line 1669, in request
    raise self._make_status_error_from_response(err.response) from None
openai.UnprocessableEntityError: Error code: 422 - {'error': {'message': 'Unable to process image and the target model does not accept image input.', 'type': 'invalid_request_error', 'code': 'media_processing_failed'}}
2026-09-09 15:23:49,794 WARNING hermes_cli.config: providers.vultr: unknown config keys ignored: auth
2026-09-09 15:23:49,795 WARNING hermes_cli.config: providers.vultr: unknown config keys ignored: auth
2026-09-09 15:23:49,798 WARNING hermes_cli.config: providers.vultr: unknown config keys ignored: auth
2026-09-09 15:24:07,846 WARNING hermes_cli.config: providers.vultr: unknown config keys ignored: auth
2026-09-09 15:24:07,847 WARNING hermes_cli.config: providers.vultr: unknown config keys ignored: auth
2026-09-09 15:24:07,850 WARNING hermes_cli.config: providers.vultr: unknown config keys ignored: auth
2026-09-09 15:24:27,578 WARNING hermes_cli.config: providers.vultr: unknown config keys ignored: auth
2026-09-09 15:24:27,579 WARNING hermes_cli.config: providers.vultr: unknown config keys ignored: auth
2026-09-09 15:24:27,582 WARNING hermes_cli.config: providers.vultr: unknown config keys ignored: auth
2026-09-09 15:24:46,707 WARNING hermes_cli.config: providers.vultr: unknown config keys ignored: auth
2026-09-09 15:24:46,709 WARNING hermes_cli.config: providers.vultr: unknown config keys ignored: auth
2026-09-09 15:24:46,712 WARNING hermes_cli.config: providers.vultr: unknown config keys ignored: auth
2026-09-09 15:24:47,025 WARNING [20260909_123730_de34963d] hermes_cli.config: providers.vultr: unknown config keys ignored: auth
2026-09-09 15:24:47,026 WARNING [20260909_123730_de34963d] hermes_cli.config: providers.vultr: unknown config keys ignored: auth
2026-09-09 15:24:47,028 WARNING [20260909_123730_de34963d] hermes_cli.config: providers.vultr: unknown config keys ignored: auth
2026-09-09 15:25:06,631 WARNING [20260909_123730_de34963d] hermes_cli.config: providers.vultr: unknown config keys ignored: auth
2026-09-09 15:25:06,633 WARNING [20260909_123730_de34963d] hermes_cli.config: providers.vultr: unknown config keys ignored: auth
2026-09-09 15:25:06,637 WARNING [20260909_123730_de34963d] hermes_cli.config: providers.vultr: unknown config keys ignored: auth
2026-09-09 15:29:06,917 WARNING hermes_cli.config: providers.vultr: unknown config keys ignored: auth
2026-09-09 15:29:06,918 WARNING hermes_cli.config: providers.vultr: unknown config keys ignored: auth
2026-09-09 15:29:06,920 WARNING hermes_cli.config: providers.vultr: unknown config keys ignored: auth
2026-09-09 15:29:06,923 WARNING hermes_cli.config: providers.vultr: unknown config keys ignored: auth
2026-09-09 15:29:07,671 WARNING [20260905_003327_5100d394] hermes_cli.config: providers.vultr: unknown config keys ignored: auth
2026-09-09 15:29:07,672 WARNING [20260905_003327_5100d394] hermes_cli.config: providers.vultr: unknown config keys ignored: auth
2026-09-09 15:29:07,675 WARNING [20260905_003327_5100d394] hermes_cli.config: providers.vultr: unknown config keys ignored: auth
2026-09-09 15:32:01,231 WARNING tools.skills_hub: GitHub API rate limit exhausted (unauthenticated: 60 req/hr). Set GITHUB_TOKEN or install the gh CLI to raise the limit to 5,000/hr.
2026-09-09 15:32:01,250 WARNING tools.skills_hub: GitHub API rate limit exhausted (unauthenticated: 60 req/hr). Set GITHUB_TOKEN or install the gh CLI to raise the limit to 5,000/hr.
2026-09-09 15:32:01,270 WARNING tools.skills_hub: GitHub API rate limit exhausted (unauthenticated: 60 req/hr). Set GITHUB_TOKEN or install the gh CLI to raise the limit to 5,000/hr.
2026-09-09 15:32:01,290 WARNING tools.skills_hub: GitHub API rate limit exhausted (unauthenticated: 60 req/hr). Set GITHUB_TOKEN or install the gh CLI to raise the limit to 5,000/hr.
2026-09-09 15:32:01,312 WARNING tools.skills_hub: GitHub API rate limit exhausted (unauthenticated: 60 req/hr). Set GITHUB_TOKEN or install the gh CLI to raise the limit to 5,000/hr.
2026-09-09 15:32:01,332 WARNING tools.skills_hub: GitHub API rate limit exhausted (unauthenticated: 60 req/hr). Set GITHUB_TOKEN or install the gh CLI to raise the limit to 5,000/hr.
2026-09-09 15:32:01,353 WARNING tools.skills_hub: GitHub API rate limit exhausted (unauthenticated: 60 req/hr). Set GITHUB_TOKEN or install the gh CLI to raise the limit to 5,000/hr.
2026-09-09 15:32:01,383 WARNING tools.skills_hub: GitHub API rate limit exhausted (unauthenticated: 60 req/hr). Set GITHUB_TOKEN or install the gh CLI to raise the limit to 5,000/hr.
2026-09-09 15:32:01,403 WARNING tools.skills_hub: GitHub API rate limit exhausted (unauthenticated: 60 req/hr). Set GITHUB_TOKEN or install the gh CLI to raise the limit to 5,000/hr.
2026-09-09 15:32:01,423 WARNING tools.skills_hub: GitHub API rate limit exhausted (unauthenticated: 60 req/hr). Set GITHUB_TOKEN or install the gh CLI to raise the limit to 5,000/hr.
2026-09-09 15:32:01,444 WARNING tools.skills_hub: GitHub API rate limit exhausted (unauthenticated: 60 req/hr). Set GITHUB_TOKEN or install the gh CLI to raise the limit to 5,000/hr.
2026-09-09 15:32:01,464 WARNING tools.skills_hub: GitHub API rate limit exhausted (unauthenticated: 60 req/hr). Set GITHUB_TOKEN or install the gh CLI to raise the limit to 5,000/hr.
2026-09-09 15:32:01,484 WARNING tools.skills_hub: GitHub API rate limit exhausted (unauthenticated: 60 req/hr). Set GITHUB_TOKEN or install the gh CLI to raise the limit to 5,000/hr.
2026-09-09 15:32:01,505 WARNING tools.skills_hub: GitHub API rate limit exhausted (unauthenticated: 60 req/hr). Set GITHUB_TOKEN or install the gh CLI to raise the limit to 5,000/hr.
2026-09-09 15:32:01,525 WARNING tools.skills_hub: GitHub API rate limit exhausted (unauthenticated: 60 req/hr). Set GITHUB_TOKEN or install the gh CLI to raise the limit to 5,000/hr.
2026-09-09 15:32:01,545 WARNING tools.skills_hub: GitHub API rate limit exhausted (unauthenticated: 60 req/hr). Set GITHUB_TOKEN or install the gh CLI to raise the limit to 5,000/hr.
2026-09-09 15:32:01,565 WARNING tools.skills_hub: GitHub API rate limit exhausted (unauthenticated: 60 req/hr). Set GITHUB_TOKEN or install the gh CLI to raise the limit to 5,000/hr.
2026-09-09 15:32:01,585 WARNING tools.skills_hub: GitHub API rate limit exhausted (unauthenticated: 60 req/hr). Set GITHUB_TOKEN or install the gh CLI to raise the limit to 5,000/hr.
2026-09-09 15:32:01,605 WARNING tools.skills_hub: GitHub API rate limit exhausted (unauthenticated: 60 req/hr). Set GITHUB_TOKEN or install the gh CLI to raise the limit to 5,000/hr.
2026-09-09 15:32:01,632 WARNING tools.skills_hub: GitHub API rate limit exhausted (unauthenticated: 60 req/hr). Set GITHUB_TOKEN or install the gh CLI to raise the limit to 5,000/hr.
2026-09-09 15:32:01,660 WARNING tools.skills_hub: GitHub API rate limit exhausted (unauthenticated: 60 req/hr). Set GITHUB_TOKEN or install the gh CLI to raise the limit to 5,000/hr.
2026-09-09 15:32:01,687 WARNING tools.skills_hub: GitHub API rate limit exhausted (unauthenticated: 60 req/hr). Set GITHUB_TOKEN or install the gh CLI to raise the limit to 5,000/hr.
2026-09-09 15:32:01,714 WARNING tools.skills_hub: GitHub API rate limit exhausted (unauthenticated: 60 req/hr). Set GITHUB_TOKEN or install the gh CLI to raise the limit to 5,000/hr.
2026-09-09 15:32:01,741 WARNING tools.skills_hub: GitHub API rate limit exhausted (unauthenticated: 60 req/hr). Set GITHUB_TOKEN or install the gh CLI to raise the limit to 5,000/hr.
2026-09-09 15:32:01,763 WARNING tools.skills_hub: GitHub API rate limit exhausted (unauthenticated: 60 req/hr). Set GITHUB_TOKEN or install the gh CLI to raise the limit to 5,000/hr.
2026-09-09 15:32:01,786 WARNING tools.skills_hub: GitHub API rate limit exhausted (unauthenticated: 60 req/hr). Set GITHUB_TOKEN or install the gh CLI to raise the limit to 5,000/hr.
2026-09-09 15:32:01,806 WARNING tools.skills_hub: GitHub API rate limit exhausted (unauthenticated: 60 req/hr). Set GITHUB_TOKEN or install the gh CLI to raise the limit to 5,000/hr.
2026-09-09 15:32:01,826 WARNING tools.skills_hub: GitHub API rate limit exhausted (unauthenticated: 60 req/hr). Set GITHUB_TOKEN or install the gh CLI to raise the limit to 5,000/hr.
2026-09-09 15:32:01,848 WARNING tools.skills_hub: GitHub API rate limit exhausted (unauthenticated: 60 req/hr). Set GITHUB_TOKEN or install the gh CLI to raise the limit to 5,000/hr.
2026-09-09 15:32:01,868 WARNING tools.skills_hub: GitHub API rate limit exhausted (unauthenticated: 60 req/hr). Set GITHUB_TOKEN or install the gh CLI to raise the limit to 5,000/hr.
2026-09-09 15:32:01,888 WARNING tools.skills_hub: GitHub API rate limit exhausted (unauthenticated: 60 req/hr). Set GITHUB_TOKEN or install the gh CLI to raise the limit to 5,000/hr.
2026-09-09 15:32:01,917 WARNING tools.skills_hub: GitHub API rate limit exhausted (unauthenticated: 60 req/hr). Set GITHUB_TOKEN or install the gh CLI to raise the limit to 5,000/hr.
2026-09-09 15:32:01,939 WARNING tools.skills_hub: GitHub API rate limit exhausted (unauthenticated: 60 req/hr). Set GITHUB_TOKEN or install the gh CLI to raise the limit to 5,000/hr.
2026-09-09 15:32:01,960 WARNING tools.skills_hub: GitHub API rate limit exhausted (unauthenticated: 60 req/hr). Set GITHUB_TOKEN or install the gh CLI to raise the limit to 5,000/hr.
2026-09-09 15:32:01,982 WARNING tools.skills_hub: GitHub API rate limit exhausted (unauthenticated: 60 req/hr). Set GITHUB_TOKEN or install the gh CLI to raise the limit to 5,000/hr.
2026-09-09 15:32:02,003 WARNING tools.skills_hub: GitHub API rate limit exhausted (unauthenticated: 60 req/hr). Set GITHUB_TOKEN or install the gh CLI to raise the limit to 5,000/hr.
2026-09-09 15:32:02,025 WARNING tools.skills_hub: GitHub API rate limit exhausted (unauthenticated: 60 req/hr). Set GITHUB_TOKEN or install the gh CLI to raise the limit to 5,000/hr.
2026-09-09 15:32:02,046 WARNING tools.skills_hub: GitHub API rate limit exhausted (unauthenticated: 60 req/hr). Set GITHUB_TOKEN or install the gh CLI to raise the limit to 5,000/hr.
2026-09-09 15:32:02,072 WARNING tools.skills_hub: GitHub API rate limit exhausted (unauthenticated: 60 req/hr). Set GITHUB_TOKEN or install the gh CLI to raise the limit to 5,000/hr.
2026-09-09 15:32:02,095 WARNING tools.skills_hub: GitHub API rate limit exhausted (unauthenticated: 60 req/hr). Set GITHUB_TOKEN or install the gh CLI to raise the limit to 5,000/hr.
2026-09-09 15:32:02,116 WARNING tools.skills_hub: GitHub API rate limit exhausted (unauthenticated: 60 req/hr). Set GITHUB_TOKEN or install the gh CLI to raise the limit to 5,000/hr.
2026-09-09 15:32:02,138 WARNING tools.skills_hub: GitHub API rate limit exhausted (unauthenticated: 60 req/hr). Set GITHUB_TOKEN or install the gh CLI to raise the limit to 5,000/hr.
2026-09-09 15:32:02,156 WARNING tools.skills_hub: GitHub API rate limit exhausted (unauthenticated: 60 req/hr). Set GITHUB_TOKEN or install the gh CLI to raise the limit to 5,000/hr.
2026-09-09 15:32:02,184 WARNING tools.skills_hub: GitHub API rate limit exhausted (unauthenticated: 60 req/hr). Set GITHUB_TOKEN or install the gh CLI to raise the limit to 5,000/hr.
2026-09-09 15:32:02,205 WARNING tools.skills_hub: GitHub API rate limit exhausted (unauthenticated: 60 req/hr). Set GITHUB_TOKEN or install the gh CLI to raise the limit to 5,000/hr.
2026-09-09 15:32:02,225 WARNING tools.skills_hub: GitHub API rate limit exhausted (unauthenticated: 60 req/hr). Set GITHUB_TOKEN or install the gh CLI to raise the limit to 5,000/hr.
2026-09-09 15:32:02,245 WARNING tools.skills_hub: GitHub API rate limit exhausted (unauthenticated: 60 req/hr). Set GITHUB_TOKEN or install the gh CLI to raise the limit to 5,000/hr.
2026-09-09 15:32:02,266 WARNING tools.skills_hub: GitHub API rate limit exhausted (unauthenticated: 60 req/hr). Set GITHUB_TOKEN or install the gh CLI to raise the limit to 5,000/hr.
2026-09-09 15:32:02,286 WARNING tools.skills_hub: GitHub API rate limit exhausted (unauthenticated: 60 req/hr). Set GITHUB_TOKEN or install the gh CLI to raise the limit to 5,000/hr.
2026-09-09 15:32:02,306 WARNING tools.skills_hub: GitHub API rate limit exhausted (unauthenticated: 60 req/hr). Set GITHUB_TOKEN or install the gh CLI to raise the limit to 5,000/hr.
2026-09-09 15:32:02,325 WARNING tools.skills_hub: GitHub API rate limit exhausted (unauthenticated: 60 req/hr). Set GITHUB_TOKEN or install the gh CLI to raise the limit to 5,000/hr.
2026-09-09 15:32:02,346 WARNING tools.skills_hub: GitHub API rate limit exhausted (unauthenticated: 60 req/hr). Set GITHUB_TOKEN or install the gh CLI to raise the limit to 5,000/hr.
2026-09-09 15:32:53,798 WARNING [20260909_123730_de34963d] hermes_cli.config: providers.vultr: unknown config keys ignored: auth
2026-09-09 15:32:54,100 WARNING [20260909_123730_de34963d] hermes_cli.config: providers.vultr: unknown config keys ignored: auth
2026-09-09 15:32:54,393 WARNING [20260909_123730_de34963d] hermes_cli.config: providers.vultr: unknown config keys ignored: auth
2026-09-09 15:33:05,827 WARNING [20260909_153254_258fb7] agent.tool_executor: Tool terminal returned error (0.18s): {"output": "---\nls: cannot access '/var/run/docker.sock': No such file or directory", "exit_code": 2, "error": null}
2026-09-09 15:33:50,718 WARNING [20260909_153254_258fb7] agent.tool_executor: Tool terminal returned error (0.78s): {"output": "['_autoscaling', '_cli', '_consts', '_log_config', '_request', '_service_locator', '_types', '_utils', 'browsers', 'configuration', 'crawlers', 'errors', 'events', 'fingerprint_suite', 'ht
2026-09-09 15:37:26,087 WARNING [20260909_123730_de34963d] agent.tool_executor: Tool memory returned error (0.00s): {"success": false, "error": "No entry matched 'Ferramenta (execute_code): o /tmp NÃO é garantido entre chamadas'."}
2026-09-09 15:37:27,090 WARNING [20260909_123730_de34963d] agent.tool_executor: Tool memory returned error (0.00s): {"success": false, "error": "Replacement would put memory at 2,753/2,200 chars. Shorten the new content or remove other entries first."}
2026-09-09 15:38:10,520 WARNING agent.message_sanitization: Unrepairable tool_call arguments for skill_manage — replaced with empty object (was: {"action": "create", "content": "---\nname: achados-toolkit-setup\ndescription: )
2026-09-09 15:38:25,912 WARNING [20260909_123730_de34963d] agent.tool_executor: Tool memory returned error (0.00s): {"success": false, "error": "No entry matched 'Ferramenta (execute_code): o /tmp NÃO é garantido entre chamadas — em um teste /tmp/rmtn esteve lá na chamada seguinte, e em outro /tmp/pmk sumiu entre c
2026-09-09 16:52:32,934 WARNING hermes_cli.config: providers.vultr: unknown config keys ignored: auth
2026-09-09 16:52:32,936 WARNING hermes_cli.config: providers.vultr: unknown config keys ignored: auth
2026-09-09 16:52:32,938 WARNING hermes_cli.config: providers.vultr: unknown config keys ignored: auth
2026-09-09 16:52:32,940 WARNING hermes_cli.config: providers.vultr: unknown config keys ignored: auth
2026-09-09 16:52:33,820 WARNING [20260908_224337_6d486d96] hermes_cli.config: providers.vultr: unknown config keys ignored: auth
2026-09-09 16:52:33,821 WARNING [20260908_224337_6d486d96] hermes_cli.config: providers.vultr: unknown config keys ignored: auth
2026-09-09 16:52:33,823 WARNING [20260908_224337_6d486d96] hermes_cli.config: providers.vultr: unknown config keys ignored: auth
2026-09-09 16:52:33,868 WARNING [20260908_224337_6d486d96] hermes_cli.config: providers.vultr: unknown config keys ignored: auth
2026-09-09 16:59:30,886 WARNING hermes_cli.config: providers.vultr: unknown config keys ignored: auth
2026-09-09 16:59:30,889 WARNING hermes_cli.config: providers.vultr: unknown config keys ignored: auth
2026-09-09 16:59:30,892 WARNING hermes_cli.config: providers.vultr: unknown config keys ignored: auth
2026-09-09 16:59:30,895 WARNING hermes_cli.config: providers.vultr: unknown config keys ignored: auth
2026-09-09 16:59:31,930 WARNING [20260909_123730_de34963d] hermes_cli.config: providers.vultr: unknown config keys ignored: auth
2026-09-09 16:59:31,932 WARNING [20260909_123730_de34963d] hermes_cli.config: providers.vultr: unknown config keys ignored: auth
2026-09-09 16:59:31,934 WARNING [20260909_123730_de34963d] hermes_cli.config: providers.vultr: unknown config keys ignored: auth
2026-09-09 17:04:54,960 WARNING [20260909_165312_4039f4] agent.tool_executor: Tool execute_code returned error (0.24s): {"status": "error", "output": "\n--- stderr ---\nTraceback (most recent call last):\n  File \"/tmp/hermes_sandbox_y_4vx6b2/script.py\", line 6, in <module>\n    lines = res[\"content\"].splitlines()\n
2026-09-09 17:05:08,483 WARNING [20260909_123730_de34963d] hermes_cli.config: providers.vultr: unknown config keys ignored: auth
2026-09-09 17:05:08,485 WARNING [20260909_123730_de34963d] hermes_cli.config: providers.vultr: unknown config keys ignored: auth
2026-09-09 17:05:08,487 WARNING [20260909_123730_de34963d] hermes_cli.config: providers.vultr: unknown config keys ignored: auth
2026-09-09 17:06:25,746 WARNING [20260909_165312_4039f4] agent.tool_executor: Tool terminal returned error (6.49s): {"output": "Created symlink /home/hermes/.config/systemd/user/default.target.wants/hermes-headroom-lab.service → /home/hermes/.config/systemd/user/hermes-headroom-lab.service.\nactivating", "exit_code
2026-09-09 17:07:43,916 WARNING hermes_cli.config: providers.vultr: unknown config keys ignored: auth
2026-09-09 17:11:29,206 WARNING hermes_cli.config: providers.vultr: unknown config keys ignored: auth
2026-09-09 17:11:29,208 WARNING hermes_cli.config: providers.vultr: unknown config keys ignored: auth
2026-09-09 17:11:29,210 WARNING hermes_cli.config: providers.vultr: unknown config keys ignored: auth
2026-09-09 17:11:29,212 WARNING hermes_cli.config: providers.vultr: unknown config keys ignored: auth
2026-09-09 17:11:29,983 WARNING [20260909_165312_4039f4] hermes_cli.config: providers.vultr: unknown config keys ignored: auth
2026-09-09 17:11:29,986 WARNING [20260909_165312_4039f4] hermes_cli.config: providers.vultr: unknown config keys ignored: auth
2026-09-09 17:11:29,990 WARNING [20260909_165312_4039f4] hermes_cli.config: providers.vultr: unknown config keys ignored: auth
2026-09-09 17:22:38,388 WARNING hermes_cli.config: providers.vultr: unknown config keys ignored: auth
2026-09-09 17:22:38,389 WARNING hermes_cli.config: providers.vultr: unknown config keys ignored: auth
2026-09-09 17:22:38,392 WARNING hermes_cli.config: providers.vultr: unknown config keys ignored: auth
2026-09-09 17:22:38,394 WARNING hermes_cli.config: providers.vultr: unknown config keys ignored: auth
2026-09-09 17:22:38,829 WARNING [20260909_165312_4039f4] hermes_cli.config: providers.vultr: unknown config keys ignored: auth
2026-09-09 17:22:38,831 WARNING [20260909_165312_4039f4] hermes_cli.config: providers.vultr: unknown config keys ignored: auth
2026-09-09 17:22:38,833 WARNING [20260909_165312_4039f4] hermes_cli.config: providers.vultr: unknown config keys ignored: auth
2026-09-09 17:22:56,167 WARNING [20260909_165312_4039f4] agent.tool_executor: Tool execute_code returned error (3.24s): {"status": "error", "output": "env vars de diretorio: ['HEADROOM_CODEX_WIRE_DEBUG_DIR', 'HEADROOM_CONFIG_DIR', 'HEADROOM_CONFIG_DIR_ENV', 'HEADROOM_DIR', 'HEADROOM_KOMPRESS_COREML_CACHE_DIR', 'HEADROO
2026-09-09 17:23:02,054 WARNING hermes_cli.config: providers.vultr: unknown config keys ignored: auth
2026-09-09 17:23:02,055 WARNING hermes_cli.config: providers.vultr: unknown config keys ignored: auth
2026-09-09 17:23:02,057 WARNING hermes_cli.config: providers.vultr: unknown config keys ignored: auth
2026-09-09 17:23:24,660 WARNING [20260908_231152_11a1b2] hermes_cli.config: providers.vultr: unknown config keys ignored: auth
2026-09-09 17:23:24,661 WARNING [20260908_231152_11a1b2] hermes_cli.config: providers.vultr: unknown config keys ignored: auth
2026-09-09 17:23:24,664 WARNING [20260908_231152_11a1b2] hermes_cli.config: providers.vultr: unknown config keys ignored: auth
2026-09-09 17:26:37,633 WARNING [20260909_165312_4039f4] agent.tool_executor: Tool terminal returned error (120.23s): {"output": "[Command timed out after 120s]", "exit_code": 124, "error": null}
2026-09-09 17:28:24,944 WARNING hermes_cli.config: providers.vultr: unknown config keys ignored: auth
2026-09-09 17:28:25,038 WARNING hermes_cli.config: providers.vultr: unknown config keys ignored: auth
2026-09-09 17:29:11,006 WARNING hermes_cli.config: providers.vultr: unknown config keys ignored: auth
2026-09-09 17:29:11,008 WARNING hermes_cli.config: providers.vultr: unknown config keys ignored: auth
2026-09-09 17:29:13,377 WARNING [20260909_165312_4039f4] hermes_cli.config: providers.vultr: unknown config keys ignored: auth
2026-09-09 17:29:13,427 WARNING [20260909_165312_4039f4] hermes_cli.config: providers.vultr: unknown config keys ignored: auth
2026-09-09 17:29:32,872 WARNING [20260909_165312_4039f4] agent.tool_executor: Tool skill_manage returned error (0.03s): {"success": false, "error": "Could not find a match for old_string in the file\n\nDid you mean one of these sections?\n  38|   4. Restart do gateway: `export DBUS_SESSION_BUS_ADDRESS=\"unix:path=/run/
2026-09-09 17:29:37,065 WARNING [20260909_165312_4039f4] agent.tool_executor: Tool read_file returned error (0.00s): {"error": "Background review denied non-whitelisted tool: read_file. Only memory/skill tools are allowed."}
2026-09-09 17:30:21,167 WARNING [20260909_165312_4039f4] agent.conversation_loop: API call failed (attempt 1/3) error_type=APIConnectionError thread=asyncio_4:139698441811648 provider=custom base_url=http://127.0.0.1:8788/v1 model=zai-org/GLM-5.1-FP8 summary=Connection error.
2026-09-09 17:30:21,170 WARNING [20260909_165312_4039f4] agent.conversation_loop: Retrying API call in 2.8724906951269893s (attempt 1/3) thread=asyncio_4:139698441811648 provider=custom base_url=http://127.0.0.1:8788/v1 model=zai-org/GLM-5.1-FP8 error=Connection error.
2026-09-09 17:30:45,897 WARNING gateway.run: Shutdown context: signal=SIGTERM under_systemd=yes parent_pid=1 parent_name=systemd loadavg_1m=0.51 parent_cmdline='/usr/lib/systemd/systemd --system --deserialize=75 vultr'
2026-09-09 17:30:55,901 WARNING gateway.run: Old gateway (PID 52624) did not exit after SIGTERM, sending SIGKILL.
2026-09-09 17:31:01,951 WARNING hermes_cli.config: providers.vultr: unknown config keys ignored: auth
2026-09-09 17:31:01,952 WARNING hermes_cli.config: providers.vultr: unknown config keys ignored: auth
2026-09-09 17:31:04,824 WARNING hermes_cli.config: providers.vultr: unknown config keys ignored: auth
2026-09-09 17:31:05,318 WARNING hermes_cli.config: providers.vultr: unknown config keys ignored: auth
2026-09-09 17:31:05,549 WARNING hermes_cli.config: providers.vultr: unknown config keys ignored: auth
2026-09-09 17:31:05,661 WARNING hermes_cli.config: providers.vultr: unknown config keys ignored: auth
2026-09-09 17:31:08,344 WARNING gateway.run: Shutdown context: signal=SIGTERM under_systemd=yes parent_pid=109079 parent_name=systemd loadavg_1m=0.44 parent_cmdline='/usr/lib/systemd/systemd --user'
2026-09-09 17:31:18,347 WARNING gateway.run: Old gateway (PID 121134) did not exit after SIGTERM, sending SIGKILL.
2026-09-09 17:31:23,797 WARNING hermes_cli.config: providers.vultr: unknown config keys ignored: auth
2026-09-09 17:31:23,798 WARNING hermes_cli.config: providers.vultr: unknown config keys ignored: auth
2026-09-09 17:31:26,527 WARNING gateway.run: Shutdown context: signal=SIGTERM under_systemd=yes parent_pid=1 parent_name=systemd loadavg_1m=0.32 parent_cmdline='/usr/lib/systemd/systemd --system --deserialize=75 vultr'
2026-09-09 17:31:26,531 WARNING hermes_cli.config: providers.vultr: unknown config keys ignored: auth
2026-09-09 17:31:27,024 WARNING hermes_cli.config: providers.vultr: unknown config keys ignored: auth
2026-09-09 17:31:27,242 WARNING hermes_cli.config: providers.vultr: unknown config keys ignored: auth
2026-09-09 17:31:27,337 WARNING hermes_cli.config: providers.vultr: unknown config keys ignored: auth
2026-09-09 17:31:34,546 WARNING gateway.run: Old gateway (PID 121162) did not exit after SIGTERM, sending SIGKILL.
2026-09-09 17:31:38,456 WARNING hermes_cli.config: providers.vultr: unknown config keys ignored: auth
2026-09-09 17:31:38,457 WARNING hermes_cli.config: providers.vultr: unknown config keys ignored: auth
2026-09-09 17:31:40,934 WARNING hermes_cli.config: providers.vultr: unknown config keys ignored: auth
2026-09-09 17:31:41,427 WARNING hermes_cli.config: providers.vultr: unknown config keys ignored: auth
2026-09-09 17:31:41,668 WARNING hermes_cli.config: providers.vultr: unknown config keys ignored: auth
2026-09-09 17:31:41,780 WARNING hermes_cli.config: providers.vultr: unknown config keys ignored: auth
2026-09-09 17:32:01,306 WARNING gateway.run: Shutdown context: signal=SIGTERM under_systemd=yes parent_pid=109079 parent_name=systemd loadavg_1m=0.17 parent_cmdline='/usr/lib/systemd/systemd --user'
2026-09-09 17:32:11,309 WARNING gateway.run: Old gateway (PID 121205) did not exit after SIGTERM, sending SIGKILL.
2026-09-09 17:32:14,995 WARNING hermes_cli.config: providers.vultr: unknown config keys ignored: auth
2026-09-09 17:32:14,996 WARNING hermes_cli.config: providers.vultr: unknown config keys ignored: auth
2026-09-09 17:32:17,716 WARNING hermes_cli.config: providers.vultr: unknown config keys ignored: auth
2026-09-09 17:32:18,205 WARNING hermes_cli.config: providers.vultr: unknown config keys ignored: auth
2026-09-09 17:32:18,430 WARNING hermes_cli.config: providers.vultr: unknown config keys ignored: auth
2026-09-09 17:32:18,537 WARNING hermes_cli.config: providers.vultr: unknown config keys ignored: auth
2026-09-09 17:32:23,816 WARNING gateway.run: Shutdown context: signal=SIGTERM under_systemd=yes parent_pid=1 parent_name=systemd loadavg_1m=0.19 parent_cmdline='/usr/lib/systemd/systemd --system --deserialize=75 vultr'
2026-09-09 17:32:28,394 WARNING [20260909_165312_4039f4] agent.tool_executor: Tool process returned error (0.00s): {"status": "not_found", "error": "No process with ID proc_2b2025585dbb"}
2026-09-09 17:32:33,820 WARNING gateway.run: Old gateway (PID 121282) did not exit after SIGTERM, sending SIGKILL.
2026-09-09 17:32:37,745 WARNING hermes_cli.config: providers.vultr: unknown config keys ignored: auth
2026-09-09 17:32:37,746 WARNING hermes_cli.config: providers.vultr: unknown config keys ignored: auth
2026-09-09 17:32:40,743 WARNING hermes_cli.config: providers.vultr: unknown config keys ignored: auth
2026-09-09 17:32:41,245 WARNING hermes_cli.config: providers.vultr: unknown config keys ignored: auth
2026-09-09 17:32:41,482 WARNING hermes_cli.config: providers.vultr: unknown config keys ignored: auth
2026-09-09 17:32:41,576 WARNING hermes_cli.config: providers.vultr: unknown config keys ignored: auth
2026-09-09 17:33:33,298 WARNING gateway.run: Shutdown context: signal=SIGTERM under_systemd=yes parent_pid=109079 parent_name=systemd loadavg_1m=0.15 parent_cmdline='/usr/lib/systemd/systemd --user'
2026-09-09 17:34:01,587 WARNING gateway.run: Shutdown context: signal=SIGTERM under_systemd=yes parent_pid=1 parent_name=systemd loadavg_1m=0.20 parent_cmdline='/usr/lib/systemd/systemd --system --deserialize=75 vultr'
2026-09-09 17:36:15,554 WARNING gateway.run: Shutdown context: signal=SIGTERM under_systemd=yes parent_pid=109079 parent_name=systemd loadavg_1m=0.10 parent_cmdline='/usr/lib/systemd/systemd --user'
2026-09-09 17:37:15,833 WARNING gateway.run: Shutdown context: signal=SIGTERM under_systemd=yes parent_pid=1 parent_name=systemd loadavg_1m=0.11 parent_cmdline='/usr/lib/systemd/systemd --system --deserialize=75 vultr'
2026-09-09 17:42:17,527 WARNING gateway.run: Shutdown context: signal=SIGTERM under_systemd=yes parent_pid=109079 parent_name=systemd loadavg_1m=0.09 parent_cmdline='/usr/lib/systemd/systemd --user'
2026-09-09 17:44:31,586 WARNING gateway.run: Shutdown context: signal=SIGTERM under_systemd=yes parent_pid=1 parent_name=systemd loadavg_1m=0.02 parent_cmdline='/usr/lib/systemd/systemd --system --deserialize=75 vultr'
2026-09-09 17:47:00,054 WARNING hermes_cli.config: providers.vultr: unknown config keys ignored: auth
2026-09-09 17:47:00,055 WARNING hermes_cli.config: providers.vultr: unknown config keys ignored: auth
2026-09-09 17:47:03,077 WARNING hermes_cli.config: providers.vultr: unknown config keys ignored: auth
2026-09-09 17:47:03,567 WARNING hermes_cli.config: providers.vultr: unknown config keys ignored: auth
2026-09-09 17:47:03,792 WARNING hermes_cli.config: providers.vultr: unknown config keys ignored: auth
2026-09-09 17:47:03,887 WARNING hermes_cli.config: providers.vultr: unknown config keys ignored: auth
2026-09-09 17:49:33,348 WARNING gateway.run: Shutdown context: signal=SIGTERM under_systemd=yes parent_pid=109079 parent_name=systemd loadavg_1m=0.01 parent_cmdline='/usr/lib/systemd/systemd --user'
2026-09-09 17:54:35,815 WARNING gateway.run: Shutdown context: signal=SIGTERM under_systemd=yes parent_pid=1 parent_name=systemd loadavg_1m=0.08 parent_cmdline='/usr/lib/systemd/systemd --system --deserialize=75 vultr'
2026-09-09 17:59:35,418 WARNING hermes_cli.config: providers.vultr: unknown config keys ignored: auth
2026-09-09 17:59:35,419 WARNING hermes_cli.config: providers.vultr: unknown config keys ignored: auth
2026-09-09 17:59:38,315 WARNING gateway.run: Shutdown context: signal=SIGTERM under_systemd=yes parent_pid=109079 parent_name=systemd loadavg_1m=0.00 parent_cmdline='/usr/lib/systemd/systemd --user'
2026-09-09 17:59:38,321 WARNING hermes_cli.config: providers.vultr: unknown config keys ignored: auth
2026-09-09 17:59:38,819 WARNING hermes_cli.config: providers.vultr: unknown config keys ignored: auth
2026-09-09 17:59:39,052 WARNING hermes_cli.config: providers.vultr: unknown config keys ignored: auth
2026-09-09 17:59:39,184 WARNING hermes_cli.config: providers.vultr: unknown config keys ignored: auth
2026-09-09 17:59:47,600 WARNING gateway.run: Old gateway (PID 122330) did not exit after SIGTERM, sending SIGKILL.
2026-09-09 17:59:53,731 WARNING hermes_cli.config: providers.vultr: unknown config keys ignored: auth
2026-09-09 17:59:53,732 WARNING hermes_cli.config: providers.vultr: unknown config keys ignored: auth
2026-09-09 17:59:56,712 WARNING hermes_cli.config: providers.vultr: unknown config keys ignored: auth
2026-09-09 17:59:57,218 WARNING hermes_cli.config: providers.vultr: unknown config keys ignored: auth
2026-09-09 17:59:57,449 WARNING hermes_cli.config: providers.vultr: unknown config keys ignored: auth
2026-09-09 17:59:57,549 WARNING hermes_cli.config: providers.vultr: unknown config keys ignored: auth
2026-09-09 18:01:07,192 WARNING [20260909_165312_4039f4] agent.tool_executor: Tool terminal returned error (0.00s): {"output": "", "exit_code": -1, "error": "Foreground command uses shell-level background wrappers (nohup/disown/setsid). Use terminal(background=true) so Hermes can track the process, then run readine
2026-09-09 18:04:10,759 ERROR fastapi: Form data requires "python-multipart" to be installed. 
You can install "python-multipart" with: 

pip install python-multipart

2026-09-09 18:04:10,759 WARNING hermes_cli.web_server: Failed to load plugin kanban API routes: Form data requires "python-multipart" to be installed. 
You can install "python-multipart" with: 

pip install python-multipart

2026-09-09 18:04:10,765 WARNING hermes_cli.web_server: Binding to 0.0.0.0 with --insecure — the dashboard has no robust authentication. Only use on trusted networks.
2026-09-09 18:04:48,821 WARNING gateway.run: Shutdown context: signal=SIGTERM under_systemd=yes parent_pid=1 parent_name=systemd loadavg_1m=0.05 parent_cmdline='/usr/lib/systemd/systemd --system --deserialize=75 vultr'
2026-09-09 18:04:58,824 WARNING gateway.run: Old gateway (PID 122387) did not exit after SIGTERM, sending SIGKILL.
2026-09-09 18:05:02,670 WARNING hermes_cli.config: providers.vultr: unknown config keys ignored: auth
2026-09-09 18:05:02,671 WARNING hermes_cli.config: providers.vultr: unknown config keys ignored: auth
2026-09-09 18:05:05,440 WARNING hermes_cli.config: providers.vultr: unknown config keys ignored: auth
2026-09-09 18:05:05,946 WARNING hermes_cli.config: providers.vultr: unknown config keys ignored: auth
2026-09-09 18:05:06,173 WARNING hermes_cli.config: providers.vultr: unknown config keys ignored: auth
2026-09-09 18:05:06,271 WARNING hermes_cli.config: providers.vultr: unknown config keys ignored: auth
2026-09-09 18:05:31,248 WARNING hermes_cli.config: providers.vultr: unknown config keys ignored: auth
2026-09-09 18:05:51,304 WARNING [20260909_165312_4039f4] agent.tool_executor: Tool skill_manage returned error (0.03s): {"success": false, "error": "Could not find a match for old_string in the file\n\nDid you mean one of these sections?\n  38|   4. Restart do gateway: `export DBUS_SESSION_BUS_ADDRESS=\"unix:path=/run/
2026-09-09 18:07:29,367 WARNING hermes_cli.config: providers.vultr: unknown config keys ignored: auth
2026-09-09 18:07:29,368 WARNING hermes_cli.config: providers.vultr: unknown config keys ignored: auth
2026-09-09 18:07:30,566 WARNING [20260909_165312_4039f4] hermes_cli.config: providers.vultr: unknown config keys ignored: auth
2026-09-09 18:10:00,081 WARNING gateway.run: Shutdown context: signal=SIGTERM under_systemd=yes parent_pid=109079 parent_name=systemd loadavg_1m=0.05 parent_cmdline='/usr/lib/systemd/systemd --user'
2026-09-09 18:10:07,812 WARNING gateway.run: Shutdown context: signal=SIGTERM under_systemd=yes parent_pid=1 parent_name=systemd loadavg_1m=0.04 parent_cmdline='/usr/lib/systemd/systemd --system --deserialize=75 vultr'
2026-09-09 18:15:09,814 WARNING gateway.run: Shutdown context: signal=SIGTERM under_systemd=yes parent_pid=109079 parent_name=systemd loadavg_1m=0.00 parent_cmdline='/usr/lib/systemd/systemd --user'
2026-09-09 18:15:24,586 WARNING gateway.run: Shutdown context: signal=SIGTERM under_systemd=yes parent_pid=1 parent_name=systemd loadavg_1m=0.07 parent_cmdline='/usr/lib/systemd/systemd --system --deserialize=75 vultr'
2026-09-09 18:15:59,341 WARNING hermes_cli.config: providers.vultr: unknown config keys ignored: auth
2026-09-09 18:15:59,342 WARNING hermes_cli.config: providers.vultr: unknown config keys ignored: auth
2026-09-09 18:16:02,288 WARNING hermes_cli.config: providers.vultr: unknown config keys ignored: auth
2026-09-09 18:16:02,786 WARNING hermes_cli.config: providers.vultr: unknown config keys ignored: auth
2026-09-09 18:16:03,014 WARNING hermes_cli.config: providers.vultr: unknown config keys ignored: auth
2026-09-09 18:16:03,112 WARNING hermes_cli.config: providers.vultr: unknown config keys ignored: auth
2026-09-09 18:20:29,586 WARNING gateway.run: Shutdown context: signal=SIGTERM under_systemd=yes parent_pid=109079 parent_name=systemd loadavg_1m=0.02 parent_cmdline='/usr/lib/systemd/systemd --user'
2026-09-09 18:20:39,589 WARNING gateway.run: Old gateway (PID 123226) did not exit after SIGTERM, sending SIGKILL.
2026-09-09 18:20:43,414 WARNING hermes_cli.config: providers.vultr: unknown config keys ignored: auth
2026-09-09 18:20:43,416 WARNING hermes_cli.config: providers.vultr: unknown config keys ignored: auth
2026-09-09 18:20:46,403 WARNING hermes_cli.config: providers.vultr: unknown config keys ignored: auth
2026-09-09 18:20:46,882 WARNING hermes_cli.config: providers.vultr: unknown config keys ignored: auth
2026-09-09 18:20:47,107 WARNING hermes_cli.config: providers.vultr: unknown config keys ignored: auth
2026-09-09 18:20:47,207 WARNING hermes_cli.config: providers.vultr: unknown config keys ignored: auth
2026-09-09 18:21:06,350 WARNING gateway.run: Shutdown context: signal=SIGTERM under_systemd=yes parent_pid=1 parent_name=systemd loadavg_1m=0.09 parent_cmdline='/usr/lib/systemd/systemd --system --deserialize=75 vultr'
2026-09-09 18:21:16,353 WARNING gateway.run: Old gateway (PID 123754) did not exit after SIGTERM, sending SIGKILL.
2026-09-09 18:21:20,285 WARNING hermes_cli.config: providers.vultr: unknown config keys ignored: auth
2026-09-09 18:21:20,285 WARNING hermes_cli.config: providers.vultr: unknown config keys ignored: auth
2026-09-09 18:21:25,858 WARNING hermes_cli.config: providers.vultr: unknown config keys ignored: auth
2026-09-09 18:21:26,355 WARNING hermes_cli.config: providers.vultr: unknown config keys ignored: auth
2026-09-09 18:21:26,585 WARNING hermes_cli.config: providers.vultr: unknown config keys ignored: auth
2026-09-09 18:21:26,690 WARNING hermes_cli.config: providers.vultr: unknown config keys ignored: auth
2026-09-09 18:26:17,596 WARNING gateway.run: Shutdown context: signal=SIGTERM under_systemd=yes parent_pid=109079 parent_name=systemd loadavg_1m=0.10 parent_cmdline='/usr/lib/systemd/systemd --user'
2026-09-09 18:26:27,599 WARNING gateway.run: Old gateway (PID 123778) did not exit after SIGTERM, sending SIGKILL.
2026-09-09 18:26:32,185 WARNING hermes_cli.config: providers.vultr: unknown config keys ignored: auth
2026-09-09 18:26:32,186 WARNING hermes_cli.config: providers.vultr: unknown config keys ignored: auth
2026-09-09 18:26:35,314 WARNING hermes_cli.config: providers.vultr: unknown config keys ignored: auth
2026-09-09 18:26:35,844 WARNING hermes_cli.config: providers.vultr: unknown config keys ignored: auth
2026-09-09 18:26:36,070 WARNING hermes_cli.config: providers.vultr: unknown config keys ignored: auth
2026-09-09 18:26:36,172 WARNING hermes_cli.config: providers.vultr: unknown config keys ignored: auth
2026-09-09 18:27:27,107 WARNING gateway.run: Shutdown context: signal=SIGTERM under_systemd=yes parent_pid=1 parent_name=systemd loadavg_1m=0.06 parent_cmdline='/usr/lib/systemd/systemd --system --deserialize=75 vultr'
2026-09-09 18:27:37,111 WARNING gateway.run: Old gateway (PID 123825) did not exit after SIGTERM, sending SIGKILL.
2026-09-09 18:27:42,166 WARNING hermes_cli.config: providers.vultr: unknown config keys ignored: auth
2026-09-09 18:27:42,166 WARNING hermes_cli.config: providers.vultr: unknown config keys ignored: auth
2026-09-09 18:27:44,956 WARNING hermes_cli.config: providers.vultr: unknown config keys ignored: auth
2026-09-09 18:27:45,450 WARNING hermes_cli.config: providers.vultr: unknown config keys ignored: auth
2026-09-09 18:27:45,681 WARNING hermes_cli.config: providers.vultr: unknown config keys ignored: auth
2026-09-09 18:27:45,785 WARNING hermes_cli.config: providers.vultr: unknown config keys ignored: auth
2026-09-09 18:28:18,942 WARNING [20260909_165312_4039f4] agent.tool_executor: Tool read_file returned error (0.08s): {"content": "", "total_lines": 0, "file_size": 0, "truncated": false, "is_binary": false, "is_image": false, "error": "File not found: /home/hermes/PENDENTES.md"}
2026-09-09 18:28:18,943 WARNING [20260909_165312_4039f4] agent.tool_executor: Tool read_file returned error (0.09s): {"content": "", "total_lines": 0, "file_size": 0, "truncated": false, "is_binary": false, "is_image": false, "error": "File not found: /home/hermes/MAPA.md"}
2026-09-09 18:28:43,454 WARNING hermes_cli.config: providers.vultr: unknown config keys ignored: auth
2026-09-09 18:29:02,043 WARNING [20260909_182813_373926] agent.tool_executor: Tool memory returned error (0.00s): {"success": false, "error": "Replacement would put memory at 2,214/2,200 chars. Shorten the new content or remove other entries first."}
2026-09-09 18:30:00,904 WARNING hermes_cli.config: providers.vultr: unknown config keys ignored: auth
2026-09-09 18:30:00,904 WARNING hermes_cli.config: providers.vultr: unknown config keys ignored: auth
2026-09-09 18:30:02,228 WARNING [20260909_165312_4039f4] hermes_cli.config: providers.vultr: unknown config keys ignored: auth
2026-09-09 18:32:38,336 WARNING gateway.run: Shutdown context: signal=SIGTERM under_systemd=yes parent_pid=109079 parent_name=systemd loadavg_1m=0.08 parent_cmdline='/usr/lib/systemd/systemd --user'
2026-09-09 18:32:48,339 WARNING gateway.run: Old gateway (PID 123856) did not exit after SIGTERM, sending SIGKILL.
2026-09-09 18:32:52,217 WARNING hermes_cli.config: providers.vultr: unknown config keys ignored: auth
2026-09-09 18:32:52,219 WARNING hermes_cli.config: providers.vultr: unknown config keys ignored: auth
2026-09-09 18:32:55,081 WARNING hermes_cli.config: providers.vultr: unknown config keys ignored: auth
2026-09-09 18:32:55,559 WARNING hermes_cli.config: providers.vultr: unknown config keys ignored: auth
2026-09-09 18:32:55,780 WARNING hermes_cli.config: providers.vultr: unknown config keys ignored: auth
2026-09-09 18:32:55,865 WARNING hermes_cli.config: providers.vultr: unknown config keys ignored: auth
2026-09-09 18:35:01,852 WARNING gateway.run: Shutdown context: signal=SIGTERM under_systemd=yes parent_pid=1 parent_name=systemd loadavg_1m=0.08 parent_cmdline='/usr/lib/systemd/systemd --system --deserialize=75 vultr'
2026-09-09 18:35:11,856 WARNING gateway.run: Old gateway (PID 124470) did not exit after SIGTERM, sending SIGKILL.
2026-09-09 18:35:16,317 WARNING hermes_cli.config: providers.vultr: unknown config keys ignored: auth
2026-09-09 18:35:16,318 WARNING hermes_cli.config: providers.vultr: unknown config keys ignored: auth
2026-09-09 18:35:18,986 WARNING hermes_cli.config: providers.vultr: unknown config keys ignored: auth
2026-09-09 18:35:19,489 WARNING hermes_cli.config: providers.vultr: unknown config keys ignored: auth
2026-09-09 18:35:19,730 WARNING hermes_cli.config: providers.vultr: unknown config keys ignored: auth
2026-09-09 18:35:19,835 WARNING hermes_cli.config: providers.vultr: unknown config keys ignored: auth
2026-09-09 18:40:13,159 WARNING gateway.run: Shutdown context: signal=SIGTERM under_systemd=yes parent_pid=109079 parent_name=systemd loadavg_1m=0.03 parent_cmdline='/usr/lib/systemd/systemd --user'
2026-09-09 18:45:15,064 WARNING gateway.run: Shutdown context: signal=SIGTERM under_systemd=yes parent_pid=1 parent_name=systemd loadavg_1m=0.00 parent_cmdline='/usr/lib/systemd/systemd --system --deserialize=75 vultr'
2026-09-09 18:48:06,054 WARNING hermes_cli.config: providers.vultr: unknown config keys ignored: auth
2026-09-09 18:48:06,055 WARNING hermes_cli.config: providers.vultr: unknown config keys ignored: auth
2026-09-09 18:48:09,100 WARNING hermes_cli.config: providers.vultr: unknown config keys ignored: auth
2026-09-09 18:48:09,582 WARNING hermes_cli.config: providers.vultr: unknown config keys ignored: auth
2026-09-09 18:48:09,802 WARNING hermes_cli.config: providers.vultr: unknown config keys ignored: auth
2026-09-09 18:48:09,889 WARNING hermes_cli.config: providers.vultr: unknown config keys ignored: auth
2026-09-09 18:50:16,812 WARNING gateway.run: Shutdown context: signal=SIGTERM under_systemd=yes parent_pid=109079 parent_name=systemd loadavg_1m=0.15 parent_cmdline='/usr/lib/systemd/systemd --user'
2026-09-09 18:53:35,745 WARNING hermes_cli.config: providers.vultr: unknown config keys ignored: auth
2026-09-09 18:53:35,746 WARNING hermes_cli.config: providers.vultr: unknown config keys ignored: auth
2026-09-09 18:53:38,457 WARNING hermes_cli.config: providers.vultr: unknown config keys ignored: auth
2026-09-09 18:53:38,938 WARNING hermes_cli.config: providers.vultr: unknown config keys ignored: auth
2026-09-09 18:53:39,168 WARNING hermes_cli.config: providers.vultr: unknown config keys ignored: auth
2026-09-09 18:53:39,262 WARNING hermes_cli.config: providers.vultr: unknown config keys ignored: auth
2026-09-09 18:53:56,506 WARNING [20260909_182813_373926] agent.tool_executor: Tool memory returned error (0.00s): {"success": false, "error": "Replacement would put memory at 1,863/1,375 chars. Shorten the new content or remove other entries first."}
2026-09-09 18:54:09,394 WARNING [20260909_182813_373926] agent.tool_executor: Tool memory returned error (0.00s): {"success": false, "error": "Replacement would put memory at 1,557/1,375 chars. Shorten the new content or remove other entries first."}
2026-09-09 18:54:13,235 WARNING [20260909_182813_373926] agent.tool_executor: Tool memory returned error (0.00s): {"success": false, "error": "Memory at 2,165/2,200 chars. Adding this entry (171 chars) would exceed the limit. Replace or remove existing entries first.", "current_entries": ["Hermes profiles nesta m
2026-09-09 18:55:18,851 WARNING gateway.run: Shutdown context: signal=SIGTERM under_systemd=yes parent_pid=1 parent_name=systemd loadavg_1m=0.02 parent_cmdline='/usr/lib/systemd/systemd --system --deserialize=75 vultr'
2026-09-09 19:00:24,594 WARNING gateway.run: Shutdown context: signal=SIGTERM under_systemd=yes parent_pid=109079 parent_name=systemd loadavg_1m=0.07 parent_cmdline='/usr/lib/systemd/systemd --user'
2026-09-09 19:05:27,045 WARNING gateway.run: Shutdown context: signal=SIGTERM under_systemd=yes parent_pid=1 parent_name=systemd loadavg_1m=0.09 parent_cmdline='/usr/lib/systemd/systemd --system --deserialize=75 vultr'
2026-09-09 19:10:28,798 WARNING gateway.run: Shutdown context: signal=SIGTERM under_systemd=yes parent_pid=109079 parent_name=systemd loadavg_1m=0.00 parent_cmdline='/usr/lib/systemd/systemd --user'
2026-09-09 19:15:30,792 WARNING gateway.run: Shutdown context: signal=SIGTERM under_systemd=yes parent_pid=1 parent_name=systemd loadavg_1m=0.00 parent_cmdline='/usr/lib/systemd/systemd --system --deserialize=75 vultr'
2026-09-09 19:20:36,844 WARNING gateway.run: Shutdown context: signal=SIGTERM under_systemd=yes parent_pid=109079 parent_name=systemd loadavg_1m=0.08 parent_cmdline='/usr/lib/systemd/systemd --user'
2026-09-09 19:25:33,773 WARNING hermes_cli.config: providers.vultr: unknown config keys ignored: auth
2026-09-09 19:25:33,774 WARNING hermes_cli.config: providers.vultr: unknown config keys ignored: auth
2026-09-09 19:25:36,396 WARNING hermes_cli.config: providers.vultr: unknown config keys ignored: auth
2026-09-09 19:25:36,916 WARNING hermes_cli.config: providers.vultr: unknown config keys ignored: auth
2026-09-09 19:25:37,151 WARNING hermes_cli.config: providers.vultr: unknown config keys ignored: auth
2026-09-09 19:25:37,241 WARNING hermes_cli.config: providers.vultr: unknown config keys ignored: auth
2026-09-09 19:25:38,804 WARNING gateway.run: Shutdown context: signal=SIGTERM under_systemd=yes parent_pid=1 parent_name=systemd loadavg_1m=0.08 parent_cmdline='/usr/lib/systemd/systemd --system --deserialize=75 vultr'
2026-09-09 19:25:48,808 WARNING gateway.run: Old gateway (PID 125179) did not exit after SIGTERM, sending SIGKILL.
2026-09-09 19:25:52,730 WARNING hermes_cli.config: providers.vultr: unknown config keys ignored: auth
2026-09-09 19:25:52,731 WARNING hermes_cli.config: providers.vultr: unknown config keys ignored: auth
2026-09-09 19:25:55,841 WARNING hermes_cli.config: providers.vultr: unknown config keys ignored: auth
2026-09-09 19:25:56,334 WARNING hermes_cli.config: providers.vultr: unknown config keys ignored: auth
2026-09-09 19:25:56,564 WARNING hermes_cli.config: providers.vultr: unknown config keys ignored: auth
2026-09-09 19:25:56,652 WARNING hermes_cli.config: providers.vultr: unknown config keys ignored: auth
2026-09-09 19:30:49,793 WARNING gateway.run: Shutdown context: signal=SIGTERM under_systemd=yes parent_pid=109079 parent_name=systemd loadavg_1m=0.00 parent_cmdline='/usr/lib/systemd/systemd --user'
2026-09-09 19:35:52,552 WARNING gateway.run: Shutdown context: signal=SIGTERM under_systemd=yes parent_pid=1 parent_name=systemd loadavg_1m=0.00 parent_cmdline='/usr/lib/systemd/systemd --system --deserialize=75 vultr'
2026-09-09 19:40:54,320 WARNING gateway.run: Shutdown context: signal=SIGTERM under_systemd=yes parent_pid=109079 parent_name=systemd loadavg_1m=0.00 parent_cmdline='/usr/lib/systemd/systemd --user'
2026-09-09 19:45:56,065 WARNING gateway.run: Shutdown context: signal=SIGTERM under_systemd=yes parent_pid=1 parent_name=systemd loadavg_1m=0.00 parent_cmdline='/usr/lib/systemd/systemd --system --deserialize=75 vultr'
2026-09-09 19:50:57,805 WARNING gateway.run: Shutdown context: signal=SIGTERM under_systemd=yes parent_pid=109079 parent_name=systemd loadavg_1m=0.00 parent_cmdline='/usr/lib/systemd/systemd --user'
2026-09-09 19:55:59,604 WARNING gateway.run: Shutdown context: signal=SIGTERM under_systemd=yes parent_pid=1 parent_name=systemd loadavg_1m=0.00 parent_cmdline='/usr/lib/systemd/systemd --system --deserialize=75 vultr'
2026-09-09 20:01:02,561 WARNING gateway.run: Shutdown context: signal=SIGTERM under_systemd=yes parent_pid=109079 parent_name=systemd loadavg_1m=0.08 parent_cmdline='/usr/lib/systemd/systemd --user'
2026-09-09 20:06:04,307 WARNING gateway.run: Shutdown context: signal=SIGTERM under_systemd=yes parent_pid=1 parent_name=systemd loadavg_1m=0.00 parent_cmdline='/usr/lib/systemd/systemd --system --deserialize=75 vultr'
2026-09-09 20:11:07,304 WARNING gateway.run: Shutdown context: signal=SIGTERM under_systemd=yes parent_pid=109079 parent_name=systemd loadavg_1m=0.08 parent_cmdline='/usr/lib/systemd/systemd --user'
2026-09-09 20:16:09,063 WARNING gateway.run: Shutdown context: signal=SIGTERM under_systemd=yes parent_pid=1 parent_name=systemd loadavg_1m=0.00 parent_cmdline='/usr/lib/systemd/systemd --system --deserialize=75 vultr'
2026-09-09 20:21:10,816 WARNING gateway.run: Shutdown context: signal=SIGTERM under_systemd=yes parent_pid=109079 parent_name=systemd loadavg_1m=0.06 parent_cmdline='/usr/lib/systemd/systemd --user'
2026-09-09 20:26:13,046 WARNING gateway.run: Shutdown context: signal=SIGTERM under_systemd=yes parent_pid=1 parent_name=systemd loadavg_1m=0.08 parent_cmdline='/usr/lib/systemd/systemd --system --deserialize=75 vultr'
2026-09-09 20:31:15,788 WARNING gateway.run: Shutdown context: signal=SIGTERM under_systemd=yes parent_pid=109079 parent_name=systemd loadavg_1m=0.00 parent_cmdline='/usr/lib/systemd/systemd --user'
2026-09-09 20:35:17,887 WARNING hermes_cli.config: providers.vultr: unknown config keys ignored: auth
2026-09-09 20:35:17,888 WARNING hermes_cli.config: providers.vultr: unknown config keys ignored: auth
2026-09-09 20:35:20,634 WARNING hermes_cli.config: providers.vultr: unknown config keys ignored: auth
2026-09-09 20:35:21,136 WARNING hermes_cli.config: providers.vultr: unknown config keys ignored: auth
2026-09-09 20:35:21,362 WARNING hermes_cli.config: providers.vultr: unknown config keys ignored: auth
2026-09-09 20:35:21,456 WARNING hermes_cli.config: providers.vultr: unknown config keys ignored: auth
2026-09-09 20:36:17,801 WARNING gateway.run: Shutdown context: signal=SIGTERM under_systemd=yes parent_pid=1 parent_name=systemd loadavg_1m=0.26 parent_cmdline='/usr/lib/systemd/systemd --system --deserialize=75 vultr'
2026-09-09 20:36:27,805 WARNING gateway.run: Old gateway (PID 125640) did not exit after SIGTERM, sending SIGKILL.
2026-09-09 20:36:32,119 WARNING hermes_cli.config: providers.vultr: unknown config keys ignored: auth
2026-09-09 20:36:32,120 WARNING hermes_cli.config: providers.vultr: unknown config keys ignored: auth
2026-09-09 20:36:34,830 WARNING hermes_cli.config: providers.vultr: unknown config keys ignored: auth
2026-09-09 20:36:35,303 WARNING hermes_cli.config: providers.vultr: unknown config keys ignored: auth
2026-09-09 20:36:35,523 WARNING hermes_cli.config: providers.vultr: unknown config keys ignored: auth
2026-09-09 20:36:35,625 WARNING hermes_cli.config: providers.vultr: unknown config keys ignored: auth
2026-09-09 20:41:28,821 WARNING gateway.run: Shutdown context: signal=SIGTERM under_systemd=yes parent_pid=109079 parent_name=systemd loadavg_1m=0.16 parent_cmdline='/usr/lib/systemd/systemd --user'
2026-09-09 20:46:30,865 WARNING gateway.run: Shutdown context: signal=SIGTERM under_systemd=yes parent_pid=1 parent_name=systemd loadavg_1m=0.03 parent_cmdline='/usr/lib/systemd/systemd --system --deserialize=75 vultr'
2026-09-09 20:51:33,833 WARNING gateway.run: Shutdown context: signal=SIGTERM under_systemd=yes parent_pid=109079 parent_name=systemd loadavg_1m=0.00 parent_cmdline='/usr/lib/systemd/systemd --user'
2026-09-09 20:56:40,313 WARNING gateway.run: Shutdown context: signal=SIGTERM under_systemd=yes parent_pid=1 parent_name=systemd loadavg_1m=0.00 parent_cmdline='/usr/lib/systemd/systemd --system --deserialize=75 vultr'
2026-09-09 21:01:42,078 WARNING gateway.run: Shutdown context: signal=SIGTERM under_systemd=yes parent_pid=109079 parent_name=systemd loadavg_1m=0.00 parent_cmdline='/usr/lib/systemd/systemd --user'
2026-09-09 21:06:44,553 WARNING gateway.run: Shutdown context: signal=SIGTERM under_systemd=yes parent_pid=1 parent_name=systemd loadavg_1m=0.13 parent_cmdline='/usr/lib/systemd/systemd --system --deserialize=75 vultr'
2026-09-09 21:11:46,539 WARNING gateway.run: Shutdown context: signal=SIGTERM under_systemd=yes parent_pid=109079 parent_name=systemd loadavg_1m=0.01 parent_cmdline='/usr/lib/systemd/systemd --user'
2026-09-09 21:16:33,385 WARNING hermes_cli.config: providers.vultr: unknown config keys ignored: auth
2026-09-09 21:16:33,385 WARNING hermes_cli.config: providers.vultr: unknown config keys ignored: auth
2026-09-09 21:16:35,747 WARNING hermes_cli.config: providers.vultr: unknown config keys ignored: auth
2026-09-09 21:16:48,313 WARNING gateway.run: Shutdown context: signal=SIGTERM under_systemd=yes parent_pid=1 parent_name=systemd loadavg_1m=0.15 parent_cmdline='/usr/lib/systemd/systemd --system --deserialize=75 vultr'
2026-09-09 21:16:52,584 WARNING hermes_cli.config: providers.vultr: unknown config keys ignored: auth
2026-09-09 21:16:52,670 WARNING hermes_cli.config: providers.vultr: unknown config keys ignored: auth
2026-09-09 21:16:52,879 WARNING hermes_cli.config: providers.vultr: unknown config keys ignored: auth
2026-09-09 21:16:52,980 WARNING hermes_cli.config: providers.vultr: unknown config keys ignored: auth
2026-09-09 21:16:58,317 WARNING gateway.run: Old gateway (PID 126093) did not exit after SIGTERM, sending SIGKILL.
2026-09-09 21:17:02,605 WARNING hermes_cli.config: providers.vultr: unknown config keys ignored: auth
2026-09-09 21:17:02,606 WARNING hermes_cli.config: providers.vultr: unknown config keys ignored: auth
2026-09-09 21:17:17,247 WARNING hermes_cli.config: providers.vultr: unknown config keys ignored: auth
2026-09-09 21:17:17,715 WARNING hermes_cli.config: providers.vultr: unknown config keys ignored: auth
2026-09-09 21:17:17,937 WARNING hermes_cli.config: providers.vultr: unknown config keys ignored: auth
2026-09-09 21:17:18,048 WARNING hermes_cli.config: providers.vultr: unknown config keys ignored: auth
2026-09-09 21:17:30,616 WARNING hermes_cli.config: providers.vultr: unknown config keys ignored: auth
2026-09-09 21:18:16,398 WARNING hermes_cli.config: providers.vultr: unknown config keys ignored: auth
2026-09-09 21:18:16,399 WARNING hermes_cli.config: providers.vultr: unknown config keys ignored: auth
2026-09-09 21:18:17,725 WARNING [20260909_182813_373926] hermes_cli.config: providers.vultr: unknown config keys ignored: auth
2026-09-09 21:18:34,744 WARNING [20260909_182813_373926] agent.tool_executor: Tool session_search returned error (0.00s): {"error": "around_message_id 30 not in session_id 20260909_000729_3e26cb", "success": false}
2026-09-09 21:20:15,575 ERROR fastapi: Form data requires "python-multipart" to be installed. 
You can install "python-multipart" with: 

pip install python-multipart

2026-09-09 21:20:15,575 WARNING hermes_cli.web_server: Failed to load plugin kanban API routes: Form data requires "python-multipart" to be installed. 
You can install "python-multipart" with: 

pip install python-multipart

2026-09-09 21:21:59,341 WARNING gateway.run: Shutdown context: signal=SIGTERM under_systemd=yes parent_pid=109079 parent_name=systemd loadavg_1m=0.01 parent_cmdline='/usr/lib/systemd/systemd --user'
2026-09-09 21:21:59,522 ERROR fastapi: Form data requires "python-multipart" to be installed. 
You can install "python-multipart" with: 

pip install python-multipart

2026-09-09 21:21:59,522 WARNING hermes_cli.web_server: Failed to load plugin kanban API routes: Form data requires "python-multipart" to be installed. 
You can install "python-multipart" with: 

pip install python-multipart

2026-09-09 21:21:59,527 WARNING hermes_cli.web_server: Binding to 0.0.0.0 with --insecure — the dashboard has no robust authentication. Only use on trusted networks.
2026-09-09 21:22:06,011 ERROR fastapi: Form data requires "python-multipart" to be installed. 
You can install "python-multipart" with: 

pip install python-multipart

2026-09-09 21:22:06,011 WARNING hermes_cli.web_server: Failed to load plugin kanban API routes: Form data requires "python-multipart" to be installed. 
You can install "python-multipart" with: 

pip install python-multipart

2026-09-09 21:22:06,016 WARNING hermes_cli.web_server: Binding to 0.0.0.0 with --insecure — the dashboard has no robust authentication. Only use on trusted networks.
2026-09-09 21:22:09,347 WARNING gateway.run: Old gateway (PID 126142) did not exit after SIGTERM, sending SIGKILL.
2026-09-09 21:22:12,514 ERROR fastapi: Form data requires "python-multipart" to be installed. 
You can install "python-multipart" with: 

pip install python-multipart

2026-09-09 21:22:12,514 WARNING hermes_cli.web_server: Failed to load plugin kanban API routes: Form data requires "python-multipart" to be installed. 
You can install "python-multipart" with: 

pip install python-multipart

2026-09-09 21:22:12,519 WARNING hermes_cli.web_server: Binding to 0.0.0.0 with --insecure — the dashboard has no robust authentication. Only use on trusted networks.
2026-09-09 21:22:13,600 WARNING hermes_cli.config: providers.vultr: unknown config keys ignored: auth
2026-09-09 21:22:13,601 WARNING hermes_cli.config: providers.vultr: unknown config keys ignored: auth
2026-09-09 21:22:19,016 ERROR fastapi: Form data requires "python-multipart" to be installed. 
You can install "python-multipart" with: 

pip install python-multipart

2026-09-09 21:22:19,016 WARNING hermes_cli.web_server: Failed to load plugin kanban API routes: Form data requires "python-multipart" to be installed. 
You can install "python-multipart" with: 

pip install python-multipart

2026-09-09 21:22:19,021 WARNING hermes_cli.web_server: Binding to 0.0.0.0 with --insecure — the dashboard has no robust authentication. Only use on trusted networks.
2026-09-09 21:22:20,449 WARNING hermes_cli.config: providers.vultr: unknown config keys ignored: auth
2026-09-09 21:22:20,931 WARNING hermes_cli.config: providers.vultr: unknown config keys ignored: auth
2026-09-09 21:22:21,155 WARNING hermes_cli.config: providers.vultr: unknown config keys ignored: auth
2026-09-09 21:22:21,286 WARNING hermes_cli.config: providers.vultr: unknown config keys ignored: auth
2026-09-09 21:22:25,498 ERROR fastapi: Form data requires "python-multipart" to be installed. 
You can install "python-multipart" with: 

pip install python-multipart

2026-09-09 21:22:25,498 WARNING hermes_cli.web_server: Failed to load plugin kanban API routes: Form data requires "python-multipart" to be installed. 
You can install "python-multipart" with: 

pip install python-multipart

2026-09-09 21:22:25,503 WARNING hermes_cli.web_server: Binding to 0.0.0.0 with --insecure — the dashboard has no robust authentication. Only use on trusted networks.
2026-09-09 21:22:32,008 ERROR fastapi: Form data requires "python-multipart" to be installed. 
You can install "python-multipart" with: 

pip install python-multipart

2026-09-09 21:22:32,008 WARNING hermes_cli.web_server: Failed to load plugin kanban API routes: Form data requires "python-multipart" to be installed. 
You can install "python-multipart" with: 

pip install python-multipart

2026-09-09 21:22:32,013 WARNING hermes_cli.web_server: Binding to 0.0.0.0 with --insecure — the dashboard has no robust authentication. Only use on trusted networks.
2026-09-09 21:22:38,523 ERROR fastapi: Form data requires "python-multipart" to be installed. 
You can install "python-multipart" with: 

pip install python-multipart

2026-09-09 21:22:38,523 WARNING hermes_cli.web_server: Failed to load plugin kanban API routes: Form data requires "python-multipart" to be installed. 
You can install "python-multipart" with: 

pip install python-multipart

2026-09-09 21:22:38,528 WARNING hermes_cli.web_server: Binding to 0.0.0.0 with --insecure — the dashboard has no robust authentication. Only use on trusted networks.
2026-09-09 21:22:45,010 ERROR fastapi: Form data requires "python-multipart" to be installed. 
You can install "python-multipart" with: 

pip install python-multipart

2026-09-09 21:22:45,010 WARNING hermes_cli.web_server: Failed to load plugin kanban API routes: Form data requires "python-multipart" to be installed. 
You can install "python-multipart" with: 

pip install python-multipart

2026-09-09 21:22:45,015 WARNING hermes_cli.web_server: Binding to 0.0.0.0 with --insecure — the dashboard has no robust authentication. Only use on trusted networks.
2026-09-09 21:22:51,492 ERROR fastapi: Form data requires "python-multipart" to be installed. 
You can install "python-multipart" with: 

pip install python-multipart

2026-09-09 21:22:51,492 WARNING hermes_cli.web_server: Failed to load plugin kanban API routes: Form data requires "python-multipart" to be installed. 
You can install "python-multipart" with: 

pip install python-multipart

2026-09-09 21:22:51,497 WARNING hermes_cli.web_server: Binding to 0.0.0.0 with --insecure — the dashboard has no robust authentication. Only use on trusted networks.
2026-09-09 21:22:57,998 ERROR fastapi: Form data requires "python-multipart" to be installed. 
You can install "python-multipart" with: 

pip install python-multipart

2026-09-09 21:22:57,998 WARNING hermes_cli.web_server: Failed to load plugin kanban API routes: Form data requires "python-multipart" to be installed. 
You can install "python-multipart" with: 

pip install python-multipart

2026-09-09 21:22:58,003 WARNING hermes_cli.web_server: Binding to 0.0.0.0 with --insecure — the dashboard has no robust authentication. Only use on trusted networks.
2026-09-09 21:23:04,516 ERROR fastapi: Form data requires "python-multipart" to be installed. 
You can install "python-multipart" with: 

pip install python-multipart

2026-09-09 21:23:04,516 WARNING hermes_cli.web_server: Failed to load plugin kanban API routes: Form data requires "python-multipart" to be installed. 
You can install "python-multipart" with: 

pip install python-multipart

2026-09-09 21:23:04,521 WARNING hermes_cli.web_server: Binding to 0.0.0.0 with --insecure — the dashboard has no robust authentication. Only use on trusted networks.
2026-09-09 21:23:11,009 ERROR fastapi: Form data requires "python-multipart" to be installed. 
You can install "python-multipart" with: 

pip install python-multipart

2026-09-09 21:23:11,009 WARNING hermes_cli.web_server: Failed to load plugin kanban API routes: Form data requires "python-multipart" to be installed. 
You can install "python-multipart" with: 

pip install python-multipart

2026-09-09 21:23:11,014 WARNING hermes_cli.web_server: Binding to 0.0.0.0 with --insecure — the dashboard has no robust authentication. Only use on trusted networks.
2026-09-09 21:23:17,559 ERROR fastapi: Form data requires "python-multipart" to be installed. 
You can install "python-multipart" with: 

pip install python-multipart

2026-09-09 21:23:17,560 WARNING hermes_cli.web_server: Failed to load plugin kanban API routes: Form data requires "python-multipart" to be installed. 
You can install "python-multipart" with: 

pip install python-multipart

2026-09-09 21:23:17,565 WARNING hermes_cli.web_server: Binding to 0.0.0.0 with --insecure — the dashboard has no robust authentication. Only use on trusted networks.
2026-09-09 21:23:23,996 ERROR fastapi: Form data requires "python-multipart" to be installed. 
You can install "python-multipart" with: 

pip install python-multipart

2026-09-09 21:23:23,996 WARNING hermes_cli.web_server: Failed to load plugin kanban API routes: Form data requires "python-multipart" to be installed. 
You can install "python-multipart" with: 

pip install python-multipart

2026-09-09 21:23:24,001 WARNING hermes_cli.web_server: Binding to 0.0.0.0 with --insecure — the dashboard has no robust authentication. Only use on trusted networks.
2026-09-09 21:23:30,501 ERROR fastapi: Form data requires "python-multipart" to be installed. 
You can install "python-multipart" with: 

pip install python-multipart

2026-09-09 21:23:30,501 WARNING hermes_cli.web_server: Failed to load plugin kanban API routes: Form data requires "python-multipart" to be installed. 
You can install "python-multipart" with: 

pip install python-multipart

2026-09-09 21:23:30,506 WARNING hermes_cli.web_server: Binding to 0.0.0.0 with --insecure — the dashboard has no robust authentication. Only use on trusted networks.
2026-09-09 21:23:37,013 ERROR fastapi: Form data requires "python-multipart" to be installed. 
You can install "python-multipart" with: 

pip install python-multipart

2026-09-09 21:23:37,014 WARNING hermes_cli.web_server: Failed to load plugin kanban API routes: Form data requires "python-multipart" to be installed. 
You can install "python-multipart" with: 

pip install python-multipart

2026-09-09 21:23:37,019 WARNING hermes_cli.web_server: Binding to 0.0.0.0 with --insecure — the dashboard has no robust authentication. Only use on trusted networks.
2026-09-09 21:23:43,492 ERROR fastapi: Form data requires "python-multipart" to be installed. 
You can install "python-multipart" with: 

pip install python-multipart

2026-09-09 21:23:43,492 WARNING hermes_cli.web_server: Failed to load plugin kanban API routes: Form data requires "python-multipart" to be installed. 
You can install "python-multipart" with: 

pip install python-multipart

2026-09-09 21:23:43,497 WARNING hermes_cli.web_server: Binding to 0.0.0.0 with --insecure — the dashboard has no robust authentication. Only use on trusted networks.
2026-09-09 21:23:50,028 ERROR fastapi: Form data requires "python-multipart" to be installed. 
You can install "python-multipart" with: 

pip install python-multipart

2026-09-09 21:23:50,028 WARNING hermes_cli.web_server: Failed to load plugin kanban API routes: Form data requires "python-multipart" to be installed. 
You can install "python-multipart" with: 

pip install python-multipart

2026-09-09 21:23:50,033 WARNING hermes_cli.web_server: Binding to 0.0.0.0 with --insecure — the dashboard has no robust authentication. Only use on trusted networks.
2026-09-09 21:23:56,516 ERROR fastapi: Form data requires "python-multipart" to be installed. 
You can install "python-multipart" with: 

pip install python-multipart

2026-09-09 21:23:56,516 WARNING hermes_cli.web_server: Failed to load plugin kanban API routes: Form data requires "python-multipart" to be installed. 
You can install "python-multipart" with: 

pip install python-multipart

2026-09-09 21:23:56,521 WARNING hermes_cli.web_server: Binding to 0.0.0.0 with --insecure — the dashboard has no robust authentication. Only use on trusted networks.
2026-09-09 21:24:03,021 ERROR fastapi: Form data requires "python-multipart" to be installed. 
You can install "python-multipart" with: 

pip install python-multipart

2026-09-09 21:24:03,021 WARNING hermes_cli.web_server: Failed to load plugin kanban API routes: Form data requires "python-multipart" to be installed. 
You can install "python-multipart" with: 

pip install python-multipart

2026-09-09 21:24:03,026 WARNING hermes_cli.web_server: Binding to 0.0.0.0 with --insecure — the dashboard has no robust authentication. Only use on trusted networks.
2026-09-09 21:24:09,539 ERROR fastapi: Form data requires "python-multipart" to be installed. 
You can install "python-multipart" with: 

pip install python-multipart

2026-09-09 21:24:09,539 WARNING hermes_cli.web_server: Failed to load plugin kanban API routes: Form data requires "python-multipart" to be installed. 
You can install "python-multipart" with: 

pip install python-multipart

2026-09-09 21:24:09,544 WARNING hermes_cli.web_server: Binding to 0.0.0.0 with --insecure — the dashboard has no robust authentication. Only use on trusted networks.
2026-09-09 21:24:15,985 ERROR fastapi: Form data requires "python-multipart" to be installed. 
You can install "python-multipart" with: 

pip install python-multipart

2026-09-09 21:24:15,985 WARNING hermes_cli.web_server: Failed to load plugin kanban API routes: Form data requires "python-multipart" to be installed. 
You can install "python-multipart" with: 

pip install python-multipart

2026-09-09 21:24:15,990 WARNING hermes_cli.web_server: Binding to 0.0.0.0 with --insecure — the dashboard has no robust authentication. Only use on trusted networks.
2026-09-09 21:24:22,505 ERROR fastapi: Form data requires "python-multipart" to be installed. 
You can install "python-multipart" with: 

pip install python-multipart

2026-09-09 21:24:22,505 WARNING hermes_cli.web_server: Failed to load plugin kanban API routes: Form data requires "python-multipart" to be installed. 
You can install "python-multipart" with: 

pip install python-multipart

2026-09-09 21:24:22,510 WARNING hermes_cli.web_server: Binding to 0.0.0.0 with --insecure — the dashboard has no robust authentication. Only use on trusted networks.
2026-09-09 21:24:28,989 ERROR fastapi: Form data requires "python-multipart" to be installed. 
You can install "python-multipart" with: 

pip install python-multipart

2026-09-09 21:24:28,989 WARNING hermes_cli.web_server: Failed to load plugin kanban API routes: Form data requires "python-multipart" to be installed. 
You can install "python-multipart" with: 

pip install python-multipart

2026-09-09 21:24:28,994 WARNING hermes_cli.web_server: Binding to 0.0.0.0 with --insecure — the dashboard has no robust authentication. Only use on trusted networks.
2026-09-09 21:24:35,472 ERROR fastapi: Form data requires "python-multipart" to be installed. 
You can install "python-multipart" with: 

pip install python-multipart

2026-09-09 21:24:35,472 WARNING hermes_cli.web_server: Failed to load plugin kanban API routes: Form data requires "python-multipart" to be installed. 
You can install "python-multipart" with: 

pip install python-multipart

2026-09-09 21:24:35,477 WARNING hermes_cli.web_server: Binding to 0.0.0.0 with --insecure — the dashboard has no robust authentication. Only use on trusted networks.
2026-09-09 21:24:41,980 ERROR fastapi: Form data requires "python-multipart" to be installed. 
You can install "python-multipart" with: 

pip install python-multipart

2026-09-09 21:24:41,981 WARNING hermes_cli.web_server: Failed to load plugin kanban API routes: Form data requires "python-multipart" to be installed. 
You can install "python-multipart" with: 

pip install python-multipart

2026-09-09 21:24:41,985 WARNING hermes_cli.web_server: Binding to 0.0.0.0 with --insecure — the dashboard has no robust authentication. Only use on trusted networks.
2026-09-09 21:24:48,485 ERROR fastapi: Form data requires "python-multipart" to be installed. 
You can install "python-multipart" with: 

pip install python-multipart

2026-09-09 21:24:48,486 WARNING hermes_cli.web_server: Failed to load plugin kanban API routes: Form data requires "python-multipart" to be installed. 
You can install "python-multipart" with: 

pip install python-multipart

2026-09-09 21:24:48,490 WARNING hermes_cli.web_server: Binding to 0.0.0.0 with --insecure — the dashboard has no robust authentication. Only use on trusted networks.
2026-09-09 21:24:55,004 ERROR fastapi: Form data requires "python-multipart" to be installed. 
You can install "python-multipart" with: 

pip install python-multipart

2026-09-09 21:24:55,004 WARNING hermes_cli.web_server: Failed to load plugin kanban API routes: Form data requires "python-multipart" to be installed. 
You can install "python-multipart" with: 

pip install python-multipart

2026-09-09 21:24:55,009 WARNING hermes_cli.web_server: Binding to 0.0.0.0 with --insecure — the dashboard has no robust authentication. Only use on trusted networks.
2026-09-09 21:25:01,502 ERROR fastapi: Form data requires "python-multipart" to be installed. 
You can install "python-multipart" with: 

pip install python-multipart

2026-09-09 21:25:01,502 WARNING hermes_cli.web_server: Failed to load plugin kanban API routes: Form data requires "python-multipart" to be installed. 
You can install "python-multipart" with: 

pip install python-multipart

2026-09-09 21:25:01,507 WARNING hermes_cli.web_server: Binding to 0.0.0.0 with --insecure — the dashboard has no robust authentication. Only use on trusted networks.
2026-09-09 21:25:08,014 ERROR fastapi: Form data requires "python-multipart" to be installed. 
You can install "python-multipart" with: 

pip install python-multipart

2026-09-09 21:25:08,014 WARNING hermes_cli.web_server: Failed to load plugin kanban API routes: Form data requires "python-multipart" to be installed. 
You can install "python-multipart" with: 

pip install python-multipart

2026-09-09 21:25:08,019 WARNING hermes_cli.web_server: Binding to 0.0.0.0 with --insecure — the dashboard has no robust authentication. Only use on trusted networks.
2026-09-09 21:25:14,499 ERROR fastapi: Form data requires "python-multipart" to be installed. 
You can install "python-multipart" with: 

pip install python-multipart

2026-09-09 21:25:14,499 WARNING hermes_cli.web_server: Failed to load plugin kanban API routes: Form data requires "python-multipart" to be installed. 
You can install "python-multipart" with: 

pip install python-multipart

2026-09-09 21:25:14,503 WARNING hermes_cli.web_server: Binding to 0.0.0.0 with --insecure — the dashboard has no robust authentication. Only use on trusted networks.
2026-09-09 21:25:21,026 ERROR fastapi: Form data requires "python-multipart" to be installed. 
You can install "python-multipart" with: 

pip install python-multipart

2026-09-09 21:25:21,026 WARNING hermes_cli.web_server: Failed to load plugin kanban API routes: Form data requires "python-multipart" to be installed. 
You can install "python-multipart" with: 

pip install python-multipart

2026-09-09 21:25:21,032 WARNING hermes_cli.web_server: Binding to 0.0.0.0 with --insecure — the dashboard has no robust authentication. Only use on trusted networks.
2026-09-09 21:25:27,498 ERROR fastapi: Form data requires "python-multipart" to be installed. 
You can install "python-multipart" with: 

pip install python-multipart

2026-09-09 21:25:27,498 WARNING hermes_cli.web_server: Failed to load plugin kanban API routes: Form data requires "python-multipart" to be installed. 
You can install "python-multipart" with: 

pip install python-multipart

2026-09-09 21:25:27,502 WARNING hermes_cli.web_server: Binding to 0.0.0.0 with --insecure — the dashboard has no robust authentication. Only use on trusted networks.
2026-09-09 21:25:33,999 ERROR fastapi: Form data requires "python-multipart" to be installed. 
You can install "python-multipart" with: 

pip install python-multipart

2026-09-09 21:25:33,999 WARNING hermes_cli.web_server: Failed to load plugin kanban API routes: Form data requires "python-multipart" to be installed. 
You can install "python-multipart" with: 

pip install python-multipart

2026-09-09 21:25:34,004 WARNING hermes_cli.web_server: Binding to 0.0.0.0 with --insecure — the dashboard has no robust authentication. Only use on trusted networks.
2026-09-09 21:25:40,506 ERROR fastapi: Form data requires "python-multipart" to be installed. 
You can install "python-multipart" with: 

pip install python-multipart

2026-09-09 21:25:40,506 WARNING hermes_cli.web_server: Failed to load plugin kanban API routes: Form data requires "python-multipart" to be installed. 
You can install "python-multipart" with: 

pip install python-multipart

2026-09-09 21:25:40,512 WARNING hermes_cli.web_server: Binding to 0.0.0.0 with --insecure — the dashboard has no robust authentication. Only use on trusted networks.
2026-09-09 21:25:46,980 ERROR fastapi: Form data requires "python-multipart" to be installed. 
You can install "python-multipart" with: 

pip install python-multipart

2026-09-09 21:25:46,980 WARNING hermes_cli.web_server: Failed to load plugin kanban API routes: Form data requires "python-multipart" to be installed. 
You can install "python-multipart" with: 

pip install python-multipart

2026-09-09 21:25:46,985 WARNING hermes_cli.web_server: Binding to 0.0.0.0 with --insecure — the dashboard has no robust authentication. Only use on trusted networks.
2026-09-09 21:25:51,022 WARNING [20260909_182813_373926] agent.conversation_loop: API call failed (attempt 1/3) error_type=UnprocessableEntityError thread=asyncio_0:132119630177984 provider=custom base_url=http://127.0.0.1:8788/v1 model=zai-org/GLM-5.1-FP8 summary=HTTP 422: At least 1 message is required
2026-09-09 21:25:51,029 ERROR [20260909_182813_373926] agent.conversation_loop: Non-retryable client error: Error code: 422 - {'message': 'At least 1 message is required'}
2026-09-09 21:25:53,545 ERROR fastapi: Form data requires "python-multipart" to be installed. 
You can install "python-multipart" with: 

pip install python-multipart

2026-09-09 21:25:53,546 WARNING hermes_cli.web_server: Failed to load plugin kanban API routes: Form data requires "python-multipart" to be installed. 
You can install "python-multipart" with: 

pip install python-multipart

2026-09-09 21:25:53,550 WARNING hermes_cli.web_server: Binding to 0.0.0.0 with --insecure — the dashboard has no robust authentication. Only use on trusted networks.
2026-09-09 21:25:59,990 ERROR fastapi: Form data requires "python-multipart" to be installed. 
You can install "python-multipart" with: 

pip install python-multipart

2026-09-09 21:25:59,990 WARNING hermes_cli.web_server: Failed to load plugin kanban API routes: Form data requires "python-multipart" to be installed. 
You can install "python-multipart" with: 

pip install python-multipart

2026-09-09 21:25:59,995 WARNING hermes_cli.web_server: Binding to 0.0.0.0 with --insecure — the dashboard has no robust authentication. Only use on trusted networks.
2026-09-09 21:26:06,511 ERROR fastapi: Form data requires "python-multipart" to be installed. 
You can install "python-multipart" with: 

pip install python-multipart

2026-09-09 21:26:06,512 WARNING hermes_cli.web_server: Failed to load plugin kanban API routes: Form data requires "python-multipart" to be installed. 
You can install "python-multipart" with: 

pip install python-multipart

2026-09-09 21:26:06,517 WARNING hermes_cli.web_server: Binding to 0.0.0.0 with --insecure — the dashboard has no robust authentication. Only use on trusted networks.
2026-09-09 21:26:13,028 ERROR fastapi: Form data requires "python-multipart" to be installed. 
You can install "python-multipart" with: 

pip install python-multipart

2026-09-09 21:26:13,029 WARNING hermes_cli.web_server: Failed to load plugin kanban API routes: Form data requires "python-multipart" to be installed. 
You can install "python-multipart" with: 

pip install python-multipart

2026-09-09 21:26:13,034 WARNING hermes_cli.web_server: Binding to 0.0.0.0 with --insecure — the dashboard has no robust authentication. Only use on trusted networks.
2026-09-09 21:26:19,504 ERROR fastapi: Form data requires "python-multipart" to be installed. 
You can install "python-multipart" with: 

pip install python-multipart

2026-09-09 21:26:19,504 WARNING hermes_cli.web_server: Failed to load plugin kanban API routes: Form data requires "python-multipart" to be installed. 
You can install "python-multipart" with: 

pip install python-multipart

2026-09-09 21:26:19,509 WARNING hermes_cli.web_server: Binding to 0.0.0.0 with --insecure — the dashboard has no robust authentication. Only use on trusted networks.
2026-09-09 21:26:26,039 ERROR fastapi: Form data requires "python-multipart" to be installed. 
You can install "python-multipart" with: 

pip install python-multipart

2026-09-09 21:26:26,040 WARNING hermes_cli.web_server: Failed to load plugin kanban API routes: Form data requires "python-multipart" to be installed. 
You can install "python-multipart" with: 

pip install python-multipart

2026-09-09 21:26:26,044 WARNING hermes_cli.web_server: Binding to 0.0.0.0 with --insecure — the dashboard has no robust authentication. Only use on trusted networks.
2026-09-09 21:26:32,501 ERROR fastapi: Form data requires "python-multipart" to be installed. 
You can install "python-multipart" with: 

pip install python-multipart

2026-09-09 21:26:32,501 WARNING hermes_cli.web_server: Failed to load plugin kanban API routes: Form data requires "python-multipart" to be installed. 
You can install "python-multipart" with: 

pip install python-multipart

2026-09-09 21:26:32,506 WARNING hermes_cli.web_server: Binding to 0.0.0.0 with --insecure — the dashboard has no robust authentication. Only use on trusted networks.
2026-09-09 21:26:39,029 ERROR fastapi: Form data requires "python-multipart" to be installed. 
You can install "python-multipart" with: 

pip install python-multipart

2026-09-09 21:26:39,029 WARNING hermes_cli.web_server: Failed to load plugin kanban API routes: Form data requires "python-multipart" to be installed. 
You can install "python-multipart" with: 

pip install python-multipart

2026-09-09 21:26:39,034 WARNING hermes_cli.web_server: Binding to 0.0.0.0 with --insecure — the dashboard has no robust authentication. Only use on trusted networks.
2026-09-09 21:26:45,509 ERROR fastapi: Form data requires "python-multipart" to be installed. 
You can install "python-multipart" with: 

pip install python-multipart

2026-09-09 21:26:45,509 WARNING hermes_cli.web_server: Failed to load plugin kanban API routes: Form data requires "python-multipart" to be installed. 
You can install "python-multipart" with: 

pip install python-multipart

2026-09-09 21:26:45,514 WARNING hermes_cli.web_server: Binding to 0.0.0.0 with --insecure — the dashboard has no robust authentication. Only use on trusted networks.
2026-09-09 21:26:52,025 ERROR fastapi: Form data requires "python-multipart" to be installed. 
You can install "python-multipart" with: 

pip install python-multipart

2026-09-09 21:26:52,025 WARNING hermes_cli.web_server: Failed to load plugin kanban API routes: Form data requires "python-multipart" to be installed. 
You can install "python-multipart" with: 

pip install python-multipart

2026-09-09 21:26:52,030 WARNING hermes_cli.web_server: Binding to 0.0.0.0 with --insecure — the dashboard has no robust authentication. Only use on trusted networks.
2026-09-09 21:26:58,516 ERROR fastapi: Form data requires "python-multipart" to be installed. 
You can install "python-multipart" with: 

pip install python-multipart

2026-09-09 21:26:58,517 WARNING hermes_cli.web_server: Failed to load plugin kanban API routes: Form data requires "python-multipart" to be installed. 
You can install "python-multipart" with: 

pip install python-multipart

2026-09-09 21:26:58,521 WARNING hermes_cli.web_server: Binding to 0.0.0.0 with --insecure — the dashboard has no robust authentication. Only use on trusted networks.
2026-09-09 21:27:05,018 ERROR fastapi: Form data requires "python-multipart" to be installed. 
You can install "python-multipart" with: 

pip install python-multipart

2026-09-09 21:27:05,018 WARNING hermes_cli.web_server: Failed to load plugin kanban API routes: Form data requires "python-multipart" to be installed. 
You can install "python-multipart" with: 

pip install python-multipart

2026-09-09 21:27:05,023 WARNING hermes_cli.web_server: Binding to 0.0.0.0 with --insecure — the dashboard has no robust authentication. Only use on trusted networks.
2026-09-09 21:27:10,598 WARNING gateway.run: Shutdown context: signal=SIGTERM under_systemd=yes parent_pid=1 parent_name=systemd loadavg_1m=0.23 parent_cmdline='/usr/lib/systemd/systemd --system --deserialize=75 vultr'
2026-09-09 21:27:11,533 ERROR fastapi: Form data requires "python-multipart" to be installed. 
You can install "python-multipart" with: 

pip install python-multipart

2026-09-09 21:27:11,533 WARNING hermes_cli.web_server: Failed to load plugin kanban API routes: Form data requires "python-multipart" to be installed. 
You can install "python-multipart" with: 

pip install python-multipart

2026-09-09 21:27:11,538 WARNING hermes_cli.web_server: Binding to 0.0.0.0 with --insecure — the dashboard has no robust authentication. Only use on trusted networks.
2026-09-09 21:27:18,088 WARNING hermes_cli.config: providers.vultr: unknown config keys ignored: auth
2026-09-09 21:27:18,089 WARNING hermes_cli.config: providers.vultr: unknown config keys ignored: auth
2026-09-09 21:27:20,898 WARNING hermes_cli.config: providers.vultr: unknown config keys ignored: auth
2026-09-09 21:27:21,377 WARNING hermes_cli.config: providers.vultr: unknown config keys ignored: auth
2026-09-09 21:27:21,600 WARNING hermes_cli.config: providers.vultr: unknown config keys ignored: auth
2026-09-09 21:27:21,709 WARNING hermes_cli.config: providers.vultr: unknown config keys ignored: auth
2026-09-09 21:32:15,601 WARNING gateway.run: Shutdown context: signal=SIGTERM under_systemd=yes parent_pid=109079 parent_name=systemd loadavg_1m=0.00 parent_cmdline='/usr/lib/systemd/systemd --user'
2026-09-09 21:32:15,769 ERROR fastapi: Form data requires "python-multipart" to be installed. 
You can install "python-multipart" with: 

pip install python-multipart

2026-09-09 21:32:15,769 WARNING hermes_cli.web_server: Failed to load plugin kanban API routes: Form data requires "python-multipart" to be installed. 
You can install "python-multipart" with: 

pip install python-multipart

2026-09-09 21:32:15,774 WARNING hermes_cli.web_server: Binding to 0.0.0.0 with --insecure — the dashboard has no robust authentication. Only use on trusted networks.
2026-09-09 21:32:22,266 ERROR fastapi: Form data requires "python-multipart" to be installed. 
You can install "python-multipart" with: 

pip install python-multipart

2026-09-09 21:32:22,266 WARNING hermes_cli.web_server: Failed to load plugin kanban API routes: Form data requires "python-multipart" to be installed. 
You can install "python-multipart" with: 

pip install python-multipart

2026-09-09 21:32:22,271 WARNING hermes_cli.web_server: Binding to 0.0.0.0 with --insecure — the dashboard has no robust authentication. Only use on trusted networks.
2026-09-09 21:32:28,781 ERROR fastapi: Form data requires "python-multipart" to be installed. 
You can install "python-multipart" with: 

pip install python-multipart

2026-09-09 21:32:28,782 WARNING hermes_cli.web_server: Failed to load plugin kanban API routes: Form data requires "python-multipart" to be installed. 
You can install "python-multipart" with: 

pip install python-multipart

2026-09-09 21:32:28,786 WARNING hermes_cli.web_server: Binding to 0.0.0.0 with --insecure — the dashboard has no robust authentication. Only use on trusted networks.
2026-09-09 21:32:35,240 ERROR fastapi: Form data requires "python-multipart" to be installed. 
You can install "python-multipart" with: 

pip install python-multipart

2026-09-09 21:32:35,240 WARNING hermes_cli.web_server: Failed to load plugin kanban API routes: Form data requires "python-multipart" to be installed. 
You can install "python-multipart" with: 

pip install python-multipart

2026-09-09 21:32:35,245 WARNING hermes_cli.web_server: Binding to 0.0.0.0 with --insecure — the dashboard has no robust authentication. Only use on trusted networks.
2026-09-09 21:32:41,771 ERROR fastapi: Form data requires "python-multipart" to be installed. 
You can install "python-multipart" with: 

pip install python-multipart

2026-09-09 21:32:41,771 WARNING hermes_cli.web_server: Failed to load plugin kanban API routes: Form data requires "python-multipart" to be installed. 
You can install "python-multipart" with: 

pip install python-multipart

2026-09-09 21:32:41,776 WARNING hermes_cli.web_server: Binding to 0.0.0.0 with --insecure — the dashboard has no robust authentication. Only use on trusted networks.
2026-09-09 21:32:48,241 ERROR fastapi: Form data requires "python-multipart" to be installed. 
You can install "python-multipart" with: 

pip install python-multipart

2026-09-09 21:32:48,241 WARNING hermes_cli.web_server: Failed to load plugin kanban API routes: Form data requires "python-multipart" to be installed. 
You can install "python-multipart" with: 

pip install python-multipart

2026-09-09 21:32:48,246 WARNING hermes_cli.web_server: Binding to 0.0.0.0 with --insecure — the dashboard has no robust authentication. Only use on trusted networks.
2026-09-09 21:32:54,761 ERROR fastapi: Form data requires "python-multipart" to be installed. 
You can install "python-multipart" with: 

pip install python-multipart

2026-09-09 21:32:54,761 WARNING hermes_cli.web_server: Failed to load plugin kanban API routes: Form data requires "python-multipart" to be installed. 
You can install "python-multipart" with: 

pip install python-multipart

2026-09-09 21:32:54,766 WARNING hermes_cli.web_server: Binding to 0.0.0.0 with --insecure — the dashboard has no robust authentication. Only use on trusted networks.
2026-09-09 21:33:01,270 ERROR fastapi: Form data requires "python-multipart" to be installed. 
You can install "python-multipart" with: 

pip install python-multipart

2026-09-09 21:33:01,270 WARNING hermes_cli.web_server: Failed to load plugin kanban API routes: Form data requires "python-multipart" to be installed. 
You can install "python-multipart" with: 

pip install python-multipart

2026-09-09 21:33:01,275 WARNING hermes_cli.web_server: Binding to 0.0.0.0 with --insecure — the dashboard has no robust authentication. Only use on trusted networks.
2026-09-09 21:33:07,784 ERROR fastapi: Form data requires "python-multipart" to be installed. 
You can install "python-multipart" with: 

pip install python-multipart

2026-09-09 21:33:07,784 WARNING hermes_cli.web_server: Failed to load plugin kanban API routes: Form data requires "python-multipart" to be installed. 
You can install "python-multipart" with: 

pip install python-multipart

2026-09-09 21:33:07,789 WARNING hermes_cli.web_server: Binding to 0.0.0.0 with --insecure — the dashboard has no robust authentication. Only use on trusted networks.
2026-09-09 21:33:14,281 ERROR fastapi: Form data requires "python-multipart" to be installed. 
You can install "python-multipart" with: 

pip install python-multipart

2026-09-09 21:33:14,281 WARNING hermes_cli.web_server: Failed to load plugin kanban API routes: Form data requires "python-multipart" to be installed. 
You can install "python-multipart" with: 

pip install python-multipart

2026-09-09 21:33:14,286 WARNING hermes_cli.web_server: Binding to 0.0.0.0 with --insecure — the dashboard has no robust authentication. Only use on trusted networks.
2026-09-09 21:33:20,807 ERROR fastapi: Form data requires "python-multipart" to be installed. 
You can install "python-multipart" with: 

pip install python-multipart

2026-09-09 21:33:20,807 WARNING hermes_cli.web_server: Failed to load plugin kanban API routes: Form data requires "python-multipart" to be installed. 
You can install "python-multipart" with: 

pip install python-multipart

2026-09-09 21:33:20,812 WARNING hermes_cli.web_server: Binding to 0.0.0.0 with --insecure — the dashboard has no robust authentication. Only use on trusted networks.
2026-09-09 21:33:27,370 ERROR fastapi: Form data requires "python-multipart" to be installed. 
You can install "python-multipart" with: 

pip install python-multipart

2026-09-09 21:33:27,370 WARNING hermes_cli.web_server: Failed to load plugin kanban API routes: Form data requires "python-multipart" to be installed. 
You can install "python-multipart" with: 

pip install python-multipart

2026-09-09 21:33:27,375 WARNING hermes_cli.web_server: Binding to 0.0.0.0 with --insecure — the dashboard has no robust authentication. Only use on trusted networks.
2026-09-09 21:33:33,794 ERROR fastapi: Form data requires "python-multipart" to be installed. 
You can install "python-multipart" with: 

pip install python-multipart

2026-09-09 21:33:33,794 WARNING hermes_cli.web_server: Failed to load plugin kanban API routes: Form data requires "python-multipart" to be installed. 
You can install "python-multipart" with: 

pip install python-multipart

2026-09-09 21:33:33,799 WARNING hermes_cli.web_server: Binding to 0.0.0.0 with --insecure — the dashboard has no robust authentication. Only use on trusted networks.
2026-09-09 21:33:40,251 ERROR fastapi: Form data requires "python-multipart" to be installed. 
You can install "python-multipart" with: 

pip install python-multipart

2026-09-09 21:33:40,251 WARNING hermes_cli.web_server: Failed to load plugin kanban API routes: Form data requires "python-multipart" to be installed. 
You can install "python-multipart" with: 

pip install python-multipart

2026-09-09 21:33:40,256 WARNING hermes_cli.web_server: Binding to 0.0.0.0 with --insecure — the dashboard has no robust authentication. Only use on trusted networks.
2026-09-09 21:33:46,783 ERROR fastapi: Form data requires "python-multipart" to be installed. 
You can install "python-multipart" with: 

pip install python-multipart

2026-09-09 21:33:46,783 WARNING hermes_cli.web_server: Failed to load plugin kanban API routes: Form data requires "python-multipart" to be installed. 
You can install "python-multipart" with: 

pip install python-multipart

2026-09-09 21:33:46,788 WARNING hermes_cli.web_server: Binding to 0.0.0.0 with --insecure — the dashboard has no robust authentication. Only use on trusted networks.
2026-09-09 21:33:53,285 ERROR fastapi: Form data requires "python-multipart" to be installed. 
You can install "python-multipart" with: 

pip install python-multipart

2026-09-09 21:33:53,285 WARNING hermes_cli.web_server: Failed to load plugin kanban API routes: Form data requires "python-multipart" to be installed. 
You can install "python-multipart" with: 

pip install python-multipart

2026-09-09 21:33:53,290 WARNING hermes_cli.web_server: Binding to 0.0.0.0 with --insecure — the dashboard has no robust authentication. Only use on trusted networks.
2026-09-09 21:33:59,781 ERROR fastapi: Form data requires "python-multipart" to be installed. 
You can install "python-multipart" with: 

pip install python-multipart

2026-09-09 21:33:59,781 WARNING hermes_cli.web_server: Failed to load plugin kanban API routes: Form data requires "python-multipart" to be installed. 
You can install "python-multipart" with: 

pip install python-multipart

2026-09-09 21:33:59,786 WARNING hermes_cli.web_server: Binding to 0.0.0.0 with --insecure — the dashboard has no robust authentication. Only use on trusted networks.
2026-09-09 21:34:06,325 ERROR fastapi: Form data requires "python-multipart" to be installed. 
You can install "python-multipart" with: 

pip install python-multipart

2026-09-09 21:34:06,325 WARNING hermes_cli.web_server: Failed to load plugin kanban API routes: Form data requires "python-multipart" to be installed. 
You can install "python-multipart" with: 

pip install python-multipart

2026-09-09 21:34:06,331 WARNING hermes_cli.web_server: Binding to 0.0.0.0 with --insecure — the dashboard has no robust authentication. Only use on trusted networks.
2026-09-09 21:34:12,769 ERROR fastapi: Form data requires "python-multipart" to be installed. 
You can install "python-multipart" with: 

pip install python-multipart

2026-09-09 21:34:12,770 WARNING hermes_cli.web_server: Failed to load plugin kanban API routes: Form data requires "python-multipart" to be installed. 
You can install "python-multipart" with: 

pip install python-multipart

2026-09-09 21:34:12,774 WARNING hermes_cli.web_server: Binding to 0.0.0.0 with --insecure — the dashboard has no robust authentication. Only use on trusted networks.
2026-09-09 21:34:19,308 ERROR fastapi: Form data requires "python-multipart" to be installed. 
You can install "python-multipart" with: 

pip install python-multipart

2026-09-09 21:34:19,308 WARNING hermes_cli.web_server: Failed to load plugin kanban API routes: Form data requires "python-multipart" to be installed. 
You can install "python-multipart" with: 

pip install python-multipart

2026-09-09 21:34:19,313 WARNING hermes_cli.web_server: Binding to 0.0.0.0 with --insecure — the dashboard has no robust authentication. Only use on trusted networks.
2026-09-09 21:34:25,773 ERROR fastapi: Form data requires "python-multipart" to be installed. 
You can install "python-multipart" with: 

pip install python-multipart

2026-09-09 21:34:25,773 WARNING hermes_cli.web_server: Failed to load plugin kanban API routes: Form data requires "python-multipart" to be installed. 
You can install "python-multipart" with: 

pip install python-multipart

2026-09-09 21:34:25,778 WARNING hermes_cli.web_server: Binding to 0.0.0.0 with --insecure — the dashboard has no robust authentication. Only use on trusted networks.
2026-09-09 21:34:32,260 ERROR fastapi: Form data requires "python-multipart" to be installed. 
You can install "python-multipart" with: 

pip install python-multipart

2026-09-09 21:34:32,260 WARNING hermes_cli.web_server: Failed to load plugin kanban API routes: Form data requires "python-multipart" to be installed. 
You can install "python-multipart" with: 

pip install python-multipart

2026-09-09 21:34:32,265 WARNING hermes_cli.web_server: Binding to 0.0.0.0 with --insecure — the dashboard has no robust authentication. Only use on trusted networks.
2026-09-09 21:34:38,789 ERROR fastapi: Form data requires "python-multipart" to be installed. 
You can install "python-multipart" with: 

pip install python-multipart

2026-09-09 21:34:38,790 WARNING hermes_cli.web_server: Failed to load plugin kanban API routes: Form data requires "python-multipart" to be installed. 
You can install "python-multipart" with: 

pip install python-multipart

2026-09-09 21:34:38,796 WARNING hermes_cli.web_server: Binding to 0.0.0.0 with --insecure — the dashboard has no robust authentication. Only use on trusted networks.
2026-09-09 21:34:45,298 ERROR fastapi: Form data requires "python-multipart" to be installed. 
You can install "python-multipart" with: 

pip install python-multipart

2026-09-09 21:34:45,298 WARNING hermes_cli.web_server: Failed to load plugin kanban API routes: Form data requires "python-multipart" to be installed. 
You can install "python-multipart" with: 

pip install python-multipart

2026-09-09 21:34:45,303 WARNING hermes_cli.web_server: Binding to 0.0.0.0 with --insecure — the dashboard has no robust authentication. Only use on trusted networks.
2026-09-09 21:34:51,771 ERROR fastapi: Form data requires "python-multipart" to be installed. 
You can install "python-multipart" with: 

pip install python-multipart

2026-09-09 21:34:51,771 WARNING hermes_cli.web_server: Failed to load plugin kanban API routes: Form data requires "python-multipart" to be installed. 
You can install "python-multipart" with: 

pip install python-multipart

2026-09-09 21:34:51,776 WARNING hermes_cli.web_server: Binding to 0.0.0.0 with --insecure — the dashboard has no robust authentication. Only use on trusted networks.
2026-09-09 21:34:58,264 ERROR fastapi: Form data requires "python-multipart" to be installed. 
You can install "python-multipart" with: 

pip install python-multipart

2026-09-09 21:34:58,264 WARNING hermes_cli.web_server: Failed to load plugin kanban API routes: Form data requires "python-multipart" to be installed. 
You can install "python-multipart" with: 

pip install python-multipart

2026-09-09 21:34:58,269 WARNING hermes_cli.web_server: Binding to 0.0.0.0 with --insecure — the dashboard has no robust authentication. Only use on trusted networks.
2026-09-09 21:35:04,753 ERROR fastapi: Form data requires "python-multipart" to be installed. 
You can install "python-multipart" with: 

pip install python-multipart

2026-09-09 21:35:04,753 WARNING hermes_cli.web_server: Failed to load plugin kanban API routes: Form data requires "python-multipart" to be installed. 
You can install "python-multipart" with: 

pip install python-multipart

2026-09-09 21:35:04,758 WARNING hermes_cli.web_server: Binding to 0.0.0.0 with --insecure — the dashboard has no robust authentication. Only use on trusted networks.
2026-09-09 21:35:11,268 ERROR fastapi: Form data requires "python-multipart" to be installed. 
You can install "python-multipart" with: 

pip install python-multipart

2026-09-09 21:35:11,268 WARNING hermes_cli.web_server: Failed to load plugin kanban API routes: Form data requires "python-multipart" to be installed. 
You can install "python-multipart" with: 

pip install python-multipart

2026-09-09 21:35:11,273 WARNING hermes_cli.web_server: Binding to 0.0.0.0 with --insecure — the dashboard has no robust authentication. Only use on trusted networks.
2026-09-09 21:35:17,771 ERROR fastapi: Form data requires "python-multipart" to be installed. 
You can install "python-multipart" with: 

pip install python-multipart

2026-09-09 21:35:17,772 WARNING hermes_cli.web_server: Failed to load plugin kanban API routes: Form data requires "python-multipart" to be installed. 
You can install "python-multipart" with: 

pip install python-multipart

2026-09-09 21:35:17,776 WARNING hermes_cli.web_server: Binding to 0.0.0.0 with --insecure — the dashboard has no robust authentication. Only use on trusted networks.
2026-09-09 21:35:24,277 ERROR fastapi: Form data requires "python-multipart" to be installed. 
You can install "python-multipart" with: 

pip install python-multipart

2026-09-09 21:35:24,277 WARNING hermes_cli.web_server: Failed to load plugin kanban API routes: Form data requires "python-multipart" to be installed. 
You can install "python-multipart" with: 

pip install python-multipart

2026-09-09 21:35:24,282 WARNING hermes_cli.web_server: Binding to 0.0.0.0 with --insecure — the dashboard has no robust authentication. Only use on trusted networks.
2026-09-09 21:35:30,791 ERROR fastapi: Form data requires "python-multipart" to be installed. 
You can install "python-multipart" with: 

pip install python-multipart

2026-09-09 21:35:30,791 WARNING hermes_cli.web_server: Failed to load plugin kanban API routes: Form data requires "python-multipart" to be installed. 
You can install "python-multipart" with: 

pip install python-multipart

2026-09-09 21:35:30,796 WARNING hermes_cli.web_server: Binding to 0.0.0.0 with --insecure — the dashboard has no robust authentication. Only use on trusted networks.
2026-09-09 21:35:37,257 ERROR fastapi: Form data requires "python-multipart" to be installed. 
You can install "python-multipart" with: 

pip install python-multipart

2026-09-09 21:35:37,257 WARNING hermes_cli.web_server: Failed to load plugin kanban API routes: Form data requires "python-multipart" to be installed. 
You can install "python-multipart" with: 

pip install python-multipart

2026-09-09 21:35:37,262 WARNING hermes_cli.web_server: Binding to 0.0.0.0 with --insecure — the dashboard has no robust authentication. Only use on trusted networks.
2026-09-09 21:35:43,794 ERROR fastapi: Form data requires "python-multipart" to be installed. 
You can install "python-multipart" with: 

pip install python-multipart

2026-09-09 21:35:43,794 WARNING hermes_cli.web_server: Failed to load plugin kanban API routes: Form data requires "python-multipart" to be installed. 
You can install "python-multipart" with: 

pip install python-multipart

2026-09-09 21:35:43,799 WARNING hermes_cli.web_server: Binding to 0.0.0.0 with --insecure — the dashboard has no robust authentication. Only use on trusted networks.
2026-09-09 21:35:50,250 ERROR fastapi: Form data requires "python-multipart" to be installed. 
You can install "python-multipart" with: 

pip install python-multipart

2026-09-09 21:35:50,250 WARNING hermes_cli.web_server: Failed to load plugin kanban API routes: Form data requires "python-multipart" to be installed. 
You can install "python-multipart" with: 

pip install python-multipart

2026-09-09 21:35:50,255 WARNING hermes_cli.web_server: Binding to 0.0.0.0 with --insecure — the dashboard has no robust authentication. Only use on trusted networks.
2026-09-09 21:35:56,738 ERROR fastapi: Form data requires "python-multipart" to be installed. 
You can install "python-multipart" with: 

pip install python-multipart

2026-09-09 21:35:56,738 WARNING hermes_cli.web_server: Failed to load plugin kanban API routes: Form data requires "python-multipart" to be installed. 
You can install "python-multipart" with: 

pip install python-multipart

2026-09-09 21:35:56,743 WARNING hermes_cli.web_server: Binding to 0.0.0.0 with --insecure — the dashboard has no robust authentication. Only use on trusted networks.
2026-09-09 21:36:03,291 ERROR fastapi: Form data requires "python-multipart" to be installed. 
You can install "python-multipart" with: 

pip install python-multipart

2026-09-09 21:36:03,291 WARNING hermes_cli.web_server: Failed to load plugin kanban API routes: Form data requires "python-multipart" to be installed. 
You can install "python-multipart" with: 

pip install python-multipart

2026-09-09 21:36:03,296 WARNING hermes_cli.web_server: Binding to 0.0.0.0 with --insecure — the dashboard has no robust authentication. Only use on trusted networks.
2026-09-09 21:36:09,774 ERROR fastapi: Form data requires "python-multipart" to be installed. 
You can install "python-multipart" with: 

pip install python-multipart

2026-09-09 21:36:09,774 WARNING hermes_cli.web_server: Failed to load plugin kanban API routes: Form data requires "python-multipart" to be installed. 
You can install "python-multipart" with: 

pip install python-multipart

2026-09-09 21:36:09,779 WARNING hermes_cli.web_server: Binding to 0.0.0.0 with --insecure — the dashboard has no robust authentication. Only use on trusted networks.
2026-09-09 21:36:16,276 ERROR fastapi: Form data requires "python-multipart" to be installed. 
You can install "python-multipart" with: 

pip install python-multipart

2026-09-09 21:36:16,277 WARNING hermes_cli.web_server: Failed to load plugin kanban API routes: Form data requires "python-multipart" to be installed. 
You can install "python-multipart" with: 

pip install python-multipart

2026-09-09 21:36:16,282 WARNING hermes_cli.web_server: Binding to 0.0.0.0 with --insecure — the dashboard has no robust authentication. Only use on trusted networks.
2026-09-09 21:36:22,748 ERROR fastapi: Form data requires "python-multipart" to be installed. 
You can install "python-multipart" with: 

pip install python-multipart

2026-09-09 21:36:22,748 WARNING hermes_cli.web_server: Failed to load plugin kanban API routes: Form data requires "python-multipart" to be installed. 
You can install "python-multipart" with: 

pip install python-multipart

2026-09-09 21:36:22,753 WARNING hermes_cli.web_server: Binding to 0.0.0.0 with --insecure — the dashboard has no robust authentication. Only use on trusted networks.
2026-09-09 21:36:29,251 ERROR fastapi: Form data requires "python-multipart" to be installed. 
You can install "python-multipart" with: 

pip install python-multipart

2026-09-09 21:36:29,251 WARNING hermes_cli.web_server: Failed to load plugin kanban API routes: Form data requires "python-multipart" to be installed. 
You can install "python-multipart" with: 

pip install python-multipart

2026-09-09 21:36:29,256 WARNING hermes_cli.web_server: Binding to 0.0.0.0 with --insecure — the dashboard has no robust authentication. Only use on trusted networks.
2026-09-09 21:36:35,748 ERROR fastapi: Form data requires "python-multipart" to be installed. 
You can install "python-multipart" with: 

pip install python-multipart

2026-09-09 21:36:35,748 WARNING hermes_cli.web_server: Failed to load plugin kanban API routes: Form data requires "python-multipart" to be installed. 
You can install "python-multipart" with: 

pip install python-multipart

2026-09-09 21:36:35,754 WARNING hermes_cli.web_server: Binding to 0.0.0.0 with --insecure — the dashboard has no robust authentication. Only use on trusted networks.
2026-09-09 21:36:42,270 ERROR fastapi: Form data requires "python-multipart" to be installed. 
You can install "python-multipart" with: 

pip install python-multipart

2026-09-09 21:36:42,270 WARNING hermes_cli.web_server: Failed to load plugin kanban API routes: Form data requires "python-multipart" to be installed. 
You can install "python-multipart" with: 

pip install python-multipart

2026-09-09 21:36:42,275 WARNING hermes_cli.web_server: Binding to 0.0.0.0 with --insecure — the dashboard has no robust authentication. Only use on trusted networks.
2026-09-09 21:36:48,778 ERROR fastapi: Form data requires "python-multipart" to be installed. 
You can install "python-multipart" with: 

pip install python-multipart

2026-09-09 21:36:48,778 WARNING hermes_cli.web_server: Failed to load plugin kanban API routes: Form data requires "python-multipart" to be installed. 
You can install "python-multipart" with: 

pip install python-multipart

2026-09-09 21:36:48,783 WARNING hermes_cli.web_server: Binding to 0.0.0.0 with --insecure — the dashboard has no robust authentication. Only use on trusted networks.
2026-09-09 21:36:55,299 ERROR fastapi: Form data requires "python-multipart" to be installed. 
You can install "python-multipart" with: 

pip install python-multipart

2026-09-09 21:36:55,299 WARNING hermes_cli.web_server: Failed to load plugin kanban API routes: Form data requires "python-multipart" to be installed. 
You can install "python-multipart" with: 

pip install python-multipart

2026-09-09 21:36:55,304 WARNING hermes_cli.web_server: Binding to 0.0.0.0 with --insecure — the dashboard has no robust authentication. Only use on trusted networks.
2026-09-09 21:37:01,765 ERROR fastapi: Form data requires "python-multipart" to be installed. 
You can install "python-multipart" with: 

pip install python-multipart

2026-09-09 21:37:01,765 WARNING hermes_cli.web_server: Failed to load plugin kanban API routes: Form data requires "python-multipart" to be installed. 
You can install "python-multipart" with: 

pip install python-multipart

2026-09-09 21:37:01,770 WARNING hermes_cli.web_server: Binding to 0.0.0.0 with --insecure — the dashboard has no robust authentication. Only use on trusted networks.
2026-09-09 21:37:08,283 ERROR fastapi: Form data requires "python-multipart" to be installed. 
You can install "python-multipart" with: 

pip install python-multipart

2026-09-09 21:37:08,283 WARNING hermes_cli.web_server: Failed to load plugin kanban API routes: Form data requires "python-multipart" to be installed. 
You can install "python-multipart" with: 

pip install python-multipart

2026-09-09 21:37:08,288 WARNING hermes_cli.web_server: Binding to 0.0.0.0 with --insecure — the dashboard has no robust authentication. Only use on trusted networks.
2026-09-09 21:37:14,769 ERROR fastapi: Form data requires "python-multipart" to be installed. 
You can install "python-multipart" with: 

pip install python-multipart

2026-09-09 21:37:14,769 WARNING hermes_cli.web_server: Failed to load plugin kanban API routes: Form data requires "python-multipart" to be installed. 
You can install "python-multipart" with: 

pip install python-multipart

2026-09-09 21:37:14,774 WARNING hermes_cli.web_server: Binding to 0.0.0.0 with --insecure — the dashboard has no robust authentication. Only use on trusted networks.
2026-09-09 21:37:18,333 WARNING gateway.run: Shutdown context: signal=SIGTERM under_systemd=yes parent_pid=1 parent_name=systemd loadavg_1m=0.26 parent_cmdline='/usr/lib/systemd/systemd --system --deserialize=75 vultr'
2026-09-09 21:37:21,267 ERROR fastapi: Form data requires "python-multipart" to be installed. 
You can install "python-multipart" with: 

pip install python-multipart

2026-09-09 21:37:21,267 WARNING hermes_cli.web_server: Failed to load plugin kanban API routes: Form data requires "python-multipart" to be installed. 
You can install "python-multipart" with: 

pip install python-multipart

2026-09-09 21:37:21,272 WARNING hermes_cli.web_server: Binding to 0.0.0.0 with --insecure — the dashboard has no robust authentication. Only use on trusted networks.
2026-09-09 21:42:23,324 WARNING gateway.run: Shutdown context: signal=SIGTERM under_systemd=yes parent_pid=109079 parent_name=systemd loadavg_1m=0.28 parent_cmdline='/usr/lib/systemd/systemd --user'
2026-09-09 21:42:23,523 ERROR fastapi: Form data requires "python-multipart" to be installed. 
You can install "python-multipart" with: 

pip install python-multipart

2026-09-09 21:42:23,523 WARNING hermes_cli.web_server: Failed to load plugin kanban API routes: Form data requires "python-multipart" to be installed. 
You can install "python-multipart" with: 

pip install python-multipart

2026-09-09 21:42:23,528 WARNING hermes_cli.web_server: Binding to 0.0.0.0 with --insecure — the dashboard has no robust authentication. Only use on trusted networks.
2026-09-09 21:42:30,023 ERROR fastapi: Form data requires "python-multipart" to be installed. 
You can install "python-multipart" with: 

pip install python-multipart

2026-09-09 21:42:30,023 WARNING hermes_cli.web_server: Failed to load plugin kanban API routes: Form data requires "python-multipart" to be installed. 
You can install "python-multipart" with: 

pip install python-multipart

2026-09-09 21:42:30,028 WARNING hermes_cli.web_server: Binding to 0.0.0.0 with --insecure — the dashboard has no robust authentication. Only use on trusted networks.
2026-09-09 21:42:36,474 ERROR fastapi: Form data requires "python-multipart" to be installed. 
You can install "python-multipart" with: 

pip install python-multipart

2026-09-09 21:42:36,474 WARNING hermes_cli.web_server: Failed to load plugin kanban API routes: Form data requires "python-multipart" to be installed. 
You can install "python-multipart" with: 

pip install python-multipart

2026-09-09 21:42:36,479 WARNING hermes_cli.web_server: Binding to 0.0.0.0 with --insecure — the dashboard has no robust authentication. Only use on trusted networks.
2026-09-09 21:42:43,033 ERROR fastapi: Form data requires "python-multipart" to be installed. 
You can install "python-multipart" with: 

pip install python-multipart

2026-09-09 21:42:43,033 WARNING hermes_cli.web_server: Failed to load plugin kanban API routes: Form data requires "python-multipart" to be installed. 
You can install "python-multipart" with: 

pip install python-multipart

2026-09-09 21:42:43,038 WARNING hermes_cli.web_server: Binding to 0.0.0.0 with --insecure — the dashboard has no robust authentication. Only use on trusted networks.
2026-09-09 21:42:49,499 ERROR fastapi: Form data requires "python-multipart" to be installed. 
You can install "python-multipart" with: 

pip install python-multipart

2026-09-09 21:42:49,499 WARNING hermes_cli.web_server: Failed to load plugin kanban API routes: Form data requires "python-multipart" to be installed. 
You can install "python-multipart" with: 

pip install python-multipart

2026-09-09 21:42:49,504 WARNING hermes_cli.web_server: Binding to 0.0.0.0 with --insecure — the dashboard has no robust authentication. Only use on trusted networks.
2026-09-09 21:42:56,003 ERROR fastapi: Form data requires "python-multipart" to be installed. 
You can install "python-multipart" with: 

pip install python-multipart

2026-09-09 21:42:56,003 WARNING hermes_cli.web_server: Failed to load plugin kanban API routes: Form data requires "python-multipart" to be installed. 
You can install "python-multipart" with: 

pip install python-multipart

2026-09-09 21:42:56,008 WARNING hermes_cli.web_server: Binding to 0.0.0.0 with --insecure — the dashboard has no robust authentication. Only use on trusted networks.
2026-09-09 21:43:02,493 ERROR fastapi: Form data requires "python-multipart" to be installed. 
You can install "python-multipart" with: 

pip install python-multipart

2026-09-09 21:43:02,493 WARNING hermes_cli.web_server: Failed to load plugin kanban API routes: Form data requires "python-multipart" to be installed. 
You can install "python-multipart" with: 

pip install python-multipart

2026-09-09 21:43:02,498 WARNING hermes_cli.web_server: Binding to 0.0.0.0 with --insecure — the dashboard has no robust authentication. Only use on trusted networks.
2026-09-09 21:43:09,016 ERROR fastapi: Form data requires "python-multipart" to be installed. 
You can install "python-multipart" with: 

pip install python-multipart

2026-09-09 21:43:09,016 WARNING hermes_cli.web_server: Failed to load plugin kanban API routes: Form data requires "python-multipart" to be installed. 
You can install "python-multipart" with: 

pip install python-multipart

2026-09-09 21:43:09,021 WARNING hermes_cli.web_server: Binding to 0.0.0.0 with --insecure — the dashboard has no robust authentication. Only use on trusted networks.
2026-09-09 21:43:15,535 ERROR fastapi: Form data requires "python-multipart" to be installed. 
You can install "python-multipart" with: 

pip install python-multipart

2026-09-09 21:43:15,535 WARNING hermes_cli.web_server: Failed to load plugin kanban API routes: Form data requires "python-multipart" to be installed. 
You can install "python-multipart" with: 

pip install python-multipart

2026-09-09 21:43:15,540 WARNING hermes_cli.web_server: Binding to 0.0.0.0 with --insecure — the dashboard has no robust authentication. Only use on trusted networks.
2026-09-09 21:43:21,979 ERROR fastapi: Form data requires "python-multipart" to be installed. 
You can install "python-multipart" with: 

pip install python-multipart

2026-09-09 21:43:21,979 WARNING hermes_cli.web_server: Failed to load plugin kanban API routes: Form data requires "python-multipart" to be installed. 
You can install "python-multipart" with: 

pip install python-multipart

2026-09-09 21:43:21,984 WARNING hermes_cli.web_server: Binding to 0.0.0.0 with --insecure — the dashboard has no robust authentication. Only use on trusted networks.
2026-09-09 21:43:28,514 ERROR fastapi: Form data requires "python-multipart" to be installed. 
You can install "python-multipart" with: 

pip install python-multipart

2026-09-09 21:43:28,514 WARNING hermes_cli.web_server: Failed to load plugin kanban API routes: Form data requires "python-multipart" to be installed. 
You can install "python-multipart" with: 

pip install python-multipart

2026-09-09 21:43:28,519 WARNING hermes_cli.web_server: Binding to 0.0.0.0 with --insecure — the dashboard has no robust authentication. Only use on trusted networks.
2026-09-09 21:43:35,013 ERROR fastapi: Form data requires "python-multipart" to be installed. 
You can install "python-multipart" with: 

pip install python-multipart

2026-09-09 21:43:35,013 WARNING hermes_cli.web_server: Failed to load plugin kanban API routes: Form data requires "python-multipart" to be installed. 
You can install "python-multipart" with: 

pip install python-multipart

2026-09-09 21:43:35,018 WARNING hermes_cli.web_server: Binding to 0.0.0.0 with --insecure — the dashboard has no robust authentication. Only use on trusted networks.
2026-09-09 21:43:41,505 ERROR fastapi: Form data requires "python-multipart" to be installed. 
You can install "python-multipart" with: 

pip install python-multipart

2026-09-09 21:43:41,506 WARNING hermes_cli.web_server: Failed to load plugin kanban API routes: Form data requires "python-multipart" to be installed. 
You can install "python-multipart" with: 

pip install python-multipart

2026-09-09 21:43:41,511 WARNING hermes_cli.web_server: Binding to 0.0.0.0 with --insecure — the dashboard has no robust authentication. Only use on trusted networks.
2026-09-09 21:43:48,029 ERROR fastapi: Form data requires "python-multipart" to be installed. 
You can install "python-multipart" with: 

pip install python-multipart

2026-09-09 21:43:48,029 WARNING hermes_cli.web_server: Failed to load plugin kanban API routes: Form data requires "python-multipart" to be installed. 
You can install "python-multipart" with: 

pip install python-multipart

2026-09-09 21:43:48,034 WARNING hermes_cli.web_server: Binding to 0.0.0.0 with --insecure — the dashboard has no robust authentication. Only use on trusted networks.
2026-09-09 21:43:54,538 ERROR fastapi: Form data requires "python-multipart" to be installed. 
You can install "python-multipart" with: 

pip install python-multipart

2026-09-09 21:43:54,538 WARNING hermes_cli.web_server: Failed to load plugin kanban API routes: Form data requires "python-multipart" to be installed. 
You can install "python-multipart" with: 

pip install python-multipart

2026-09-09 21:43:54,543 WARNING hermes_cli.web_server: Binding to 0.0.0.0 with --insecure — the dashboard has no robust authentication. Only use on trusted networks.
2026-09-09 21:44:01,038 ERROR fastapi: Form data requires "python-multipart" to be installed. 
You can install "python-multipart" with: 

pip install python-multipart

2026-09-09 21:44:01,038 WARNING hermes_cli.web_server: Failed to load plugin kanban API routes: Form data requires "python-multipart" to be installed. 
You can install "python-multipart" with: 

pip install python-multipart

2026-09-09 21:44:01,043 WARNING hermes_cli.web_server: Binding to 0.0.0.0 with --insecure — the dashboard has no robust authentication. Only use on trusted networks.
2026-09-09 21:44:07,514 ERROR fastapi: Form data requires "python-multipart" to be installed. 
You can install "python-multipart" with: 

pip install python-multipart

2026-09-09 21:44:07,515 WARNING hermes_cli.web_server: Failed to load plugin kanban API routes: Form data requires "python-multipart" to be installed. 
You can install "python-multipart" with: 

pip install python-multipart

2026-09-09 21:44:07,519 WARNING hermes_cli.web_server: Binding to 0.0.0.0 with --insecure — the dashboard has no robust authentication. Only use on trusted networks.
2026-09-09 21:44:14,021 ERROR fastapi: Form data requires "python-multipart" to be installed. 
You can install "python-multipart" with: 

pip install python-multipart

2026-09-09 21:44:14,021 WARNING hermes_cli.web_server: Failed to load plugin kanban API routes: Form data requires "python-multipart" to be installed. 
You can install "python-multipart" with: 

pip install python-multipart

2026-09-09 21:44:14,026 WARNING hermes_cli.web_server: Binding to 0.0.0.0 with --insecure — the dashboard has no robust authentication. Only use on trusted networks.
2026-09-09 21:44:20,526 ERROR fastapi: Form data requires "python-multipart" to be installed. 
You can install "python-multipart" with: 

pip install python-multipart

2026-09-09 21:44:20,527 WARNING hermes_cli.web_server: Failed to load plugin kanban API routes: Form data requires "python-multipart" to be installed. 
You can install "python-multipart" with: 

pip install python-multipart

2026-09-09 21:44:20,531 WARNING hermes_cli.web_server: Binding to 0.0.0.0 with --insecure — the dashboard has no robust authentication. Only use on trusted networks.
2026-09-09 21:44:27,001 ERROR fastapi: Form data requires "python-multipart" to be installed. 
You can install "python-multipart" with: 

pip install python-multipart

2026-09-09 21:44:27,001 WARNING hermes_cli.web_server: Failed to load plugin kanban API routes: Form data requires "python-multipart" to be installed. 
You can install "python-multipart" with: 

pip install python-multipart

2026-09-09 21:44:27,006 WARNING hermes_cli.web_server: Binding to 0.0.0.0 with --insecure — the dashboard has no robust authentication. Only use on trusted networks.
2026-09-09 21:44:33,509 ERROR fastapi: Form data requires "python-multipart" to be installed. 
You can install "python-multipart" with: 

pip install python-multipart

2026-09-09 21:44:33,509 WARNING hermes_cli.web_server: Failed to load plugin kanban API routes: Form data requires "python-multipart" to be installed. 
You can install "python-multipart" with: 

pip install python-multipart

2026-09-09 21:44:33,514 WARNING hermes_cli.web_server: Binding to 0.0.0.0 with --insecure — the dashboard has no robust authentication. Only use on trusted networks.
2026-09-09 21:44:40,045 ERROR fastapi: Form data requires "python-multipart" to be installed. 
You can install "python-multipart" with: 

pip install python-multipart

2026-09-09 21:44:40,045 WARNING hermes_cli.web_server: Failed to load plugin kanban API routes: Form data requires "python-multipart" to be installed. 
You can install "python-multipart" with: 

pip install python-multipart

2026-09-09 21:44:40,050 WARNING hermes_cli.web_server: Binding to 0.0.0.0 with --insecure — the dashboard has no robust authentication. Only use on trusted networks.
2026-09-09 21:44:46,516 ERROR fastapi: Form data requires "python-multipart" to be installed. 
You can install "python-multipart" with: 

pip install python-multipart

2026-09-09 21:44:46,516 WARNING hermes_cli.web_server: Failed to load plugin kanban API routes: Form data requires "python-multipart" to be installed. 
You can install "python-multipart" with: 

pip install python-multipart

2026-09-09 21:44:46,521 WARNING hermes_cli.web_server: Binding to 0.0.0.0 with --insecure — the dashboard has no robust authentication. Only use on trusted networks.
2026-09-09 21:44:53,019 ERROR fastapi: Form data requires "python-multipart" to be installed. 
You can install "python-multipart" with: 

pip install python-multipart

2026-09-09 21:44:53,019 WARNING hermes_cli.web_server: Failed to load plugin kanban API routes: Form data requires "python-multipart" to be installed. 
You can install "python-multipart" with: 

pip install python-multipart

2026-09-09 21:44:53,024 WARNING hermes_cli.web_server: Binding to 0.0.0.0 with --insecure — the dashboard has no robust authentication. Only use on trusted networks.
2026-09-09 21:44:59,554 ERROR fastapi: Form data requires "python-multipart" to be installed. 
You can install "python-multipart" with: 

pip install python-multipart

2026-09-09 21:44:59,554 WARNING hermes_cli.web_server: Failed to load plugin kanban API routes: Form data requires "python-multipart" to be installed. 
You can install "python-multipart" with: 

pip install python-multipart

2026-09-09 21:44:59,559 WARNING hermes_cli.web_server: Binding to 0.0.0.0 with --insecure — the dashboard has no robust authentication. Only use on trusted networks.
2026-09-09 21:45:06,039 ERROR fastapi: Form data requires "python-multipart" to be installed. 
You can install "python-multipart" with: 

pip install python-multipart

2026-09-09 21:45:06,039 WARNING hermes_cli.web_server: Failed to load plugin kanban API routes: Form data requires "python-multipart" to be installed. 
You can install "python-multipart" with: 

pip install python-multipart

2026-09-09 21:45:06,044 WARNING hermes_cli.web_server: Binding to 0.0.0.0 with --insecure — the dashboard has no robust authentication. Only use on trusted networks.
2026-09-09 21:45:12,541 ERROR fastapi: Form data requires "python-multipart" to be installed. 
You can install "python-multipart" with: 

pip install python-multipart

2026-09-09 21:45:12,541 WARNING hermes_cli.web_server: Failed to load plugin kanban API routes: Form data requires "python-multipart" to be installed. 
You can install "python-multipart" with: 

pip install python-multipart

2026-09-09 21:45:12,547 WARNING hermes_cli.web_server: Binding to 0.0.0.0 with --insecure — the dashboard has no robust authentication. Only use on trusted networks.
2026-09-09 21:45:19,022 ERROR fastapi: Form data requires "python-multipart" to be installed. 
You can install "python-multipart" with: 

pip install python-multipart

2026-09-09 21:45:19,023 WARNING hermes_cli.web_server: Failed to load plugin kanban API routes: Form data requires "python-multipart" to be installed. 
You can install "python-multipart" with: 

pip install python-multipart

2026-09-09 21:45:19,027 WARNING hermes_cli.web_server: Binding to 0.0.0.0 with --insecure — the dashboard has no robust authentication. Only use on trusted networks.
2026-09-09 21:45:25,500 ERROR fastapi: Form data requires "python-multipart" to be installed. 
You can install "python-multipart" with: 

pip install python-multipart

2026-09-09 21:45:25,500 WARNING hermes_cli.web_server: Failed to load plugin kanban API routes: Form data requires "python-multipart" to be installed. 
You can install "python-multipart" with: 

pip install python-multipart

2026-09-09 21:45:25,505 WARNING hermes_cli.web_server: Binding to 0.0.0.0 with --insecure — the dashboard has no robust authentication. Only use on trusted networks.
2026-09-09 21:45:31,999 ERROR fastapi: Form data requires "python-multipart" to be installed. 
You can install "python-multipart" with: 

pip install python-multipart

2026-09-09 21:45:31,999 WARNING hermes_cli.web_server: Failed to load plugin kanban API routes: Form data requires "python-multipart" to be installed. 
You can install "python-multipart" with: 

pip install python-multipart

2026-09-09 21:45:32,004 WARNING hermes_cli.web_server: Binding to 0.0.0.0 with --insecure — the dashboard has no robust authentication. Only use on trusted networks.
2026-09-09 21:45:38,531 ERROR fastapi: Form data requires "python-multipart" to be installed. 
You can install "python-multipart" with: 

pip install python-multipart

2026-09-09 21:45:38,531 WARNING hermes_cli.web_server: Failed to load plugin kanban API routes: Form data requires "python-multipart" to be installed. 
You can install "python-multipart" with: 

pip install python-multipart

2026-09-09 21:45:38,536 WARNING hermes_cli.web_server: Binding to 0.0.0.0 with --insecure — the dashboard has no robust authentication. Only use on trusted networks.
2026-09-09 21:45:45,023 ERROR fastapi: Form data requires "python-multipart" to be installed. 
You can install "python-multipart" with: 

pip install python-multipart

2026-09-09 21:45:45,024 WARNING hermes_cli.web_server: Failed to load plugin kanban API routes: Form data requires "python-multipart" to be installed. 
You can install "python-multipart" with: 

pip install python-multipart

2026-09-09 21:45:45,028 WARNING hermes_cli.web_server: Binding to 0.0.0.0 with --insecure — the dashboard has no robust authentication. Only use on trusted networks.
2026-09-09 21:45:51,495 ERROR fastapi: Form data requires "python-multipart" to be installed. 
You can install "python-multipart" with: 

pip install python-multipart

2026-09-09 21:45:51,496 WARNING hermes_cli.web_server: Failed to load plugin kanban API routes: Form data requires "python-multipart" to be installed. 
You can install "python-multipart" with: 

pip install python-multipart

2026-09-09 21:45:51,500 WARNING hermes_cli.web_server: Binding to 0.0.0.0 with --insecure — the dashboard has no robust authentication. Only use on trusted networks.
2026-09-09 21:45:58,053 ERROR fastapi: Form data requires "python-multipart" to be installed. 
You can install "python-multipart" with: 

pip install python-multipart

2026-09-09 21:45:58,053 WARNING hermes_cli.web_server: Failed to load plugin kanban API routes: Form data requires "python-multipart" to be installed. 
You can install "python-multipart" with: 

pip install python-multipart

2026-09-09 21:45:58,058 WARNING hermes_cli.web_server: Binding to 0.0.0.0 with --insecure — the dashboard has no robust authentication. Only use on trusted networks.
2026-09-09 21:46:04,527 ERROR fastapi: Form data requires "python-multipart" to be installed. 
You can install "python-multipart" with: 

pip install python-multipart

2026-09-09 21:46:04,527 WARNING hermes_cli.web_server: Failed to load plugin kanban API routes: Form data requires "python-multipart" to be installed. 
You can install "python-multipart" with: 

pip install python-multipart

2026-09-09 21:46:04,532 WARNING hermes_cli.web_server: Binding to 0.0.0.0 with --insecure — the dashboard has no robust authentication. Only use on trusted networks.
2026-09-09 21:46:11,036 ERROR fastapi: Form data requires "python-multipart" to be installed. 
You can install "python-multipart" with: 

pip install python-multipart

2026-09-09 21:46:11,036 WARNING hermes_cli.web_server: Failed to load plugin kanban API routes: Form data requires "python-multipart" to be installed. 
You can install "python-multipart" with: 

pip install python-multipart

2026-09-09 21:46:11,041 WARNING hermes_cli.web_server: Binding to 0.0.0.0 with --insecure — the dashboard has no robust authentication. Only use on trusted networks.
2026-09-09 21:46:17,489 ERROR fastapi: Form data requires "python-multipart" to be installed. 
You can install "python-multipart" with: 

pip install python-multipart

2026-09-09 21:46:17,489 WARNING hermes_cli.web_server: Failed to load plugin kanban API routes: Form data requires "python-multipart" to be installed. 
You can install "python-multipart" with: 

pip install python-multipart

2026-09-09 21:46:17,494 WARNING hermes_cli.web_server: Binding to 0.0.0.0 with --insecure — the dashboard has no robust authentication. Only use on trusted networks.
2026-09-09 21:46:24,010 ERROR fastapi: Form data requires "python-multipart" to be installed. 
You can install "python-multipart" with: 

pip install python-multipart

2026-09-09 21:46:24,010 WARNING hermes_cli.web_server: Failed to load plugin kanban API routes: Form data requires "python-multipart" to be installed. 
You can install "python-multipart" with: 

pip install python-multipart

2026-09-09 21:46:24,015 WARNING hermes_cli.web_server: Binding to 0.0.0.0 with --insecure — the dashboard has no robust authentication. Only use on trusted networks.
2026-09-09 21:46:30,505 ERROR fastapi: Form data requires "python-multipart" to be installed. 
You can install "python-multipart" with: 

pip install python-multipart

2026-09-09 21:46:30,506 WARNING hermes_cli.web_server: Failed to load plugin kanban API routes: Form data requires "python-multipart" to be installed. 
You can install "python-multipart" with: 

pip install python-multipart

2026-09-09 21:46:30,510 WARNING hermes_cli.web_server: Binding to 0.0.0.0 with --insecure — the dashboard has no robust authentication. Only use on trusted networks.
2026-09-09 21:46:37,050 ERROR fastapi: Form data requires "python-multipart" to be installed. 
You can install "python-multipart" with: 

pip install python-multipart

2026-09-09 21:46:37,050 WARNING hermes_cli.web_server: Failed to load plugin kanban API routes: Form data requires "python-multipart" to be installed. 
You can install "python-multipart" with: 

pip install python-multipart

2026-09-09 21:46:37,055 WARNING hermes_cli.web_server: Binding to 0.0.0.0 with --insecure — the dashboard has no robust authentication. Only use on trusted networks.
2026-09-09 21:46:43,551 ERROR fastapi: Form data requires "python-multipart" to be installed. 
You can install "python-multipart" with: 

pip install python-multipart

2026-09-09 21:46:43,551 WARNING hermes_cli.web_server: Failed to load plugin kanban API routes: Form data requires "python-multipart" to be installed. 
You can install "python-multipart" with: 

pip install python-multipart

2026-09-09 21:46:43,556 WARNING hermes_cli.web_server: Binding to 0.0.0.0 with --insecure — the dashboard has no robust authentication. Only use on trusted networks.
2026-09-09 21:46:50,002 ERROR fastapi: Form data requires "python-multipart" to be installed. 
You can install "python-multipart" with: 

pip install python-multipart

2026-09-09 21:46:50,002 WARNING hermes_cli.web_server: Failed to load plugin kanban API routes: Form data requires "python-multipart" to be installed. 
You can install "python-multipart" with: 

pip install python-multipart

2026-09-09 21:46:50,007 WARNING hermes_cli.web_server: Binding to 0.0.0.0 with --insecure — the dashboard has no robust authentication. Only use on trusted networks.
2026-09-09 21:46:56,496 ERROR fastapi: Form data requires "python-multipart" to be installed. 
You can install "python-multipart" with: 

pip install python-multipart

2026-09-09 21:46:56,497 WARNING hermes_cli.web_server: Failed to load plugin kanban API routes: Form data requires "python-multipart" to be installed. 
You can install "python-multipart" with: 

pip install python-multipart

2026-09-09 21:46:56,501 WARNING hermes_cli.web_server: Binding to 0.0.0.0 with --insecure — the dashboard has no robust authentication. Only use on trusted networks.
2026-09-09 21:47:03,092 ERROR fastapi: Form data requires "python-multipart" to be installed. 
You can install "python-multipart" with: 

pip install python-multipart

2026-09-09 21:47:03,092 WARNING hermes_cli.web_server: Failed to load plugin kanban API routes: Form data requires "python-multipart" to be installed. 
You can install "python-multipart" with: 

pip install python-multipart

2026-09-09 21:47:03,097 WARNING hermes_cli.web_server: Binding to 0.0.0.0 with --insecure — the dashboard has no robust authentication. Only use on trusted networks.
2026-09-09 21:47:09,518 ERROR fastapi: Form data requires "python-multipart" to be installed. 
You can install "python-multipart" with: 

pip install python-multipart

2026-09-09 21:47:09,518 WARNING hermes_cli.web_server: Failed to load plugin kanban API routes: Form data requires "python-multipart" to be installed. 
You can install "python-multipart" with: 

pip install python-multipart

2026-09-09 21:47:09,523 WARNING hermes_cli.web_server: Binding to 0.0.0.0 with --insecure — the dashboard has no robust authentication. Only use on trusted networks.
2026-09-09 21:47:16,038 ERROR fastapi: Form data requires "python-multipart" to be installed. 
You can install "python-multipart" with: 

pip install python-multipart

2026-09-09 21:47:16,038 WARNING hermes_cli.web_server: Failed to load plugin kanban API routes: Form data requires "python-multipart" to be installed. 
You can install "python-multipart" with: 

pip install python-multipart

2026-09-09 21:47:16,043 WARNING hermes_cli.web_server: Binding to 0.0.0.0 with --insecure — the dashboard has no robust authentication. Only use on trusted networks.
2026-09-09 21:47:22,550 ERROR fastapi: Form data requires "python-multipart" to be installed. 
You can install "python-multipart" with: 

pip install python-multipart

2026-09-09 21:47:22,550 WARNING hermes_cli.web_server: Failed to load plugin kanban API routes: Form data requires "python-multipart" to be installed. 
You can install "python-multipart" with: 

pip install python-multipart

2026-09-09 21:47:22,556 WARNING hermes_cli.web_server: Binding to 0.0.0.0 with --insecure — the dashboard has no robust authentication. Only use on trusted networks.
2026-09-09 21:47:25,090 WARNING gateway.run: Shutdown context: signal=SIGTERM under_systemd=yes parent_pid=1 parent_name=systemd loadavg_1m=0.22 parent_cmdline='/usr/lib/systemd/systemd --system --deserialize=75 vultr'
2026-09-09 21:52:27,119 WARNING gateway.run: Shutdown context: signal=SIGTERM under_systemd=yes parent_pid=109079 parent_name=systemd loadavg_1m=0.00 parent_cmdline='/usr/lib/systemd/systemd --user'
2026-09-09 21:52:27,338 ERROR fastapi: Form data requires "python-multipart" to be installed. 
You can install "python-multipart" with: 

pip install python-multipart

2026-09-09 21:52:27,338 WARNING hermes_cli.web_server: Failed to load plugin kanban API routes: Form data requires "python-multipart" to be installed. 
You can install "python-multipart" with: 

pip install python-multipart

2026-09-09 21:52:27,343 WARNING hermes_cli.web_server: Binding to 0.0.0.0 with --insecure — the dashboard has no robust authentication. Only use on trusted networks.
2026-09-09 21:52:33,745 ERROR fastapi: Form data requires "python-multipart" to be installed. 
You can install "python-multipart" with: 

pip install python-multipart

2026-09-09 21:52:33,745 WARNING hermes_cli.web_server: Failed to load plugin kanban API routes: Form data requires "python-multipart" to be installed. 
You can install "python-multipart" with: 

pip install python-multipart

2026-09-09 21:52:33,750 WARNING hermes_cli.web_server: Binding to 0.0.0.0 with --insecure — the dashboard has no robust authentication. Only use on trusted networks.
2026-09-09 21:52:40,309 ERROR fastapi: Form data requires "python-multipart" to be installed. 
You can install "python-multipart" with: 

pip install python-multipart

2026-09-09 21:52:40,309 WARNING hermes_cli.web_server: Failed to load plugin kanban API routes: Form data requires "python-multipart" to be installed. 
You can install "python-multipart" with: 

pip install python-multipart

2026-09-09 21:52:40,314 WARNING hermes_cli.web_server: Binding to 0.0.0.0 with --insecure — the dashboard has no robust authentication. Only use on trusted networks.
2026-09-09 21:52:46,805 ERROR fastapi: Form data requires "python-multipart" to be installed. 
You can install "python-multipart" with: 

pip install python-multipart

2026-09-09 21:52:46,805 WARNING hermes_cli.web_server: Failed to load plugin kanban API routes: Form data requires "python-multipart" to be installed. 
You can install "python-multipart" with: 

pip install python-multipart

2026-09-09 21:52:46,810 WARNING hermes_cli.web_server: Binding to 0.0.0.0 with --insecure — the dashboard has no robust authentication. Only use on trusted networks.
2026-09-09 21:52:53,255 ERROR fastapi: Form data requires "python-multipart" to be installed. 
You can install "python-multipart" with: 

pip install python-multipart

2026-09-09 21:52:53,255 WARNING hermes_cli.web_server: Failed to load plugin kanban API routes: Form data requires "python-multipart" to be installed. 
You can install "python-multipart" with: 

pip install python-multipart

2026-09-09 21:52:53,260 WARNING hermes_cli.web_server: Binding to 0.0.0.0 with --insecure — the dashboard has no robust authentication. Only use on trusted networks.
2026-09-09 21:52:59,781 ERROR fastapi: Form data requires "python-multipart" to be installed. 
You can install "python-multipart" with: 

pip install python-multipart

2026-09-09 21:52:59,781 WARNING hermes_cli.web_server: Failed to load plugin kanban API routes: Form data requires "python-multipart" to be installed. 
You can install "python-multipart" with: 

pip install python-multipart

2026-09-09 21:52:59,786 WARNING hermes_cli.web_server: Binding to 0.0.0.0 with --insecure — the dashboard has no robust authentication. Only use on trusted networks.
2026-09-09 21:53:06,251 ERROR fastapi: Form data requires "python-multipart" to be installed. 
You can install "python-multipart" with: 

pip install python-multipart

2026-09-09 21:53:06,251 WARNING hermes_cli.web_server: Failed to load plugin kanban API routes: Form data requires "python-multipart" to be installed. 
You can install "python-multipart" with: 

pip install python-multipart

2026-09-09 21:53:06,255 WARNING hermes_cli.web_server: Binding to 0.0.0.0 with --insecure — the dashboard has no robust authentication. Only use on trusted networks.
2026-09-09 21:53:12,804 ERROR fastapi: Form data requires "python-multipart" to be installed. 
You can install "python-multipart" with: 

pip install python-multipart

2026-09-09 21:53:12,804 WARNING hermes_cli.web_server: Failed to load plugin kanban API routes: Form data requires "python-multipart" to be installed. 
You can install "python-multipart" with: 

pip install python-multipart

2026-09-09 21:53:12,809 WARNING hermes_cli.web_server: Binding to 0.0.0.0 with --insecure — the dashboard has no robust authentication. Only use on trusted networks.
2026-09-09 21:53:19,274 ERROR fastapi: Form data requires "python-multipart" to be installed. 
You can install "python-multipart" with: 

pip install python-multipart

2026-09-09 21:53:19,274 WARNING hermes_cli.web_server: Failed to load plugin kanban API routes: Form data requires "python-multipart" to be installed. 
You can install "python-multipart" with: 

pip install python-multipart

2026-09-09 21:53:19,279 WARNING hermes_cli.web_server: Binding to 0.0.0.0 with --insecure — the dashboard has no robust authentication. Only use on trusted networks.
2026-09-09 21:53:25,764 ERROR fastapi: Form data requires "python-multipart" to be installed. 
You can install "python-multipart" with: 

pip install python-multipart

2026-09-09 21:53:25,764 WARNING hermes_cli.web_server: Failed to load plugin kanban API routes: Form data requires "python-multipart" to be installed. 
You can install "python-multipart" with: 

pip install python-multipart

2026-09-09 21:53:25,769 WARNING hermes_cli.web_server: Binding to 0.0.0.0 with --insecure — the dashboard has no robust authentication. Only use on trusted networks.
2026-09-09 21:53:32,266 ERROR fastapi: Form data requires "python-multipart" to be installed. 
You can install "python-multipart" with: 

pip install python-multipart

2026-09-09 21:53:32,266 WARNING hermes_cli.web_server: Failed to load plugin kanban API routes: Form data requires "python-multipart" to be installed. 
You can install "python-multipart" with: 

pip install python-multipart

2026-09-09 21:53:32,271 WARNING hermes_cli.web_server: Binding to 0.0.0.0 with --insecure — the dashboard has no robust authentication. Only use on trusted networks.
2026-09-09 21:53:38,754 ERROR fastapi: Form data requires "python-multipart" to be installed. 
You can install "python-multipart" with: 

pip install python-multipart

2026-09-09 21:53:38,754 WARNING hermes_cli.web_server: Failed to load plugin kanban API routes: Form data requires "python-multipart" to be installed. 
You can install "python-multipart" with: 

pip install python-multipart

2026-09-09 21:53:38,759 WARNING hermes_cli.web_server: Binding to 0.0.0.0 with --insecure — the dashboard has no robust authentication. Only use on trusted networks.
2026-09-09 21:53:45,226 ERROR fastapi: Form data requires "python-multipart" to be installed. 
You can install "python-multipart" with: 

pip install python-multipart

2026-09-09 21:53:45,226 WARNING hermes_cli.web_server: Failed to load plugin kanban API routes: Form data requires "python-multipart" to be installed. 
You can install "python-multipart" with: 

pip install python-multipart

2026-09-09 21:53:45,231 WARNING hermes_cli.web_server: Binding to 0.0.0.0 with --insecure — the dashboard has no robust authentication. Only use on trusted networks.
2026-09-09 21:53:51,745 ERROR fastapi: Form data requires "python-multipart" to be installed. 
You can install "python-multipart" with: 

pip install python-multipart

2026-09-09 21:53:51,745 WARNING hermes_cli.web_server: Failed to load plugin kanban API routes: Form data requires "python-multipart" to be installed. 
You can install "python-multipart" with: 

pip install python-multipart

2026-09-09 21:53:51,750 WARNING hermes_cli.web_server: Binding to 0.0.0.0 with --insecure — the dashboard has no robust authentication. Only use on trusted networks.
2026-09-09 21:53:58,247 ERROR fastapi: Form data requires "python-multipart" to be installed. 
You can install "python-multipart" with: 

pip install python-multipart

2026-09-09 21:53:58,248 WARNING hermes_cli.web_server: Failed to load plugin kanban API routes: Form data requires "python-multipart" to be installed. 
You can install "python-multipart" with: 

pip install python-multipart

2026-09-09 21:53:58,252 WARNING hermes_cli.web_server: Binding to 0.0.0.0 with --insecure — the dashboard has no robust authentication. Only use on trusted networks.
2026-09-09 21:54:04,761 ERROR fastapi: Form data requires "python-multipart" to be installed. 
You can install "python-multipart" with: 

pip install python-multipart

2026-09-09 21:54:04,761 WARNING hermes_cli.web_server: Failed to load plugin kanban API routes: Form data requires "python-multipart" to be installed. 
You can install "python-multipart" with: 

pip install python-multipart

2026-09-09 21:54:04,766 WARNING hermes_cli.web_server: Binding to 0.0.0.0 with --insecure — the dashboard has no robust authentication. Only use on trusted networks.
2026-09-09 21:54:11,276 ERROR fastapi: Form data requires "python-multipart" to be installed. 
You can install "python-multipart" with: 

pip install python-multipart

2026-09-09 21:54:11,276 WARNING hermes_cli.web_server: Failed to load plugin kanban API routes: Form data requires "python-multipart" to be installed. 
You can install "python-multipart" with: 

pip install python-multipart

2026-09-09 21:54:11,280 WARNING hermes_cli.web_server: Binding to 0.0.0.0 with --insecure — the dashboard has no robust authentication. Only use on trusted networks.
2026-09-09 21:54:17,756 ERROR fastapi: Form data requires "python-multipart" to be installed. 
You can install "python-multipart" with: 

pip install python-multipart

2026-09-09 21:54:17,756 WARNING hermes_cli.web_server: Failed to load plugin kanban API routes: Form data requires "python-multipart" to be installed. 
You can install "python-multipart" with: 

pip install python-multipart

2026-09-09 21:54:17,761 WARNING hermes_cli.web_server: Binding to 0.0.0.0 with --insecure — the dashboard has no robust authentication. Only use on trusted networks.
2026-09-09 21:54:24,231 ERROR fastapi: Form data requires "python-multipart" to be installed. 
You can install "python-multipart" with: 

pip install python-multipart

2026-09-09 21:54:24,232 WARNING hermes_cli.web_server: Failed to load plugin kanban API routes: Form data requires "python-multipart" to be installed. 
You can install "python-multipart" with: 

pip install python-multipart

2026-09-09 21:54:24,236 WARNING hermes_cli.web_server: Binding to 0.0.0.0 with --insecure — the dashboard has no robust authentication. Only use on trusted networks.
2026-09-09 21:54:30,780 ERROR fastapi: Form data requires "python-multipart" to be installed. 
You can install "python-multipart" with: 

pip install python-multipart

2026-09-09 21:54:30,780 WARNING hermes_cli.web_server: Failed to load plugin kanban API routes: Form data requires "python-multipart" to be installed. 
You can install "python-multipart" with: 

pip install python-multipart

2026-09-09 21:54:30,785 WARNING hermes_cli.web_server: Binding to 0.0.0.0 with --insecure — the dashboard has no robust authentication. Only use on trusted networks.
2026-09-09 21:54:37,230 ERROR fastapi: Form data requires "python-multipart" to be installed. 
You can install "python-multipart" with: 

pip install python-multipart

2026-09-09 21:54:37,231 WARNING hermes_cli.web_server: Failed to load plugin kanban API routes: Form data requires "python-multipart" to be installed. 
You can install "python-multipart" with: 

pip install python-multipart

2026-09-09 21:54:37,235 WARNING hermes_cli.web_server: Binding to 0.0.0.0 with --insecure — the dashboard has no robust authentication. Only use on trusted networks.
2026-09-09 21:54:43,817 ERROR fastapi: Form data requires "python-multipart" to be installed. 
You can install "python-multipart" with: 

pip install python-multipart

2026-09-09 21:54:43,817 WARNING hermes_cli.web_server: Failed to load plugin kanban API routes: Form data requires "python-multipart" to be installed. 
You can install "python-multipart" with: 

pip install python-multipart

2026-09-09 21:54:43,823 WARNING hermes_cli.web_server: Binding to 0.0.0.0 with --insecure — the dashboard has no robust authentication. Only use on trusted networks.
2026-09-09 21:54:50,252 ERROR fastapi: Form data requires "python-multipart" to be installed. 
You can install "python-multipart" with: 

pip install python-multipart

2026-09-09 21:54:50,253 WARNING hermes_cli.web_server: Failed to load plugin kanban API routes: Form data requires "python-multipart" to be installed. 
You can install "python-multipart" with: 

pip install python-multipart

2026-09-09 21:54:50,258 WARNING hermes_cli.web_server: Binding to 0.0.0.0 with --insecure — the dashboard has no robust authentication. Only use on trusted networks.
2026-09-09 21:54:56,751 ERROR fastapi: Form data requires "python-multipart" to be installed. 
You can install "python-multipart" with: 

pip install python-multipart

2026-09-09 21:54:56,751 WARNING hermes_cli.web_server: Failed to load plugin kanban API routes: Form data requires "python-multipart" to be installed. 
You can install "python-multipart" with: 

pip install python-multipart

2026-09-09 21:54:56,756 WARNING hermes_cli.web_server: Binding to 0.0.0.0 with --insecure — the dashboard has no robust authentication. Only use on trusted networks.
2026-09-09 21:55:03,257 ERROR fastapi: Form data requires "python-multipart" to be installed. 
You can install "python-multipart" with: 

pip install python-multipart

2026-09-09 21:55:03,257 WARNING hermes_cli.web_server: Failed to load plugin kanban API routes: Form data requires "python-multipart" to be installed. 
You can install "python-multipart" with: 

pip install python-multipart

2026-09-09 21:55:03,262 WARNING hermes_cli.web_server: Binding to 0.0.0.0 with --insecure — the dashboard has no robust authentication. Only use on trusted networks.
2026-09-09 21:55:09,818 ERROR fastapi: Form data requires "python-multipart" to be installed. 
You can install "python-multipart" with: 

pip install python-multipart

2026-09-09 21:55:09,818 WARNING hermes_cli.web_server: Failed to load plugin kanban API routes: Form data requires "python-multipart" to be installed. 
You can install "python-multipart" with: 

pip install python-multipart

2026-09-09 21:55:09,824 WARNING hermes_cli.web_server: Binding to 0.0.0.0 with --insecure — the dashboard has no robust authentication. Only use on trusted networks.
2026-09-09 21:55:16,255 ERROR fastapi: Form data requires "python-multipart" to be installed. 
You can install "python-multipart" with: 

pip install python-multipart

2026-09-09 21:55:16,255 WARNING hermes_cli.web_server: Failed to load plugin kanban API routes: Form data requires "python-multipart" to be installed. 
You can install "python-multipart" with: 

pip install python-multipart

2026-09-09 21:55:16,260 WARNING hermes_cli.web_server: Binding to 0.0.0.0 with --insecure — the dashboard has no robust authentication. Only use on trusted networks.
2026-09-09 21:55:22,815 ERROR fastapi: Form data requires "python-multipart" to be installed. 
You can install "python-multipart" with: 

pip install python-multipart

2026-09-09 21:55:22,815 WARNING hermes_cli.web_server: Failed to load plugin kanban API routes: Form data requires "python-multipart" to be installed. 
You can install "python-multipart" with: 

pip install python-multipart

2026-09-09 21:55:22,820 WARNING hermes_cli.web_server: Binding to 0.0.0.0 with --insecure — the dashboard has no robust authentication. Only use on trusted networks.
2026-09-09 21:55:29,238 ERROR fastapi: Form data requires "python-multipart" to be installed. 
You can install "python-multipart" with: 

pip install python-multipart

2026-09-09 21:55:29,238 WARNING hermes_cli.web_server: Failed to load plugin kanban API routes: Form data requires "python-multipart" to be installed. 
You can install "python-multipart" with: 

pip install python-multipart

2026-09-09 21:55:29,243 WARNING hermes_cli.web_server: Binding to 0.0.0.0 with --insecure — the dashboard has no robust authentication. Only use on trusted networks.
2026-09-09 21:55:35,805 ERROR fastapi: Form data requires "python-multipart" to be installed. 
You can install "python-multipart" with: 

pip install python-multipart

2026-09-09 21:55:35,805 WARNING hermes_cli.web_server: Failed to load plugin kanban API routes: Form data requires "python-multipart" to be installed. 
You can install "python-multipart" with: 

pip install python-multipart

2026-09-09 21:55:35,810 WARNING hermes_cli.web_server: Binding to 0.0.0.0 with --insecure — the dashboard has no robust authentication. Only use on trusted networks.
2026-09-09 21:55:42,318 ERROR fastapi: Form data requires "python-multipart" to be installed. 
You can install "python-multipart" with: 

pip install python-multipart

2026-09-09 21:55:42,318 WARNING hermes_cli.web_server: Failed to load plugin kanban API routes: Form data requires "python-multipart" to be installed. 
You can install "python-multipart" with: 

pip install python-multipart

2026-09-09 21:55:42,323 WARNING hermes_cli.web_server: Binding to 0.0.0.0 with --insecure — the dashboard has no robust authentication. Only use on trusted networks.
2026-09-09 21:55:48,762 ERROR fastapi: Form data requires "python-multipart" to be installed. 
You can install "python-multipart" with: 

pip install python-multipart

2026-09-09 21:55:48,762 WARNING hermes_cli.web_server: Failed to load plugin kanban API routes: Form data requires "python-multipart" to be installed. 
You can install "python-multipart" with: 

pip install python-multipart

2026-09-09 21:55:48,767 WARNING hermes_cli.web_server: Binding to 0.0.0.0 with --insecure — the dashboard has no robust authentication. Only use on trusted networks.
2026-09-09 21:55:55,272 ERROR fastapi: Form data requires "python-multipart" to be installed. 
You can install "python-multipart" with: 

pip install python-multipart

2026-09-09 21:55:55,272 WARNING hermes_cli.web_server: Failed to load plugin kanban API routes: Form data requires "python-multipart" to be installed. 
You can install "python-multipart" with: 

pip install python-multipart

2026-09-09 21:55:55,277 WARNING hermes_cli.web_server: Binding to 0.0.0.0 with --insecure — the dashboard has no robust authentication. Only use on trusted networks.
2026-09-09 21:56:01,745 ERROR fastapi: Form data requires "python-multipart" to be installed. 
You can install "python-multipart" with: 

pip install python-multipart

2026-09-09 21:56:01,745 WARNING hermes_cli.web_server: Failed to load plugin kanban API routes: Form data requires "python-multipart" to be installed. 
You can install "python-multipart" with: 

pip install python-multipart

2026-09-09 21:56:01,750 WARNING hermes_cli.web_server: Binding to 0.0.0.0 with --insecure — the dashboard has no robust authentication. Only use on trusted networks.
2026-09-09 21:56:08,242 ERROR fastapi: Form data requires "python-multipart" to be installed. 
You can install "python-multipart" with: 

pip install python-multipart

2026-09-09 21:56:08,242 WARNING hermes_cli.web_server: Failed to load plugin kanban API routes: Form data requires "python-multipart" to be installed. 
You can install "python-multipart" with: 

pip install python-multipart

2026-09-09 21:56:08,247 WARNING hermes_cli.web_server: Binding to 0.0.0.0 with --insecure — the dashboard has no robust authentication. Only use on trusted networks.
2026-09-09 21:56:14,740 ERROR fastapi: Form data requires "python-multipart" to be installed. 
You can install "python-multipart" with: 

pip install python-multipart

2026-09-09 21:56:14,741 WARNING hermes_cli.web_server: Failed to load plugin kanban API routes: Form data requires "python-multipart" to be installed. 
You can install "python-multipart" with: 

pip install python-multipart

2026-09-09 21:56:14,746 WARNING hermes_cli.web_server: Binding to 0.0.0.0 with --insecure — the dashboard has no robust authentication. Only use on trusted networks.
2026-09-09 21:56:21,263 ERROR fastapi: Form data requires "python-multipart" to be installed. 
You can install "python-multipart" with: 

pip install python-multipart

2026-09-09 21:56:21,263 WARNING hermes_cli.web_server: Failed to load plugin kanban API routes: Form data requires "python-multipart" to be installed. 
You can install "python-multipart" with: 

pip install python-multipart

2026-09-09 21:56:21,268 WARNING hermes_cli.web_server: Binding to 0.0.0.0 with --insecure — the dashboard has no robust authentication. Only use on trusted networks.
2026-09-09 21:56:27,739 ERROR fastapi: Form data requires "python-multipart" to be installed. 
You can install "python-multipart" with: 

pip install python-multipart

2026-09-09 21:56:27,739 WARNING hermes_cli.web_server: Failed to load plugin kanban API routes: Form data requires "python-multipart" to be installed. 
You can install "python-multipart" with: 

pip install python-multipart

2026-09-09 21:56:27,744 WARNING hermes_cli.web_server: Binding to 0.0.0.0 with --insecure — the dashboard has no robust authentication. Only use on trusted networks.
2026-09-09 21:56:34,253 ERROR fastapi: Form data requires "python-multipart" to be installed. 
You can install "python-multipart" with: 

pip install python-multipart

2026-09-09 21:56:34,253 WARNING hermes_cli.web_server: Failed to load plugin kanban API routes: Form data requires "python-multipart" to be installed. 
You can install "python-multipart" with: 

pip install python-multipart

2026-09-09 21:56:34,260 WARNING hermes_cli.web_server: Binding to 0.0.0.0 with --insecure — the dashboard has no robust authentication. Only use on trusted networks.
2026-09-09 21:56:40,724 ERROR fastapi: Form data requires "python-multipart" to be installed. 
You can install "python-multipart" with: 

pip install python-multipart

2026-09-09 21:56:40,724 WARNING hermes_cli.web_server: Failed to load plugin kanban API routes: Form data requires "python-multipart" to be installed. 
You can install "python-multipart" with: 

pip install python-multipart

2026-09-09 21:56:40,729 WARNING hermes_cli.web_server: Binding to 0.0.0.0 with --insecure — the dashboard has no robust authentication. Only use on trusted networks.
2026-09-09 21:56:47,279 ERROR fastapi: Form data requires "python-multipart" to be installed. 
You can install "python-multipart" with: 

pip install python-multipart

2026-09-09 21:56:47,279 WARNING hermes_cli.web_server: Failed to load plugin kanban API routes: Form data requires "python-multipart" to be installed. 
You can install "python-multipart" with: 

pip install python-multipart

2026-09-09 21:56:47,284 WARNING hermes_cli.web_server: Binding to 0.0.0.0 with --insecure — the dashboard has no robust authentication. Only use on trusted networks.
2026-09-09 21:56:53,778 ERROR fastapi: Form data requires "python-multipart" to be installed. 
You can install "python-multipart" with: 

pip install python-multipart

2026-09-09 21:56:53,778 WARNING hermes_cli.web_server: Failed to load plugin kanban API routes: Form data requires "python-multipart" to be installed. 
You can install "python-multipart" with: 

pip install python-multipart

2026-09-09 21:56:53,784 WARNING hermes_cli.web_server: Binding to 0.0.0.0 with --insecure — the dashboard has no robust authentication. Only use on trusted networks.
2026-09-09 21:57:00,288 ERROR fastapi: Form data requires "python-multipart" to be installed. 
You can install "python-multipart" with: 

pip install python-multipart

2026-09-09 21:57:00,288 WARNING hermes_cli.web_server: Failed to load plugin kanban API routes: Form data requires "python-multipart" to be installed. 
You can install "python-multipart" with: 

pip install python-multipart

2026-09-09 21:57:00,293 WARNING hermes_cli.web_server: Binding to 0.0.0.0 with --insecure — the dashboard has no robust authentication. Only use on trusted networks.
2026-09-09 21:57:06,757 ERROR fastapi: Form data requires "python-multipart" to be installed. 
You can install "python-multipart" with: 

pip install python-multipart

2026-09-09 21:57:06,757 WARNING hermes_cli.web_server: Failed to load plugin kanban API routes: Form data requires "python-multipart" to be installed. 
You can install "python-multipart" with: 

pip install python-multipart

2026-09-09 21:57:06,762 WARNING hermes_cli.web_server: Binding to 0.0.0.0 with --insecure — the dashboard has no robust authentication. Only use on trusted networks.
2026-09-09 21:57:13,247 ERROR fastapi: Form data requires "python-multipart" to be installed. 
You can install "python-multipart" with: 

pip install python-multipart

2026-09-09 21:57:13,248 WARNING hermes_cli.web_server: Failed to load plugin kanban API routes: Form data requires "python-multipart" to be installed. 
You can install "python-multipart" with: 

pip install python-multipart

2026-09-09 21:57:13,253 WARNING hermes_cli.web_server: Binding to 0.0.0.0 with --insecure — the dashboard has no robust authentication. Only use on trusted networks.
2026-09-09 21:57:19,744 ERROR fastapi: Form data requires "python-multipart" to be installed. 
You can install "python-multipart" with: 

pip install python-multipart

2026-09-09 21:57:19,744 WARNING hermes_cli.web_server: Failed to load plugin kanban API routes: Form data requires "python-multipart" to be installed. 
You can install "python-multipart" with: 

pip install python-multipart

2026-09-09 21:57:19,749 WARNING hermes_cli.web_server: Binding to 0.0.0.0 with --insecure — the dashboard has no robust authentication. Only use on trusted networks.
2026-09-09 21:57:26,261 ERROR fastapi: Form data requires "python-multipart" to be installed. 
You can install "python-multipart" with: 

pip install python-multipart

2026-09-09 21:57:26,262 WARNING hermes_cli.web_server: Failed to load plugin kanban API routes: Form data requires "python-multipart" to be installed. 
You can install "python-multipart" with: 

pip install python-multipart

2026-09-09 21:57:26,267 WARNING hermes_cli.web_server: Binding to 0.0.0.0 with --insecure — the dashboard has no robust authentication. Only use on trusted networks.
2026-09-09 21:57:29,378 WARNING gateway.run: Shutdown context: signal=SIGTERM under_systemd=yes parent_pid=1 parent_name=systemd loadavg_1m=0.29 parent_cmdline='/usr/lib/systemd/systemd --system --deserialize=75 vultr'
2026-09-09 22:02:31,340 WARNING gateway.run: Shutdown context: signal=SIGTERM under_systemd=yes parent_pid=109079 parent_name=systemd loadavg_1m=0.00 parent_cmdline='/usr/lib/systemd/systemd --user'
2026-09-09 22:02:31,545 ERROR fastapi: Form data requires "python-multipart" to be installed. 
You can install "python-multipart" with: 

pip install python-multipart

2026-09-09 22:02:31,545 WARNING hermes_cli.web_server: Failed to load plugin kanban API routes: Form data requires "python-multipart" to be installed. 
You can install "python-multipart" with: 

pip install python-multipart

2026-09-09 22:02:31,550 WARNING hermes_cli.web_server: Binding to 0.0.0.0 with --insecure — the dashboard has no robust authentication. Only use on trusted networks.
2026-09-09 22:02:37,974 ERROR fastapi: Form data requires "python-multipart" to be installed. 
You can install "python-multipart" with: 

pip install python-multipart

2026-09-09 22:02:37,974 WARNING hermes_cli.web_server: Failed to load plugin kanban API routes: Form data requires "python-multipart" to be installed. 
You can install "python-multipart" with: 

pip install python-multipart

2026-09-09 22:02:37,979 WARNING hermes_cli.web_server: Binding to 0.0.0.0 with --insecure — the dashboard has no robust authentication. Only use on trusted networks.
2026-09-09 22:02:44,499 ERROR fastapi: Form data requires "python-multipart" to be installed. 
You can install "python-multipart" with: 

pip install python-multipart

2026-09-09 22:02:44,499 WARNING hermes_cli.web_server: Failed to load plugin kanban API routes: Form data requires "python-multipart" to be installed. 
You can install "python-multipart" with: 

pip install python-multipart

2026-09-09 22:02:44,504 WARNING hermes_cli.web_server: Binding to 0.0.0.0 with --insecure — the dashboard has no robust authentication. Only use on trusted networks.
2026-09-09 22:02:51,009 ERROR fastapi: Form data requires "python-multipart" to be installed. 
You can install "python-multipart" with: 

pip install python-multipart

2026-09-09 22:02:51,010 WARNING hermes_cli.web_server: Failed to load plugin kanban API routes: Form data requires "python-multipart" to be installed. 
You can install "python-multipart" with: 

pip install python-multipart

2026-09-09 22:02:51,015 WARNING hermes_cli.web_server: Binding to 0.0.0.0 with --insecure — the dashboard has no robust authentication. Only use on trusted networks.
2026-09-09 22:02:57,525 ERROR fastapi: Form data requires "python-multipart" to be installed. 
You can install "python-multipart" with: 

pip install python-multipart

2026-09-09 22:02:57,525 WARNING hermes_cli.web_server: Failed to load plugin kanban API routes: Form data requires "python-multipart" to be installed. 
You can install "python-multipart" with: 

pip install python-multipart

2026-09-09 22:02:57,531 WARNING hermes_cli.web_server: Binding to 0.0.0.0 with --insecure — the dashboard has no robust authentication. Only use on trusted networks.
2026-09-09 22:03:04,025 ERROR fastapi: Form data requires "python-multipart" to be installed. 
You can install "python-multipart" with: 

pip install python-multipart

2026-09-09 22:03:04,026 WARNING hermes_cli.web_server: Failed to load plugin kanban API routes: Form data requires "python-multipart" to be installed. 
You can install "python-multipart" with: 

pip install python-multipart

2026-09-09 22:03:04,030 WARNING hermes_cli.web_server: Binding to 0.0.0.0 with --insecure — the dashboard has no robust authentication. Only use on trusted networks.
2026-09-09 22:03:10,503 ERROR fastapi: Form data requires "python-multipart" to be installed. 
You can install "python-multipart" with: 

pip install python-multipart

2026-09-09 22:03:10,503 WARNING hermes_cli.web_server: Failed to load plugin kanban API routes: Form data requires "python-multipart" to be installed. 
You can install "python-multipart" with: 

pip install python-multipart

2026-09-09 22:03:10,508 WARNING hermes_cli.web_server: Binding to 0.0.0.0 with --insecure — the dashboard has no robust authentication. Only use on trusted networks.
2026-09-09 22:03:17,003 ERROR fastapi: Form data requires "python-multipart" to be installed. 
You can install "python-multipart" with: 

pip install python-multipart

2026-09-09 22:03:17,003 WARNING hermes_cli.web_server: Failed to load plugin kanban API routes: Form data requires "python-multipart" to be installed. 
You can install "python-multipart" with: 

pip install python-multipart

2026-09-09 22:03:17,008 WARNING hermes_cli.web_server: Binding to 0.0.0.0 with --insecure — the dashboard has no robust authentication. Only use on trusted networks.
2026-09-09 22:03:23,515 ERROR fastapi: Form data requires "python-multipart" to be installed. 
You can install "python-multipart" with: 

pip install python-multipart

2026-09-09 22:03:23,515 WARNING hermes_cli.web_server: Failed to load plugin kanban API routes: Form data requires "python-multipart" to be installed. 
You can install "python-multipart" with: 

pip install python-multipart

2026-09-09 22:03:23,520 WARNING hermes_cli.web_server: Binding to 0.0.0.0 with --insecure — the dashboard has no robust authentication. Only use on trusted networks.
2026-09-09 22:03:29,982 ERROR fastapi: Form data requires "python-multipart" to be installed. 
You can install "python-multipart" with: 

pip install python-multipart

2026-09-09 22:03:29,982 WARNING hermes_cli.web_server: Failed to load plugin kanban API routes: Form data requires "python-multipart" to be installed. 
You can install "python-multipart" with: 

pip install python-multipart

2026-09-09 22:03:29,986 WARNING hermes_cli.web_server: Binding to 0.0.0.0 with --insecure — the dashboard has no robust authentication. Only use on trusted networks.
2026-09-09 22:03:36,506 ERROR fastapi: Form data requires "python-multipart" to be installed. 
You can install "python-multipart" with: 

pip install python-multipart

2026-09-09 22:03:36,506 WARNING hermes_cli.web_server: Failed to load plugin kanban API routes: Form data requires "python-multipart" to be installed. 
You can install "python-multipart" with: 

pip install python-multipart

2026-09-09 22:03:36,512 WARNING hermes_cli.web_server: Binding to 0.0.0.0 with --insecure — the dashboard has no robust authentication. Only use on trusted networks.
2026-09-09 22:03:43,015 ERROR fastapi: Form data requires "python-multipart" to be installed. 
You can install "python-multipart" with: 

pip install python-multipart

2026-09-09 22:03:43,015 WARNING hermes_cli.web_server: Failed to load plugin kanban API routes: Form data requires "python-multipart" to be installed. 
You can install "python-multipart" with: 

pip install python-multipart

2026-09-09 22:03:43,020 WARNING hermes_cli.web_server: Binding to 0.0.0.0 with --insecure — the dashboard has no robust authentication. Only use on trusted networks.
2026-09-09 22:03:49,532 ERROR fastapi: Form data requires "python-multipart" to be installed. 
You can install "python-multipart" with: 

pip install python-multipart

2026-09-09 22:03:49,532 WARNING hermes_cli.web_server: Failed to load plugin kanban API routes: Form data requires "python-multipart" to be installed. 
You can install "python-multipart" with: 

pip install python-multipart

2026-09-09 22:03:49,537 WARNING hermes_cli.web_server: Binding to 0.0.0.0 with --insecure — the dashboard has no robust authentication. Only use on trusted networks.
2026-09-09 22:03:56,024 ERROR fastapi: Form data requires "python-multipart" to be installed. 
You can install "python-multipart" with: 

pip install python-multipart

2026-09-09 22:03:56,024 WARNING hermes_cli.web_server: Failed to load plugin kanban API routes: Form data requires "python-multipart" to be installed. 
You can install "python-multipart" with: 

pip install python-multipart

2026-09-09 22:03:56,029 WARNING hermes_cli.web_server: Binding to 0.0.0.0 with --insecure — the dashboard has no robust authentication. Only use on trusted networks.
2026-09-09 22:04:02,513 ERROR fastapi: Form data requires "python-multipart" to be installed. 
You can install "python-multipart" with: 

pip install python-multipart

2026-09-09 22:04:02,514 WARNING hermes_cli.web_server: Failed to load plugin kanban API routes: Form data requires "python-multipart" to be installed. 
You can install "python-multipart" with: 

pip install python-multipart

2026-09-09 22:04:02,519 WARNING hermes_cli.web_server: Binding to 0.0.0.0 with --insecure — the dashboard has no robust authentication. Only use on trusted networks.
2026-09-09 22:04:09,029 ERROR fastapi: Form data requires "python-multipart" to be installed. 
You can install "python-multipart" with: 

pip install python-multipart

2026-09-09 22:04:09,029 WARNING hermes_cli.web_server: Failed to load plugin kanban API routes: Form data requires "python-multipart" to be installed. 
You can install "python-multipart" with: 

pip install python-multipart

2026-09-09 22:04:09,034 WARNING hermes_cli.web_server: Binding to 0.0.0.0 with --insecure — the dashboard has no robust authentication. Only use on trusted networks.
2026-09-09 22:04:15,537 ERROR fastapi: Form data requires "python-multipart" to be installed. 
You can install "python-multipart" with: 

pip install python-multipart

2026-09-09 22:04:15,537 WARNING hermes_cli.web_server: Failed to load plugin kanban API routes: Form data requires "python-multipart" to be installed. 
You can install "python-multipart" with: 

pip install python-multipart

2026-09-09 22:04:15,542 WARNING hermes_cli.web_server: Binding to 0.0.0.0 with --insecure — the dashboard has no robust authentication. Only use on trusted networks.
2026-09-09 22:04:22,031 ERROR fastapi: Form data requires "python-multipart" to be installed. 
You can install "python-multipart" with: 

pip install python-multipart

2026-09-09 22:04:22,031 WARNING hermes_cli.web_server: Failed to load plugin kanban API routes: Form data requires "python-multipart" to be installed. 
You can install "python-multipart" with: 

pip install python-multipart

2026-09-09 22:04:22,036 WARNING hermes_cli.web_server: Binding to 0.0.0.0 with --insecure — the dashboard has no robust authentication. Only use on trusted networks.
2026-09-09 22:04:28,520 ERROR fastapi: Form data requires "python-multipart" to be installed. 
You can install "python-multipart" with: 

pip install python-multipart

2026-09-09 22:04:28,520 WARNING hermes_cli.web_server: Failed to load plugin kanban API routes: Form data requires "python-multipart" to be installed. 
You can install "python-multipart" with: 

pip install python-multipart

2026-09-09 22:04:28,525 WARNING hermes_cli.web_server: Binding to 0.0.0.0 with --insecure — the dashboard has no robust authentication. Only use on trusted networks.
2026-09-09 22:04:35,014 ERROR fastapi: Form data requires "python-multipart" to be installed. 
You can install "python-multipart" with: 

pip install python-multipart

2026-09-09 22:04:35,015 WARNING hermes_cli.web_server: Failed to load plugin kanban API routes: Form data requires "python-multipart" to be installed. 
You can install "python-multipart" with: 

pip install python-multipart

2026-09-09 22:04:35,019 WARNING hermes_cli.web_server: Binding to 0.0.0.0 with --insecure — the dashboard has no robust authentication. Only use on trusted networks.
2026-09-09 22:04:41,518 ERROR fastapi: Form data requires "python-multipart" to be installed. 
You can install "python-multipart" with: 

pip install python-multipart

2026-09-09 22:04:41,519 WARNING hermes_cli.web_server: Failed to load plugin kanban API routes: Form data requires "python-multipart" to be installed. 
You can install "python-multipart" with: 

pip install python-multipart

2026-09-09 22:04:41,523 WARNING hermes_cli.web_server: Binding to 0.0.0.0 with --insecure — the dashboard has no robust authentication. Only use on trusted networks.
2026-09-09 22:04:48,028 ERROR fastapi: Form data requires "python-multipart" to be installed. 
You can install "python-multipart" with: 

pip install python-multipart

2026-09-09 22:04:48,028 WARNING hermes_cli.web_server: Failed to load plugin kanban API routes: Form data requires "python-multipart" to be installed. 
You can install "python-multipart" with: 

pip install python-multipart

2026-09-09 22:04:48,033 WARNING hermes_cli.web_server: Binding to 0.0.0.0 with --insecure — the dashboard has no robust authentication. Only use on trusted networks.
2026-09-09 22:04:54,495 ERROR fastapi: Form data requires "python-multipart" to be installed. 
You can install "python-multipart" with: 

pip install python-multipart

2026-09-09 22:04:54,495 WARNING hermes_cli.web_server: Failed to load plugin kanban API routes: Form data requires "python-multipart" to be installed. 
You can install "python-multipart" with: 

pip install python-multipart

2026-09-09 22:04:54,500 WARNING hermes_cli.web_server: Binding to 0.0.0.0 with --insecure — the dashboard has no robust authentication. Only use on trusted networks.
2026-09-09 22:05:00,995 ERROR fastapi: Form data requires "python-multipart" to be installed. 
You can install "python-multipart" with: 

pip install python-multipart

2026-09-09 22:05:00,996 WARNING hermes_cli.web_server: Failed to load plugin kanban API routes: Form data requires "python-multipart" to be installed. 
You can install "python-multipart" with: 

pip install python-multipart

2026-09-09 22:05:01,000 WARNING hermes_cli.web_server: Binding to 0.0.0.0 with --insecure — the dashboard has no robust authentication. Only use on trusted networks.
2026-09-09 22:05:07,492 ERROR fastapi: Form data requires "python-multipart" to be installed. 
You can install "python-multipart" with: 

pip install python-multipart

2026-09-09 22:05:07,492 WARNING hermes_cli.web_server: Failed to load plugin kanban API routes: Form data requires "python-multipart" to be installed. 
You can install "python-multipart" with: 

pip install python-multipart

2026-09-09 22:05:07,497 WARNING hermes_cli.web_server: Binding to 0.0.0.0 with --insecure — the dashboard has no robust authentication. Only use on trusted networks.
2026-09-09 22:05:14,052 ERROR fastapi: Form data requires "python-multipart" to be installed. 
You can install "python-multipart" with: 

pip install python-multipart

2026-09-09 22:05:14,052 WARNING hermes_cli.web_server: Failed to load plugin kanban API routes: Form data requires "python-multipart" to be installed. 
You can install "python-multipart" with: 

pip install python-multipart

2026-09-09 22:05:14,057 WARNING hermes_cli.web_server: Binding to 0.0.0.0 with --insecure — the dashboard has no robust authentication. Only use on trusted networks.
2026-09-09 22:05:20,527 ERROR fastapi: Form data requires "python-multipart" to be installed. 
You can install "python-multipart" with: 

pip install python-multipart

2026-09-09 22:05:20,527 WARNING hermes_cli.web_server: Failed to load plugin kanban API routes: Form data requires "python-multipart" to be installed. 
You can install "python-multipart" with: 

pip install python-multipart

2026-09-09 22:05:20,532 WARNING hermes_cli.web_server: Binding to 0.0.0.0 with --insecure — the dashboard has no robust authentication. Only use on trusted networks.
2026-09-09 22:05:27,002 ERROR fastapi: Form data requires "python-multipart" to be installed. 
You can install "python-multipart" with: 

pip install python-multipart

2026-09-09 22:05:27,002 WARNING hermes_cli.web_server: Failed to load plugin kanban API routes: Form data requires "python-multipart" to be installed. 
You can install "python-multipart" with: 

pip install python-multipart

2026-09-09 22:05:27,007 WARNING hermes_cli.web_server: Binding to 0.0.0.0 with --insecure — the dashboard has no robust authentication. Only use on trusted networks.
2026-09-09 22:05:33,486 ERROR fastapi: Form data requires "python-multipart" to be installed. 
You can install "python-multipart" with: 

pip install python-multipart

2026-09-09 22:05:33,486 WARNING hermes_cli.web_server: Failed to load plugin kanban API routes: Form data requires "python-multipart" to be installed. 
You can install "python-multipart" with: 

pip install python-multipart

2026-09-09 22:05:33,491 WARNING hermes_cli.web_server: Binding to 0.0.0.0 with --insecure — the dashboard has no robust authentication. Only use on trusted networks.
2026-09-09 22:05:40,029 ERROR fastapi: Form data requires "python-multipart" to be installed. 
You can install "python-multipart" with: 

pip install python-multipart

2026-09-09 22:05:40,029 WARNING hermes_cli.web_server: Failed to load plugin kanban API routes: Form data requires "python-multipart" to be installed. 
You can install "python-multipart" with: 

pip install python-multipart

2026-09-09 22:05:40,035 WARNING hermes_cli.web_server: Binding to 0.0.0.0 with --insecure — the dashboard has no robust authentication. Only use on trusted networks.
2026-09-09 22:05:46,561 ERROR fastapi: Form data requires "python-multipart" to be installed. 
You can install "python-multipart" with: 

pip install python-multipart

2026-09-09 22:05:46,562 WARNING hermes_cli.web_server: Failed to load plugin kanban API routes: Form data requires "python-multipart" to be installed. 
You can install "python-multipart" with: 

pip install python-multipart

2026-09-09 22:05:46,566 WARNING hermes_cli.web_server: Binding to 0.0.0.0 with --insecure — the dashboard has no robust authentication. Only use on trusted networks.
2026-09-09 22:05:53,023 ERROR fastapi: Form data requires "python-multipart" to be installed. 
You can install "python-multipart" with: 

pip install python-multipart

2026-09-09 22:05:53,024 WARNING hermes_cli.web_server: Failed to load plugin kanban API routes: Form data requires "python-multipart" to be installed. 
You can install "python-multipart" with: 

pip install python-multipart

2026-09-09 22:05:53,028 WARNING hermes_cli.web_server: Binding to 0.0.0.0 with --insecure — the dashboard has no robust authentication. Only use on trusted networks.
2026-09-09 22:05:59,517 ERROR fastapi: Form data requires "python-multipart" to be installed. 
You can install "python-multipart" with: 

pip install python-multipart

2026-09-09 22:05:59,517 WARNING hermes_cli.web_server: Failed to load plugin kanban API routes: Form data requires "python-multipart" to be installed. 
You can install "python-multipart" with: 

pip install python-multipart

2026-09-09 22:05:59,522 WARNING hermes_cli.web_server: Binding to 0.0.0.0 with --insecure — the dashboard has no robust authentication. Only use on trusted networks.
2026-09-09 22:06:06,071 ERROR fastapi: Form data requires "python-multipart" to be installed. 
You can install "python-multipart" with: 

pip install python-multipart

2026-09-09 22:06:06,071 WARNING hermes_cli.web_server: Failed to load plugin kanban API routes: Form data requires "python-multipart" to be installed. 
You can install "python-multipart" with: 

pip install python-multipart

2026-09-09 22:06:06,076 WARNING hermes_cli.web_server: Binding to 0.0.0.0 with --insecure — the dashboard has no robust authentication. Only use on trusted networks.
2026-09-09 22:06:12,526 ERROR fastapi: Form data requires "python-multipart" to be installed. 
You can install "python-multipart" with: 

pip install python-multipart

2026-09-09 22:06:12,526 WARNING hermes_cli.web_server: Failed to load plugin kanban API routes: Form data requires "python-multipart" to be installed. 
You can install "python-multipart" with: 

pip install python-multipart

2026-09-09 22:06:12,531 WARNING hermes_cli.web_server: Binding to 0.0.0.0 with --insecure — the dashboard has no robust authentication. Only use on trusted networks.
2026-09-09 22:06:19,050 ERROR fastapi: Form data requires "python-multipart" to be installed. 
You can install "python-multipart" with: 

pip install python-multipart

2026-09-09 22:06:19,050 WARNING hermes_cli.web_server: Failed to load plugin kanban API routes: Form data requires "python-multipart" to be installed. 
You can install "python-multipart" with: 

pip install python-multipart

2026-09-09 22:06:19,055 WARNING hermes_cli.web_server: Binding to 0.0.0.0 with --insecure — the dashboard has no robust authentication. Only use on trusted networks.
2026-09-09 22:06:25,484 ERROR fastapi: Form data requires "python-multipart" to be installed. 
You can install "python-multipart" with: 

pip install python-multipart

2026-09-09 22:06:25,485 WARNING hermes_cli.web_server: Failed to load plugin kanban API routes: Form data requires "python-multipart" to be installed. 
You can install "python-multipart" with: 

pip install python-multipart

2026-09-09 22:06:25,489 WARNING hermes_cli.web_server: Binding to 0.0.0.0 with --insecure — the dashboard has no robust authentication. Only use on trusted networks.
2026-09-09 22:06:32,039 ERROR fastapi: Form data requires "python-multipart" to be installed. 
You can install "python-multipart" with: 

pip install python-multipart

2026-09-09 22:06:32,039 WARNING hermes_cli.web_server: Failed to load plugin kanban API routes: Form data requires "python-multipart" to be installed. 
You can install "python-multipart" with: 

pip install python-multipart

2026-09-09 22:06:32,044 WARNING hermes_cli.web_server: Binding to 0.0.0.0 with --insecure — the dashboard has no robust authentication. Only use on trusted networks.
2026-09-09 22:06:38,501 ERROR fastapi: Form data requires "python-multipart" to be installed. 
You can install "python-multipart" with: 

pip install python-multipart

2026-09-09 22:06:38,501 WARNING hermes_cli.web_server: Failed to load plugin kanban API routes: Form data requires "python-multipart" to be installed. 
You can install "python-multipart" with: 

pip install python-multipart

2026-09-09 22:06:38,506 WARNING hermes_cli.web_server: Binding to 0.0.0.0 with --insecure — the dashboard has no robust authentication. Only use on trusted networks.
2026-09-09 22:06:45,020 ERROR fastapi: Form data requires "python-multipart" to be installed. 
You can install "python-multipart" with: 

pip install python-multipart

2026-09-09 22:06:45,020 WARNING hermes_cli.web_server: Failed to load plugin kanban API routes: Form data requires "python-multipart" to be installed. 
You can install "python-multipart" with: 

pip install python-multipart

2026-09-09 22:06:45,025 WARNING hermes_cli.web_server: Binding to 0.0.0.0 with --insecure — the dashboard has no robust authentication. Only use on trusted networks.
2026-09-09 22:06:51,516 ERROR fastapi: Form data requires "python-multipart" to be installed. 
You can install "python-multipart" with: 

pip install python-multipart

2026-09-09 22:06:51,516 WARNING hermes_cli.web_server: Failed to load plugin kanban API routes: Form data requires "python-multipart" to be installed. 
You can install "python-multipart" with: 

pip install python-multipart

2026-09-09 22:06:51,521 WARNING hermes_cli.web_server: Binding to 0.0.0.0 with --insecure — the dashboard has no robust authentication. Only use on trusted networks.
2026-09-09 22:06:58,016 ERROR fastapi: Form data requires "python-multipart" to be installed. 
You can install "python-multipart" with: 

pip install python-multipart

2026-09-09 22:06:58,016 WARNING hermes_cli.web_server: Failed to load plugin kanban API routes: Form data requires "python-multipart" to be installed. 
You can install "python-multipart" with: 

pip install python-multipart

2026-09-09 22:06:58,021 WARNING hermes_cli.web_server: Binding to 0.0.0.0 with --insecure — the dashboard has no robust authentication. Only use on trusted networks.
2026-09-09 22:07:04,508 ERROR fastapi: Form data requires "python-multipart" to be installed. 
You can install "python-multipart" with: 

pip install python-multipart

2026-09-09 22:07:04,508 WARNING hermes_cli.web_server: Failed to load plugin kanban API routes: Form data requires "python-multipart" to be installed. 
You can install "python-multipart" with: 

pip install python-multipart

2026-09-09 22:07:04,513 WARNING hermes_cli.web_server: Binding to 0.0.0.0 with --insecure — the dashboard has no robust authentication. Only use on trusted networks.
2026-09-09 22:07:11,035 ERROR fastapi: Form data requires "python-multipart" to be installed. 
You can install "python-multipart" with: 

pip install python-multipart

2026-09-09 22:07:11,035 WARNING hermes_cli.web_server: Failed to load plugin kanban API routes: Form data requires "python-multipart" to be installed. 
You can install "python-multipart" with: 

pip install python-multipart

2026-09-09 22:07:11,041 WARNING hermes_cli.web_server: Binding to 0.0.0.0 with --insecure — the dashboard has no robust authentication. Only use on trusted networks.
2026-09-09 22:07:17,499 ERROR fastapi: Form data requires "python-multipart" to be installed. 
You can install "python-multipart" with: 

pip install python-multipart

2026-09-09 22:07:17,499 WARNING hermes_cli.web_server: Failed to load plugin kanban API routes: Form data requires "python-multipart" to be installed. 
You can install "python-multipart" with: 

pip install python-multipart

2026-09-09 22:07:17,504 WARNING hermes_cli.web_server: Binding to 0.0.0.0 with --insecure — the dashboard has no robust authentication. Only use on trusted networks.
2026-09-09 22:07:24,015 ERROR fastapi: Form data requires "python-multipart" to be installed. 
You can install "python-multipart" with: 

pip install python-multipart

2026-09-09 22:07:24,015 WARNING hermes_cli.web_server: Failed to load plugin kanban API routes: Form data requires "python-multipart" to be installed. 
You can install "python-multipart" with: 

pip install python-multipart

2026-09-09 22:07:24,020 WARNING hermes_cli.web_server: Binding to 0.0.0.0 with --insecure — the dashboard has no robust authentication. Only use on trusted networks.
2026-09-09 22:07:30,517 ERROR fastapi: Form data requires "python-multipart" to be installed. 
You can install "python-multipart" with: 

pip install python-multipart

2026-09-09 22:07:30,517 WARNING hermes_cli.web_server: Failed to load plugin kanban API routes: Form data requires "python-multipart" to be installed. 
You can install "python-multipart" with: 

pip install python-multipart

2026-09-09 22:07:30,522 WARNING hermes_cli.web_server: Binding to 0.0.0.0 with --insecure — the dashboard has no robust authentication. Only use on trusted networks.
2026-09-09 22:07:33,620 WARNING gateway.run: Shutdown context: signal=SIGTERM under_systemd=yes parent_pid=1 parent_name=systemd loadavg_1m=0.28 parent_cmdline='/usr/lib/systemd/systemd --system --deserialize=75 vultr'
2026-09-09 22:07:37,005 ERROR fastapi: Form data requires "python-multipart" to be installed. 
You can install "python-multipart" with: 

pip install python-multipart

2026-09-09 22:07:37,005 WARNING hermes_cli.web_server: Failed to load plugin kanban API routes: Form data requires "python-multipart" to be installed. 
You can install "python-multipart" with: 

pip install python-multipart

2026-09-09 22:07:37,010 WARNING hermes_cli.web_server: Binding to 0.0.0.0 with --insecure — the dashboard has no robust authentication. Only use on trusted networks.
2026-09-09 22:12:38,606 WARNING gateway.run: Shutdown context: signal=SIGTERM under_systemd=yes parent_pid=109079 parent_name=systemd loadavg_1m=0.16 parent_cmdline='/usr/lib/systemd/systemd --user'
2026-09-09 22:12:38,756 ERROR fastapi: Form data requires "python-multipart" to be installed. 
You can install "python-multipart" with: 

pip install python-multipart

2026-09-09 22:12:38,756 WARNING hermes_cli.web_server: Failed to load plugin kanban API routes: Form data requires "python-multipart" to be installed. 
You can install "python-multipart" with: 

pip install python-multipart

2026-09-09 22:12:38,761 WARNING hermes_cli.web_server: Binding to 0.0.0.0 with --insecure — the dashboard has no robust authentication. Only use on trusted networks.
2026-09-09 22:12:45,251 ERROR fastapi: Form data requires "python-multipart" to be installed. 
You can install "python-multipart" with: 

pip install python-multipart

2026-09-09 22:12:45,251 WARNING hermes_cli.web_server: Failed to load plugin kanban API routes: Form data requires "python-multipart" to be installed. 
You can install "python-multipart" with: 

pip install python-multipart

2026-09-09 22:12:45,256 WARNING hermes_cli.web_server: Binding to 0.0.0.0 with --insecure — the dashboard has no robust authentication. Only use on trusted networks.
2026-09-09 22:12:51,757 ERROR fastapi: Form data requires "python-multipart" to be installed. 
You can install "python-multipart" with: 

pip install python-multipart

2026-09-09 22:12:51,757 WARNING hermes_cli.web_server: Failed to load plugin kanban API routes: Form data requires "python-multipart" to be installed. 
You can install "python-multipart" with: 

pip install python-multipart

2026-09-09 22:12:51,762 WARNING hermes_cli.web_server: Binding to 0.0.0.0 with --insecure — the dashboard has no robust authentication. Only use on trusted networks.
2026-09-09 22:12:58,295 ERROR fastapi: Form data requires "python-multipart" to be installed. 
You can install "python-multipart" with: 

pip install python-multipart

2026-09-09 22:12:58,295 WARNING hermes_cli.web_server: Failed to load plugin kanban API routes: Form data requires "python-multipart" to be installed. 
You can install "python-multipart" with: 

pip install python-multipart

2026-09-09 22:12:58,300 WARNING hermes_cli.web_server: Binding to 0.0.0.0 with --insecure — the dashboard has no robust authentication. Only use on trusted networks.
2026-09-09 22:13:04,779 ERROR fastapi: Form data requires "python-multipart" to be installed. 
You can install "python-multipart" with: 

pip install python-multipart

2026-09-09 22:13:04,779 WARNING hermes_cli.web_server: Failed to load plugin kanban API routes: Form data requires "python-multipart" to be installed. 
You can install "python-multipart" with: 

pip install python-multipart

2026-09-09 22:13:04,784 WARNING hermes_cli.web_server: Binding to 0.0.0.0 with --insecure — the dashboard has no robust authentication. Only use on trusted networks.
2026-09-09 22:13:11,242 ERROR fastapi: Form data requires "python-multipart" to be installed. 
You can install "python-multipart" with: 

pip install python-multipart

2026-09-09 22:13:11,243 WARNING hermes_cli.web_server: Failed to load plugin kanban API routes: Form data requires "python-multipart" to be installed. 
You can install "python-multipart" with: 

pip install python-multipart

2026-09-09 22:13:11,248 WARNING hermes_cli.web_server: Binding to 0.0.0.0 with --insecure — the dashboard has no robust authentication. Only use on trusted networks.
2026-09-09 22:13:17,766 ERROR fastapi: Form data requires "python-multipart" to be installed. 
You can install "python-multipart" with: 

pip install python-multipart

2026-09-09 22:13:17,766 WARNING hermes_cli.web_server: Failed to load plugin kanban API routes: Form data requires "python-multipart" to be installed. 
You can install "python-multipart" with: 

pip install python-multipart

2026-09-09 22:13:17,771 WARNING hermes_cli.web_server: Binding to 0.0.0.0 with --insecure — the dashboard has no robust authentication. Only use on trusted networks.
2026-09-09 22:13:24,261 ERROR fastapi: Form data requires "python-multipart" to be installed. 
You can install "python-multipart" with: 

pip install python-multipart

2026-09-09 22:13:24,261 WARNING hermes_cli.web_server: Failed to load plugin kanban API routes: Form data requires "python-multipart" to be installed. 
You can install "python-multipart" with: 

pip install python-multipart

2026-09-09 22:13:24,266 WARNING hermes_cli.web_server: Binding to 0.0.0.0 with --insecure — the dashboard has no robust authentication. Only use on trusted networks.
2026-09-09 22:13:30,786 ERROR fastapi: Form data requires "python-multipart" to be installed. 
You can install "python-multipart" with: 

pip install python-multipart

2026-09-09 22:13:30,786 WARNING hermes_cli.web_server: Failed to load plugin kanban API routes: Form data requires "python-multipart" to be installed. 
You can install "python-multipart" with: 

pip install python-multipart

2026-09-09 22:13:30,791 WARNING hermes_cli.web_server: Binding to 0.0.0.0 with --insecure — the dashboard has no robust authentication. Only use on trusted networks.
2026-09-09 22:13:37,328 ERROR fastapi: Form data requires "python-multipart" to be installed. 
You can install "python-multipart" with: 

pip install python-multipart

2026-09-09 22:13:37,329 WARNING hermes_cli.web_server: Failed to load plugin kanban API routes: Form data requires "python-multipart" to be installed. 
You can install "python-multipart" with: 

pip install python-multipart

2026-09-09 22:13:37,334 WARNING hermes_cli.web_server: Binding to 0.0.0.0 with --insecure — the dashboard has no robust authentication. Only use on trusted networks.
2026-09-09 22:13:43,743 ERROR fastapi: Form data requires "python-multipart" to be installed. 
You can install "python-multipart" with: 

pip install python-multipart

2026-09-09 22:13:43,743 WARNING hermes_cli.web_server: Failed to load plugin kanban API routes: Form data requires "python-multipart" to be installed. 
You can install "python-multipart" with: 

pip install python-multipart

2026-09-09 22:13:43,748 WARNING hermes_cli.web_server: Binding to 0.0.0.0 with --insecure — the dashboard has no robust authentication. Only use on trusted networks.
2026-09-09 22:13:50,269 ERROR fastapi: Form data requires "python-multipart" to be installed. 
You can install "python-multipart" with: 

pip install python-multipart

2026-09-09 22:13:50,269 WARNING hermes_cli.web_server: Failed to load plugin kanban API routes: Form data requires "python-multipart" to be installed. 
You can install "python-multipart" with: 

pip install python-multipart

2026-09-09 22:13:50,274 WARNING hermes_cli.web_server: Binding to 0.0.0.0 with --insecure — the dashboard has no robust authentication. Only use on trusted networks.
2026-09-09 22:13:56,757 ERROR fastapi: Form data requires "python-multipart" to be installed. 
You can install "python-multipart" with: 

pip install python-multipart

2026-09-09 22:13:56,757 WARNING hermes_cli.web_server: Failed to load plugin kanban API routes: Form data requires "python-multipart" to be installed. 
You can install "python-multipart" with: 

pip install python-multipart

2026-09-09 22:13:56,762 WARNING hermes_cli.web_server: Binding to 0.0.0.0 with --insecure — the dashboard has no robust authentication. Only use on trusted networks.
2026-09-09 22:14:03,258 ERROR fastapi: Form data requires "python-multipart" to be installed. 
You can install "python-multipart" with: 

pip install python-multipart

2026-09-09 22:14:03,258 WARNING hermes_cli.web_server: Failed to load plugin kanban API routes: Form data requires "python-multipart" to be installed. 
You can install "python-multipart" with: 

pip install python-multipart

2026-09-09 22:14:03,263 WARNING hermes_cli.web_server: Binding to 0.0.0.0 with --insecure — the dashboard has no robust authentication. Only use on trusted networks.
2026-09-09 22:14:09,758 ERROR fastapi: Form data requires "python-multipart" to be installed. 
You can install "python-multipart" with: 

pip install python-multipart

2026-09-09 22:14:09,758 WARNING hermes_cli.web_server: Failed to load plugin kanban API routes: Form data requires "python-multipart" to be installed. 
You can install "python-multipart" with: 

pip install python-multipart

2026-09-09 22:14:09,763 WARNING hermes_cli.web_server: Binding to 0.0.0.0 with --insecure — the dashboard has no robust authentication. Only use on trusted networks.
2026-09-09 22:14:16,251 ERROR fastapi: Form data requires "python-multipart" to be installed. 
You can install "python-multipart" with: 

pip install python-multipart

2026-09-09 22:14:16,251 WARNING hermes_cli.web_server: Failed to load plugin kanban API routes: Form data requires "python-multipart" to be installed. 
You can install "python-multipart" with: 

pip install python-multipart

2026-09-09 22:14:16,256 WARNING hermes_cli.web_server: Binding to 0.0.0.0 with --insecure — the dashboard has no robust authentication. Only use on trusted networks.
2026-09-09 22:14:22,752 ERROR fastapi: Form data requires "python-multipart" to be installed. 
You can install "python-multipart" with: 

pip install python-multipart

2026-09-09 22:14:22,752 WARNING hermes_cli.web_server: Failed to load plugin kanban API routes: Form data requires "python-multipart" to be installed. 
You can install "python-multipart" with: 

pip install python-multipart

2026-09-09 22:14:22,757 WARNING hermes_cli.web_server: Binding to 0.0.0.0 with --insecure — the dashboard has no robust authentication. Only use on trusted networks.
2026-09-09 22:14:29,260 ERROR fastapi: Form data requires "python-multipart" to be installed. 
You can install "python-multipart" with: 

pip install python-multipart

2026-09-09 22:14:29,260 WARNING hermes_cli.web_server: Failed to load plugin kanban API routes: Form data requires "python-multipart" to be installed. 
You can install "python-multipart" with: 

pip install python-multipart

2026-09-09 22:14:29,265 WARNING hermes_cli.web_server: Binding to 0.0.0.0 with --insecure — the dashboard has no robust authentication. Only use on trusted networks.
2026-09-09 22:14:35,745 ERROR fastapi: Form data requires "python-multipart" to be installed. 
You can install "python-multipart" with: 

pip install python-multipart

2026-09-09 22:14:35,745 WARNING hermes_cli.web_server: Failed to load plugin kanban API routes: Form data requires "python-multipart" to be installed. 
You can install "python-multipart" with: 

pip install python-multipart

2026-09-09 22:14:35,750 WARNING hermes_cli.web_server: Binding to 0.0.0.0 with --insecure — the dashboard has no robust authentication. Only use on trusted networks.
2026-09-09 22:14:42,285 ERROR fastapi: Form data requires "python-multipart" to be installed. 
You can install "python-multipart" with: 

pip install python-multipart

2026-09-09 22:14:42,286 WARNING hermes_cli.web_server: Failed to load plugin kanban API routes: Form data requires "python-multipart" to be installed. 
You can install "python-multipart" with: 

pip install python-multipart

2026-09-09 22:14:42,290 WARNING hermes_cli.web_server: Binding to 0.0.0.0 with --insecure — the dashboard has no robust authentication. Only use on trusted networks.
2026-09-09 22:14:48,786 ERROR fastapi: Form data requires "python-multipart" to be installed. 
You can install "python-multipart" with: 

pip install python-multipart

2026-09-09 22:14:48,787 WARNING hermes_cli.web_server: Failed to load plugin kanban API routes: Form data requires "python-multipart" to be installed. 
You can install "python-multipart" with: 

pip install python-multipart

2026-09-09 22:14:48,791 WARNING hermes_cli.web_server: Binding to 0.0.0.0 with --insecure — the dashboard has no robust authentication. Only use on trusted networks.
2026-09-09 22:14:55,309 ERROR fastapi: Form data requires "python-multipart" to be installed. 
You can install "python-multipart" with: 

pip install python-multipart

2026-09-09 22:14:55,309 WARNING hermes_cli.web_server: Failed to load plugin kanban API routes: Form data requires "python-multipart" to be installed. 
You can install "python-multipart" with: 

pip install python-multipart

2026-09-09 22:14:55,314 WARNING hermes_cli.web_server: Binding to 0.0.0.0 with --insecure — the dashboard has no robust authentication. Only use on trusted networks.
2026-09-09 22:15:01,799 ERROR fastapi: Form data requires "python-multipart" to be installed. 
You can install "python-multipart" with: 

pip install python-multipart

2026-09-09 22:15:01,799 WARNING hermes_cli.web_server: Failed to load plugin kanban API routes: Form data requires "python-multipart" to be installed. 
You can install "python-multipart" with: 

pip install python-multipart

2026-09-09 22:15:01,804 WARNING hermes_cli.web_server: Binding to 0.0.0.0 with --insecure — the dashboard has no robust authentication. Only use on trusted networks.
2026-09-09 22:15:08,305 ERROR fastapi: Form data requires "python-multipart" to be installed. 
You can install "python-multipart" with: 

pip install python-multipart

2026-09-09 22:15:08,306 WARNING hermes_cli.web_server: Failed to load plugin kanban API routes: Form data requires "python-multipart" to be installed. 
You can install "python-multipart" with: 

pip install python-multipart

2026-09-09 22:15:08,310 WARNING hermes_cli.web_server: Binding to 0.0.0.0 with --insecure — the dashboard has no robust authentication. Only use on trusted networks.
2026-09-09 22:15:14,776 ERROR fastapi: Form data requires "python-multipart" to be installed. 
You can install "python-multipart" with: 

pip install python-multipart

2026-09-09 22:15:14,777 WARNING hermes_cli.web_server: Failed to load plugin kanban API routes: Form data requires "python-multipart" to be installed. 
You can install "python-multipart" with: 

pip install python-multipart

2026-09-09 22:15:14,782 WARNING hermes_cli.web_server: Binding to 0.0.0.0 with --insecure — the dashboard has no robust authentication. Only use on trusted networks.
2026-09-09 22:15:21,246 ERROR fastapi: Form data requires "python-multipart" to be installed. 
You can install "python-multipart" with: 

pip install python-multipart

2026-09-09 22:15:21,246 WARNING hermes_cli.web_server: Failed to load plugin kanban API routes: Form data requires "python-multipart" to be installed. 
You can install "python-multipart" with: 

pip install python-multipart

2026-09-09 22:15:21,251 WARNING hermes_cli.web_server: Binding to 0.0.0.0 with --insecure — the dashboard has no robust authentication. Only use on trusted networks.
2026-09-09 22:15:27,789 ERROR fastapi: Form data requires "python-multipart" to be installed. 
You can install "python-multipart" with: 

pip install python-multipart

2026-09-09 22:15:27,789 WARNING hermes_cli.web_server: Failed to load plugin kanban API routes: Form data requires "python-multipart" to be installed. 
You can install "python-multipart" with: 

pip install python-multipart

2026-09-09 22:15:27,796 WARNING hermes_cli.web_server: Binding to 0.0.0.0 with --insecure — the dashboard has no robust authentication. Only use on trusted networks.
2026-09-09 22:15:34,293 ERROR fastapi: Form data requires "python-multipart" to be installed. 
You can install "python-multipart" with: 

pip install python-multipart

2026-09-09 22:15:34,293 WARNING hermes_cli.web_server: Failed to load plugin kanban API routes: Form data requires "python-multipart" to be installed. 
You can install "python-multipart" with: 

pip install python-multipart

2026-09-09 22:15:34,298 WARNING hermes_cli.web_server: Binding to 0.0.0.0 with --insecure — the dashboard has no robust authentication. Only use on trusted networks.
2026-09-09 22:15:40,773 ERROR fastapi: Form data requires "python-multipart" to be installed. 
You can install "python-multipart" with: 

pip install python-multipart

2026-09-09 22:15:40,774 WARNING hermes_cli.web_server: Failed to load plugin kanban API routes: Form data requires "python-multipart" to be installed. 
You can install "python-multipart" with: 

pip install python-multipart

2026-09-09 22:15:40,778 WARNING hermes_cli.web_server: Binding to 0.0.0.0 with --insecure — the dashboard has no robust authentication. Only use on trusted networks.
2026-09-09 22:15:47,281 ERROR fastapi: Form data requires "python-multipart" to be installed. 
You can install "python-multipart" with: 

pip install python-multipart

2026-09-09 22:15:47,281 WARNING hermes_cli.web_server: Failed to load plugin kanban API routes: Form data requires "python-multipart" to be installed. 
You can install "python-multipart" with: 

pip install python-multipart

2026-09-09 22:15:47,286 WARNING hermes_cli.web_server: Binding to 0.0.0.0 with --insecure — the dashboard has no robust authentication. Only use on trusted networks.
2026-09-09 22:15:53,789 ERROR fastapi: Form data requires "python-multipart" to be installed. 
You can install "python-multipart" with: 

pip install python-multipart

2026-09-09 22:15:53,789 WARNING hermes_cli.web_server: Failed to load plugin kanban API routes: Form data requires "python-multipart" to be installed. 
You can install "python-multipart" with: 

pip install python-multipart

2026-09-09 22:15:53,794 WARNING hermes_cli.web_server: Binding to 0.0.0.0 with --insecure — the dashboard has no robust authentication. Only use on trusted networks.
2026-09-09 22:16:00,327 ERROR fastapi: Form data requires "python-multipart" to be installed. 
You can install "python-multipart" with: 

pip install python-multipart

2026-09-09 22:16:00,327 WARNING hermes_cli.web_server: Failed to load plugin kanban API routes: Form data requires "python-multipart" to be installed. 
You can install "python-multipart" with: 

pip install python-multipart

2026-09-09 22:16:00,332 WARNING hermes_cli.web_server: Binding to 0.0.0.0 with --insecure — the dashboard has no robust authentication. Only use on trusted networks.
2026-09-09 22:16:06,751 ERROR fastapi: Form data requires "python-multipart" to be installed. 
You can install "python-multipart" with: 

pip install python-multipart

2026-09-09 22:16:06,752 WARNING hermes_cli.web_server: Failed to load plugin kanban API routes: Form data requires "python-multipart" to be installed. 
You can install "python-multipart" with: 

pip install python-multipart

2026-09-09 22:16:06,756 WARNING hermes_cli.web_server: Binding to 0.0.0.0 with --insecure — the dashboard has no robust authentication. Only use on trusted networks.
2026-09-09 22:16:13,267 ERROR fastapi: Form data requires "python-multipart" to be installed. 
You can install "python-multipart" with: 

pip install python-multipart

2026-09-09 22:16:13,267 WARNING hermes_cli.web_server: Failed to load plugin kanban API routes: Form data requires "python-multipart" to be installed. 
You can install "python-multipart" with: 

pip install python-multipart

2026-09-09 22:16:13,272 WARNING hermes_cli.web_server: Binding to 0.0.0.0 with --insecure — the dashboard has no robust authentication. Only use on trusted networks.
2026-09-09 22:16:19,760 ERROR fastapi: Form data requires "python-multipart" to be installed. 
You can install "python-multipart" with: 

pip install python-multipart

2026-09-09 22:16:19,760 WARNING hermes_cli.web_server: Failed to load plugin kanban API routes: Form data requires "python-multipart" to be installed. 
You can install "python-multipart" with: 

pip install python-multipart

2026-09-09 22:16:19,765 WARNING hermes_cli.web_server: Binding to 0.0.0.0 with --insecure — the dashboard has no robust authentication. Only use on trusted networks.
2026-09-09 22:16:26,328 ERROR fastapi: Form data requires "python-multipart" to be installed. 
You can install "python-multipart" with: 

pip install python-multipart

2026-09-09 22:16:26,329 WARNING hermes_cli.web_server: Failed to load plugin kanban API routes: Form data requires "python-multipart" to be installed. 
You can install "python-multipart" with: 

pip install python-multipart

2026-09-09 22:16:26,333 WARNING hermes_cli.web_server: Binding to 0.0.0.0 with --insecure — the dashboard has no robust authentication. Only use on trusted networks.
2026-09-09 22:16:32,767 ERROR fastapi: Form data requires "python-multipart" to be installed. 
You can install "python-multipart" with: 

pip install python-multipart

2026-09-09 22:16:32,767 WARNING hermes_cli.web_server: Failed to load plugin kanban API routes: Form data requires "python-multipart" to be installed. 
You can install "python-multipart" with: 

pip install python-multipart

2026-09-09 22:16:32,772 WARNING hermes_cli.web_server: Binding to 0.0.0.0 with --insecure — the dashboard has no robust authentication. Only use on trusted networks.
2026-09-09 22:16:39,310 ERROR fastapi: Form data requires "python-multipart" to be installed. 
You can install "python-multipart" with: 

pip install python-multipart

2026-09-09 22:16:39,310 WARNING hermes_cli.web_server: Failed to load plugin kanban API routes: Form data requires "python-multipart" to be installed. 
You can install "python-multipart" with: 

pip install python-multipart

2026-09-09 22:16:39,315 WARNING hermes_cli.web_server: Binding to 0.0.0.0 with --insecure — the dashboard has no robust authentication. Only use on trusted networks.
2026-09-09 22:16:45,809 ERROR fastapi: Form data requires "python-multipart" to be installed. 
You can install "python-multipart" with: 

pip install python-multipart

2026-09-09 22:16:45,810 WARNING hermes_cli.web_server: Failed to load plugin kanban API routes: Form data requires "python-multipart" to be installed. 
You can install "python-multipart" with: 

pip install python-multipart

2026-09-09 22:16:45,815 WARNING hermes_cli.web_server: Binding to 0.0.0.0 with --insecure — the dashboard has no robust authentication. Only use on trusted networks.
2026-09-09 22:16:52,267 ERROR fastapi: Form data requires "python-multipart" to be installed. 
You can install "python-multipart" with: 

pip install python-multipart

2026-09-09 22:16:52,267 WARNING hermes_cli.web_server: Failed to load plugin kanban API routes: Form data requires "python-multipart" to be installed. 
You can install "python-multipart" with: 

pip install python-multipart

2026-09-09 22:16:52,272 WARNING hermes_cli.web_server: Binding to 0.0.0.0 with --insecure — the dashboard has no robust authentication. Only use on trusted networks.
2026-09-09 22:16:58,774 ERROR fastapi: Form data requires "python-multipart" to be installed. 
You can install "python-multipart" with: 

pip install python-multipart

2026-09-09 22:16:58,775 WARNING hermes_cli.web_server: Failed to load plugin kanban API routes: Form data requires "python-multipart" to be installed. 
You can install "python-multipart" with: 

pip install python-multipart

2026-09-09 22:16:58,780 WARNING hermes_cli.web_server: Binding to 0.0.0.0 with --insecure — the dashboard has no robust authentication. Only use on trusted networks.
2026-09-09 22:17:05,273 ERROR fastapi: Form data requires "python-multipart" to be installed. 
You can install "python-multipart" with: 

pip install python-multipart

2026-09-09 22:17:05,273 WARNING hermes_cli.web_server: Failed to load plugin kanban API routes: Form data requires "python-multipart" to be installed. 
You can install "python-multipart" with: 

pip install python-multipart

2026-09-09 22:17:05,278 WARNING hermes_cli.web_server: Binding to 0.0.0.0 with --insecure — the dashboard has no robust authentication. Only use on trusted networks.
2026-09-09 22:17:11,842 ERROR fastapi: Form data requires "python-multipart" to be installed. 
You can install "python-multipart" with: 

pip install python-multipart

2026-09-09 22:17:11,842 WARNING hermes_cli.web_server: Failed to load plugin kanban API routes: Form data requires "python-multipart" to be installed. 
You can install "python-multipart" with: 

pip install python-multipart

2026-09-09 22:17:11,848 WARNING hermes_cli.web_server: Binding to 0.0.0.0 with --insecure — the dashboard has no robust authentication. Only use on trusted networks.
2026-09-09 22:17:18,267 ERROR fastapi: Form data requires "python-multipart" to be installed. 
You can install "python-multipart" with: 

pip install python-multipart

2026-09-09 22:17:18,267 WARNING hermes_cli.web_server: Failed to load plugin kanban API routes: Form data requires "python-multipart" to be installed. 
You can install "python-multipart" with: 

pip install python-multipart

2026-09-09 22:17:18,272 WARNING hermes_cli.web_server: Binding to 0.0.0.0 with --insecure — the dashboard has no robust authentication. Only use on trusted networks.
2026-09-09 22:17:24,793 ERROR fastapi: Form data requires "python-multipart" to be installed. 
You can install "python-multipart" with: 

pip install python-multipart

2026-09-09 22:17:24,793 WARNING hermes_cli.web_server: Failed to load plugin kanban API routes: Form data requires "python-multipart" to be installed. 
You can install "python-multipart" with: 

pip install python-multipart

2026-09-09 22:17:24,799 WARNING hermes_cli.web_server: Binding to 0.0.0.0 with --insecure — the dashboard has no robust authentication. Only use on trusted networks.
2026-09-09 22:17:31,259 ERROR fastapi: Form data requires "python-multipart" to be installed. 
You can install "python-multipart" with: 

pip install python-multipart

2026-09-09 22:17:31,260 WARNING hermes_cli.web_server: Failed to load plugin kanban API routes: Form data requires "python-multipart" to be installed. 
You can install "python-multipart" with: 

pip install python-multipart

2026-09-09 22:17:31,265 WARNING hermes_cli.web_server: Binding to 0.0.0.0 with --insecure — the dashboard has no robust authentication. Only use on trusted networks.
2026-09-09 22:17:37,764 ERROR fastapi: Form data requires "python-multipart" to be installed. 
You can install "python-multipart" with: 

pip install python-multipart

2026-09-09 22:17:37,765 WARNING hermes_cli.web_server: Failed to load plugin kanban API routes: Form data requires "python-multipart" to be installed. 
You can install "python-multipart" with: 

pip install python-multipart

2026-09-09 22:17:37,770 WARNING hermes_cli.web_server: Binding to 0.0.0.0 with --insecure — the dashboard has no robust authentication. Only use on trusted networks.
2026-09-09 22:17:40,595 WARNING gateway.run: Shutdown context: signal=SIGTERM under_systemd=yes parent_pid=1 parent_name=systemd loadavg_1m=0.11 parent_cmdline='/usr/lib/systemd/systemd --system --deserialize=75 vultr'
2026-09-09 22:22:42,348 WARNING gateway.run: Shutdown context: signal=SIGTERM under_systemd=yes parent_pid=109079 parent_name=systemd loadavg_1m=0.01 parent_cmdline='/usr/lib/systemd/systemd --user'
2026-09-09 22:22:42,506 ERROR fastapi: Form data requires "python-multipart" to be installed. 
You can install "python-multipart" with: 

pip install python-multipart

2026-09-09 22:22:42,506 WARNING hermes_cli.web_server: Failed to load plugin kanban API routes: Form data requires "python-multipart" to be installed. 
You can install "python-multipart" with: 

pip install python-multipart

2026-09-09 22:22:42,511 WARNING hermes_cli.web_server: Binding to 0.0.0.0 with --insecure — the dashboard has no robust authentication. Only use on trusted networks.
2026-09-09 22:22:49,002 ERROR fastapi: Form data requires "python-multipart" to be installed. 
You can install "python-multipart" with: 

pip install python-multipart

2026-09-09 22:22:49,002 WARNING hermes_cli.web_server: Failed to load plugin kanban API routes: Form data requires "python-multipart" to be installed. 
You can install "python-multipart" with: 

pip install python-multipart

2026-09-09 22:22:49,007 WARNING hermes_cli.web_server: Binding to 0.0.0.0 with --insecure — the dashboard has no robust authentication. Only use on trusted networks.
2026-09-09 22:22:55,522 ERROR fastapi: Form data requires "python-multipart" to be installed. 
You can install "python-multipart" with: 

pip install python-multipart

2026-09-09 22:22:55,522 WARNING hermes_cli.web_server: Failed to load plugin kanban API routes: Form data requires "python-multipart" to be installed. 
You can install "python-multipart" with: 

pip install python-multipart

2026-09-09 22:22:55,527 WARNING hermes_cli.web_server: Binding to 0.0.0.0 with --insecure — the dashboard has no robust authentication. Only use on trusted networks.
2026-09-09 22:23:01,995 ERROR fastapi: Form data requires "python-multipart" to be installed. 
You can install "python-multipart" with: 

pip install python-multipart

2026-09-09 22:23:01,995 WARNING hermes_cli.web_server: Failed to load plugin kanban API routes: Form data requires "python-multipart" to be installed. 
You can install "python-multipart" with: 

pip install python-multipart

2026-09-09 22:23:02,000 WARNING hermes_cli.web_server: Binding to 0.0.0.0 with --insecure — the dashboard has no robust authentication. Only use on trusted networks.
2026-09-09 22:23:08,537 ERROR fastapi: Form data requires "python-multipart" to be installed. 
You can install "python-multipart" with: 

pip install python-multipart

2026-09-09 22:23:08,537 WARNING hermes_cli.web_server: Failed to load plugin kanban API routes: Form data requires "python-multipart" to be installed. 
You can install "python-multipart" with: 

pip install python-multipart

2026-09-09 22:23:08,542 WARNING hermes_cli.web_server: Binding to 0.0.0.0 with --insecure — the dashboard has no robust authentication. Only use on trusted networks.
2026-09-09 22:23:15,043 ERROR fastapi: Form data requires "python-multipart" to be installed. 
You can install "python-multipart" with: 

pip install python-multipart

2026-09-09 22:23:15,043 WARNING hermes_cli.web_server: Failed to load plugin kanban API routes: Form data requires "python-multipart" to be installed. 
You can install "python-multipart" with: 

pip install python-multipart

2026-09-09 22:23:15,048 WARNING hermes_cli.web_server: Binding to 0.0.0.0 with --insecure — the dashboard has no robust authentication. Only use on trusted networks.
2026-09-09 22:23:21,516 ERROR fastapi: Form data requires "python-multipart" to be installed. 
You can install "python-multipart" with: 

pip install python-multipart

2026-09-09 22:23:21,516 WARNING hermes_cli.web_server: Failed to load plugin kanban API routes: Form data requires "python-multipart" to be installed. 
You can install "python-multipart" with: 

pip install python-multipart

2026-09-09 22:23:21,521 WARNING hermes_cli.web_server: Binding to 0.0.0.0 with --insecure — the dashboard has no robust authentication. Only use on trusted networks.
2026-09-09 22:23:28,072 ERROR fastapi: Form data requires "python-multipart" to be installed. 
You can install "python-multipart" with: 

pip install python-multipart

2026-09-09 22:23:28,072 WARNING hermes_cli.web_server: Failed to load plugin kanban API routes: Form data requires "python-multipart" to be installed. 
You can install "python-multipart" with: 

pip install python-multipart

2026-09-09 22:23:28,077 WARNING hermes_cli.web_server: Binding to 0.0.0.0 with --insecure — the dashboard has no robust authentication. Only use on trusted networks.
2026-09-09 22:23:34,516 ERROR fastapi: Form data requires "python-multipart" to be installed. 
You can install "python-multipart" with: 

pip install python-multipart

2026-09-09 22:23:34,516 WARNING hermes_cli.web_server: Failed to load plugin kanban API routes: Form data requires "python-multipart" to be installed. 
You can install "python-multipart" with: 

pip install python-multipart

2026-09-09 22:23:34,521 WARNING hermes_cli.web_server: Binding to 0.0.0.0 with --insecure — the dashboard has no robust authentication. Only use on trusted networks.
2026-09-09 22:23:40,996 ERROR fastapi: Form data requires "python-multipart" to be installed. 
You can install "python-multipart" with: 

pip install python-multipart

2026-09-09 22:23:40,996 WARNING hermes_cli.web_server: Failed to load plugin kanban API routes: Form data requires "python-multipart" to be installed. 
You can install "python-multipart" with: 

pip install python-multipart

2026-09-09 22:23:41,001 WARNING hermes_cli.web_server: Binding to 0.0.0.0 with --insecure — the dashboard has no robust authentication. Only use on trusted networks.
2026-09-09 22:23:47,493 ERROR fastapi: Form data requires "python-multipart" to be installed. 
You can install "python-multipart" with: 

pip install python-multipart

2026-09-09 22:23:47,493 WARNING hermes_cli.web_server: Failed to load plugin kanban API routes: Form data requires "python-multipart" to be installed. 
You can install "python-multipart" with: 

pip install python-multipart

2026-09-09 22:23:47,498 WARNING hermes_cli.web_server: Binding to 0.0.0.0 with --insecure — the dashboard has no robust authentication. Only use on trusted networks.
2026-09-09 22:23:54,037 ERROR fastapi: Form data requires "python-multipart" to be installed. 
You can install "python-multipart" with: 

pip install python-multipart

2026-09-09 22:23:54,037 WARNING hermes_cli.web_server: Failed to load plugin kanban API routes: Form data requires "python-multipart" to be installed. 
You can install "python-multipart" with: 

pip install python-multipart

2026-09-09 22:23:54,042 WARNING hermes_cli.web_server: Binding to 0.0.0.0 with --insecure — the dashboard has no robust authentication. Only use on trusted networks.
2026-09-09 22:24:00,469 ERROR fastapi: Form data requires "python-multipart" to be installed. 
You can install "python-multipart" with: 

pip install python-multipart

2026-09-09 22:24:00,469 WARNING hermes_cli.web_server: Failed to load plugin kanban API routes: Form data requires "python-multipart" to be installed. 
You can install "python-multipart" with: 

pip install python-multipart

2026-09-09 22:24:00,475 WARNING hermes_cli.web_server: Binding to 0.0.0.0 with --insecure — the dashboard has no robust authentication. Only use on trusted networks.
2026-09-09 22:24:07,030 ERROR fastapi: Form data requires "python-multipart" to be installed. 
You can install "python-multipart" with: 

pip install python-multipart

2026-09-09 22:24:07,030 WARNING hermes_cli.web_server: Failed to load plugin kanban API routes: Form data requires "python-multipart" to be installed. 
You can install "python-multipart" with: 

pip install python-multipart

2026-09-09 22:24:07,035 WARNING hermes_cli.web_server: Binding to 0.0.0.0 with --insecure — the dashboard has no robust authentication. Only use on trusted networks.
2026-09-09 22:24:13,527 ERROR fastapi: Form data requires "python-multipart" to be installed. 
You can install "python-multipart" with: 

pip install python-multipart

2026-09-09 22:24:13,527 WARNING hermes_cli.web_server: Failed to load plugin kanban API routes: Form data requires "python-multipart" to be installed. 
You can install "python-multipart" with: 

pip install python-multipart

2026-09-09 22:24:13,532 WARNING hermes_cli.web_server: Binding to 0.0.0.0 with --insecure — the dashboard has no robust authentication. Only use on trusted networks.
2026-09-09 22:24:20,001 ERROR fastapi: Form data requires "python-multipart" to be installed. 
You can install "python-multipart" with: 

pip install python-multipart

2026-09-09 22:24:20,002 WARNING hermes_cli.web_server: Failed to load plugin kanban API routes: Form data requires "python-multipart" to be installed. 
You can install "python-multipart" with: 

pip install python-multipart

2026-09-09 22:24:20,006 WARNING hermes_cli.web_server: Binding to 0.0.0.0 with --insecure — the dashboard has no robust authentication. Only use on trusted networks.
2026-09-09 22:24:26,562 ERROR fastapi: Form data requires "python-multipart" to be installed. 
You can install "python-multipart" with: 

pip install python-multipart

2026-09-09 22:24:26,562 WARNING hermes_cli.web_server: Failed to load plugin kanban API routes: Form data requires "python-multipart" to be installed. 
You can install "python-multipart" with: 

pip install python-multipart

2026-09-09 22:24:26,567 WARNING hermes_cli.web_server: Binding to 0.0.0.0 with --insecure — the dashboard has no robust authentication. Only use on trusted networks.
2026-09-09 22:24:33,017 ERROR fastapi: Form data requires "python-multipart" to be installed. 
You can install "python-multipart" with: 

pip install python-multipart

2026-09-09 22:24:33,017 WARNING hermes_cli.web_server: Failed to load plugin kanban API routes: Form data requires "python-multipart" to be installed. 
You can install "python-multipart" with: 

pip install python-multipart

2026-09-09 22:24:33,022 WARNING hermes_cli.web_server: Binding to 0.0.0.0 with --insecure — the dashboard has no robust authentication. Only use on trusted networks.
2026-09-09 22:24:39,518 ERROR fastapi: Form data requires "python-multipart" to be installed. 
You can install "python-multipart" with: 

pip install python-multipart

2026-09-09 22:24:39,518 WARNING hermes_cli.web_server: Failed to load plugin kanban API routes: Form data requires "python-multipart" to be installed. 
You can install "python-multipart" with: 

pip install python-multipart

2026-09-09 22:24:39,523 WARNING hermes_cli.web_server: Binding to 0.0.0.0 with --insecure — the dashboard has no robust authentication. Only use on trusted networks.
2026-09-09 22:24:46,011 ERROR fastapi: Form data requires "python-multipart" to be installed. 
You can install "python-multipart" with: 

pip install python-multipart

2026-09-09 22:24:46,011 WARNING hermes_cli.web_server: Failed to load plugin kanban API routes: Form data requires "python-multipart" to be installed. 
You can install "python-multipart" with: 

pip install python-multipart

2026-09-09 22:24:46,016 WARNING hermes_cli.web_server: Binding to 0.0.0.0 with --insecure — the dashboard has no robust authentication. Only use on trusted networks.
2026-09-09 22:24:52,504 ERROR fastapi: Form data requires "python-multipart" to be installed. 
You can install "python-multipart" with: 

pip install python-multipart

2026-09-09 22:24:52,504 WARNING hermes_cli.web_server: Failed to load plugin kanban API routes: Form data requires "python-multipart" to be installed. 
You can install "python-multipart" with: 

pip install python-multipart

2026-09-09 22:24:52,509 WARNING hermes_cli.web_server: Binding to 0.0.0.0 with --insecure — the dashboard has no robust authentication. Only use on trusted networks.
2026-09-09 22:24:58,985 ERROR fastapi: Form data requires "python-multipart" to be installed. 
You can install "python-multipart" with: 

pip install python-multipart

2026-09-09 22:24:58,986 WARNING hermes_cli.web_server: Failed to load plugin kanban API routes: Form data requires "python-multipart" to be installed. 
You can install "python-multipart" with: 

pip install python-multipart

2026-09-09 22:24:58,990 WARNING hermes_cli.web_server: Binding to 0.0.0.0 with --insecure — the dashboard has no robust authentication. Only use on trusted networks.
2026-09-09 22:25:05,502 ERROR fastapi: Form data requires "python-multipart" to be installed. 
You can install "python-multipart" with: 

pip install python-multipart

2026-09-09 22:25:05,502 WARNING hermes_cli.web_server: Failed to load plugin kanban API routes: Form data requires "python-multipart" to be installed. 
You can install "python-multipart" with: 

pip install python-multipart

2026-09-09 22:25:05,507 WARNING hermes_cli.web_server: Binding to 0.0.0.0 with --insecure — the dashboard has no robust authentication. Only use on trusted networks.
2026-09-09 22:25:11,986 ERROR fastapi: Form data requires "python-multipart" to be installed. 
You can install "python-multipart" with: 

pip install python-multipart

2026-09-09 22:25:11,987 WARNING hermes_cli.web_server: Failed to load plugin kanban API routes: Form data requires "python-multipart" to be installed. 
You can install "python-multipart" with: 

pip install python-multipart

2026-09-09 22:25:11,991 WARNING hermes_cli.web_server: Binding to 0.0.0.0 with --insecure — the dashboard has no robust authentication. Only use on trusted networks.
2026-09-09 22:25:18,504 ERROR fastapi: Form data requires "python-multipart" to be installed. 
You can install "python-multipart" with: 

pip install python-multipart

2026-09-09 22:25:18,504 WARNING hermes_cli.web_server: Failed to load plugin kanban API routes: Form data requires "python-multipart" to be installed. 
You can install "python-multipart" with: 

pip install python-multipart

2026-09-09 22:25:18,509 WARNING hermes_cli.web_server: Binding to 0.0.0.0 with --insecure — the dashboard has no robust authentication. Only use on trusted networks.
2026-09-09 22:25:25,007 ERROR fastapi: Form data requires "python-multipart" to be installed. 
You can install "python-multipart" with: 

pip install python-multipart

2026-09-09 22:25:25,007 WARNING hermes_cli.web_server: Failed to load plugin kanban API routes: Form data requires "python-multipart" to be installed. 
You can install "python-multipart" with: 

pip install python-multipart

2026-09-09 22:25:25,012 WARNING hermes_cli.web_server: Binding to 0.0.0.0 with --insecure — the dashboard has no robust authentication. Only use on trusted networks.
2026-09-09 22:25:31,532 ERROR fastapi: Form data requires "python-multipart" to be installed. 
You can install "python-multipart" with: 

pip install python-multipart

2026-09-09 22:25:31,532 WARNING hermes_cli.web_server: Failed to load plugin kanban API routes: Form data requires "python-multipart" to be installed. 
You can install "python-multipart" with: 

pip install python-multipart

2026-09-09 22:25:31,537 WARNING hermes_cli.web_server: Binding to 0.0.0.0 with --insecure — the dashboard has no robust authentication. Only use on trusted networks.
2026-09-09 22:25:38,030 ERROR fastapi: Form data requires "python-multipart" to be installed. 
You can install "python-multipart" with: 

pip install python-multipart

2026-09-09 22:25:38,031 WARNING hermes_cli.web_server: Failed to load plugin kanban API routes: Form data requires "python-multipart" to be installed. 
You can install "python-multipart" with: 

pip install python-multipart

2026-09-09 22:25:38,036 WARNING hermes_cli.web_server: Binding to 0.0.0.0 with --insecure — the dashboard has no robust authentication. Only use on trusted networks.
2026-09-09 22:25:44,522 ERROR fastapi: Form data requires "python-multipart" to be installed. 
You can install "python-multipart" with: 

pip install python-multipart

2026-09-09 22:25:44,522 WARNING hermes_cli.web_server: Failed to load plugin kanban API routes: Form data requires "python-multipart" to be installed. 
You can install "python-multipart" with: 

pip install python-multipart

2026-09-09 22:25:44,527 WARNING hermes_cli.web_server: Binding to 0.0.0.0 with --insecure — the dashboard has no robust authentication. Only use on trusted networks.
2026-09-09 22:25:51,043 ERROR fastapi: Form data requires "python-multipart" to be installed. 
You can install "python-multipart" with: 

pip install python-multipart

2026-09-09 22:25:51,043 WARNING hermes_cli.web_server: Failed to load plugin kanban API routes: Form data requires "python-multipart" to be installed. 
You can install "python-multipart" with: 

pip install python-multipart

2026-09-09 22:25:51,049 WARNING hermes_cli.web_server: Binding to 0.0.0.0 with --insecure — the dashboard has no robust authentication. Only use on trusted networks.
2026-09-09 22:25:57,490 ERROR fastapi: Form data requires "python-multipart" to be installed. 
You can install "python-multipart" with: 

pip install python-multipart

2026-09-09 22:25:57,490 WARNING hermes_cli.web_server: Failed to load plugin kanban API routes: Form data requires "python-multipart" to be installed. 
You can install "python-multipart" with: 

pip install python-multipart

2026-09-09 22:25:57,495 WARNING hermes_cli.web_server: Binding to 0.0.0.0 with --insecure — the dashboard has no robust authentication. Only use on trusted networks.
2026-09-09 22:26:04,013 ERROR fastapi: Form data requires "python-multipart" to be installed. 
You can install "python-multipart" with: 

pip install python-multipart

2026-09-09 22:26:04,013 WARNING hermes_cli.web_server: Failed to load plugin kanban API routes: Form data requires "python-multipart" to be installed. 
You can install "python-multipart" with: 

pip install python-multipart

2026-09-09 22:26:04,018 WARNING hermes_cli.web_server: Binding to 0.0.0.0 with --insecure — the dashboard has no robust authentication. Only use on trusted networks.
2026-09-09 22:26:10,491 ERROR fastapi: Form data requires "python-multipart" to be installed. 
You can install "python-multipart" with: 

pip install python-multipart

2026-09-09 22:26:10,492 WARNING hermes_cli.web_server: Failed to load plugin kanban API routes: Form data requires "python-multipart" to be installed. 
You can install "python-multipart" with: 

pip install python-multipart

2026-09-09 22:26:10,497 WARNING hermes_cli.web_server: Binding to 0.0.0.0 with --insecure — the dashboard has no robust authentication. Only use on trusted networks.
2026-09-09 22:26:17,001 ERROR fastapi: Form data requires "python-multipart" to be installed. 
You can install "python-multipart" with: 

pip install python-multipart

2026-09-09 22:26:17,001 WARNING hermes_cli.web_server: Failed to load plugin kanban API routes: Form data requires "python-multipart" to be installed. 
You can install "python-multipart" with: 

pip install python-multipart

2026-09-09 22:26:17,007 WARNING hermes_cli.web_server: Binding to 0.0.0.0 with --insecure — the dashboard has no robust authentication. Only use on trusted networks.
2026-09-09 22:26:23,498 ERROR fastapi: Form data requires "python-multipart" to be installed. 
You can install "python-multipart" with: 

pip install python-multipart

2026-09-09 22:26:23,499 WARNING hermes_cli.web_server: Failed to load plugin kanban API routes: Form data requires "python-multipart" to be installed. 
You can install "python-multipart" with: 

pip install python-multipart

2026-09-09 22:26:23,503 WARNING hermes_cli.web_server: Binding to 0.0.0.0 with --insecure — the dashboard has no robust authentication. Only use on trusted networks.
2026-09-09 22:26:30,169 ERROR fastapi: Form data requires "python-multipart" to be installed. 
You can install "python-multipart" with: 

pip install python-multipart

2026-09-09 22:26:30,169 WARNING hermes_cli.web_server: Failed to load plugin kanban API routes: Form data requires "python-multipart" to be installed. 
You can install "python-multipart" with: 

pip install python-multipart

2026-09-09 22:26:30,174 WARNING hermes_cli.web_server: Binding to 0.0.0.0 with --insecure — the dashboard has no robust authentication. Only use on trusted networks.
2026-09-09 22:26:36,524 ERROR fastapi: Form data requires "python-multipart" to be installed. 
You can install "python-multipart" with: 

pip install python-multipart

2026-09-09 22:26:36,524 WARNING hermes_cli.web_server: Failed to load plugin kanban API routes: Form data requires "python-multipart" to be installed. 
You can install "python-multipart" with: 

pip install python-multipart

2026-09-09 22:26:36,529 WARNING hermes_cli.web_server: Binding to 0.0.0.0 with --insecure — the dashboard has no robust authentication. Only use on trusted networks.
2026-09-09 22:26:43,029 ERROR fastapi: Form data requires "python-multipart" to be installed. 
You can install "python-multipart" with: 

pip install python-multipart

2026-09-09 22:26:43,030 WARNING hermes_cli.web_server: Failed to load plugin kanban API routes: Form data requires "python-multipart" to be installed. 
You can install "python-multipart" with: 

pip install python-multipart

2026-09-09 22:26:43,035 WARNING hermes_cli.web_server: Binding to 0.0.0.0 with --insecure — the dashboard has no robust authentication. Only use on trusted networks.
2026-09-09 22:26:49,506 ERROR fastapi: Form data requires "python-multipart" to be installed. 
You can install "python-multipart" with: 

pip install python-multipart

2026-09-09 22:26:49,507 WARNING hermes_cli.web_server: Failed to load plugin kanban API routes: Form data requires "python-multipart" to be installed. 
You can install "python-multipart" with: 

pip install python-multipart

2026-09-09 22:26:49,511 WARNING hermes_cli.web_server: Binding to 0.0.0.0 with --insecure — the dashboard has no robust authentication. Only use on trusted networks.
2026-09-09 22:26:56,042 ERROR fastapi: Form data requires "python-multipart" to be installed. 
You can install "python-multipart" with: 

pip install python-multipart

2026-09-09 22:26:56,042 WARNING hermes_cli.web_server: Failed to load plugin kanban API routes: Form data requires "python-multipart" to be installed. 
You can install "python-multipart" with: 

pip install python-multipart

2026-09-09 22:26:56,047 WARNING hermes_cli.web_server: Binding to 0.0.0.0 with --insecure — the dashboard has no robust authentication. Only use on trusted networks.
2026-09-09 22:27:02,573 ERROR fastapi: Form data requires "python-multipart" to be installed. 
You can install "python-multipart" with: 

pip install python-multipart

2026-09-09 22:27:02,573 WARNING hermes_cli.web_server: Failed to load plugin kanban API routes: Form data requires "python-multipart" to be installed. 
You can install "python-multipart" with: 

pip install python-multipart

2026-09-09 22:27:02,577 WARNING hermes_cli.web_server: Binding to 0.0.0.0 with --insecure — the dashboard has no robust authentication. Only use on trusted networks.
2026-09-09 22:27:08,999 ERROR fastapi: Form data requires "python-multipart" to be installed. 
You can install "python-multipart" with: 

pip install python-multipart

2026-09-09 22:27:08,999 WARNING hermes_cli.web_server: Failed to load plugin kanban API routes: Form data requires "python-multipart" to be installed. 
You can install "python-multipart" with: 

pip install python-multipart

2026-09-09 22:27:09,004 WARNING hermes_cli.web_server: Binding to 0.0.0.0 with --insecure — the dashboard has no robust authentication. Only use on trusted networks.
2026-09-09 22:27:15,532 ERROR fastapi: Form data requires "python-multipart" to be installed. 
You can install "python-multipart" with: 

pip install python-multipart

2026-09-09 22:27:15,533 WARNING hermes_cli.web_server: Failed to load plugin kanban API routes: Form data requires "python-multipart" to be installed. 
You can install "python-multipart" with: 

pip install python-multipart

2026-09-09 22:27:15,537 WARNING hermes_cli.web_server: Binding to 0.0.0.0 with --insecure — the dashboard has no robust authentication. Only use on trusted networks.
2026-09-09 22:27:22,041 ERROR fastapi: Form data requires "python-multipart" to be installed. 
You can install "python-multipart" with: 

pip install python-multipart

2026-09-09 22:27:22,041 WARNING hermes_cli.web_server: Failed to load plugin kanban API routes: Form data requires "python-multipart" to be installed. 
You can install "python-multipart" with: 

pip install python-multipart

2026-09-09 22:27:22,046 WARNING hermes_cli.web_server: Binding to 0.0.0.0 with --insecure — the dashboard has no robust authentication. Only use on trusted networks.
2026-09-09 22:27:28,554 ERROR fastapi: Form data requires "python-multipart" to be installed. 
You can install "python-multipart" with: 

pip install python-multipart

2026-09-09 22:27:28,554 WARNING hermes_cli.web_server: Failed to load plugin kanban API routes: Form data requires "python-multipart" to be installed. 
You can install "python-multipart" with: 

pip install python-multipart

2026-09-09 22:27:28,560 WARNING hermes_cli.web_server: Binding to 0.0.0.0 with --insecure — the dashboard has no robust authentication. Only use on trusted networks.
2026-09-09 22:27:34,995 ERROR fastapi: Form data requires "python-multipart" to be installed. 
You can install "python-multipart" with: 

pip install python-multipart

2026-09-09 22:27:34,995 WARNING hermes_cli.web_server: Failed to load plugin kanban API routes: Form data requires "python-multipart" to be installed. 
You can install "python-multipart" with: 

pip install python-multipart

2026-09-09 22:27:35,000 WARNING hermes_cli.web_server: Binding to 0.0.0.0 with --insecure — the dashboard has no robust authentication. Only use on trusted networks.
2026-09-09 22:27:41,532 ERROR fastapi: Form data requires "python-multipart" to be installed. 
You can install "python-multipart" with: 

pip install python-multipart

2026-09-09 22:27:41,532 WARNING hermes_cli.web_server: Failed to load plugin kanban API routes: Form data requires "python-multipart" to be installed. 
You can install "python-multipart" with: 

pip install python-multipart

2026-09-09 22:27:41,537 WARNING hermes_cli.web_server: Binding to 0.0.0.0 with --insecure — the dashboard has no robust authentication. Only use on trusted networks.
2026-09-09 22:27:47,345 WARNING gateway.run: Shutdown context: signal=SIGTERM under_systemd=yes parent_pid=1 parent_name=systemd loadavg_1m=0.21 parent_cmdline='/usr/lib/systemd/systemd --system --deserialize=75 vultr'
2026-09-09 22:27:48,023 ERROR fastapi: Form data requires "python-multipart" to be installed. 
You can install "python-multipart" with: 

pip install python-multipart

2026-09-09 22:27:48,023 WARNING hermes_cli.web_server: Failed to load plugin kanban API routes: Form data requires "python-multipart" to be installed. 
You can install "python-multipart" with: 

pip install python-multipart

2026-09-09 22:27:48,028 WARNING hermes_cli.web_server: Binding to 0.0.0.0 with --insecure — the dashboard has no robust authentication. Only use on trusted networks.
2026-09-09 22:32:49,095 WARNING gateway.run: Shutdown context: signal=SIGTERM under_systemd=yes parent_pid=109079 parent_name=systemd loadavg_1m=0.16 parent_cmdline='/usr/lib/systemd/systemd --user'
2026-09-09 22:32:49,283 ERROR fastapi: Form data requires "python-multipart" to be installed. 
You can install "python-multipart" with: 

pip install python-multipart

2026-09-09 22:32:49,283 WARNING hermes_cli.web_server: Failed to load plugin kanban API routes: Form data requires "python-multipart" to be installed. 
You can install "python-multipart" with: 

pip install python-multipart

2026-09-09 22:32:49,288 WARNING hermes_cli.web_server: Binding to 0.0.0.0 with --insecure — the dashboard has no robust authentication. Only use on trusted networks.
2026-09-09 22:32:55,754 ERROR fastapi: Form data requires "python-multipart" to be installed. 
You can install "python-multipart" with: 

pip install python-multipart

2026-09-09 22:32:55,755 WARNING hermes_cli.web_server: Failed to load plugin kanban API routes: Form data requires "python-multipart" to be installed. 
You can install "python-multipart" with: 

pip install python-multipart

2026-09-09 22:32:55,759 WARNING hermes_cli.web_server: Binding to 0.0.0.0 with --insecure — the dashboard has no robust authentication. Only use on trusted networks.
2026-09-09 22:33:02,287 ERROR fastapi: Form data requires "python-multipart" to be installed. 
You can install "python-multipart" with: 

pip install python-multipart

2026-09-09 22:33:02,287 WARNING hermes_cli.web_server: Failed to load plugin kanban API routes: Form data requires "python-multipart" to be installed. 
You can install "python-multipart" with: 

pip install python-multipart

2026-09-09 22:33:02,292 WARNING hermes_cli.web_server: Binding to 0.0.0.0 with --insecure — the dashboard has no robust authentication. Only use on trusted networks.
2026-09-09 22:33:08,787 ERROR fastapi: Form data requires "python-multipart" to be installed. 
You can install "python-multipart" with: 

pip install python-multipart

2026-09-09 22:33:08,787 WARNING hermes_cli.web_server: Failed to load plugin kanban API routes: Form data requires "python-multipart" to be installed. 
You can install "python-multipart" with: 

pip install python-multipart

2026-09-09 22:33:08,792 WARNING hermes_cli.web_server: Binding to 0.0.0.0 with --insecure — the dashboard has no robust authentication. Only use on trusted networks.
2026-09-09 22:33:15,250 ERROR fastapi: Form data requires "python-multipart" to be installed. 
You can install "python-multipart" with: 

pip install python-multipart

2026-09-09 22:33:15,250 WARNING hermes_cli.web_server: Failed to load plugin kanban API routes: Form data requires "python-multipart" to be installed. 
You can install "python-multipart" with: 

pip install python-multipart

2026-09-09 22:33:15,255 WARNING hermes_cli.web_server: Binding to 0.0.0.0 with --insecure — the dashboard has no robust authentication. Only use on trusted networks.
2026-09-09 22:33:21,770 ERROR fastapi: Form data requires "python-multipart" to be installed. 
You can install "python-multipart" with: 

pip install python-multipart

2026-09-09 22:33:21,770 WARNING hermes_cli.web_server: Failed to load plugin kanban API routes: Form data requires "python-multipart" to be installed. 
You can install "python-multipart" with: 

pip install python-multipart

2026-09-09 22:33:21,776 WARNING hermes_cli.web_server: Binding to 0.0.0.0 with --insecure — the dashboard has no robust authentication. Only use on trusted networks.
2026-09-09 22:33:28,273 ERROR fastapi: Form data requires "python-multipart" to be installed. 
You can install "python-multipart" with: 

pip install python-multipart

2026-09-09 22:33:28,273 WARNING hermes_cli.web_server: Failed to load plugin kanban API routes: Form data requires "python-multipart" to be installed. 
You can install "python-multipart" with: 

pip install python-multipart

2026-09-09 22:33:28,278 WARNING hermes_cli.web_server: Binding to 0.0.0.0 with --insecure — the dashboard has no robust authentication. Only use on trusted networks.
2026-09-09 22:33:34,771 ERROR fastapi: Form data requires "python-multipart" to be installed. 
You can install "python-multipart" with: 

pip install python-multipart

2026-09-09 22:33:34,771 WARNING hermes_cli.web_server: Failed to load plugin kanban API routes: Form data requires "python-multipart" to be installed. 
You can install "python-multipart" with: 

pip install python-multipart

2026-09-09 22:33:34,776 WARNING hermes_cli.web_server: Binding to 0.0.0.0 with --insecure — the dashboard has no robust authentication. Only use on trusted networks.
2026-09-09 22:33:41,269 ERROR fastapi: Form data requires "python-multipart" to be installed. 
You can install "python-multipart" with: 

pip install python-multipart

2026-09-09 22:33:41,269 WARNING hermes_cli.web_server: Failed to load plugin kanban API routes: Form data requires "python-multipart" to be installed. 
You can install "python-multipart" with: 

pip install python-multipart

2026-09-09 22:33:41,274 WARNING hermes_cli.web_server: Binding to 0.0.0.0 with --insecure — the dashboard has no robust authentication. Only use on trusted networks.
2026-09-09 22:33:47,759 ERROR fastapi: Form data requires "python-multipart" to be installed. 
You can install "python-multipart" with: 

pip install python-multipart

2026-09-09 22:33:47,759 WARNING hermes_cli.web_server: Failed to load plugin kanban API routes: Form data requires "python-multipart" to be installed. 
You can install "python-multipart" with: 

pip install python-multipart

2026-09-09 22:33:47,764 WARNING hermes_cli.web_server: Binding to 0.0.0.0 with --insecure — the dashboard has no robust authentication. Only use on trusted networks.
2026-09-09 22:33:54,266 ERROR fastapi: Form data requires "python-multipart" to be installed. 
You can install "python-multipart" with: 

pip install python-multipart

2026-09-09 22:33:54,266 WARNING hermes_cli.web_server: Failed to load plugin kanban API routes: Form data requires "python-multipart" to be installed. 
You can install "python-multipart" with: 

pip install python-multipart

2026-09-09 22:33:54,271 WARNING hermes_cli.web_server: Binding to 0.0.0.0 with --insecure — the dashboard has no robust authentication. Only use on trusted networks.
2026-09-09 22:34:00,761 ERROR fastapi: Form data requires "python-multipart" to be installed. 
You can install "python-multipart" with: 

pip install python-multipart

2026-09-09 22:34:00,762 WARNING hermes_cli.web_server: Failed to load plugin kanban API routes: Form data requires "python-multipart" to be installed. 
You can install "python-multipart" with: 

pip install python-multipart

2026-09-09 22:34:00,766 WARNING hermes_cli.web_server: Binding to 0.0.0.0 with --insecure — the dashboard has no robust authentication. Only use on trusted networks.
2026-09-09 22:34:07,248 ERROR fastapi: Form data requires "python-multipart" to be installed. 
You can install "python-multipart" with: 

pip install python-multipart

2026-09-09 22:34:07,248 WARNING hermes_cli.web_server: Failed to load plugin kanban API routes: Form data requires "python-multipart" to be installed. 
You can install "python-multipart" with: 

pip install python-multipart

2026-09-09 22:34:07,253 WARNING hermes_cli.web_server: Binding to 0.0.0.0 with --insecure — the dashboard has no robust authentication. Only use on trusted networks.
2026-09-09 22:34:13,771 ERROR fastapi: Form data requires "python-multipart" to be installed. 
You can install "python-multipart" with: 

pip install python-multipart

2026-09-09 22:34:13,771 WARNING hermes_cli.web_server: Failed to load plugin kanban API routes: Form data requires "python-multipart" to be installed. 
You can install "python-multipart" with: 

pip install python-multipart

2026-09-09 22:34:13,776 WARNING hermes_cli.web_server: Binding to 0.0.0.0 with --insecure — the dashboard has no robust authentication. Only use on trusted networks.
2026-09-09 22:34:20,280 ERROR fastapi: Form data requires "python-multipart" to be installed. 
You can install "python-multipart" with: 

pip install python-multipart

2026-09-09 22:34:20,280 WARNING hermes_cli.web_server: Failed to load plugin kanban API routes: Form data requires "python-multipart" to be installed. 
You can install "python-multipart" with: 

pip install python-multipart

2026-09-09 22:34:20,285 WARNING hermes_cli.web_server: Binding to 0.0.0.0 with --insecure — the dashboard has no robust authentication. Only use on trusted networks.
2026-09-09 22:34:26,833 ERROR fastapi: Form data requires "python-multipart" to be installed. 
You can install "python-multipart" with: 

pip install python-multipart

2026-09-09 22:34:26,834 WARNING hermes_cli.web_server: Failed to load plugin kanban API routes: Form data requires "python-multipart" to be installed. 
You can install "python-multipart" with: 

pip install python-multipart

2026-09-09 22:34:26,838 WARNING hermes_cli.web_server: Binding to 0.0.0.0 with --insecure — the dashboard has no robust authentication. Only use on trusted networks.
2026-09-09 22:34:33,291 ERROR fastapi: Form data requires "python-multipart" to be installed. 
You can install "python-multipart" with: 

pip install python-multipart

2026-09-09 22:34:33,291 WARNING hermes_cli.web_server: Failed to load plugin kanban API routes: Form data requires "python-multipart" to be installed. 
You can install "python-multipart" with: 

pip install python-multipart

2026-09-09 22:34:33,296 WARNING hermes_cli.web_server: Binding to 0.0.0.0 with --insecure — the dashboard has no robust authentication. Only use on trusted networks.
2026-09-09 22:34:39,764 ERROR fastapi: Form data requires "python-multipart" to be installed. 
You can install "python-multipart" with: 

pip install python-multipart

2026-09-09 22:34:39,764 WARNING hermes_cli.web_server: Failed to load plugin kanban API routes: Form data requires "python-multipart" to be installed. 
You can install "python-multipart" with: 

pip install python-multipart

2026-09-09 22:34:39,769 WARNING hermes_cli.web_server: Binding to 0.0.0.0 with --insecure — the dashboard has no robust authentication. Only use on trusted networks.
2026-09-09 22:34:46,252 ERROR fastapi: Form data requires "python-multipart" to be installed. 
You can install "python-multipart" with: 

pip install python-multipart

2026-09-09 22:34:46,252 WARNING hermes_cli.web_server: Failed to load plugin kanban API routes: Form data requires "python-multipart" to be installed. 
You can install "python-multipart" with: 

pip install python-multipart

2026-09-09 22:34:46,257 WARNING hermes_cli.web_server: Binding to 0.0.0.0 with --insecure — the dashboard has no robust authentication. Only use on trusted networks.
2026-09-09 22:34:52,779 ERROR fastapi: Form data requires "python-multipart" to be installed. 
You can install "python-multipart" with: 

pip install python-multipart

2026-09-09 22:34:52,780 WARNING hermes_cli.web_server: Failed to load plugin kanban API routes: Form data requires "python-multipart" to be installed. 
You can install "python-multipart" with: 

pip install python-multipart

2026-09-09 22:34:52,785 WARNING hermes_cli.web_server: Binding to 0.0.0.0 with --insecure — the dashboard has no robust authentication. Only use on trusted networks.
2026-09-09 22:34:59,271 ERROR fastapi: Form data requires "python-multipart" to be installed. 
You can install "python-multipart" with: 

pip install python-multipart

2026-09-09 22:34:59,272 WARNING hermes_cli.web_server: Failed to load plugin kanban API routes: Form data requires "python-multipart" to be installed. 
You can install "python-multipart" with: 

pip install python-multipart

2026-09-09 22:34:59,276 WARNING hermes_cli.web_server: Binding to 0.0.0.0 with --insecure — the dashboard has no robust authentication. Only use on trusted networks.
2026-09-09 22:35:05,742 ERROR fastapi: Form data requires "python-multipart" to be installed. 
You can install "python-multipart" with: 

pip install python-multipart

2026-09-09 22:35:05,742 WARNING hermes_cli.web_server: Failed to load plugin kanban API routes: Form data requires "python-multipart" to be installed. 
You can install "python-multipart" with: 

pip install python-multipart

2026-09-09 22:35:05,747 WARNING hermes_cli.web_server: Binding to 0.0.0.0 with --insecure — the dashboard has no robust authentication. Only use on trusted networks.
2026-09-09 22:35:12,239 ERROR fastapi: Form data requires "python-multipart" to be installed. 
You can install "python-multipart" with: 

pip install python-multipart

2026-09-09 22:35:12,239 WARNING hermes_cli.web_server: Failed to load plugin kanban API routes: Form data requires "python-multipart" to be installed. 
You can install "python-multipart" with: 

pip install python-multipart

2026-09-09 22:35:12,244 WARNING hermes_cli.web_server: Binding to 0.0.0.0 with --insecure — the dashboard has no robust authentication. Only use on trusted networks.
2026-09-09 22:35:18,759 ERROR fastapi: Form data requires "python-multipart" to be installed. 
You can install "python-multipart" with: 

pip install python-multipart

2026-09-09 22:35:18,759 WARNING hermes_cli.web_server: Failed to load plugin kanban API routes: Form data requires "python-multipart" to be installed. 
You can install "python-multipart" with: 

pip install python-multipart

2026-09-09 22:35:18,764 WARNING hermes_cli.web_server: Binding to 0.0.0.0 with --insecure — the dashboard has no robust authentication. Only use on trusted networks.
2026-09-09 22:35:25,258 ERROR fastapi: Form data requires "python-multipart" to be installed. 
You can install "python-multipart" with: 

pip install python-multipart

2026-09-09 22:35:25,258 WARNING hermes_cli.web_server: Failed to load plugin kanban API routes: Form data requires "python-multipart" to be installed. 
You can install "python-multipart" with: 

pip install python-multipart

2026-09-09 22:35:25,263 WARNING hermes_cli.web_server: Binding to 0.0.0.0 with --insecure — the dashboard has no robust authentication. Only use on trusted networks.
2026-09-09 22:35:31,771 ERROR fastapi: Form data requires "python-multipart" to be installed. 
You can install "python-multipart" with: 

pip install python-multipart

2026-09-09 22:35:31,771 WARNING hermes_cli.web_server: Failed to load plugin kanban API routes: Form data requires "python-multipart" to be installed. 
You can install "python-multipart" with: 

pip install python-multipart

2026-09-09 22:35:31,776 WARNING hermes_cli.web_server: Binding to 0.0.0.0 with --insecure — the dashboard has no robust authentication. Only use on trusted networks.
2026-09-09 22:35:38,276 ERROR fastapi: Form data requires "python-multipart" to be installed. 
You can install "python-multipart" with: 

pip install python-multipart

2026-09-09 22:35:38,276 WARNING hermes_cli.web_server: Failed to load plugin kanban API routes: Form data requires "python-multipart" to be installed. 
You can install "python-multipart" with: 

pip install python-multipart

2026-09-09 22:35:38,281 WARNING hermes_cli.web_server: Binding to 0.0.0.0 with --insecure — the dashboard has no robust authentication. Only use on trusted networks.
2026-09-09 22:35:44,759 ERROR fastapi: Form data requires "python-multipart" to be installed. 
You can install "python-multipart" with: 

pip install python-multipart

2026-09-09 22:35:44,760 WARNING hermes_cli.web_server: Failed to load plugin kanban API routes: Form data requires "python-multipart" to be installed. 
You can install "python-multipart" with: 

pip install python-multipart

2026-09-09 22:35:44,765 WARNING hermes_cli.web_server: Binding to 0.0.0.0 with --insecure — the dashboard has no robust authentication. Only use on trusted networks.
2026-09-09 22:35:51,255 ERROR fastapi: Form data requires "python-multipart" to be installed. 
You can install "python-multipart" with: 

pip install python-multipart

2026-09-09 22:35:51,255 WARNING hermes_cli.web_server: Failed to load plugin kanban API routes: Form data requires "python-multipart" to be installed. 
You can install "python-multipart" with: 

pip install python-multipart

2026-09-09 22:35:51,260 WARNING hermes_cli.web_server: Binding to 0.0.0.0 with --insecure — the dashboard has no robust authentication. Only use on trusted networks.
2026-09-09 22:35:57,753 ERROR fastapi: Form data requires "python-multipart" to be installed. 
You can install "python-multipart" with: 

pip install python-multipart

2026-09-09 22:35:57,753 WARNING hermes_cli.web_server: Failed to load plugin kanban API routes: Form data requires "python-multipart" to be installed. 
You can install "python-multipart" with: 

pip install python-multipart

2026-09-09 22:35:57,758 WARNING hermes_cli.web_server: Binding to 0.0.0.0 with --insecure — the dashboard has no robust authentication. Only use on trusted networks.
2026-09-09 22:36:04,256 ERROR fastapi: Form data requires "python-multipart" to be installed. 
You can install "python-multipart" with: 

pip install python-multipart

2026-09-09 22:36:04,256 WARNING hermes_cli.web_server: Failed to load plugin kanban API routes: Form data requires "python-multipart" to be installed. 
You can install "python-multipart" with: 

pip install python-multipart

2026-09-09 22:36:04,261 WARNING hermes_cli.web_server: Binding to 0.0.0.0 with --insecure — the dashboard has no robust authentication. Only use on trusted networks.
2026-09-09 22:36:10,789 ERROR fastapi: Form data requires "python-multipart" to be installed. 
You can install "python-multipart" with: 

pip install python-multipart

2026-09-09 22:36:10,789 WARNING hermes_cli.web_server: Failed to load plugin kanban API routes: Form data requires "python-multipart" to be installed. 
You can install "python-multipart" with: 

pip install python-multipart

2026-09-09 22:36:10,795 WARNING hermes_cli.web_server: Binding to 0.0.0.0 with --insecure — the dashboard has no robust authentication. Only use on trusted networks.
2026-09-09 22:36:17,262 ERROR fastapi: Form data requires "python-multipart" to be installed. 
You can install "python-multipart" with: 

pip install python-multipart

2026-09-09 22:36:17,262 WARNING hermes_cli.web_server: Failed to load plugin kanban API routes: Form data requires "python-multipart" to be installed. 
You can install "python-multipart" with: 

pip install python-multipart

2026-09-09 22:36:17,267 WARNING hermes_cli.web_server: Binding to 0.0.0.0 with --insecure — the dashboard has no robust authentication. Only use on trusted networks.
2026-09-09 22:36:23,815 ERROR fastapi: Form data requires "python-multipart" to be installed. 
You can install "python-multipart" with: 

pip install python-multipart

2026-09-09 22:36:23,815 WARNING hermes_cli.web_server: Failed to load plugin kanban API routes: Form data requires "python-multipart" to be installed. 
You can install "python-multipart" with: 

pip install python-multipart

2026-09-09 22:36:23,820 WARNING hermes_cli.web_server: Binding to 0.0.0.0 with --insecure — the dashboard has no robust authentication. Only use on trusted networks.
2026-09-09 22:36:30,304 ERROR fastapi: Form data requires "python-multipart" to be installed. 
You can install "python-multipart" with: 

pip install python-multipart

2026-09-09 22:36:30,304 WARNING hermes_cli.web_server: Failed to load plugin kanban API routes: Form data requires "python-multipart" to be installed. 
You can install "python-multipart" with: 

pip install python-multipart

2026-09-09 22:36:30,309 WARNING hermes_cli.web_server: Binding to 0.0.0.0 with --insecure — the dashboard has no robust authentication. Only use on trusted networks.
2026-09-09 22:36:36,748 ERROR fastapi: Form data requires "python-multipart" to be installed. 
You can install "python-multipart" with: 

pip install python-multipart

2026-09-09 22:36:36,748 WARNING hermes_cli.web_server: Failed to load plugin kanban API routes: Form data requires "python-multipart" to be installed. 
You can install "python-multipart" with: 

pip install python-multipart

2026-09-09 22:36:36,753 WARNING hermes_cli.web_server: Binding to 0.0.0.0 with --insecure — the dashboard has no robust authentication. Only use on trusted networks.
2026-09-09 22:36:43,285 ERROR fastapi: Form data requires "python-multipart" to be installed. 
You can install "python-multipart" with: 

pip install python-multipart

2026-09-09 22:36:43,285 WARNING hermes_cli.web_server: Failed to load plugin kanban API routes: Form data requires "python-multipart" to be installed. 
You can install "python-multipart" with: 

pip install python-multipart

2026-09-09 22:36:43,291 WARNING hermes_cli.web_server: Binding to 0.0.0.0 with --insecure — the dashboard has no robust authentication. Only use on trusted networks.
2026-09-09 22:36:49,768 ERROR fastapi: Form data requires "python-multipart" to be installed. 
You can install "python-multipart" with: 

pip install python-multipart

2026-09-09 22:36:49,768 WARNING hermes_cli.web_server: Failed to load plugin kanban API routes: Form data requires "python-multipart" to be installed. 
You can install "python-multipart" with: 

pip install python-multipart

2026-09-09 22:36:49,773 WARNING hermes_cli.web_server: Binding to 0.0.0.0 with --insecure — the dashboard has no robust authentication. Only use on trusted networks.
2026-09-09 22:36:56,230 ERROR fastapi: Form data requires "python-multipart" to be installed. 
You can install "python-multipart" with: 

pip install python-multipart

2026-09-09 22:36:56,230 WARNING hermes_cli.web_server: Failed to load plugin kanban API routes: Form data requires "python-multipart" to be installed. 
You can install "python-multipart" with: 

pip install python-multipart

2026-09-09 22:36:56,236 WARNING hermes_cli.web_server: Binding to 0.0.0.0 with --insecure — the dashboard has no robust authentication. Only use on trusted networks.
2026-09-09 22:37:02,764 ERROR fastapi: Form data requires "python-multipart" to be installed. 
You can install "python-multipart" with: 

pip install python-multipart

2026-09-09 22:37:02,764 WARNING hermes_cli.web_server: Failed to load plugin kanban API routes: Form data requires "python-multipart" to be installed. 
You can install "python-multipart" with: 

pip install python-multipart

2026-09-09 22:37:02,769 WARNING hermes_cli.web_server: Binding to 0.0.0.0 with --insecure — the dashboard has no robust authentication. Only use on trusted networks.
2026-09-09 22:37:09,252 ERROR fastapi: Form data requires "python-multipart" to be installed. 
You can install "python-multipart" with: 

pip install python-multipart

2026-09-09 22:37:09,253 WARNING hermes_cli.web_server: Failed to load plugin kanban API routes: Form data requires "python-multipart" to be installed. 
You can install "python-multipart" with: 

pip install python-multipart

2026-09-09 22:37:09,257 WARNING hermes_cli.web_server: Binding to 0.0.0.0 with --insecure — the dashboard has no robust authentication. Only use on trusted networks.
2026-09-09 22:37:15,761 ERROR fastapi: Form data requires "python-multipart" to be installed. 
You can install "python-multipart" with: 

pip install python-multipart

2026-09-09 22:37:15,761 WARNING hermes_cli.web_server: Failed to load plugin kanban API routes: Form data requires "python-multipart" to be installed. 
You can install "python-multipart" with: 

pip install python-multipart

2026-09-09 22:37:15,766 WARNING hermes_cli.web_server: Binding to 0.0.0.0 with --insecure — the dashboard has no robust authentication. Only use on trusted networks.
2026-09-09 22:37:22,336 ERROR fastapi: Form data requires "python-multipart" to be installed. 
You can install "python-multipart" with: 

pip install python-multipart

2026-09-09 22:37:22,337 WARNING hermes_cli.web_server: Failed to load plugin kanban API routes: Form data requires "python-multipart" to be installed. 
You can install "python-multipart" with: 

pip install python-multipart

2026-09-09 22:37:22,342 WARNING hermes_cli.web_server: Binding to 0.0.0.0 with --insecure — the dashboard has no robust authentication. Only use on trusted networks.
2026-09-09 22:37:28,811 ERROR fastapi: Form data requires "python-multipart" to be installed. 
You can install "python-multipart" with: 

pip install python-multipart

2026-09-09 22:37:28,811 WARNING hermes_cli.web_server: Failed to load plugin kanban API routes: Form data requires "python-multipart" to be installed. 
You can install "python-multipart" with: 

pip install python-multipart

2026-09-09 22:37:28,816 WARNING hermes_cli.web_server: Binding to 0.0.0.0 with --insecure — the dashboard has no robust authentication. Only use on trusted networks.
2026-09-09 22:37:35,267 ERROR fastapi: Form data requires "python-multipart" to be installed. 
You can install "python-multipart" with: 

pip install python-multipart

2026-09-09 22:37:35,267 WARNING hermes_cli.web_server: Failed to load plugin kanban API routes: Form data requires "python-multipart" to be installed. 
You can install "python-multipart" with: 

pip install python-multipart

2026-09-09 22:37:35,272 WARNING hermes_cli.web_server: Binding to 0.0.0.0 with --insecure — the dashboard has no robust authentication. Only use on trusted networks.
2026-09-09 22:37:41,779 ERROR fastapi: Form data requires "python-multipart" to be installed. 
You can install "python-multipart" with: 

pip install python-multipart

2026-09-09 22:37:41,779 WARNING hermes_cli.web_server: Failed to load plugin kanban API routes: Form data requires "python-multipart" to be installed. 
You can install "python-multipart" with: 

pip install python-multipart

2026-09-09 22:37:41,784 WARNING hermes_cli.web_server: Binding to 0.0.0.0 with --insecure — the dashboard has no robust authentication. Only use on trusted networks.
2026-09-09 22:37:48,293 ERROR fastapi: Form data requires "python-multipart" to be installed. 
You can install "python-multipart" with: 

pip install python-multipart

2026-09-09 22:37:48,293 WARNING hermes_cli.web_server: Failed to load plugin kanban API routes: Form data requires "python-multipart" to be installed. 
You can install "python-multipart" with: 

pip install python-multipart

2026-09-09 22:37:48,300 WARNING hermes_cli.web_server: Binding to 0.0.0.0 with --insecure — the dashboard has no robust authentication. Only use on trusted networks.
2026-09-09 22:37:52,127 WARNING gateway.run: Shutdown context: signal=SIGTERM under_systemd=yes parent_pid=1 parent_name=systemd loadavg_1m=0.19 parent_cmdline='/usr/lib/systemd/systemd --system --deserialize=75 vultr'
2026-09-09 22:37:54,762 ERROR fastapi: Form data requires "python-multipart" to be installed. 
You can install "python-multipart" with: 

pip install python-multipart

2026-09-09 22:37:54,762 WARNING hermes_cli.web_server: Failed to load plugin kanban API routes: Form data requires "python-multipart" to be installed. 
You can install "python-multipart" with: 

pip install python-multipart

2026-09-09 22:37:54,767 WARNING hermes_cli.web_server: Binding to 0.0.0.0 with --insecure — the dashboard has no robust authentication. Only use on trusted networks.
2026-09-09 22:38:40,124 WARNING hermes_cli.config: providers.vultr: unknown config keys ignored: auth
2026-09-09 22:38:40,125 WARNING hermes_cli.config: providers.vultr: unknown config keys ignored: auth
2026-09-09 22:38:43,046 WARNING hermes_cli.config: providers.vultr: unknown config keys ignored: auth
2026-09-09 22:38:43,536 WARNING hermes_cli.config: providers.vultr: unknown config keys ignored: auth
2026-09-09 22:38:43,763 WARNING hermes_cli.config: providers.vultr: unknown config keys ignored: auth
2026-09-09 22:38:43,853 WARNING hermes_cli.config: providers.vultr: unknown config keys ignored: auth
2026-09-09 22:39:11,021 WARNING [20260909_182813_373926] agent.tool_executor: Tool terminal returned error (0.12s): {"output": "== REGRAS DO SERVIÇO (limites de tempo) ==\nRestart=always\nTimeoutStopUSec=3min 30s\nRuntimeMaxUSec=infinity\nWatchdogUSec=0\n\n== O QUE LOGOU NO MOMENTO DE UMA QUEDA (21:05:30-21:07:00) 
2026-09-09 22:42:55,105 WARNING gateway.run: Shutdown context: signal=SIGTERM under_systemd=yes parent_pid=109079 parent_name=systemd loadavg_1m=0.00 parent_cmdline='/usr/lib/systemd/systemd --user'
2026-09-09 22:42:55,281 ERROR fastapi: Form data requires "python-multipart" to be installed. 
You can install "python-multipart" with: 

pip install python-multipart

2026-09-09 22:42:55,281 WARNING hermes_cli.web_server: Failed to load plugin kanban API routes: Form data requires "python-multipart" to be installed. 
You can install "python-multipart" with: 

pip install python-multipart

2026-09-09 22:42:55,286 WARNING hermes_cli.web_server: Binding to 0.0.0.0 with --insecure — the dashboard has no robust authentication. Only use on trusted networks.
2026-09-09 22:43:01,729 ERROR fastapi: Form data requires "python-multipart" to be installed. 
You can install "python-multipart" with: 

pip install python-multipart

2026-09-09 22:43:01,729 WARNING hermes_cli.web_server: Failed to load plugin kanban API routes: Form data requires "python-multipart" to be installed. 
You can install "python-multipart" with: 

pip install python-multipart

2026-09-09 22:43:01,734 WARNING hermes_cli.web_server: Binding to 0.0.0.0 with --insecure — the dashboard has no robust authentication. Only use on trusted networks.
2026-09-09 22:43:05,111 WARNING gateway.run: Old gateway (PID 129649) did not exit after SIGTERM, sending SIGKILL.
2026-09-09 22:43:08,302 ERROR fastapi: Form data requires "python-multipart" to be installed. 
You can install "python-multipart" with: 

pip install python-multipart

2026-09-09 22:43:08,302 WARNING hermes_cli.web_server: Failed to load plugin kanban API routes: Form data requires "python-multipart" to be installed. 
You can install "python-multipart" with: 

pip install python-multipart

2026-09-09 22:43:08,308 WARNING hermes_cli.web_server: Binding to 0.0.0.0 with --insecure — the dashboard has no robust authentication. Only use on trusted networks.
2026-09-09 22:43:09,170 WARNING hermes_cli.config: providers.vultr: unknown config keys ignored: auth
2026-09-09 22:43:09,171 WARNING hermes_cli.config: providers.vultr: unknown config keys ignored: auth
2026-09-09 22:43:12,097 WARNING hermes_cli.config: providers.vultr: unknown config keys ignored: auth
2026-09-09 22:43:12,588 WARNING hermes_cli.config: providers.vultr: unknown config keys ignored: auth
2026-09-09 22:43:12,812 WARNING hermes_cli.config: providers.vultr: unknown config keys ignored: auth
2026-09-09 22:43:12,902 WARNING hermes_cli.config: providers.vultr: unknown config keys ignored: auth
2026-09-09 22:43:14,803 ERROR fastapi: Form data requires "python-multipart" to be installed. 
You can install "python-multipart" with: 

pip install python-multipart

2026-09-09 22:43:14,804 WARNING hermes_cli.web_server: Failed to load plugin kanban API routes: Form data requires "python-multipart" to be installed. 
You can install "python-multipart" with: 

pip install python-multipart

2026-09-09 22:43:14,809 WARNING hermes_cli.web_server: Binding to 0.0.0.0 with --insecure — the dashboard has no robust authentication. Only use on trusted networks.
2026-09-09 22:43:18,304 WARNING [20260909_182813_373926] agent.tool_executor: Tool terminal returned error (0.14s): {"output": "Failed to connect to bus: No medium found", "exit_code": 1, "error": null}
2026-09-09 22:43:21,239 ERROR fastapi: Form data requires "python-multipart" to be installed. 
You can install "python-multipart" with: 

pip install python-multipart

2026-09-09 22:43:21,239 WARNING hermes_cli.web_server: Failed to load plugin kanban API routes: Form data requires "python-multipart" to be installed. 
You can install "python-multipart" with: 

pip install python-multipart

2026-09-09 22:43:21,244 WARNING hermes_cli.web_server: Binding to 0.0.0.0 with --insecure — the dashboard has no robust authentication. Only use on trusted networks.
2026-09-09 22:43:27,757 ERROR fastapi: Form data requires "python-multipart" to be installed. 
You can install "python-multipart" with: 

pip install python-multipart

2026-09-09 22:43:27,757 WARNING hermes_cli.web_server: Failed to load plugin kanban API routes: Form data requires "python-multipart" to be installed. 
You can install "python-multipart" with: 

pip install python-multipart

2026-09-09 22:43:27,762 WARNING hermes_cli.web_server: Binding to 0.0.0.0 with --insecure — the dashboard has no robust authentication. Only use on trusted networks.
2026-09-09 22:43:34,240 ERROR fastapi: Form data requires "python-multipart" to be installed. 
You can install "python-multipart" with: 

pip install python-multipart

2026-09-09 22:43:34,240 WARNING hermes_cli.web_server: Failed to load plugin kanban API routes: Form data requires "python-multipart" to be installed. 
You can install "python-multipart" with: 

pip install python-multipart

2026-09-09 22:43:34,245 WARNING hermes_cli.web_server: Binding to 0.0.0.0 with --insecure — the dashboard has no robust authentication. Only use on trusted networks.
2026-09-09 22:43:40,793 ERROR fastapi: Form data requires "python-multipart" to be installed. 
You can install "python-multipart" with: 

pip install python-multipart

2026-09-09 22:43:40,794 WARNING hermes_cli.web_server: Failed to load plugin kanban API routes: Form data requires "python-multipart" to be installed. 
You can install "python-multipart" with: 

pip install python-multipart

2026-09-09 22:43:40,800 WARNING hermes_cli.web_server: Binding to 0.0.0.0 with --insecure — the dashboard has no robust authentication. Only use on trusted networks.
2026-09-09 22:43:47,280 ERROR fastapi: Form data requires "python-multipart" to be installed. 
You can install "python-multipart" with: 

pip install python-multipart

2026-09-09 22:43:47,280 WARNING hermes_cli.web_server: Failed to load plugin kanban API routes: Form data requires "python-multipart" to be installed. 
You can install "python-multipart" with: 

pip install python-multipart

2026-09-09 22:43:47,285 WARNING hermes_cli.web_server: Binding to 0.0.0.0 with --insecure — the dashboard has no robust authentication. Only use on trusted networks.
2026-09-09 22:43:53,753 ERROR fastapi: Form data requires "python-multipart" to be installed. 
You can install "python-multipart" with: 

pip install python-multipart

2026-09-09 22:43:53,753 WARNING hermes_cli.web_server: Failed to load plugin kanban API routes: Form data requires "python-multipart" to be installed. 
You can install "python-multipart" with: 

pip install python-multipart

2026-09-09 22:43:53,758 WARNING hermes_cli.web_server: Binding to 0.0.0.0 with --insecure — the dashboard has no robust authentication. Only use on trusted networks.
2026-09-09 22:44:00,234 ERROR fastapi: Form data requires "python-multipart" to be installed. 
You can install "python-multipart" with: 

pip install python-multipart

2026-09-09 22:44:00,234 WARNING hermes_cli.web_server: Failed to load plugin kanban API routes: Form data requires "python-multipart" to be installed. 
You can install "python-multipart" with: 

pip install python-multipart

2026-09-09 22:44:00,239 WARNING hermes_cli.web_server: Binding to 0.0.0.0 with --insecure — the dashboard has no robust authentication. Only use on trusted networks.
2026-09-09 22:44:06,763 ERROR fastapi: Form data requires "python-multipart" to be installed. 
You can install "python-multipart" with: 

pip install python-multipart

2026-09-09 22:44:06,763 WARNING hermes_cli.web_server: Failed to load plugin kanban API routes: Form data requires "python-multipart" to be installed. 
You can install "python-multipart" with: 

pip install python-multipart

2026-09-09 22:44:06,768 WARNING hermes_cli.web_server: Binding to 0.0.0.0 with --insecure — the dashboard has no robust authentication. Only use on trusted networks.
2026-09-09 22:44:13,239 ERROR fastapi: Form data requires "python-multipart" to be installed. 
You can install "python-multipart" with: 

pip install python-multipart

2026-09-09 22:44:13,239 WARNING hermes_cli.web_server: Failed to load plugin kanban API routes: Form data requires "python-multipart" to be installed. 
You can install "python-multipart" with: 

pip install python-multipart

2026-09-09 22:44:13,244 WARNING hermes_cli.web_server: Binding to 0.0.0.0 with --insecure — the dashboard has no robust authentication. Only use on trusted networks.
2026-09-09 22:44:19,761 ERROR fastapi: Form data requires "python-multipart" to be installed. 
You can install "python-multipart" with: 

pip install python-multipart

2026-09-09 22:44:19,762 WARNING hermes_cli.web_server: Failed to load plugin kanban API routes: Form data requires "python-multipart" to be installed. 
You can install "python-multipart" with: 

pip install python-multipart

2026-09-09 22:44:19,769 WARNING hermes_cli.web_server: Binding to 0.0.0.0 with --insecure — the dashboard has no robust authentication. Only use on trusted networks.
2026-09-09 22:44:21,652 WARNING hermes_cli.config: providers.vultr: unknown config keys ignored: auth
2026-09-09 22:44:21,652 WARNING hermes_cli.config: providers.vultr: unknown config keys ignored: auth
2026-09-09 22:44:23,255 WARNING [20260909_182813_373926] hermes_cli.config: providers.vultr: unknown config keys ignored: auth
2026-09-09 22:44:26,258 ERROR fastapi: Form data requires "python-multipart" to be installed. 
You can install "python-multipart" with: 

pip install python-multipart

2026-09-09 22:44:26,258 WARNING hermes_cli.web_server: Failed to load plugin kanban API routes: Form data requires "python-multipart" to be installed. 
You can install "python-multipart" with: 

pip install python-multipart

2026-09-09 22:44:26,263 WARNING hermes_cli.web_server: Binding to 0.0.0.0 with --insecure — the dashboard has no robust authentication. Only use on trusted networks.
2026-09-09 22:44:32,806 ERROR fastapi: Form data requires "python-multipart" to be installed. 
You can install "python-multipart" with: 

pip install python-multipart

2026-09-09 22:44:32,806 WARNING hermes_cli.web_server: Failed to load plugin kanban API routes: Form data requires "python-multipart" to be installed. 
You can install "python-multipart" with: 

pip install python-multipart

2026-09-09 22:44:32,811 WARNING hermes_cli.web_server: Binding to 0.0.0.0 with --insecure — the dashboard has no robust authentication. Only use on trusted networks.
2026-09-09 22:44:39,257 ERROR fastapi: Form data requires "python-multipart" to be installed. 
You can install "python-multipart" with: 

pip install python-multipart

2026-09-09 22:44:39,257 WARNING hermes_cli.web_server: Failed to load plugin kanban API routes: Form data requires "python-multipart" to be installed. 
You can install "python-multipart" with: 

pip install python-multipart

2026-09-09 22:44:39,262 WARNING hermes_cli.web_server: Binding to 0.0.0.0 with --insecure — the dashboard has no robust authentication. Only use on trusted networks.
2026-09-09 22:44:45,754 ERROR fastapi: Form data requires "python-multipart" to be installed. 
You can install "python-multipart" with: 

pip install python-multipart

2026-09-09 22:44:45,754 WARNING hermes_cli.web_server: Failed to load plugin kanban API routes: Form data requires "python-multipart" to be installed. 
You can install "python-multipart" with: 

pip install python-multipart

2026-09-09 22:44:45,759 WARNING hermes_cli.web_server: Binding to 0.0.0.0 with --insecure — the dashboard has no robust authentication. Only use on trusted networks.
2026-09-09 22:44:52,279 ERROR fastapi: Form data requires "python-multipart" to be installed. 
You can install "python-multipart" with: 

pip install python-multipart

2026-09-09 22:44:52,279 WARNING hermes_cli.web_server: Failed to load plugin kanban API routes: Form data requires "python-multipart" to be installed. 
You can install "python-multipart" with: 

pip install python-multipart

2026-09-09 22:44:52,284 WARNING hermes_cli.web_server: Binding to 0.0.0.0 with --insecure — the dashboard has no robust authentication. Only use on trusted networks.
2026-09-09 22:44:58,772 ERROR fastapi: Form data requires "python-multipart" to be installed. 
You can install "python-multipart" with: 

pip install python-multipart

2026-09-09 22:44:58,773 WARNING hermes_cli.web_server: Failed to load plugin kanban API routes: Form data requires "python-multipart" to be installed. 
You can install "python-multipart" with: 

pip install python-multipart

2026-09-09 22:44:58,777 WARNING hermes_cli.web_server: Binding to 0.0.0.0 with --insecure — the dashboard has no robust authentication. Only use on trusted networks.
2026-09-09 22:45:05,265 ERROR fastapi: Form data requires "python-multipart" to be installed. 
You can install "python-multipart" with: 

pip install python-multipart

2026-09-09 22:45:05,265 WARNING hermes_cli.web_server: Failed to load plugin kanban API routes: Form data requires "python-multipart" to be installed. 
You can install "python-multipart" with: 

pip install python-multipart

2026-09-09 22:45:05,270 WARNING hermes_cli.web_server: Binding to 0.0.0.0 with --insecure — the dashboard has no robust authentication. Only use on trusted networks.
2026-09-09 22:45:11,793 ERROR fastapi: Form data requires "python-multipart" to be installed. 
You can install "python-multipart" with: 

pip install python-multipart

2026-09-09 22:45:11,793 WARNING hermes_cli.web_server: Failed to load plugin kanban API routes: Form data requires "python-multipart" to be installed. 
You can install "python-multipart" with: 

pip install python-multipart

2026-09-09 22:45:11,798 WARNING hermes_cli.web_server: Binding to 0.0.0.0 with --insecure — the dashboard has no robust authentication. Only use on trusted networks.
2026-09-09 22:45:18,242 ERROR fastapi: Form data requires "python-multipart" to be installed. 
You can install "python-multipart" with: 

pip install python-multipart

2026-09-09 22:45:18,242 WARNING hermes_cli.web_server: Failed to load plugin kanban API routes: Form data requires "python-multipart" to be installed. 
You can install "python-multipart" with: 

pip install python-multipart

2026-09-09 22:45:18,247 WARNING hermes_cli.web_server: Binding to 0.0.0.0 with --insecure — the dashboard has no robust authentication. Only use on trusted networks.
2026-09-09 22:45:24,754 ERROR fastapi: Form data requires "python-multipart" to be installed. 
You can install "python-multipart" with: 

pip install python-multipart

2026-09-09 22:45:24,754 WARNING hermes_cli.web_server: Failed to load plugin kanban API routes: Form data requires "python-multipart" to be installed. 
You can install "python-multipart" with: 

pip install python-multipart

2026-09-09 22:45:24,759 WARNING hermes_cli.web_server: Binding to 0.0.0.0 with --insecure — the dashboard has no robust authentication. Only use on trusted networks.
2026-09-09 22:45:31,253 ERROR fastapi: Form data requires "python-multipart" to be installed. 
You can install "python-multipart" with: 

pip install python-multipart

2026-09-09 22:45:31,253 WARNING hermes_cli.web_server: Failed to load plugin kanban API routes: Form data requires "python-multipart" to be installed. 
You can install "python-multipart" with: 

pip install python-multipart

2026-09-09 22:45:31,258 WARNING hermes_cli.web_server: Binding to 0.0.0.0 with --insecure — the dashboard has no robust authentication. Only use on trusted networks.
2026-09-09 22:45:37,834 ERROR fastapi: Form data requires "python-multipart" to be installed. 
You can install "python-multipart" with: 

pip install python-multipart

2026-09-09 22:45:37,834 WARNING hermes_cli.web_server: Failed to load plugin kanban API routes: Form data requires "python-multipart" to be installed. 
You can install "python-multipart" with: 

pip install python-multipart

2026-09-09 22:45:37,839 WARNING hermes_cli.web_server: Binding to 0.0.0.0 with --insecure — the dashboard has no robust authentication. Only use on trusted networks.
2026-09-09 22:45:44,309 ERROR fastapi: Form data requires "python-multipart" to be installed. 
You can install "python-multipart" with: 

pip install python-multipart

2026-09-09 22:45:44,310 WARNING hermes_cli.web_server: Failed to load plugin kanban API routes: Form data requires "python-multipart" to be installed. 
You can install "python-multipart" with: 

pip install python-multipart

2026-09-09 22:45:44,315 WARNING hermes_cli.web_server: Binding to 0.0.0.0 with --insecure — the dashboard has no robust authentication. Only use on trusted networks.
2026-09-09 22:45:50,790 ERROR fastapi: Form data requires "python-multipart" to be installed. 
You can install "python-multipart" with: 

pip install python-multipart

2026-09-09 22:45:50,790 WARNING hermes_cli.web_server: Failed to load plugin kanban API routes: Form data requires "python-multipart" to be installed. 
You can install "python-multipart" with: 

pip install python-multipart

2026-09-09 22:45:50,796 WARNING hermes_cli.web_server: Binding to 0.0.0.0 with --insecure — the dashboard has no robust authentication. Only use on trusted networks.
2026-09-09 22:45:57,262 ERROR fastapi: Form data requires "python-multipart" to be installed. 
You can install "python-multipart" with: 

pip install python-multipart

2026-09-09 22:45:57,262 WARNING hermes_cli.web_server: Failed to load plugin kanban API routes: Form data requires "python-multipart" to be installed. 
You can install "python-multipart" with: 

pip install python-multipart

2026-09-09 22:45:57,268 WARNING hermes_cli.web_server: Binding to 0.0.0.0 with --insecure — the dashboard has no robust authentication. Only use on trusted networks.
2026-09-09 22:46:03,766 ERROR fastapi: Form data requires "python-multipart" to be installed. 
You can install "python-multipart" with: 

pip install python-multipart

2026-09-09 22:46:03,766 WARNING hermes_cli.web_server: Failed to load plugin kanban API routes: Form data requires "python-multipart" to be installed. 
You can install "python-multipart" with: 

pip install python-multipart

2026-09-09 22:46:03,771 WARNING hermes_cli.web_server: Binding to 0.0.0.0 with --insecure — the dashboard has no robust authentication. Only use on trusted networks.
2026-09-09 22:46:10,257 ERROR fastapi: Form data requires "python-multipart" to be installed. 
You can install "python-multipart" with: 

pip install python-multipart

2026-09-09 22:46:10,257 WARNING hermes_cli.web_server: Failed to load plugin kanban API routes: Form data requires "python-multipart" to be installed. 
You can install "python-multipart" with: 

pip install python-multipart

2026-09-09 22:46:10,262 WARNING hermes_cli.web_server: Binding to 0.0.0.0 with --insecure — the dashboard has no robust authentication. Only use on trusted networks.
2026-09-09 22:46:16,785 ERROR fastapi: Form data requires "python-multipart" to be installed. 
You can install "python-multipart" with: 

pip install python-multipart

2026-09-09 22:46:16,785 WARNING hermes_cli.web_server: Failed to load plugin kanban API routes: Form data requires "python-multipart" to be installed. 
You can install "python-multipart" with: 

pip install python-multipart

2026-09-09 22:46:16,790 WARNING hermes_cli.web_server: Binding to 0.0.0.0 with --insecure — the dashboard has no robust authentication. Only use on trusted networks.
2026-09-09 22:46:23,266 ERROR fastapi: Form data requires "python-multipart" to be installed. 
You can install "python-multipart" with: 

pip install python-multipart

2026-09-09 22:46:23,267 WARNING hermes_cli.web_server: Failed to load plugin kanban API routes: Form data requires "python-multipart" to be installed. 
You can install "python-multipart" with: 

pip install python-multipart

2026-09-09 22:46:23,272 WARNING hermes_cli.web_server: Binding to 0.0.0.0 with --insecure — the dashboard has no robust authentication. Only use on trusted networks.
2026-09-09 22:46:29,771 ERROR fastapi: Form data requires "python-multipart" to be installed. 
You can install "python-multipart" with: 

pip install python-multipart

2026-09-09 22:46:29,771 WARNING hermes_cli.web_server: Failed to load plugin kanban API routes: Form data requires "python-multipart" to be installed. 
You can install "python-multipart" with: 

pip install python-multipart

2026-09-09 22:46:29,776 WARNING hermes_cli.web_server: Binding to 0.0.0.0 with --insecure — the dashboard has no robust authentication. Only use on trusted networks.
2026-09-09 22:46:36,288 ERROR fastapi: Form data requires "python-multipart" to be installed. 
You can install "python-multipart" with: 

pip install python-multipart

2026-09-09 22:46:36,289 WARNING hermes_cli.web_server: Failed to load plugin kanban API routes: Form data requires "python-multipart" to be installed. 
You can install "python-multipart" with: 

pip install python-multipart

2026-09-09 22:46:36,293 WARNING hermes_cli.web_server: Binding to 0.0.0.0 with --insecure — the dashboard has no robust authentication. Only use on trusted networks.
2026-09-09 22:46:42,749 ERROR fastapi: Form data requires "python-multipart" to be installed. 
You can install "python-multipart" with: 

pip install python-multipart

2026-09-09 22:46:42,749 WARNING hermes_cli.web_server: Failed to load plugin kanban API routes: Form data requires "python-multipart" to be installed. 
You can install "python-multipart" with: 

pip install python-multipart

2026-09-09 22:46:42,754 WARNING hermes_cli.web_server: Binding to 0.0.0.0 with --insecure — the dashboard has no robust authentication. Only use on trusted networks.
2026-09-09 22:46:49,252 ERROR fastapi: Form data requires "python-multipart" to be installed. 
You can install "python-multipart" with: 

pip install python-multipart

2026-09-09 22:46:49,252 WARNING hermes_cli.web_server: Failed to load plugin kanban API routes: Form data requires "python-multipart" to be installed. 
You can install "python-multipart" with: 

pip install python-multipart

2026-09-09 22:46:49,257 WARNING hermes_cli.web_server: Binding to 0.0.0.0 with --insecure — the dashboard has no robust authentication. Only use on trusted networks.
2026-09-09 22:46:55,830 ERROR fastapi: Form data requires "python-multipart" to be installed. 
You can install "python-multipart" with: 

pip install python-multipart

2026-09-09 22:46:55,830 WARNING hermes_cli.web_server: Failed to load plugin kanban API routes: Form data requires "python-multipart" to be installed. 
You can install "python-multipart" with: 

pip install python-multipart

2026-09-09 22:46:55,835 WARNING hermes_cli.web_server: Binding to 0.0.0.0 with --insecure — the dashboard has no robust authentication. Only use on trusted networks.
2026-09-09 22:46:59,601 WARNING [20260909_182813_373926] tools.approval: Hardline block: system shutdown/reboot (command: echo "=== CICLO COMPLETO INTEIRO (22:33 → 22:44) SEM RETOQUE ==="
journalctl --user -u hermes-gateway.service --since "2026-09-09 22:33:00" --until "2026-09-09 22:44:30" --no-pager --output=short-iso )
2026-09-09 22:46:59,602 WARNING [20260909_182813_373926] agent.tool_executor: Tool terminal returned error (0.00s): {"output": "", "exit_code": -1, "error": "BLOCKED (hardline): system shutdown/reboot. This command is on the unconditional blocklist and cannot be executed via the agent — not even with --yolo, /yolo,
2026-09-09 22:47:02,283 ERROR fastapi: Form data requires "python-multipart" to be installed. 
You can install "python-multipart" with: 

pip install python-multipart

2026-09-09 22:47:02,283 WARNING hermes_cli.web_server: Failed to load plugin kanban API routes: Form data requires "python-multipart" to be installed. 
You can install "python-multipart" with: 

pip install python-multipart

2026-09-09 22:47:02,288 WARNING hermes_cli.web_server: Binding to 0.0.0.0 with --insecure — the dashboard has no robust authentication. Only use on trusted networks.
2026-09-09 22:47:08,755 ERROR fastapi: Form data requires "python-multipart" to be installed. 
You can install "python-multipart" with: 

pip install python-multipart

2026-09-09 22:47:08,755 WARNING hermes_cli.web_server: Failed to load plugin kanban API routes: Form data requires "python-multipart" to be installed. 
You can install "python-multipart" with: 

pip install python-multipart

2026-09-09 22:47:08,760 WARNING hermes_cli.web_server: Binding to 0.0.0.0 with --insecure — the dashboard has no robust authentication. Only use on trusted networks.
2026-09-09 22:47:11,113 WARNING agent.chat_completion_helpers: Streaming failed after partial delivery, not retrying: Internal Error
2026-09-09 22:47:11,115 WARNING [20260909_182813_373926] agent.chat_completion_helpers: Partial stream delivered before error; returning length-truncated stub with 307 chars of recovered content so the loop can continue from where the stream died: Internal Error
2026-09-09 22:47:15,280 ERROR fastapi: Form data requires "python-multipart" to be installed. 
You can install "python-multipart" with: 

pip install python-multipart

2026-09-09 22:47:15,280 WARNING hermes_cli.web_server: Failed to load plugin kanban API routes: Form data requires "python-multipart" to be installed. 
You can install "python-multipart" with: 

pip install python-multipart

2026-09-09 22:47:15,285 WARNING hermes_cli.web_server: Binding to 0.0.0.0 with --insecure — the dashboard has no robust authentication. Only use on trusted networks.
2026-09-09 22:47:21,782 ERROR fastapi: Form data requires "python-multipart" to be installed. 
You can install "python-multipart" with: 

pip install python-multipart

2026-09-09 22:47:21,783 WARNING hermes_cli.web_server: Failed to load plugin kanban API routes: Form data requires "python-multipart" to be installed. 
You can install "python-multipart" with: 

pip install python-multipart

2026-09-09 22:47:21,788 WARNING hermes_cli.web_server: Binding to 0.0.0.0 with --insecure — the dashboard has no robust authentication. Only use on trusted networks.
2026-09-09 22:47:28,248 ERROR fastapi: Form data requires "python-multipart" to be installed. 
You can install "python-multipart" with: 

pip install python-multipart

2026-09-09 22:47:28,248 WARNING hermes_cli.web_server: Failed to load plugin kanban API routes: Form data requires "python-multipart" to be installed. 
You can install "python-multipart" with: 

pip install python-multipart

2026-09-09 22:47:28,253 WARNING hermes_cli.web_server: Binding to 0.0.0.0 with --insecure — the dashboard has no robust authentication. Only use on trusted networks.
2026-09-09 22:47:34,798 ERROR fastapi: Form data requires "python-multipart" to be installed. 
You can install "python-multipart" with: 

pip install python-multipart

2026-09-09 22:47:34,799 WARNING hermes_cli.web_server: Failed to load plugin kanban API routes: Form data requires "python-multipart" to be installed. 
You can install "python-multipart" with: 

pip install python-multipart

2026-09-09 22:47:34,803 WARNING hermes_cli.web_server: Binding to 0.0.0.0 with --insecure — the dashboard has no robust authentication. Only use on trusted networks.
2026-09-09 22:47:41,292 ERROR fastapi: Form data requires "python-multipart" to be installed. 
You can install "python-multipart" with: 

pip install python-multipart

2026-09-09 22:47:41,293 WARNING hermes_cli.web_server: Failed to load plugin kanban API routes: Form data requires "python-multipart" to be installed. 
You can install "python-multipart" with: 

pip install python-multipart

2026-09-09 22:47:41,297 WARNING hermes_cli.web_server: Binding to 0.0.0.0 with --insecure — the dashboard has no robust authentication. Only use on trusted networks.
2026-09-09 22:47:43,139 WARNING hermes_cli.config: providers.vultr: unknown config keys ignored: auth
2026-09-09 22:47:47,739 ERROR fastapi: Form data requires "python-multipart" to be installed. 
You can install "python-multipart" with: 

pip install python-multipart

2026-09-09 22:47:47,739 WARNING hermes_cli.web_server: Failed to load plugin kanban API routes: Form data requires "python-multipart" to be installed. 
You can install "python-multipart" with: 

pip install python-multipart

2026-09-09 22:47:47,744 WARNING hermes_cli.web_server: Binding to 0.0.0.0 with --insecure — the dashboard has no robust authentication. Only use on trusted networks.
2026-09-09 22:47:54,049 ERROR fastapi: Form data requires "python-multipart" to be installed. 
You can install "python-multipart" with: 

pip install python-multipart

2026-09-09 22:47:54,049 WARNING hermes_cli.web_server: Failed to load plugin kanban API routes: Form data requires "python-multipart" to be installed. 
You can install "python-multipart" with: 

pip install python-multipart

2026-09-09 22:47:54,054 WARNING hermes_cli.web_server: Binding to 0.0.0.0 with --insecure — the dashboard has no robust authentication. Only use on trusted networks.
2026-09-09 22:48:00,550 ERROR fastapi: Form data requires "python-multipart" to be installed. 
You can install "python-multipart" with: 

pip install python-multipart

2026-09-09 22:48:00,550 WARNING hermes_cli.web_server: Failed to load plugin kanban API routes: Form data requires "python-multipart" to be installed. 
You can install "python-multipart" with: 

pip install python-multipart

2026-09-09 22:48:00,555 WARNING hermes_cli.web_server: Binding to 0.0.0.0 with --insecure — the dashboard has no robust authentication. Only use on trusted networks.
2026-09-09 22:48:06,402 WARNING gateway.run: Shutdown context: signal=SIGTERM under_systemd=yes parent_pid=1 parent_name=systemd loadavg_1m=0.63 parent_cmdline='/usr/lib/systemd/systemd --system --deserialize=75 vultr'
2026-09-09 22:48:07,099 ERROR fastapi: Form data requires "python-multipart" to be installed. 
You can install "python-multipart" with: 

pip install python-multipart

2026-09-09 22:48:07,099 WARNING hermes_cli.web_server: Failed to load plugin kanban API routes: Form data requires "python-multipart" to be installed. 
You can install "python-multipart" with: 

pip install python-multipart

2026-09-09 22:48:07,104 WARNING hermes_cli.web_server: Binding to 0.0.0.0 with --insecure — the dashboard has no robust authentication. Only use on trusted networks.
2026-09-09 22:53:08,626 WARNING gateway.run: Shutdown context: signal=SIGTERM under_systemd=yes parent_pid=109079 parent_name=systemd loadavg_1m=0.00 parent_cmdline='/usr/lib/systemd/systemd --user'
2026-09-09 22:53:08,767 ERROR fastapi: Form data requires "python-multipart" to be installed. 
You can install "python-multipart" with: 

pip install python-multipart

2026-09-09 22:53:08,768 WARNING hermes_cli.web_server: Failed to load plugin kanban API routes: Form data requires "python-multipart" to be installed. 
You can install "python-multipart" with: 

pip install python-multipart

2026-09-09 22:53:08,772 WARNING hermes_cli.web_server: Binding to 0.0.0.0 with --insecure — the dashboard has no robust authentication. Only use on trusted networks.
2026-09-09 22:53:15,258 ERROR fastapi: Form data requires "python-multipart" to be installed. 
You can install "python-multipart" with: 

pip install python-multipart

2026-09-09 22:53:15,258 WARNING hermes_cli.web_server: Failed to load plugin kanban API routes: Form data requires "python-multipart" to be installed. 
You can install "python-multipart" with: 

pip install python-multipart

2026-09-09 22:53:15,263 WARNING hermes_cli.web_server: Binding to 0.0.0.0 with --insecure — the dashboard has no robust authentication. Only use on trusted networks.
2026-09-09 22:53:21,810 ERROR fastapi: Form data requires "python-multipart" to be installed. 
You can install "python-multipart" with: 

pip install python-multipart

2026-09-09 22:53:21,810 WARNING hermes_cli.web_server: Failed to load plugin kanban API routes: Form data requires "python-multipart" to be installed. 
You can install "python-multipart" with: 

pip install python-multipart

2026-09-09 22:53:21,815 WARNING hermes_cli.web_server: Binding to 0.0.0.0 with --insecure — the dashboard has no robust authentication. Only use on trusted networks.
2026-09-09 22:53:28,257 ERROR fastapi: Form data requires "python-multipart" to be installed. 
You can install "python-multipart" with: 

pip install python-multipart

2026-09-09 22:53:28,258 WARNING hermes_cli.web_server: Failed to load plugin kanban API routes: Form data requires "python-multipart" to be installed. 
You can install "python-multipart" with: 

pip install python-multipart

2026-09-09 22:53:28,262 WARNING hermes_cli.web_server: Binding to 0.0.0.0 with --insecure — the dashboard has no robust authentication. Only use on trusted networks.
2026-09-09 22:53:34,761 ERROR fastapi: Form data requires "python-multipart" to be installed. 
You can install "python-multipart" with: 

pip install python-multipart

2026-09-09 22:53:34,762 WARNING hermes_cli.web_server: Failed to load plugin kanban API routes: Form data requires "python-multipart" to be installed. 
You can install "python-multipart" with: 

pip install python-multipart

2026-09-09 22:53:34,766 WARNING hermes_cli.web_server: Binding to 0.0.0.0 with --insecure — the dashboard has no robust authentication. Only use on trusted networks.
2026-09-09 22:53:41,258 ERROR fastapi: Form data requires "python-multipart" to be installed. 
You can install "python-multipart" with: 

pip install python-multipart

2026-09-09 22:53:41,258 WARNING hermes_cli.web_server: Failed to load plugin kanban API routes: Form data requires "python-multipart" to be installed. 
You can install "python-multipart" with: 

pip install python-multipart

2026-09-09 22:53:41,263 WARNING hermes_cli.web_server: Binding to 0.0.0.0 with --insecure — the dashboard has no robust authentication. Only use on trusted networks.
2026-09-09 22:53:47,758 ERROR fastapi: Form data requires "python-multipart" to be installed. 
You can install "python-multipart" with: 

pip install python-multipart

2026-09-09 22:53:47,758 WARNING hermes_cli.web_server: Failed to load plugin kanban API routes: Form data requires "python-multipart" to be installed. 
You can install "python-multipart" with: 

pip install python-multipart

2026-09-09 22:53:47,763 WARNING hermes_cli.web_server: Binding to 0.0.0.0 with --insecure — the dashboard has no robust authentication. Only use on trusted networks.
2026-09-09 22:53:54,256 ERROR fastapi: Form data requires "python-multipart" to be installed. 
You can install "python-multipart" with: 

pip install python-multipart

2026-09-09 22:53:54,256 WARNING hermes_cli.web_server: Failed to load plugin kanban API routes: Form data requires "python-multipart" to be installed. 
You can install "python-multipart" with: 

pip install python-multipart

2026-09-09 22:53:54,261 WARNING hermes_cli.web_server: Binding to 0.0.0.0 with --insecure — the dashboard has no robust authentication. Only use on trusted networks.
2026-09-09 22:54:00,761 ERROR fastapi: Form data requires "python-multipart" to be installed. 
You can install "python-multipart" with: 

pip install python-multipart

2026-09-09 22:54:00,761 WARNING hermes_cli.web_server: Failed to load plugin kanban API routes: Form data requires "python-multipart" to be installed. 
You can install "python-multipart" with: 

pip install python-multipart

2026-09-09 22:54:00,766 WARNING hermes_cli.web_server: Binding to 0.0.0.0 with --insecure — the dashboard has no robust authentication. Only use on trusted networks.
2026-09-09 22:54:07,245 ERROR fastapi: Form data requires "python-multipart" to be installed. 
You can install "python-multipart" with: 

pip install python-multipart

2026-09-09 22:54:07,246 WARNING hermes_cli.web_server: Failed to load plugin kanban API routes: Form data requires "python-multipart" to be installed. 
You can install "python-multipart" with: 

pip install python-multipart

2026-09-09 22:54:07,250 WARNING hermes_cli.web_server: Binding to 0.0.0.0 with --insecure — the dashboard has no robust authentication. Only use on trusted networks.
2026-09-09 22:54:13,765 ERROR fastapi: Form data requires "python-multipart" to be installed. 
You can install "python-multipart" with: 

pip install python-multipart

2026-09-09 22:54:13,765 WARNING hermes_cli.web_server: Failed to load plugin kanban API routes: Form data requires "python-multipart" to be installed. 
You can install "python-multipart" with: 

pip install python-multipart

2026-09-09 22:54:13,770 WARNING hermes_cli.web_server: Binding to 0.0.0.0 with --insecure — the dashboard has no robust authentication. Only use on trusted networks.
2026-09-09 22:54:20,250 ERROR fastapi: Form data requires "python-multipart" to be installed. 
You can install "python-multipart" with: 

pip install python-multipart

2026-09-09 22:54:20,250 WARNING hermes_cli.web_server: Failed to load plugin kanban API routes: Form data requires "python-multipart" to be installed. 
You can install "python-multipart" with: 

pip install python-multipart

2026-09-09 22:54:20,255 WARNING hermes_cli.web_server: Binding to 0.0.0.0 with --insecure — the dashboard has no robust authentication. Only use on trusted networks.
2026-09-09 22:54:26,743 ERROR fastapi: Form data requires "python-multipart" to be installed. 
You can install "python-multipart" with: 

pip install python-multipart

2026-09-09 22:54:26,743 WARNING hermes_cli.web_server: Failed to load plugin kanban API routes: Form data requires "python-multipart" to be installed. 
You can install "python-multipart" with: 

pip install python-multipart

2026-09-09 22:54:26,748 WARNING hermes_cli.web_server: Binding to 0.0.0.0 with --insecure — the dashboard has no robust authentication. Only use on trusted networks.
2026-09-09 22:54:33,283 ERROR fastapi: Form data requires "python-multipart" to be installed. 
You can install "python-multipart" with: 

pip install python-multipart

2026-09-09 22:54:33,283 WARNING hermes_cli.web_server: Failed to load plugin kanban API routes: Form data requires "python-multipart" to be installed. 
You can install "python-multipart" with: 

pip install python-multipart

2026-09-09 22:54:33,288 WARNING hermes_cli.web_server: Binding to 0.0.0.0 with --insecure — the dashboard has no robust authentication. Only use on trusted networks.
2026-09-09 22:54:39,774 ERROR fastapi: Form data requires "python-multipart" to be installed. 
You can install "python-multipart" with: 

pip install python-multipart

2026-09-09 22:54:39,774 WARNING hermes_cli.web_server: Failed to load plugin kanban API routes: Form data requires "python-multipart" to be installed. 
You can install "python-multipart" with: 

pip install python-multipart

2026-09-09 22:54:39,779 WARNING hermes_cli.web_server: Binding to 0.0.0.0 with --insecure — the dashboard has no robust authentication. Only use on trusted networks.
2026-09-09 22:54:46,313 ERROR fastapi: Form data requires "python-multipart" to be installed. 
You can install "python-multipart" with: 

pip install python-multipart

2026-09-09 22:54:46,313 WARNING hermes_cli.web_server: Failed to load plugin kanban API routes: Form data requires "python-multipart" to be installed. 
You can install "python-multipart" with: 

pip install python-multipart

2026-09-09 22:54:46,318 WARNING hermes_cli.web_server: Binding to 0.0.0.0 with --insecure — the dashboard has no robust authentication. Only use on trusted networks.
2026-09-09 22:54:52,757 ERROR fastapi: Form data requires "python-multipart" to be installed. 
You can install "python-multipart" with: 

pip install python-multipart

2026-09-09 22:54:52,757 WARNING hermes_cli.web_server: Failed to load plugin kanban API routes: Form data requires "python-multipart" to be installed. 
You can install "python-multipart" with: 

pip install python-multipart

2026-09-09 22:54:52,762 WARNING hermes_cli.web_server: Binding to 0.0.0.0 with --insecure — the dashboard has no robust authentication. Only use on trusted networks.
2026-09-09 22:54:59,278 ERROR fastapi: Form data requires "python-multipart" to be installed. 
You can install "python-multipart" with: 

pip install python-multipart

2026-09-09 22:54:59,279 WARNING hermes_cli.web_server: Failed to load plugin kanban API routes: Form data requires "python-multipart" to be installed. 
You can install "python-multipart" with: 

pip install python-multipart

2026-09-09 22:54:59,283 WARNING hermes_cli.web_server: Binding to 0.0.0.0 with --insecure — the dashboard has no robust authentication. Only use on trusted networks.
2026-09-09 22:55:05,813 ERROR fastapi: Form data requires "python-multipart" to be installed. 
You can install "python-multipart" with: 

pip install python-multipart

2026-09-09 22:55:05,813 WARNING hermes_cli.web_server: Failed to load plugin kanban API routes: Form data requires "python-multipart" to be installed. 
You can install "python-multipart" with: 

pip install python-multipart

2026-09-09 22:55:05,818 WARNING hermes_cli.web_server: Binding to 0.0.0.0 with --insecure — the dashboard has no robust authentication. Only use on trusted networks.
2026-09-09 22:55:12,252 ERROR fastapi: Form data requires "python-multipart" to be installed. 
You can install "python-multipart" with: 

pip install python-multipart

2026-09-09 22:55:12,252 WARNING hermes_cli.web_server: Failed to load plugin kanban API routes: Form data requires "python-multipart" to be installed. 
You can install "python-multipart" with: 

pip install python-multipart

2026-09-09 22:55:12,257 WARNING hermes_cli.web_server: Binding to 0.0.0.0 with --insecure — the dashboard has no robust authentication. Only use on trusted networks.
2026-09-09 22:55:18,772 ERROR fastapi: Form data requires "python-multipart" to be installed. 
You can install "python-multipart" with: 

pip install python-multipart

2026-09-09 22:55:18,773 WARNING hermes_cli.web_server: Failed to load plugin kanban API routes: Form data requires "python-multipart" to be installed. 
You can install "python-multipart" with: 

pip install python-multipart

2026-09-09 22:55:18,777 WARNING hermes_cli.web_server: Binding to 0.0.0.0 with --insecure — the dashboard has no robust authentication. Only use on trusted networks.
2026-09-09 22:55:25,265 ERROR fastapi: Form data requires "python-multipart" to be installed. 
You can install "python-multipart" with: 

pip install python-multipart

2026-09-09 22:55:25,266 WARNING hermes_cli.web_server: Failed to load plugin kanban API routes: Form data requires "python-multipart" to be installed. 
You can install "python-multipart" with: 

pip install python-multipart

2026-09-09 22:55:25,270 WARNING hermes_cli.web_server: Binding to 0.0.0.0 with --insecure — the dashboard has no robust authentication. Only use on trusted networks.
2026-09-09 22:55:31,751 ERROR fastapi: Form data requires "python-multipart" to be installed. 
You can install "python-multipart" with: 

pip install python-multipart

2026-09-09 22:55:31,751 WARNING hermes_cli.web_server: Failed to load plugin kanban API routes: Form data requires "python-multipart" to be installed. 
You can install "python-multipart" with: 

pip install python-multipart

2026-09-09 22:55:31,756 WARNING hermes_cli.web_server: Binding to 0.0.0.0 with --insecure — the dashboard has no robust authentication. Only use on trusted networks.
2026-09-09 22:55:38,252 ERROR fastapi: Form data requires "python-multipart" to be installed. 
You can install "python-multipart" with: 

pip install python-multipart

2026-09-09 22:55:38,253 WARNING hermes_cli.web_server: Failed to load plugin kanban API routes: Form data requires "python-multipart" to be installed. 
You can install "python-multipart" with: 

pip install python-multipart

2026-09-09 22:55:38,257 WARNING hermes_cli.web_server: Binding to 0.0.0.0 with --insecure — the dashboard has no robust authentication. Only use on trusted networks.
2026-09-09 22:55:44,749 ERROR fastapi: Form data requires "python-multipart" to be installed. 
You can install "python-multipart" with: 

pip install python-multipart

2026-09-09 22:55:44,749 WARNING hermes_cli.web_server: Failed to load plugin kanban API routes: Form data requires "python-multipart" to be installed. 
You can install "python-multipart" with: 

pip install python-multipart

2026-09-09 22:55:44,755 WARNING hermes_cli.web_server: Binding to 0.0.0.0 with --insecure — the dashboard has no robust authentication. Only use on trusted networks.
2026-09-09 22:55:51,318 ERROR fastapi: Form data requires "python-multipart" to be installed. 
You can install "python-multipart" with: 

pip install python-multipart

2026-09-09 22:55:51,318 WARNING hermes_cli.web_server: Failed to load plugin kanban API routes: Form data requires "python-multipart" to be installed. 
You can install "python-multipart" with: 

pip install python-multipart

2026-09-09 22:55:51,323 WARNING hermes_cli.web_server: Binding to 0.0.0.0 with --insecure — the dashboard has no robust authentication. Only use on trusted networks.
2026-09-09 22:55:57,773 ERROR fastapi: Form data requires "python-multipart" to be installed. 
You can install "python-multipart" with: 

pip install python-multipart

2026-09-09 22:55:57,773 WARNING hermes_cli.web_server: Failed to load plugin kanban API routes: Form data requires "python-multipart" to be installed. 
You can install "python-multipart" with: 

pip install python-multipart

2026-09-09 22:55:57,778 WARNING hermes_cli.web_server: Binding to 0.0.0.0 with --insecure — the dashboard has no robust authentication. Only use on trusted networks.
2026-09-09 22:56:04,245 ERROR fastapi: Form data requires "python-multipart" to be installed. 
You can install "python-multipart" with: 

pip install python-multipart

2026-09-09 22:56:04,245 WARNING hermes_cli.web_server: Failed to load plugin kanban API routes: Form data requires "python-multipart" to be installed. 
You can install "python-multipart" with: 

pip install python-multipart

2026-09-09 22:56:04,250 WARNING hermes_cli.web_server: Binding to 0.0.0.0 with --insecure — the dashboard has no robust authentication. Only use on trusted networks.
2026-09-09 22:56:10,829 ERROR fastapi: Form data requires "python-multipart" to be installed. 
You can install "python-multipart" with: 

pip install python-multipart

2026-09-09 22:56:10,829 WARNING hermes_cli.web_server: Failed to load plugin kanban API routes: Form data requires "python-multipart" to be installed. 
You can install "python-multipart" with: 

pip install python-multipart

2026-09-09 22:56:10,834 WARNING hermes_cli.web_server: Binding to 0.0.0.0 with --insecure — the dashboard has no robust authentication. Only use on trusted networks.
2026-09-09 22:56:17,235 ERROR fastapi: Form data requires "python-multipart" to be installed. 
You can install "python-multipart" with: 

pip install python-multipart

2026-09-09 22:56:17,235 WARNING hermes_cli.web_server: Failed to load plugin kanban API routes: Form data requires "python-multipart" to be installed. 
You can install "python-multipart" with: 

pip install python-multipart

2026-09-09 22:56:17,240 WARNING hermes_cli.web_server: Binding to 0.0.0.0 with --insecure — the dashboard has no robust authentication. Only use on trusted networks.
2026-09-09 22:56:23,749 ERROR fastapi: Form data requires "python-multipart" to be installed. 
You can install "python-multipart" with: 

pip install python-multipart

2026-09-09 22:56:23,749 WARNING hermes_cli.web_server: Failed to load plugin kanban API routes: Form data requires "python-multipart" to be installed. 
You can install "python-multipart" with: 

pip install python-multipart

2026-09-09 22:56:23,754 WARNING hermes_cli.web_server: Binding to 0.0.0.0 with --insecure — the dashboard has no robust authentication. Only use on trusted networks.
2026-09-09 22:56:30,231 ERROR fastapi: Form data requires "python-multipart" to be installed. 
You can install "python-multipart" with: 

pip install python-multipart

2026-09-09 22:56:30,231 WARNING hermes_cli.web_server: Failed to load plugin kanban API routes: Form data requires "python-multipart" to be installed. 
You can install "python-multipart" with: 

pip install python-multipart

2026-09-09 22:56:30,236 WARNING hermes_cli.web_server: Binding to 0.0.0.0 with --insecure — the dashboard has no robust authentication. Only use on trusted networks.
2026-09-09 22:56:36,796 ERROR fastapi: Form data requires "python-multipart" to be installed. 
You can install "python-multipart" with: 

pip install python-multipart

2026-09-09 22:56:36,796 WARNING hermes_cli.web_server: Failed to load plugin kanban API routes: Form data requires "python-multipart" to be installed. 
You can install "python-multipart" with: 

pip install python-multipart

2026-09-09 22:56:36,801 WARNING hermes_cli.web_server: Binding to 0.0.0.0 with --insecure — the dashboard has no robust authentication. Only use on trusted networks.
2026-09-09 22:56:43,263 ERROR fastapi: Form data requires "python-multipart" to be installed. 
You can install "python-multipart" with: 

pip install python-multipart

2026-09-09 22:56:43,263 WARNING hermes_cli.web_server: Failed to load plugin kanban API routes: Form data requires "python-multipart" to be installed. 
You can install "python-multipart" with: 

pip install python-multipart

2026-09-09 22:56:43,267 WARNING hermes_cli.web_server: Binding to 0.0.0.0 with --insecure — the dashboard has no robust authentication. Only use on trusted networks.
2026-09-09 22:56:49,747 ERROR fastapi: Form data requires "python-multipart" to be installed. 
You can install "python-multipart" with: 

pip install python-multipart

2026-09-09 22:56:49,747 WARNING hermes_cli.web_server: Failed to load plugin kanban API routes: Form data requires "python-multipart" to be installed. 
You can install "python-multipart" with: 

pip install python-multipart

2026-09-09 22:56:49,752 WARNING hermes_cli.web_server: Binding to 0.0.0.0 with --insecure — the dashboard has no robust authentication. Only use on trusted networks.
2026-09-09 22:56:56,267 ERROR fastapi: Form data requires "python-multipart" to be installed. 
You can install "python-multipart" with: 

pip install python-multipart

2026-09-09 22:56:56,268 WARNING hermes_cli.web_server: Failed to load plugin kanban API routes: Form data requires "python-multipart" to be installed. 
You can install "python-multipart" with: 

pip install python-multipart

2026-09-09 22:56:56,273 WARNING hermes_cli.web_server: Binding to 0.0.0.0 with --insecure — the dashboard has no robust authentication. Only use on trusted networks.
2026-09-09 22:57:02,760 ERROR fastapi: Form data requires "python-multipart" to be installed. 
You can install "python-multipart" with: 

pip install python-multipart

2026-09-09 22:57:02,760 WARNING hermes_cli.web_server: Failed to load plugin kanban API routes: Form data requires "python-multipart" to be installed. 
You can install "python-multipart" with: 

pip install python-multipart

2026-09-09 22:57:02,765 WARNING hermes_cli.web_server: Binding to 0.0.0.0 with --insecure — the dashboard has no robust authentication. Only use on trusted networks.
2026-09-09 22:57:09,271 ERROR fastapi: Form data requires "python-multipart" to be installed. 
You can install "python-multipart" with: 

pip install python-multipart

2026-09-09 22:57:09,271 WARNING hermes_cli.web_server: Failed to load plugin kanban API routes: Form data requires "python-multipart" to be installed. 
You can install "python-multipart" with: 

pip install python-multipart

2026-09-09 22:57:09,276 WARNING hermes_cli.web_server: Binding to 0.0.0.0 with --insecure — the dashboard has no robust authentication. Only use on trusted networks.
2026-09-09 22:57:15,759 ERROR fastapi: Form data requires "python-multipart" to be installed. 
You can install "python-multipart" with: 

pip install python-multipart

2026-09-09 22:57:15,759 WARNING hermes_cli.web_server: Failed to load plugin kanban API routes: Form data requires "python-multipart" to be installed. 
You can install "python-multipart" with: 

pip install python-multipart

2026-09-09 22:57:15,764 WARNING hermes_cli.web_server: Binding to 0.0.0.0 with --insecure — the dashboard has no robust authentication. Only use on trusted networks.
2026-09-09 22:57:22,241 ERROR fastapi: Form data requires "python-multipart" to be installed. 
You can install "python-multipart" with: 

pip install python-multipart

2026-09-09 22:57:22,241 WARNING hermes_cli.web_server: Failed to load plugin kanban API routes: Form data requires "python-multipart" to be installed. 
You can install "python-multipart" with: 

pip install python-multipart

2026-09-09 22:57:22,246 WARNING hermes_cli.web_server: Binding to 0.0.0.0 with --insecure — the dashboard has no robust authentication. Only use on trusted networks.
2026-09-09 22:57:28,821 ERROR fastapi: Form data requires "python-multipart" to be installed. 
You can install "python-multipart" with: 

pip install python-multipart

2026-09-09 22:57:28,821 WARNING hermes_cli.web_server: Failed to load plugin kanban API routes: Form data requires "python-multipart" to be installed. 
You can install "python-multipart" with: 

pip install python-multipart

2026-09-09 22:57:28,826 WARNING hermes_cli.web_server: Binding to 0.0.0.0 with --insecure — the dashboard has no robust authentication. Only use on trusted networks.
2026-09-09 22:57:35,275 ERROR fastapi: Form data requires "python-multipart" to be installed. 
You can install "python-multipart" with: 

pip install python-multipart

2026-09-09 22:57:35,276 WARNING hermes_cli.web_server: Failed to load plugin kanban API routes: Form data requires "python-multipart" to be installed. 
You can install "python-multipart" with: 

pip install python-multipart

2026-09-09 22:57:35,280 WARNING hermes_cli.web_server: Binding to 0.0.0.0 with --insecure — the dashboard has no robust authentication. Only use on trusted networks.
2026-09-09 22:57:41,812 ERROR fastapi: Form data requires "python-multipart" to be installed. 
You can install "python-multipart" with: 

pip install python-multipart

2026-09-09 22:57:41,812 WARNING hermes_cli.web_server: Failed to load plugin kanban API routes: Form data requires "python-multipart" to be installed. 
You can install "python-multipart" with: 

pip install python-multipart

2026-09-09 22:57:41,817 WARNING hermes_cli.web_server: Binding to 0.0.0.0 with --insecure — the dashboard has no robust authentication. Only use on trusted networks.
2026-09-09 22:57:48,253 ERROR fastapi: Form data requires "python-multipart" to be installed. 
You can install "python-multipart" with: 

pip install python-multipart

2026-09-09 22:57:48,253 WARNING hermes_cli.web_server: Failed to load plugin kanban API routes: Form data requires "python-multipart" to be installed. 
You can install "python-multipart" with: 

pip install python-multipart

2026-09-09 22:57:48,258 WARNING hermes_cli.web_server: Binding to 0.0.0.0 with --insecure — the dashboard has no robust authentication. Only use on trusted networks.
2026-09-09 22:57:54,767 ERROR fastapi: Form data requires "python-multipart" to be installed. 
You can install "python-multipart" with: 

pip install python-multipart

2026-09-09 22:57:54,768 WARNING hermes_cli.web_server: Failed to load plugin kanban API routes: Form data requires "python-multipart" to be installed. 
You can install "python-multipart" with: 

pip install python-multipart

2026-09-09 22:57:54,772 WARNING hermes_cli.web_server: Binding to 0.0.0.0 with --insecure — the dashboard has no robust authentication. Only use on trusted networks.
2026-09-09 22:58:01,272 ERROR fastapi: Form data requires "python-multipart" to be installed. 
You can install "python-multipart" with: 

pip install python-multipart

2026-09-09 22:58:01,272 WARNING hermes_cli.web_server: Failed to load plugin kanban API routes: Form data requires "python-multipart" to be installed. 
You can install "python-multipart" with: 

pip install python-multipart

2026-09-09 22:58:01,277 WARNING hermes_cli.web_server: Binding to 0.0.0.0 with --insecure — the dashboard has no robust authentication. Only use on trusted networks.
2026-09-09 22:58:07,834 ERROR fastapi: Form data requires "python-multipart" to be installed. 
You can install "python-multipart" with: 

pip install python-multipart

2026-09-09 22:58:07,834 WARNING hermes_cli.web_server: Failed to load plugin kanban API routes: Form data requires "python-multipart" to be installed. 
You can install "python-multipart" with: 

pip install python-multipart

2026-09-09 22:58:07,839 WARNING hermes_cli.web_server: Binding to 0.0.0.0 with --insecure — the dashboard has no robust authentication. Only use on trusted networks.
2026-09-09 22:58:10,589 WARNING gateway.run: Shutdown context: signal=SIGTERM under_systemd=yes parent_pid=1 parent_name=systemd loadavg_1m=0.20 parent_cmdline='/usr/lib/systemd/systemd --system --deserialize=75 vultr'
2026-09-09 23:03:12,329 WARNING gateway.run: Shutdown context: signal=SIGTERM under_systemd=yes parent_pid=109079 parent_name=systemd loadavg_1m=0.00 parent_cmdline='/usr/lib/systemd/systemd --user'
2026-09-09 23:03:12,538 ERROR fastapi: Form data requires "python-multipart" to be installed. 
You can install "python-multipart" with: 

pip install python-multipart

2026-09-09 23:03:12,538 WARNING hermes_cli.web_server: Failed to load plugin kanban API routes: Form data requires "python-multipart" to be installed. 
You can install "python-multipart" with: 

pip install python-multipart

2026-09-09 23:03:12,543 WARNING hermes_cli.web_server: Binding to 0.0.0.0 with --insecure — the dashboard has no robust authentication. Only use on trusted networks.
2026-09-09 23:03:19,024 ERROR fastapi: Form data requires "python-multipart" to be installed. 
You can install "python-multipart" with: 

pip install python-multipart

2026-09-09 23:03:19,024 WARNING hermes_cli.web_server: Failed to load plugin kanban API routes: Form data requires "python-multipart" to be installed. 
You can install "python-multipart" with: 

pip install python-multipart

2026-09-09 23:03:19,029 WARNING hermes_cli.web_server: Binding to 0.0.0.0 with --insecure — the dashboard has no robust authentication. Only use on trusted networks.
2026-09-09 23:03:25,490 ERROR fastapi: Form data requires "python-multipart" to be installed. 
You can install "python-multipart" with: 

pip install python-multipart

2026-09-09 23:03:25,490 WARNING hermes_cli.web_server: Failed to load plugin kanban API routes: Form data requires "python-multipart" to be installed. 
You can install "python-multipart" with: 

pip install python-multipart

2026-09-09 23:03:25,495 WARNING hermes_cli.web_server: Binding to 0.0.0.0 with --insecure — the dashboard has no robust authentication. Only use on trusted networks.
2026-09-09 23:03:32,042 ERROR fastapi: Form data requires "python-multipart" to be installed. 
You can install "python-multipart" with: 

pip install python-multipart

2026-09-09 23:03:32,042 WARNING hermes_cli.web_server: Failed to load plugin kanban API routes: Form data requires "python-multipart" to be installed. 
You can install "python-multipart" with: 

pip install python-multipart

2026-09-09 23:03:32,047 WARNING hermes_cli.web_server: Binding to 0.0.0.0 with --insecure — the dashboard has no robust authentication. Only use on trusted networks.
2026-09-09 23:03:38,535 ERROR fastapi: Form data requires "python-multipart" to be installed. 
You can install "python-multipart" with: 

pip install python-multipart

2026-09-09 23:03:38,535 WARNING hermes_cli.web_server: Failed to load plugin kanban API routes: Form data requires "python-multipart" to be installed. 
You can install "python-multipart" with: 

pip install python-multipart

2026-09-09 23:03:38,541 WARNING hermes_cli.web_server: Binding to 0.0.0.0 with --insecure — the dashboard has no robust authentication. Only use on trusted networks.
2026-09-09 23:03:45,029 ERROR fastapi: Form data requires "python-multipart" to be installed. 
You can install "python-multipart" with: 

pip install python-multipart

2026-09-09 23:03:45,029 WARNING hermes_cli.web_server: Failed to load plugin kanban API routes: Form data requires "python-multipart" to be installed. 
You can install "python-multipart" with: 

pip install python-multipart

2026-09-09 23:03:45,033 WARNING hermes_cli.web_server: Binding to 0.0.0.0 with --insecure — the dashboard has no robust authentication. Only use on trusted networks.
2026-09-09 23:03:51,520 ERROR fastapi: Form data requires "python-multipart" to be installed. 
You can install "python-multipart" with: 

pip install python-multipart

2026-09-09 23:03:51,520 WARNING hermes_cli.web_server: Failed to load plugin kanban API routes: Form data requires "python-multipart" to be installed. 
You can install "python-multipart" with: 

pip install python-multipart

2026-09-09 23:03:51,525 WARNING hermes_cli.web_server: Binding to 0.0.0.0 with --insecure — the dashboard has no robust authentication. Only use on trusted networks.
2026-09-09 23:03:58,034 ERROR fastapi: Form data requires "python-multipart" to be installed. 
You can install "python-multipart" with: 

pip install python-multipart

2026-09-09 23:03:58,034 WARNING hermes_cli.web_server: Failed to load plugin kanban API routes: Form data requires "python-multipart" to be installed. 
You can install "python-multipart" with: 

pip install python-multipart

2026-09-09 23:03:58,039 WARNING hermes_cli.web_server: Binding to 0.0.0.0 with --insecure — the dashboard has no robust authentication. Only use on trusted networks.
2026-09-09 23:04:04,550 ERROR fastapi: Form data requires "python-multipart" to be installed. 
You can install "python-multipart" with: 

pip install python-multipart

2026-09-09 23:04:04,550 WARNING hermes_cli.web_server: Failed to load plugin kanban API routes: Form data requires "python-multipart" to be installed. 
You can install "python-multipart" with: 

pip install python-multipart

2026-09-09 23:04:04,555 WARNING hermes_cli.web_server: Binding to 0.0.0.0 with --insecure — the dashboard has no robust authentication. Only use on trusted networks.
2026-09-09 23:04:10,939 ERROR fastapi: Form data requires "python-multipart" to be installed. 
You can install "python-multipart" with: 

pip install python-multipart

2026-09-09 23:04:10,940 WARNING hermes_cli.web_server: Failed to load plugin kanban API routes: Form data requires "python-multipart" to be installed. 
You can install "python-multipart" with: 

pip install python-multipart

2026-09-09 23:04:10,945 WARNING hermes_cli.web_server: Binding to 0.0.0.0 with --insecure — the dashboard has no robust authentication. Only use on trusted networks.
2026-09-09 23:04:17,525 ERROR fastapi: Form data requires "python-multipart" to be installed. 
You can install "python-multipart" with: 

pip install python-multipart

2026-09-09 23:04:17,525 WARNING hermes_cli.web_server: Failed to load plugin kanban API routes: Form data requires "python-multipart" to be installed. 
You can install "python-multipart" with: 

pip install python-multipart

2026-09-09 23:04:17,530 WARNING hermes_cli.web_server: Binding to 0.0.0.0 with --insecure — the dashboard has no robust authentication. Only use on trusted networks.
2026-09-09 23:04:24,025 ERROR fastapi: Form data requires "python-multipart" to be installed. 
You can install "python-multipart" with: 

pip install python-multipart

2026-09-09 23:04:24,026 WARNING hermes_cli.web_server: Failed to load plugin kanban API routes: Form data requires "python-multipart" to be installed. 
You can install "python-multipart" with: 

pip install python-multipart

2026-09-09 23:04:24,031 WARNING hermes_cli.web_server: Binding to 0.0.0.0 with --insecure — the dashboard has no robust authentication. Only use on trusted networks.
2026-09-09 23:04:30,505 ERROR fastapi: Form data requires "python-multipart" to be installed. 
You can install "python-multipart" with: 

pip install python-multipart

2026-09-09 23:04:30,505 WARNING hermes_cli.web_server: Failed to load plugin kanban API routes: Form data requires "python-multipart" to be installed. 
You can install "python-multipart" with: 

pip install python-multipart

2026-09-09 23:04:30,510 WARNING hermes_cli.web_server: Binding to 0.0.0.0 with --insecure — the dashboard has no robust authentication. Only use on trusted networks.
2026-09-09 23:04:37,038 ERROR fastapi: Form data requires "python-multipart" to be installed. 
You can install "python-multipart" with: 

pip install python-multipart

2026-09-09 23:04:37,038 WARNING hermes_cli.web_server: Failed to load plugin kanban API routes: Form data requires "python-multipart" to be installed. 
You can install "python-multipart" with: 

pip install python-multipart

2026-09-09 23:04:37,044 WARNING hermes_cli.web_server: Binding to 0.0.0.0 with --insecure — the dashboard has no robust authentication. Only use on trusted networks.
2026-09-09 23:04:43,551 ERROR fastapi: Form data requires "python-multipart" to be installed. 
You can install "python-multipart" with: 

pip install python-multipart

2026-09-09 23:04:43,551 WARNING hermes_cli.web_server: Failed to load plugin kanban API routes: Form data requires "python-multipart" to be installed. 
You can install "python-multipart" with: 

pip install python-multipart

2026-09-09 23:04:43,557 WARNING hermes_cli.web_server: Binding to 0.0.0.0 with --insecure — the dashboard has no robust authentication. Only use on trusted networks.
2026-09-09 23:04:50,014 ERROR fastapi: Form data requires "python-multipart" to be installed. 
You can install "python-multipart" with: 

pip install python-multipart

2026-09-09 23:04:50,014 WARNING hermes_cli.web_server: Failed to load plugin kanban API routes: Form data requires "python-multipart" to be installed. 
You can install "python-multipart" with: 

pip install python-multipart

2026-09-09 23:04:50,019 WARNING hermes_cli.web_server: Binding to 0.0.0.0 with --insecure — the dashboard has no robust authentication. Only use on trusted networks.
2026-09-09 23:04:56,528 ERROR fastapi: Form data requires "python-multipart" to be installed. 
You can install "python-multipart" with: 

pip install python-multipart

2026-09-09 23:04:56,529 WARNING hermes_cli.web_server: Failed to load plugin kanban API routes: Form data requires "python-multipart" to be installed. 
You can install "python-multipart" with: 

pip install python-multipart

2026-09-09 23:04:56,534 WARNING hermes_cli.web_server: Binding to 0.0.0.0 with --insecure — the dashboard has no robust authentication. Only use on trusted networks.
2026-09-09 23:05:02,986 ERROR fastapi: Form data requires "python-multipart" to be installed. 
You can install "python-multipart" with: 

pip install python-multipart

2026-09-09 23:05:02,986 WARNING hermes_cli.web_server: Failed to load plugin kanban API routes: Form data requires "python-multipart" to be installed. 
You can install "python-multipart" with: 

pip install python-multipart

2026-09-09 23:05:02,991 WARNING hermes_cli.web_server: Binding to 0.0.0.0 with --insecure — the dashboard has no robust authentication. Only use on trusted networks.
2026-09-09 23:05:09,506 ERROR fastapi: Form data requires "python-multipart" to be installed. 
You can install "python-multipart" with: 

pip install python-multipart

2026-09-09 23:05:09,506 WARNING hermes_cli.web_server: Failed to load plugin kanban API routes: Form data requires "python-multipart" to be installed. 
You can install "python-multipart" with: 

pip install python-multipart

2026-09-09 23:05:09,511 WARNING hermes_cli.web_server: Binding to 0.0.0.0 with --insecure — the dashboard has no robust authentication. Only use on trusted networks.
2026-09-09 23:05:16,018 ERROR fastapi: Form data requires "python-multipart" to be installed. 
You can install "python-multipart" with: 

pip install python-multipart

2026-09-09 23:05:16,018 WARNING hermes_cli.web_server: Failed to load plugin kanban API routes: Form data requires "python-multipart" to be installed. 
You can install "python-multipart" with: 

pip install python-multipart

2026-09-09 23:05:16,023 WARNING hermes_cli.web_server: Binding to 0.0.0.0 with --insecure — the dashboard has no robust authentication. Only use on trusted networks.
2026-09-09 23:05:22,537 ERROR fastapi: Form data requires "python-multipart" to be installed. 
You can install "python-multipart" with: 

pip install python-multipart

2026-09-09 23:05:22,537 WARNING hermes_cli.web_server: Failed to load plugin kanban API routes: Form data requires "python-multipart" to be installed. 
You can install "python-multipart" with: 

pip install python-multipart

2026-09-09 23:05:22,542 WARNING hermes_cli.web_server: Binding to 0.0.0.0 with --insecure — the dashboard has no robust authentication. Only use on trusted networks.
2026-09-09 23:05:29,015 ERROR fastapi: Form data requires "python-multipart" to be installed. 
You can install "python-multipart" with: 

pip install python-multipart

2026-09-09 23:05:29,015 WARNING hermes_cli.web_server: Failed to load plugin kanban API routes: Form data requires "python-multipart" to be installed. 
You can install "python-multipart" with: 

pip install python-multipart

2026-09-09 23:05:29,020 WARNING hermes_cli.web_server: Binding to 0.0.0.0 with --insecure — the dashboard has no robust authentication. Only use on trusted networks.
2026-09-09 23:05:35,514 ERROR fastapi: Form data requires "python-multipart" to be installed. 
You can install "python-multipart" with: 

pip install python-multipart

2026-09-09 23:05:35,514 WARNING hermes_cli.web_server: Failed to load plugin kanban API routes: Form data requires "python-multipart" to be installed. 
You can install "python-multipart" with: 

pip install python-multipart

2026-09-09 23:05:35,519 WARNING hermes_cli.web_server: Binding to 0.0.0.0 with --insecure — the dashboard has no robust authentication. Only use on trusted networks.
2026-09-09 23:05:41,981 ERROR fastapi: Form data requires "python-multipart" to be installed. 
You can install "python-multipart" with: 

pip install python-multipart

2026-09-09 23:05:41,981 WARNING hermes_cli.web_server: Failed to load plugin kanban API routes: Form data requires "python-multipart" to be installed. 
You can install "python-multipart" with: 

pip install python-multipart

2026-09-09 23:05:41,986 WARNING hermes_cli.web_server: Binding to 0.0.0.0 with --insecure — the dashboard has no robust authentication. Only use on trusted networks.
2026-09-09 23:05:48,515 ERROR fastapi: Form data requires "python-multipart" to be installed. 
You can install "python-multipart" with: 

pip install python-multipart

2026-09-09 23:05:48,515 WARNING hermes_cli.web_server: Failed to load plugin kanban API routes: Form data requires "python-multipart" to be installed. 
You can install "python-multipart" with: 

pip install python-multipart

2026-09-09 23:05:48,520 WARNING hermes_cli.web_server: Binding to 0.0.0.0 with --insecure — the dashboard has no robust authentication. Only use on trusted networks.
2026-09-09 23:05:55,008 ERROR fastapi: Form data requires "python-multipart" to be installed. 
You can install "python-multipart" with: 

pip install python-multipart

2026-09-09 23:05:55,008 WARNING hermes_cli.web_server: Failed to load plugin kanban API routes: Form data requires "python-multipart" to be installed. 
You can install "python-multipart" with: 

pip install python-multipart

2026-09-09 23:05:55,013 WARNING hermes_cli.web_server: Binding to 0.0.0.0 with --insecure — the dashboard has no robust authentication. Only use on trusted networks.
2026-09-09 23:06:01,493 ERROR fastapi: Form data requires "python-multipart" to be installed. 
You can install "python-multipart" with: 

pip install python-multipart

2026-09-09 23:06:01,494 WARNING hermes_cli.web_server: Failed to load plugin kanban API routes: Form data requires "python-multipart" to be installed. 
You can install "python-multipart" with: 

pip install python-multipart

2026-09-09 23:06:01,498 WARNING hermes_cli.web_server: Binding to 0.0.0.0 with --insecure — the dashboard has no robust authentication. Only use on trusted networks.
2026-09-09 23:06:08,002 ERROR fastapi: Form data requires "python-multipart" to be installed. 
You can install "python-multipart" with: 

pip install python-multipart

2026-09-09 23:06:08,003 WARNING hermes_cli.web_server: Failed to load plugin kanban API routes: Form data requires "python-multipart" to be installed. 
You can install "python-multipart" with: 

pip install python-multipart

2026-09-09 23:06:08,007 WARNING hermes_cli.web_server: Binding to 0.0.0.0 with --insecure — the dashboard has no robust authentication. Only use on trusted networks.
2026-09-09 23:06:14,498 ERROR fastapi: Form data requires "python-multipart" to be installed. 
You can install "python-multipart" with: 

pip install python-multipart

2026-09-09 23:06:14,498 WARNING hermes_cli.web_server: Failed to load plugin kanban API routes: Form data requires "python-multipart" to be installed. 
You can install "python-multipart" with: 

pip install python-multipart

2026-09-09 23:06:14,503 WARNING hermes_cli.web_server: Binding to 0.0.0.0 with --insecure — the dashboard has no robust authentication. Only use on trusted networks.
2026-09-09 23:06:21,002 ERROR fastapi: Form data requires "python-multipart" to be installed. 
You can install "python-multipart" with: 

pip install python-multipart

2026-09-09 23:06:21,002 WARNING hermes_cli.web_server: Failed to load plugin kanban API routes: Form data requires "python-multipart" to be installed. 
You can install "python-multipart" with: 

pip install python-multipart

2026-09-09 23:06:21,007 WARNING hermes_cli.web_server: Binding to 0.0.0.0 with --insecure — the dashboard has no robust authentication. Only use on trusted networks.
2026-09-09 23:06:27,512 ERROR fastapi: Form data requires "python-multipart" to be installed. 
You can install "python-multipart" with: 

pip install python-multipart

2026-09-09 23:06:27,512 WARNING hermes_cli.web_server: Failed to load plugin kanban API routes: Form data requires "python-multipart" to be installed. 
You can install "python-multipart" with: 

pip install python-multipart

2026-09-09 23:06:27,517 WARNING hermes_cli.web_server: Binding to 0.0.0.0 with --insecure — the dashboard has no robust authentication. Only use on trusted networks.
2026-09-09 23:06:34,052 ERROR fastapi: Form data requires "python-multipart" to be installed. 
You can install "python-multipart" with: 

pip install python-multipart

2026-09-09 23:06:34,052 WARNING hermes_cli.web_server: Failed to load plugin kanban API routes: Form data requires "python-multipart" to be installed. 
You can install "python-multipart" with: 

pip install python-multipart

2026-09-09 23:06:34,057 WARNING hermes_cli.web_server: Binding to 0.0.0.0 with --insecure — the dashboard has no robust authentication. Only use on trusted networks.
2026-09-09 23:06:40,497 ERROR fastapi: Form data requires "python-multipart" to be installed. 
You can install "python-multipart" with: 

pip install python-multipart

2026-09-09 23:06:40,497 WARNING hermes_cli.web_server: Failed to load plugin kanban API routes: Form data requires "python-multipart" to be installed. 
You can install "python-multipart" with: 

pip install python-multipart

2026-09-09 23:06:40,503 WARNING hermes_cli.web_server: Binding to 0.0.0.0 with --insecure — the dashboard has no robust authentication. Only use on trusted networks.
2026-09-09 23:06:46,995 ERROR fastapi: Form data requires "python-multipart" to be installed. 
You can install "python-multipart" with: 

pip install python-multipart

2026-09-09 23:06:46,995 WARNING hermes_cli.web_server: Failed to load plugin kanban API routes: Form data requires "python-multipart" to be installed. 
You can install "python-multipart" with: 

pip install python-multipart

2026-09-09 23:06:47,000 WARNING hermes_cli.web_server: Binding to 0.0.0.0 with --insecure — the dashboard has no robust authentication. Only use on trusted networks.
2026-09-09 23:06:53,526 ERROR fastapi: Form data requires "python-multipart" to be installed. 
You can install "python-multipart" with: 

pip install python-multipart

2026-09-09 23:06:53,526 WARNING hermes_cli.web_server: Failed to load plugin kanban API routes: Form data requires "python-multipart" to be installed. 
You can install "python-multipart" with: 

pip install python-multipart

2026-09-09 23:06:53,531 WARNING hermes_cli.web_server: Binding to 0.0.0.0 with --insecure — the dashboard has no robust authentication. Only use on trusted networks.
2026-09-09 23:07:00,001 ERROR fastapi: Form data requires "python-multipart" to be installed. 
You can install "python-multipart" with: 

pip install python-multipart

2026-09-09 23:07:00,002 WARNING hermes_cli.web_server: Failed to load plugin kanban API routes: Form data requires "python-multipart" to be installed. 
You can install "python-multipart" with: 

pip install python-multipart

2026-09-09 23:07:00,007 WARNING hermes_cli.web_server: Binding to 0.0.0.0 with --insecure — the dashboard has no robust authentication. Only use on trusted networks.
2026-09-09 23:07:06,522 ERROR fastapi: Form data requires "python-multipart" to be installed. 
You can install "python-multipart" with: 

pip install python-multipart

2026-09-09 23:07:06,522 WARNING hermes_cli.web_server: Failed to load plugin kanban API routes: Form data requires "python-multipart" to be installed. 
You can install "python-multipart" with: 

pip install python-multipart

2026-09-09 23:07:06,527 WARNING hermes_cli.web_server: Binding to 0.0.0.0 with --insecure — the dashboard has no robust authentication. Only use on trusted networks.
2026-09-09 23:07:13,010 ERROR fastapi: Form data requires "python-multipart" to be installed. 
You can install "python-multipart" with: 

pip install python-multipart

2026-09-09 23:07:13,011 WARNING hermes_cli.web_server: Failed to load plugin kanban API routes: Form data requires "python-multipart" to be installed. 
You can install "python-multipart" with: 

pip install python-multipart

2026-09-09 23:07:13,015 WARNING hermes_cli.web_server: Binding to 0.0.0.0 with --insecure — the dashboard has no robust authentication. Only use on trusted networks.
2026-09-09 23:07:19,497 ERROR fastapi: Form data requires "python-multipart" to be installed. 
You can install "python-multipart" with: 

pip install python-multipart

2026-09-09 23:07:19,497 WARNING hermes_cli.web_server: Failed to load plugin kanban API routes: Form data requires "python-multipart" to be installed. 
You can install "python-multipart" with: 

pip install python-multipart

2026-09-09 23:07:19,502 WARNING hermes_cli.web_server: Binding to 0.0.0.0 with --insecure — the dashboard has no robust authentication. Only use on trusted networks.
2026-09-09 23:07:26,014 ERROR fastapi: Form data requires "python-multipart" to be installed. 
You can install "python-multipart" with: 

pip install python-multipart

2026-09-09 23:07:26,014 WARNING hermes_cli.web_server: Failed to load plugin kanban API routes: Form data requires "python-multipart" to be installed. 
You can install "python-multipart" with: 

pip install python-multipart

2026-09-09 23:07:26,019 WARNING hermes_cli.web_server: Binding to 0.0.0.0 with --insecure — the dashboard has no robust authentication. Only use on trusted networks.
2026-09-09 23:07:32,505 ERROR fastapi: Form data requires "python-multipart" to be installed. 
You can install "python-multipart" with: 

pip install python-multipart

2026-09-09 23:07:32,505 WARNING hermes_cli.web_server: Failed to load plugin kanban API routes: Form data requires "python-multipart" to be installed. 
You can install "python-multipart" with: 

pip install python-multipart

2026-09-09 23:07:32,510 WARNING hermes_cli.web_server: Binding to 0.0.0.0 with --insecure — the dashboard has no robust authentication. Only use on trusted networks.
2026-09-09 23:07:39,104 ERROR fastapi: Form data requires "python-multipart" to be installed. 
You can install "python-multipart" with: 

pip install python-multipart

2026-09-09 23:07:39,104 WARNING hermes_cli.web_server: Failed to load plugin kanban API routes: Form data requires "python-multipart" to be installed. 
You can install "python-multipart" with: 

pip install python-multipart

2026-09-09 23:07:39,109 WARNING hermes_cli.web_server: Binding to 0.0.0.0 with --insecure — the dashboard has no robust authentication. Only use on trusted networks.
2026-09-09 23:07:45,516 ERROR fastapi: Form data requires "python-multipart" to be installed. 
You can install "python-multipart" with: 

pip install python-multipart

2026-09-09 23:07:45,516 WARNING hermes_cli.web_server: Failed to load plugin kanban API routes: Form data requires "python-multipart" to be installed. 
You can install "python-multipart" with: 

pip install python-multipart

2026-09-09 23:07:45,521 WARNING hermes_cli.web_server: Binding to 0.0.0.0 with --insecure — the dashboard has no robust authentication. Only use on trusted networks.
2026-09-09 23:07:52,033 ERROR fastapi: Form data requires "python-multipart" to be installed. 
You can install "python-multipart" with: 

pip install python-multipart

2026-09-09 23:07:52,033 WARNING hermes_cli.web_server: Failed to load plugin kanban API routes: Form data requires "python-multipart" to be installed. 
You can install "python-multipart" with: 

pip install python-multipart

2026-09-09 23:07:52,038 WARNING hermes_cli.web_server: Binding to 0.0.0.0 with --insecure — the dashboard has no robust authentication. Only use on trusted networks.
2026-09-09 23:07:58,495 ERROR fastapi: Form data requires "python-multipart" to be installed. 
You can install "python-multipart" with: 

pip install python-multipart

2026-09-09 23:07:58,495 WARNING hermes_cli.web_server: Failed to load plugin kanban API routes: Form data requires "python-multipart" to be installed. 
You can install "python-multipart" with: 

pip install python-multipart

2026-09-09 23:07:58,500 WARNING hermes_cli.web_server: Binding to 0.0.0.0 with --insecure — the dashboard has no robust authentication. Only use on trusted networks.
2026-09-09 23:08:05,016 ERROR fastapi: Form data requires "python-multipart" to be installed. 
You can install "python-multipart" with: 

pip install python-multipart

2026-09-09 23:08:05,017 WARNING hermes_cli.web_server: Failed to load plugin kanban API routes: Form data requires "python-multipart" to be installed. 
You can install "python-multipart" with: 

pip install python-multipart

2026-09-09 23:08:05,021 WARNING hermes_cli.web_server: Binding to 0.0.0.0 with --insecure — the dashboard has no robust authentication. Only use on trusted networks.
2026-09-09 23:08:11,503 ERROR fastapi: Form data requires "python-multipart" to be installed. 
You can install "python-multipart" with: 

pip install python-multipart

2026-09-09 23:08:11,503 WARNING hermes_cli.web_server: Failed to load plugin kanban API routes: Form data requires "python-multipart" to be installed. 
You can install "python-multipart" with: 

pip install python-multipart

2026-09-09 23:08:11,508 WARNING hermes_cli.web_server: Binding to 0.0.0.0 with --insecure — the dashboard has no robust authentication. Only use on trusted networks.
2026-09-09 23:08:14,328 WARNING gateway.run: Shutdown context: signal=SIGTERM under_systemd=yes parent_pid=1 parent_name=systemd loadavg_1m=0.35 parent_cmdline='/usr/lib/systemd/systemd --system --deserialize=75 vultr'
2026-09-09 23:13:16,096 WARNING gateway.run: Shutdown context: signal=SIGTERM under_systemd=yes parent_pid=109079 parent_name=systemd loadavg_1m=0.00 parent_cmdline='/usr/lib/systemd/systemd --user'
2026-09-09 23:13:16,301 ERROR fastapi: Form data requires "python-multipart" to be installed. 
You can install "python-multipart" with: 

pip install python-multipart

2026-09-09 23:13:16,301 WARNING hermes_cli.web_server: Failed to load plugin kanban API routes: Form data requires "python-multipart" to be installed. 
You can install "python-multipart" with: 

pip install python-multipart

2026-09-09 23:13:16,307 WARNING hermes_cli.web_server: Binding to 0.0.0.0 with --insecure — the dashboard has no robust authentication. Only use on trusted networks.
2026-09-09 23:13:22,762 ERROR fastapi: Form data requires "python-multipart" to be installed. 
You can install "python-multipart" with: 

pip install python-multipart

2026-09-09 23:13:22,763 WARNING hermes_cli.web_server: Failed to load plugin kanban API routes: Form data requires "python-multipart" to be installed. 
You can install "python-multipart" with: 

pip install python-multipart

2026-09-09 23:13:22,767 WARNING hermes_cli.web_server: Binding to 0.0.0.0 with --insecure — the dashboard has no robust authentication. Only use on trusted networks.
2026-09-09 23:13:29,279 ERROR fastapi: Form data requires "python-multipart" to be installed. 
You can install "python-multipart" with: 

pip install python-multipart

2026-09-09 23:13:29,279 WARNING hermes_cli.web_server: Failed to load plugin kanban API routes: Form data requires "python-multipart" to be installed. 
You can install "python-multipart" with: 

pip install python-multipart

2026-09-09 23:13:29,283 WARNING hermes_cli.web_server: Binding to 0.0.0.0 with --insecure — the dashboard has no robust authentication. Only use on trusted networks.
2026-09-09 23:13:35,765 ERROR fastapi: Form data requires "python-multipart" to be installed. 
You can install "python-multipart" with: 

pip install python-multipart

2026-09-09 23:13:35,765 WARNING hermes_cli.web_server: Failed to load plugin kanban API routes: Form data requires "python-multipart" to be installed. 
You can install "python-multipart" with: 

pip install python-multipart

2026-09-09 23:13:35,770 WARNING hermes_cli.web_server: Binding to 0.0.0.0 with --insecure — the dashboard has no robust authentication. Only use on trusted networks.
2026-09-09 23:13:42,255 ERROR fastapi: Form data requires "python-multipart" to be installed. 
You can install "python-multipart" with: 

pip install python-multipart

2026-09-09 23:13:42,255 WARNING hermes_cli.web_server: Failed to load plugin kanban API routes: Form data requires "python-multipart" to be installed. 
You can install "python-multipart" with: 

pip install python-multipart

2026-09-09 23:13:42,260 WARNING hermes_cli.web_server: Binding to 0.0.0.0 with --insecure — the dashboard has no robust authentication. Only use on trusted networks.
2026-09-09 23:13:48,755 ERROR fastapi: Form data requires "python-multipart" to be installed. 
You can install "python-multipart" with: 

pip install python-multipart

2026-09-09 23:13:48,755 WARNING hermes_cli.web_server: Failed to load plugin kanban API routes: Form data requires "python-multipart" to be installed. 
You can install "python-multipart" with: 

pip install python-multipart

2026-09-09 23:13:48,760 WARNING hermes_cli.web_server: Binding to 0.0.0.0 with --insecure — the dashboard has no robust authentication. Only use on trusted networks.
2026-09-09 23:13:55,316 ERROR fastapi: Form data requires "python-multipart" to be installed. 
You can install "python-multipart" with: 

pip install python-multipart

2026-09-09 23:13:55,316 WARNING hermes_cli.web_server: Failed to load plugin kanban API routes: Form data requires "python-multipart" to be installed. 
You can install "python-multipart" with: 

pip install python-multipart

2026-09-09 23:13:55,321 WARNING hermes_cli.web_server: Binding to 0.0.0.0 with --insecure — the dashboard has no robust authentication. Only use on trusted networks.
2026-09-09 23:14:01,740 ERROR fastapi: Form data requires "python-multipart" to be installed. 
You can install "python-multipart" with: 

pip install python-multipart

2026-09-09 23:14:01,740 WARNING hermes_cli.web_server: Failed to load plugin kanban API routes: Form data requires "python-multipart" to be installed. 
You can install "python-multipart" with: 

pip install python-multipart

2026-09-09 23:14:01,745 WARNING hermes_cli.web_server: Binding to 0.0.0.0 with --insecure — the dashboard has no robust authentication. Only use on trusted networks.
2026-09-09 23:14:08,325 ERROR fastapi: Form data requires "python-multipart" to be installed. 
You can install "python-multipart" with: 

pip install python-multipart

2026-09-09 23:14:08,325 WARNING hermes_cli.web_server: Failed to load plugin kanban API routes: Form data requires "python-multipart" to be installed. 
You can install "python-multipart" with: 

pip install python-multipart

2026-09-09 23:14:08,330 WARNING hermes_cli.web_server: Binding to 0.0.0.0 with --insecure — the dashboard has no robust authentication. Only use on trusted networks.
2026-09-09 23:14:14,722 ERROR fastapi: Form data requires "python-multipart" to be installed. 
You can install "python-multipart" with: 

pip install python-multipart

2026-09-09 23:14:14,722 WARNING hermes_cli.web_server: Failed to load plugin kanban API routes: Form data requires "python-multipart" to be installed. 
You can install "python-multipart" with: 

pip install python-multipart

2026-09-09 23:14:14,726 WARNING hermes_cli.web_server: Binding to 0.0.0.0 with --insecure — the dashboard has no robust authentication. Only use on trusted networks.
2026-09-09 23:14:21,233 ERROR fastapi: Form data requires "python-multipart" to be installed. 
You can install "python-multipart" with: 

pip install python-multipart

2026-09-09 23:14:21,233 WARNING hermes_cli.web_server: Failed to load plugin kanban API routes: Form data requires "python-multipart" to be installed. 
You can install "python-multipart" with: 

pip install python-multipart

2026-09-09 23:14:21,238 WARNING hermes_cli.web_server: Binding to 0.0.0.0 with --insecure — the dashboard has no robust authentication. Only use on trusted networks.
2026-09-09 23:14:27,744 ERROR fastapi: Form data requires "python-multipart" to be installed. 
You can install "python-multipart" with: 

pip install python-multipart

2026-09-09 23:14:27,745 WARNING hermes_cli.web_server: Failed to load plugin kanban API routes: Form data requires "python-multipart" to be installed. 
You can install "python-multipart" with: 

pip install python-multipart

2026-09-09 23:14:27,749 WARNING hermes_cli.web_server: Binding to 0.0.0.0 with --insecure — the dashboard has no robust authentication. Only use on trusted networks.
2026-09-09 23:14:34,248 ERROR fastapi: Form data requires "python-multipart" to be installed. 
You can install "python-multipart" with: 

pip install python-multipart

2026-09-09 23:14:34,248 WARNING hermes_cli.web_server: Failed to load plugin kanban API routes: Form data requires "python-multipart" to be installed. 
You can install "python-multipart" with: 

pip install python-multipart

2026-09-09 23:14:34,253 WARNING hermes_cli.web_server: Binding to 0.0.0.0 with --insecure — the dashboard has no robust authentication. Only use on trusted networks.
2026-09-09 23:14:40,796 ERROR fastapi: Form data requires "python-multipart" to be installed. 
You can install "python-multipart" with: 

pip install python-multipart

2026-09-09 23:14:40,796 WARNING hermes_cli.web_server: Failed to load plugin kanban API routes: Form data requires "python-multipart" to be installed. 
You can install "python-multipart" with: 

pip install python-multipart

2026-09-09 23:14:40,801 WARNING hermes_cli.web_server: Binding to 0.0.0.0 with --insecure — the dashboard has no robust authentication. Only use on trusted networks.
2026-09-09 23:14:47,287 ERROR fastapi: Form data requires "python-multipart" to be installed. 
You can install "python-multipart" with: 

pip install python-multipart

2026-09-09 23:14:47,287 WARNING hermes_cli.web_server: Failed to load plugin kanban API routes: Form data requires "python-multipart" to be installed. 
You can install "python-multipart" with: 

pip install python-multipart

2026-09-09 23:14:47,292 WARNING hermes_cli.web_server: Binding to 0.0.0.0 with --insecure — the dashboard has no robust authentication. Only use on trusted networks.
2026-09-09 23:14:53,734 ERROR fastapi: Form data requires "python-multipart" to be installed. 
You can install "python-multipart" with: 

pip install python-multipart

2026-09-09 23:14:53,734 WARNING hermes_cli.web_server: Failed to load plugin kanban API routes: Form data requires "python-multipart" to be installed. 
You can install "python-multipart" with: 

pip install python-multipart

2026-09-09 23:14:53,739 WARNING hermes_cli.web_server: Binding to 0.0.0.0 with --insecure — the dashboard has no robust authentication. Only use on trusted networks.
2026-09-09 23:15:00,265 ERROR fastapi: Form data requires "python-multipart" to be installed. 
You can install "python-multipart" with: 

pip install python-multipart

2026-09-09 23:15:00,265 WARNING hermes_cli.web_server: Failed to load plugin kanban API routes: Form data requires "python-multipart" to be installed. 
You can install "python-multipart" with: 

pip install python-multipart

2026-09-09 23:15:00,270 WARNING hermes_cli.web_server: Binding to 0.0.0.0 with --insecure — the dashboard has no robust authentication. Only use on trusted networks.
2026-09-09 23:15:06,747 ERROR fastapi: Form data requires "python-multipart" to be installed. 
You can install "python-multipart" with: 

pip install python-multipart

2026-09-09 23:15:06,747 WARNING hermes_cli.web_server: Failed to load plugin kanban API routes: Form data requires "python-multipart" to be installed. 
You can install "python-multipart" with: 

pip install python-multipart

2026-09-09 23:15:06,752 WARNING hermes_cli.web_server: Binding to 0.0.0.0 with --insecure — the dashboard has no robust authentication. Only use on trusted networks.
2026-09-09 23:15:13,287 ERROR fastapi: Form data requires "python-multipart" to be installed. 
You can install "python-multipart" with: 

pip install python-multipart

2026-09-09 23:15:13,287 WARNING hermes_cli.web_server: Failed to load plugin kanban API routes: Form data requires "python-multipart" to be installed. 
You can install "python-multipart" with: 

pip install python-multipart

2026-09-09 23:15:13,292 WARNING hermes_cli.web_server: Binding to 0.0.0.0 with --insecure — the dashboard has no robust authentication. Only use on trusted networks.
2026-09-09 23:15:19,751 ERROR fastapi: Form data requires "python-multipart" to be installed. 
You can install "python-multipart" with: 

pip install python-multipart

2026-09-09 23:15:19,751 WARNING hermes_cli.web_server: Failed to load plugin kanban API routes: Form data requires "python-multipart" to be installed. 
You can install "python-multipart" with: 

pip install python-multipart

2026-09-09 23:15:19,756 WARNING hermes_cli.web_server: Binding to 0.0.0.0 with --insecure — the dashboard has no robust authentication. Only use on trusted networks.
2026-09-09 23:15:26,253 ERROR fastapi: Form data requires "python-multipart" to be installed. 
You can install "python-multipart" with: 

pip install python-multipart

2026-09-09 23:15:26,253 WARNING hermes_cli.web_server: Failed to load plugin kanban API routes: Form data requires "python-multipart" to be installed. 
You can install "python-multipart" with: 

pip install python-multipart

2026-09-09 23:15:26,258 WARNING hermes_cli.web_server: Binding to 0.0.0.0 with --insecure — the dashboard has no robust authentication. Only use on trusted networks.
2026-09-09 23:15:32,770 ERROR fastapi: Form data requires "python-multipart" to be installed. 
You can install "python-multipart" with: 

pip install python-multipart

2026-09-09 23:15:32,770 WARNING hermes_cli.web_server: Failed to load plugin kanban API routes: Form data requires "python-multipart" to be installed. 
You can install "python-multipart" with: 

pip install python-multipart

2026-09-09 23:15:32,775 WARNING hermes_cli.web_server: Binding to 0.0.0.0 with --insecure — the dashboard has no robust authentication. Only use on trusted networks.
2026-09-09 23:15:39,249 ERROR fastapi: Form data requires "python-multipart" to be installed. 
You can install "python-multipart" with: 

pip install python-multipart

2026-09-09 23:15:39,249 WARNING hermes_cli.web_server: Failed to load plugin kanban API routes: Form data requires "python-multipart" to be installed. 
You can install "python-multipart" with: 

pip install python-multipart

2026-09-09 23:15:39,254 WARNING hermes_cli.web_server: Binding to 0.0.0.0 with --insecure — the dashboard has no robust authentication. Only use on trusted networks.
2026-09-09 23:15:45,765 ERROR fastapi: Form data requires "python-multipart" to be installed. 
You can install "python-multipart" with: 

pip install python-multipart

2026-09-09 23:15:45,765 WARNING hermes_cli.web_server: Failed to load plugin kanban API routes: Form data requires "python-multipart" to be installed. 
You can install "python-multipart" with: 

pip install python-multipart

2026-09-09 23:15:45,770 WARNING hermes_cli.web_server: Binding to 0.0.0.0 with --insecure — the dashboard has no robust authentication. Only use on trusted networks.
2026-09-09 23:15:52,269 ERROR fastapi: Form data requires "python-multipart" to be installed. 
You can install "python-multipart" with: 

pip install python-multipart

2026-09-09 23:15:52,269 WARNING hermes_cli.web_server: Failed to load plugin kanban API routes: Form data requires "python-multipart" to be installed. 
You can install "python-multipart" with: 

pip install python-multipart

2026-09-09 23:15:52,274 WARNING hermes_cli.web_server: Binding to 0.0.0.0 with --insecure — the dashboard has no robust authentication. Only use on trusted networks.
2026-09-09 23:15:58,766 ERROR fastapi: Form data requires "python-multipart" to be installed. 
You can install "python-multipart" with: 

pip install python-multipart

2026-09-09 23:15:58,767 WARNING hermes_cli.web_server: Failed to load plugin kanban API routes: Form data requires "python-multipart" to be installed. 
You can install "python-multipart" with: 

pip install python-multipart

2026-09-09 23:15:58,771 WARNING hermes_cli.web_server: Binding to 0.0.0.0 with --insecure — the dashboard has no robust authentication. Only use on trusted networks.
2026-09-09 23:16:05,314 ERROR fastapi: Form data requires "python-multipart" to be installed. 
You can install "python-multipart" with: 

pip install python-multipart

2026-09-09 23:16:05,314 WARNING hermes_cli.web_server: Failed to load plugin kanban API routes: Form data requires "python-multipart" to be installed. 
You can install "python-multipart" with: 

pip install python-multipart

2026-09-09 23:16:05,318 WARNING hermes_cli.web_server: Binding to 0.0.0.0 with --insecure — the dashboard has no robust authentication. Only use on trusted networks.
2026-09-09 23:16:11,755 ERROR fastapi: Form data requires "python-multipart" to be installed. 
You can install "python-multipart" with: 

pip install python-multipart

2026-09-09 23:16:11,755 WARNING hermes_cli.web_server: Failed to load plugin kanban API routes: Form data requires "python-multipart" to be installed. 
You can install "python-multipart" with: 

pip install python-multipart

2026-09-09 23:16:11,760 WARNING hermes_cli.web_server: Binding to 0.0.0.0 with --insecure — the dashboard has no robust authentication. Only use on trusted networks.
2026-09-09 23:16:18,251 ERROR fastapi: Form data requires "python-multipart" to be installed. 
You can install "python-multipart" with: 

pip install python-multipart

2026-09-09 23:16:18,251 WARNING hermes_cli.web_server: Failed to load plugin kanban API routes: Form data requires "python-multipart" to be installed. 
You can install "python-multipart" with: 

pip install python-multipart

2026-09-09 23:16:18,256 WARNING hermes_cli.web_server: Binding to 0.0.0.0 with --insecure — the dashboard has no robust authentication. Only use on trusted networks.
2026-09-09 23:16:24,793 ERROR fastapi: Form data requires "python-multipart" to be installed. 
You can install "python-multipart" with: 

pip install python-multipart

2026-09-09 23:16:24,793 WARNING hermes_cli.web_server: Failed to load plugin kanban API routes: Form data requires "python-multipart" to be installed. 
You can install "python-multipart" with: 

pip install python-multipart

2026-09-09 23:16:24,798 WARNING hermes_cli.web_server: Binding to 0.0.0.0 with --insecure — the dashboard has no robust authentication. Only use on trusted networks.
2026-09-09 23:16:31,323 ERROR fastapi: Form data requires "python-multipart" to be installed. 
You can install "python-multipart" with: 

pip install python-multipart

2026-09-09 23:16:31,323 WARNING hermes_cli.web_server: Failed to load plugin kanban API routes: Form data requires "python-multipart" to be installed. 
You can install "python-multipart" with: 

pip install python-multipart

2026-09-09 23:16:31,328 WARNING hermes_cli.web_server: Binding to 0.0.0.0 with --insecure — the dashboard has no robust authentication. Only use on trusted networks.
2026-09-09 23:16:37,774 ERROR fastapi: Form data requires "python-multipart" to be installed. 
You can install "python-multipart" with: 

pip install python-multipart

2026-09-09 23:16:37,774 WARNING hermes_cli.web_server: Failed to load plugin kanban API routes: Form data requires "python-multipart" to be installed. 
You can install "python-multipart" with: 

pip install python-multipart

2026-09-09 23:16:37,779 WARNING hermes_cli.web_server: Binding to 0.0.0.0 with --insecure — the dashboard has no robust authentication. Only use on trusted networks.
2026-09-09 23:16:44,290 ERROR fastapi: Form data requires "python-multipart" to be installed. 
You can install "python-multipart" with: 

pip install python-multipart

2026-09-09 23:16:44,290 WARNING hermes_cli.web_server: Failed to load plugin kanban API routes: Form data requires "python-multipart" to be installed. 
You can install "python-multipart" with: 

pip install python-multipart

2026-09-09 23:16:44,296 WARNING hermes_cli.web_server: Binding to 0.0.0.0 with --insecure — the dashboard has no robust authentication. Only use on trusted networks.
2026-09-09 23:16:50,767 ERROR fastapi: Form data requires "python-multipart" to be installed. 
You can install "python-multipart" with: 

pip install python-multipart

2026-09-09 23:16:50,767 WARNING hermes_cli.web_server: Failed to load plugin kanban API routes: Form data requires "python-multipart" to be installed. 
You can install "python-multipart" with: 

pip install python-multipart

2026-09-09 23:16:50,772 WARNING hermes_cli.web_server: Binding to 0.0.0.0 with --insecure — the dashboard has no robust authentication. Only use on trusted networks.
2026-09-09 23:16:57,255 ERROR fastapi: Form data requires "python-multipart" to be installed. 
You can install "python-multipart" with: 

pip install python-multipart

2026-09-09 23:16:57,256 WARNING hermes_cli.web_server: Failed to load plugin kanban API routes: Form data requires "python-multipart" to be installed. 
You can install "python-multipart" with: 

pip install python-multipart

2026-09-09 23:16:57,260 WARNING hermes_cli.web_server: Binding to 0.0.0.0 with --insecure — the dashboard has no robust authentication. Only use on trusted networks.
2026-09-09 23:17:03,749 ERROR fastapi: Form data requires "python-multipart" to be installed. 
You can install "python-multipart" with: 

pip install python-multipart

2026-09-09 23:17:03,749 WARNING hermes_cli.web_server: Failed to load plugin kanban API routes: Form data requires "python-multipart" to be installed. 
You can install "python-multipart" with: 

pip install python-multipart

2026-09-09 23:17:03,754 WARNING hermes_cli.web_server: Binding to 0.0.0.0 with --insecure — the dashboard has no robust authentication. Only use on trusted networks.
2026-09-09 23:17:10,292 ERROR fastapi: Form data requires "python-multipart" to be installed. 
You can install "python-multipart" with: 

pip install python-multipart

2026-09-09 23:17:10,292 WARNING hermes_cli.web_server: Failed to load plugin kanban API routes: Form data requires "python-multipart" to be installed. 
You can install "python-multipart" with: 

pip install python-multipart

2026-09-09 23:17:10,297 WARNING hermes_cli.web_server: Binding to 0.0.0.0 with --insecure — the dashboard has no robust authentication. Only use on trusted networks.
2026-09-09 23:17:16,762 ERROR fastapi: Form data requires "python-multipart" to be installed. 
You can install "python-multipart" with: 

pip install python-multipart

2026-09-09 23:17:16,762 WARNING hermes_cli.web_server: Failed to load plugin kanban API routes: Form data requires "python-multipart" to be installed. 
You can install "python-multipart" with: 

pip install python-multipart

2026-09-09 23:17:16,767 WARNING hermes_cli.web_server: Binding to 0.0.0.0 with --insecure — the dashboard has no robust authentication. Only use on trusted networks.
2026-09-09 23:17:23,289 ERROR fastapi: Form data requires "python-multipart" to be installed. 
You can install "python-multipart" with: 

pip install python-multipart

2026-09-09 23:17:23,290 WARNING hermes_cli.web_server: Failed to load plugin kanban API routes: Form data requires "python-multipart" to be installed. 
You can install "python-multipart" with: 

pip install python-multipart

2026-09-09 23:17:23,295 WARNING hermes_cli.web_server: Binding to 0.0.0.0 with --insecure — the dashboard has no robust authentication. Only use on trusted networks.
2026-09-09 23:17:29,787 ERROR fastapi: Form data requires "python-multipart" to be installed. 
You can install "python-multipart" with: 

pip install python-multipart

2026-09-09 23:17:29,787 WARNING hermes_cli.web_server: Failed to load plugin kanban API routes: Form data requires "python-multipart" to be installed. 
You can install "python-multipart" with: 

pip install python-multipart

2026-09-09 23:17:29,792 WARNING hermes_cli.web_server: Binding to 0.0.0.0 with --insecure — the dashboard has no robust authentication. Only use on trusted networks.
2026-09-09 23:17:36,251 ERROR fastapi: Form data requires "python-multipart" to be installed. 
You can install "python-multipart" with: 

pip install python-multipart

2026-09-09 23:17:36,251 WARNING hermes_cli.web_server: Failed to load plugin kanban API routes: Form data requires "python-multipart" to be installed. 
You can install "python-multipart" with: 

pip install python-multipart

2026-09-09 23:17:36,256 WARNING hermes_cli.web_server: Binding to 0.0.0.0 with --insecure — the dashboard has no robust authentication. Only use on trusted networks.
2026-09-09 23:17:42,783 ERROR fastapi: Form data requires "python-multipart" to be installed. 
You can install "python-multipart" with: 

pip install python-multipart

2026-09-09 23:17:42,783 WARNING hermes_cli.web_server: Failed to load plugin kanban API routes: Form data requires "python-multipart" to be installed. 
You can install "python-multipart" with: 

pip install python-multipart

2026-09-09 23:17:42,788 WARNING hermes_cli.web_server: Binding to 0.0.0.0 with --insecure — the dashboard has no robust authentication. Only use on trusted networks.
2026-09-09 23:17:49,256 ERROR fastapi: Form data requires "python-multipart" to be installed. 
You can install "python-multipart" with: 

pip install python-multipart

2026-09-09 23:17:49,256 WARNING hermes_cli.web_server: Failed to load plugin kanban API routes: Form data requires "python-multipart" to be installed. 
You can install "python-multipart" with: 

pip install python-multipart

2026-09-09 23:17:49,261 WARNING hermes_cli.web_server: Binding to 0.0.0.0 with --insecure — the dashboard has no robust authentication. Only use on trusted networks.
2026-09-09 23:17:55,781 ERROR fastapi: Form data requires "python-multipart" to be installed. 
You can install "python-multipart" with: 

pip install python-multipart

2026-09-09 23:17:55,781 WARNING hermes_cli.web_server: Failed to load plugin kanban API routes: Form data requires "python-multipart" to be installed. 
You can install "python-multipart" with: 

pip install python-multipart

2026-09-09 23:17:55,787 WARNING hermes_cli.web_server: Binding to 0.0.0.0 with --insecure — the dashboard has no robust authentication. Only use on trusted networks.
2026-09-09 23:18:02,331 ERROR fastapi: Form data requires "python-multipart" to be installed. 
You can install "python-multipart" with: 

pip install python-multipart

2026-09-09 23:18:02,331 WARNING hermes_cli.web_server: Failed to load plugin kanban API routes: Form data requires "python-multipart" to be installed. 
You can install "python-multipart" with: 

pip install python-multipart

2026-09-09 23:18:02,336 WARNING hermes_cli.web_server: Binding to 0.0.0.0 with --insecure — the dashboard has no robust authentication. Only use on trusted networks.
2026-09-09 23:18:08,744 ERROR fastapi: Form data requires "python-multipart" to be installed. 
You can install "python-multipart" with: 

pip install python-multipart

2026-09-09 23:18:08,744 WARNING hermes_cli.web_server: Failed to load plugin kanban API routes: Form data requires "python-multipart" to be installed. 
You can install "python-multipart" with: 

pip install python-multipart

2026-09-09 23:18:08,749 WARNING hermes_cli.web_server: Binding to 0.0.0.0 with --insecure — the dashboard has no robust authentication. Only use on trusted networks.
2026-09-09 23:18:15,264 ERROR fastapi: Form data requires "python-multipart" to be installed. 
You can install "python-multipart" with: 

pip install python-multipart

2026-09-09 23:18:15,265 WARNING hermes_cli.web_server: Failed to load plugin kanban API routes: Form data requires "python-multipart" to be installed. 
You can install "python-multipart" with: 

pip install python-multipart

2026-09-09 23:18:15,270 WARNING hermes_cli.web_server: Binding to 0.0.0.0 with --insecure — the dashboard has no robust authentication. Only use on trusted networks.
2026-09-09 23:18:18,138 WARNING gateway.run: Shutdown context: signal=SIGTERM under_systemd=yes parent_pid=1 parent_name=systemd loadavg_1m=0.25 parent_cmdline='/usr/lib/systemd/systemd --system --deserialize=75 vultr'
2026-09-09 23:23:20,165 WARNING gateway.run: Shutdown context: signal=SIGTERM under_systemd=yes parent_pid=109079 parent_name=systemd loadavg_1m=0.16 parent_cmdline='/usr/lib/systemd/systemd --user'
2026-09-09 23:23:20,259 ERROR fastapi: Form data requires "python-multipart" to be installed. 
You can install "python-multipart" with: 

pip install python-multipart

2026-09-09 23:23:20,259 WARNING hermes_cli.web_server: Failed to load plugin kanban API routes: Form data requires "python-multipart" to be installed. 
You can install "python-multipart" with: 

pip install python-multipart

2026-09-09 23:23:20,264 WARNING hermes_cli.web_server: Binding to 0.0.0.0 with --insecure — the dashboard has no robust authentication. Only use on trusted networks.
2026-09-09 23:23:26,788 ERROR fastapi: Form data requires "python-multipart" to be installed. 
You can install "python-multipart" with: 

pip install python-multipart

2026-09-09 23:23:26,789 WARNING hermes_cli.web_server: Failed to load plugin kanban API routes: Form data requires "python-multipart" to be installed. 
You can install "python-multipart" with: 

pip install python-multipart

2026-09-09 23:23:26,794 WARNING hermes_cli.web_server: Binding to 0.0.0.0 with --insecure — the dashboard has no robust authentication. Only use on trusted networks.
2026-09-09 23:23:33,257 ERROR fastapi: Form data requires "python-multipart" to be installed. 
You can install "python-multipart" with: 

pip install python-multipart

2026-09-09 23:23:33,257 WARNING hermes_cli.web_server: Failed to load plugin kanban API routes: Form data requires "python-multipart" to be installed. 
You can install "python-multipart" with: 

pip install python-multipart

2026-09-09 23:23:33,262 WARNING hermes_cli.web_server: Binding to 0.0.0.0 with --insecure — the dashboard has no robust authentication. Only use on trusted networks.
2026-09-09 23:23:39,754 ERROR fastapi: Form data requires "python-multipart" to be installed. 
You can install "python-multipart" with: 

pip install python-multipart

2026-09-09 23:23:39,754 WARNING hermes_cli.web_server: Failed to load plugin kanban API routes: Form data requires "python-multipart" to be installed. 
You can install "python-multipart" with: 

pip install python-multipart

2026-09-09 23:23:39,759 WARNING hermes_cli.web_server: Binding to 0.0.0.0 with --insecure — the dashboard has no robust authentication. Only use on trusted networks.
2026-09-09 23:23:46,265 ERROR fastapi: Form data requires "python-multipart" to be installed. 
You can install "python-multipart" with: 

pip install python-multipart

2026-09-09 23:23:46,265 WARNING hermes_cli.web_server: Failed to load plugin kanban API routes: Form data requires "python-multipart" to be installed. 
You can install "python-multipart" with: 

pip install python-multipart

2026-09-09 23:23:46,270 WARNING hermes_cli.web_server: Binding to 0.0.0.0 with --insecure — the dashboard has no robust authentication. Only use on trusted networks.
2026-09-09 23:23:52,779 ERROR fastapi: Form data requires "python-multipart" to be installed. 
You can install "python-multipart" with: 

pip install python-multipart

2026-09-09 23:23:52,779 WARNING hermes_cli.web_server: Failed to load plugin kanban API routes: Form data requires "python-multipart" to be installed. 
You can install "python-multipart" with: 

pip install python-multipart

2026-09-09 23:23:52,784 WARNING hermes_cli.web_server: Binding to 0.0.0.0 with --insecure — the dashboard has no robust authentication. Only use on trusted networks.
2026-09-09 23:23:59,290 ERROR fastapi: Form data requires "python-multipart" to be installed. 
You can install "python-multipart" with: 

pip install python-multipart

2026-09-09 23:23:59,290 WARNING hermes_cli.web_server: Failed to load plugin kanban API routes: Form data requires "python-multipart" to be installed. 
You can install "python-multipart" with: 

pip install python-multipart

2026-09-09 23:23:59,295 WARNING hermes_cli.web_server: Binding to 0.0.0.0 with --insecure — the dashboard has no robust authentication. Only use on trusted networks.
2026-09-09 23:24:05,751 ERROR fastapi: Form data requires "python-multipart" to be installed. 
You can install "python-multipart" with: 

pip install python-multipart

2026-09-09 23:24:05,751 WARNING hermes_cli.web_server: Failed to load plugin kanban API routes: Form data requires "python-multipart" to be installed. 
You can install "python-multipart" with: 

pip install python-multipart

2026-09-09 23:24:05,756 WARNING hermes_cli.web_server: Binding to 0.0.0.0 with --insecure — the dashboard has no robust authentication. Only use on trusted networks.
2026-09-09 23:24:12,240 ERROR fastapi: Form data requires "python-multipart" to be installed. 
You can install "python-multipart" with: 

pip install python-multipart

2026-09-09 23:24:12,240 WARNING hermes_cli.web_server: Failed to load plugin kanban API routes: Form data requires "python-multipart" to be installed. 
You can install "python-multipart" with: 

pip install python-multipart

2026-09-09 23:24:12,245 WARNING hermes_cli.web_server: Binding to 0.0.0.0 with --insecure — the dashboard has no robust authentication. Only use on trusted networks.
2026-09-09 23:24:18,833 ERROR fastapi: Form data requires "python-multipart" to be installed. 
You can install "python-multipart" with: 

pip install python-multipart

2026-09-09 23:24:18,833 WARNING hermes_cli.web_server: Failed to load plugin kanban API routes: Form data requires "python-multipart" to be installed. 
You can install "python-multipart" with: 

pip install python-multipart

2026-09-09 23:24:18,838 WARNING hermes_cli.web_server: Binding to 0.0.0.0 with --insecure — the dashboard has no robust authentication. Only use on trusted networks.
2026-09-09 23:24:25,267 ERROR fastapi: Form data requires "python-multipart" to be installed. 
You can install "python-multipart" with: 

pip install python-multipart

2026-09-09 23:24:25,267 WARNING hermes_cli.web_server: Failed to load plugin kanban API routes: Form data requires "python-multipart" to be installed. 
You can install "python-multipart" with: 

pip install python-multipart

2026-09-09 23:24:25,272 WARNING hermes_cli.web_server: Binding to 0.0.0.0 with --insecure — the dashboard has no robust authentication. Only use on trusted networks.
2026-09-09 23:24:31,743 ERROR fastapi: Form data requires "python-multipart" to be installed. 
You can install "python-multipart" with: 

pip install python-multipart

2026-09-09 23:24:31,744 WARNING hermes_cli.web_server: Failed to load plugin kanban API routes: Form data requires "python-multipart" to be installed. 
You can install "python-multipart" with: 

pip install python-multipart

2026-09-09 23:24:31,749 WARNING hermes_cli.web_server: Binding to 0.0.0.0 with --insecure — the dashboard has no robust authentication. Only use on trusted networks.
2026-09-09 23:24:38,352 ERROR fastapi: Form data requires "python-multipart" to be installed. 
You can install "python-multipart" with: 

pip install python-multipart

2026-09-09 23:24:38,352 WARNING hermes_cli.web_server: Failed to load plugin kanban API routes: Form data requires "python-multipart" to be installed. 
You can install "python-multipart" with: 

pip install python-multipart

2026-09-09 23:24:38,357 WARNING hermes_cli.web_server: Binding to 0.0.0.0 with --insecure — the dashboard has no robust authentication. Only use on trusted networks.
2026-09-09 23:24:44,777 ERROR fastapi: Form data requires "python-multipart" to be installed. 
You can install "python-multipart" with: 

pip install python-multipart

2026-09-09 23:24:44,777 WARNING hermes_cli.web_server: Failed to load plugin kanban API routes: Form data requires "python-multipart" to be installed. 
You can install "python-multipart" with: 

pip install python-multipart

2026-09-09 23:24:44,782 WARNING hermes_cli.web_server: Binding to 0.0.0.0 with --insecure — the dashboard has no robust authentication. Only use on trusted networks.
2026-09-09 23:24:51,277 ERROR fastapi: Form data requires "python-multipart" to be installed. 
You can install "python-multipart" with: 

pip install python-multipart

2026-09-09 23:24:51,277 WARNING hermes_cli.web_server: Failed to load plugin kanban API routes: Form data requires "python-multipart" to be installed. 
You can install "python-multipart" with: 

pip install python-multipart

2026-09-09 23:24:51,282 WARNING hermes_cli.web_server: Binding to 0.0.0.0 with --insecure — the dashboard has no robust authentication. Only use on trusted networks.
2026-09-09 23:24:57,745 ERROR fastapi: Form data requires "python-multipart" to be installed. 
You can install "python-multipart" with: 

pip install python-multipart

2026-09-09 23:24:57,745 WARNING hermes_cli.web_server: Failed to load plugin kanban API routes: Form data requires "python-multipart" to be installed. 
You can install "python-multipart" with: 

pip install python-multipart

2026-09-09 23:24:57,750 WARNING hermes_cli.web_server: Binding to 0.0.0.0 with --insecure — the dashboard has no robust authentication. Only use on trusted networks.
2026-09-09 23:25:04,256 ERROR fastapi: Form data requires "python-multipart" to be installed. 
You can install "python-multipart" with: 

pip install python-multipart

2026-09-09 23:25:04,256 WARNING hermes_cli.web_server: Failed to load plugin kanban API routes: Form data requires "python-multipart" to be installed. 
You can install "python-multipart" with: 

pip install python-multipart

2026-09-09 23:25:04,261 WARNING hermes_cli.web_server: Binding to 0.0.0.0 with --insecure — the dashboard has no robust authentication. Only use on trusted networks.
2026-09-09 23:25:10,748 ERROR fastapi: Form data requires "python-multipart" to be installed. 
You can install "python-multipart" with: 

pip install python-multipart

2026-09-09 23:25:10,748 WARNING hermes_cli.web_server: Failed to load plugin kanban API routes: Form data requires "python-multipart" to be installed. 
You can install "python-multipart" with: 

pip install python-multipart

2026-09-09 23:25:10,754 WARNING hermes_cli.web_server: Binding to 0.0.0.0 with --insecure — the dashboard has no robust authentication. Only use on trusted networks.
2026-09-09 23:25:17,248 ERROR fastapi: Form data requires "python-multipart" to be installed. 
You can install "python-multipart" with: 

pip install python-multipart

2026-09-09 23:25:17,248 WARNING hermes_cli.web_server: Failed to load plugin kanban API routes: Form data requires "python-multipart" to be installed. 
You can install "python-multipart" with: 

pip install python-multipart

2026-09-09 23:25:17,253 WARNING hermes_cli.web_server: Binding to 0.0.0.0 with --insecure — the dashboard has no robust authentication. Only use on trusted networks.
2026-09-09 23:25:23,745 ERROR fastapi: Form data requires "python-multipart" to be installed. 
You can install "python-multipart" with: 

pip install python-multipart

2026-09-09 23:25:23,745 WARNING hermes_cli.web_server: Failed to load plugin kanban API routes: Form data requires "python-multipart" to be installed. 
You can install "python-multipart" with: 

pip install python-multipart

2026-09-09 23:25:23,750 WARNING hermes_cli.web_server: Binding to 0.0.0.0 with --insecure — the dashboard has no robust authentication. Only use on trusted networks.
2026-09-09 23:25:30,249 ERROR fastapi: Form data requires "python-multipart" to be installed. 
You can install "python-multipart" with: 

pip install python-multipart

2026-09-09 23:25:30,249 WARNING hermes_cli.web_server: Failed to load plugin kanban API routes: Form data requires "python-multipart" to be installed. 
You can install "python-multipart" with: 

pip install python-multipart

2026-09-09 23:25:30,254 WARNING hermes_cli.web_server: Binding to 0.0.0.0 with --insecure — the dashboard has no robust authentication. Only use on trusted networks.
2026-09-09 23:25:36,771 ERROR fastapi: Form data requires "python-multipart" to be installed. 
You can install "python-multipart" with: 

pip install python-multipart

2026-09-09 23:25:36,771 WARNING hermes_cli.web_server: Failed to load plugin kanban API routes: Form data requires "python-multipart" to be installed. 
You can install "python-multipart" with: 

pip install python-multipart

2026-09-09 23:25:36,776 WARNING hermes_cli.web_server: Binding to 0.0.0.0 with --insecure — the dashboard has no robust authentication. Only use on trusted networks.
2026-09-09 23:25:43,238 ERROR fastapi: Form data requires "python-multipart" to be installed. 
You can install "python-multipart" with: 

pip install python-multipart

2026-09-09 23:25:43,238 WARNING hermes_cli.web_server: Failed to load plugin kanban API routes: Form data requires "python-multipart" to be installed. 
You can install "python-multipart" with: 

pip install python-multipart

2026-09-09 23:25:43,243 WARNING hermes_cli.web_server: Binding to 0.0.0.0 with --insecure — the dashboard has no robust authentication. Only use on trusted networks.
2026-09-09 23:25:49,771 ERROR fastapi: Form data requires "python-multipart" to be installed. 
You can install "python-multipart" with: 

pip install python-multipart

2026-09-09 23:25:49,771 WARNING hermes_cli.web_server: Failed to load plugin kanban API routes: Form data requires "python-multipart" to be installed. 
You can install "python-multipart" with: 

pip install python-multipart

2026-09-09 23:25:49,776 WARNING hermes_cli.web_server: Binding to 0.0.0.0 with --insecure — the dashboard has no robust authentication. Only use on trusted networks.
2026-09-09 23:25:56,282 ERROR fastapi: Form data requires "python-multipart" to be installed. 
You can install "python-multipart" with: 

pip install python-multipart

2026-09-09 23:25:56,282 WARNING hermes_cli.web_server: Failed to load plugin kanban API routes: Form data requires "python-multipart" to be installed. 
You can install "python-multipart" with: 

pip install python-multipart

2026-09-09 23:25:56,287 WARNING hermes_cli.web_server: Binding to 0.0.0.0 with --insecure — the dashboard has no robust authentication. Only use on trusted networks.
2026-09-09 23:26:02,749 ERROR fastapi: Form data requires "python-multipart" to be installed. 
You can install "python-multipart" with: 

pip install python-multipart

2026-09-09 23:26:02,749 WARNING hermes_cli.web_server: Failed to load plugin kanban API routes: Form data requires "python-multipart" to be installed. 
You can install "python-multipart" with: 

pip install python-multipart

2026-09-09 23:26:02,754 WARNING hermes_cli.web_server: Binding to 0.0.0.0 with --insecure — the dashboard has no robust authentication. Only use on trusted networks.
2026-09-09 23:26:09,262 ERROR fastapi: Form data requires "python-multipart" to be installed. 
You can install "python-multipart" with: 

pip install python-multipart

2026-09-09 23:26:09,263 WARNING hermes_cli.web_server: Failed to load plugin kanban API routes: Form data requires "python-multipart" to be installed. 
You can install "python-multipart" with: 

pip install python-multipart

2026-09-09 23:26:09,268 WARNING hermes_cli.web_server: Binding to 0.0.0.0 with --insecure — the dashboard has no robust authentication. Only use on trusted networks.
2026-09-09 23:26:15,796 ERROR fastapi: Form data requires "python-multipart" to be installed. 
You can install "python-multipart" with: 

pip install python-multipart

2026-09-09 23:26:15,797 WARNING hermes_cli.web_server: Failed to load plugin kanban API routes: Form data requires "python-multipart" to be installed. 
You can install "python-multipart" with: 

pip install python-multipart

2026-09-09 23:26:15,802 WARNING hermes_cli.web_server: Binding to 0.0.0.0 with --insecure — the dashboard has no robust authentication. Only use on trusted networks.
2026-09-09 23:26:22,260 ERROR fastapi: Form data requires "python-multipart" to be installed. 
You can install "python-multipart" with: 

pip install python-multipart

2026-09-09 23:26:22,260 WARNING hermes_cli.web_server: Failed to load plugin kanban API routes: Form data requires "python-multipart" to be installed. 
You can install "python-multipart" with: 

pip install python-multipart

2026-09-09 23:26:22,265 WARNING hermes_cli.web_server: Binding to 0.0.0.0 with --insecure — the dashboard has no robust authentication. Only use on trusted networks.
2026-09-09 23:26:28,757 ERROR fastapi: Form data requires "python-multipart" to be installed. 
You can install "python-multipart" with: 

pip install python-multipart

2026-09-09 23:26:28,757 WARNING hermes_cli.web_server: Failed to load plugin kanban API routes: Form data requires "python-multipart" to be installed. 
You can install "python-multipart" with: 

pip install python-multipart

2026-09-09 23:26:28,762 WARNING hermes_cli.web_server: Binding to 0.0.0.0 with --insecure — the dashboard has no robust authentication. Only use on trusted networks.
2026-09-09 23:26:35,234 ERROR fastapi: Form data requires "python-multipart" to be installed. 
You can install "python-multipart" with: 

pip install python-multipart

2026-09-09 23:26:35,234 WARNING hermes_cli.web_server: Failed to load plugin kanban API routes: Form data requires "python-multipart" to be installed. 
You can install "python-multipart" with: 

pip install python-multipart

2026-09-09 23:26:35,239 WARNING hermes_cli.web_server: Binding to 0.0.0.0 with --insecure — the dashboard has no robust authentication. Only use on trusted networks.
2026-09-09 23:26:41,750 ERROR fastapi: Form data requires "python-multipart" to be installed. 
You can install "python-multipart" with: 

pip install python-multipart

2026-09-09 23:26:41,750 WARNING hermes_cli.web_server: Failed to load plugin kanban API routes: Form data requires "python-multipart" to be installed. 
You can install "python-multipart" with: 

pip install python-multipart

2026-09-09 23:26:41,755 WARNING hermes_cli.web_server: Binding to 0.0.0.0 with --insecure — the dashboard has no robust authentication. Only use on trusted networks.
2026-09-09 23:26:48,239 ERROR fastapi: Form data requires "python-multipart" to be installed. 
You can install "python-multipart" with: 

pip install python-multipart

2026-09-09 23:26:48,239 WARNING hermes_cli.web_server: Failed to load plugin kanban API routes: Form data requires "python-multipart" to be installed. 
You can install "python-multipart" with: 

pip install python-multipart

2026-09-09 23:26:48,245 WARNING hermes_cli.web_server: Binding to 0.0.0.0 with --insecure — the dashboard has no robust authentication. Only use on trusted networks.
2026-09-09 23:26:54,739 ERROR fastapi: Form data requires "python-multipart" to be installed. 
You can install "python-multipart" with: 

pip install python-multipart

2026-09-09 23:26:54,739 WARNING hermes_cli.web_server: Failed to load plugin kanban API routes: Form data requires "python-multipart" to be installed. 
You can install "python-multipart" with: 

pip install python-multipart

2026-09-09 23:26:54,744 WARNING hermes_cli.web_server: Binding to 0.0.0.0 with --insecure — the dashboard has no robust authentication. Only use on trusted networks.
2026-09-09 23:27:01,293 ERROR fastapi: Form data requires "python-multipart" to be installed. 
You can install "python-multipart" with: 

pip install python-multipart

2026-09-09 23:27:01,294 WARNING hermes_cli.web_server: Failed to load plugin kanban API routes: Form data requires "python-multipart" to be installed. 
You can install "python-multipart" with: 

pip install python-multipart

2026-09-09 23:27:01,298 WARNING hermes_cli.web_server: Binding to 0.0.0.0 with --insecure — the dashboard has no robust authentication. Only use on trusted networks.
2026-09-09 23:27:07,761 ERROR fastapi: Form data requires "python-multipart" to be installed. 
You can install "python-multipart" with: 

pip install python-multipart

2026-09-09 23:27:07,762 WARNING hermes_cli.web_server: Failed to load plugin kanban API routes: Form data requires "python-multipart" to be installed. 
You can install "python-multipart" with: 

pip install python-multipart

2026-09-09 23:27:07,767 WARNING hermes_cli.web_server: Binding to 0.0.0.0 with --insecure — the dashboard has no robust authentication. Only use on trusted networks.
2026-09-09 23:27:14,273 ERROR fastapi: Form data requires "python-multipart" to be installed. 
You can install "python-multipart" with: 

pip install python-multipart

2026-09-09 23:27:14,274 WARNING hermes_cli.web_server: Failed to load plugin kanban API routes: Form data requires "python-multipart" to be installed. 
You can install "python-multipart" with: 

pip install python-multipart

2026-09-09 23:27:14,279 WARNING hermes_cli.web_server: Binding to 0.0.0.0 with --insecure — the dashboard has no robust authentication. Only use on trusted networks.
2026-09-09 23:27:20,789 ERROR fastapi: Form data requires "python-multipart" to be installed. 
You can install "python-multipart" with: 

pip install python-multipart

2026-09-09 23:27:20,789 WARNING hermes_cli.web_server: Failed to load plugin kanban API routes: Form data requires "python-multipart" to be installed. 
You can install "python-multipart" with: 

pip install python-multipart

2026-09-09 23:27:20,794 WARNING hermes_cli.web_server: Binding to 0.0.0.0 with --insecure — the dashboard has no robust authentication. Only use on trusted networks.
2026-09-09 23:27:27,283 ERROR fastapi: Form data requires "python-multipart" to be installed. 
You can install "python-multipart" with: 

pip install python-multipart

2026-09-09 23:27:27,283 WARNING hermes_cli.web_server: Failed to load plugin kanban API routes: Form data requires "python-multipart" to be installed. 
You can install "python-multipart" with: 

pip install python-multipart

2026-09-09 23:27:27,287 WARNING hermes_cli.web_server: Binding to 0.0.0.0 with --insecure — the dashboard has no robust authentication. Only use on trusted networks.
2026-09-09 23:27:33,742 ERROR fastapi: Form data requires "python-multipart" to be installed. 
You can install "python-multipart" with: 

pip install python-multipart

2026-09-09 23:27:33,742 WARNING hermes_cli.web_server: Failed to load plugin kanban API routes: Form data requires "python-multipart" to be installed. 
You can install "python-multipart" with: 

pip install python-multipart

2026-09-09 23:27:33,747 WARNING hermes_cli.web_server: Binding to 0.0.0.0 with --insecure — the dashboard has no robust authentication. Only use on trusted networks.
2026-09-09 23:27:40,254 ERROR fastapi: Form data requires "python-multipart" to be installed. 
You can install "python-multipart" with: 

pip install python-multipart

2026-09-09 23:27:40,254 WARNING hermes_cli.web_server: Failed to load plugin kanban API routes: Form data requires "python-multipart" to be installed. 
You can install "python-multipart" with: 

pip install python-multipart

2026-09-09 23:27:40,259 WARNING hermes_cli.web_server: Binding to 0.0.0.0 with --insecure — the dashboard has no robust authentication. Only use on trusted networks.
2026-09-09 23:27:46,743 ERROR fastapi: Form data requires "python-multipart" to be installed. 
You can install "python-multipart" with: 

pip install python-multipart

2026-09-09 23:27:46,744 WARNING hermes_cli.web_server: Failed to load plugin kanban API routes: Form data requires "python-multipart" to be installed. 
You can install "python-multipart" with: 

pip install python-multipart

2026-09-09 23:27:46,749 WARNING hermes_cli.web_server: Binding to 0.0.0.0 with --insecure — the dashboard has no robust authentication. Only use on trusted networks.
2026-09-09 23:27:53,286 ERROR fastapi: Form data requires "python-multipart" to be installed. 
You can install "python-multipart" with: 

pip install python-multipart

2026-09-09 23:27:53,286 WARNING hermes_cli.web_server: Failed to load plugin kanban API routes: Form data requires "python-multipart" to be installed. 
You can install "python-multipart" with: 

pip install python-multipart

2026-09-09 23:27:53,291 WARNING hermes_cli.web_server: Binding to 0.0.0.0 with --insecure — the dashboard has no robust authentication. Only use on trusted networks.
2026-09-09 23:27:59,754 ERROR fastapi: Form data requires "python-multipart" to be installed. 
You can install "python-multipart" with: 

pip install python-multipart

2026-09-09 23:27:59,754 WARNING hermes_cli.web_server: Failed to load plugin kanban API routes: Form data requires "python-multipart" to be installed. 
You can install "python-multipart" with: 

pip install python-multipart

2026-09-09 23:27:59,759 WARNING hermes_cli.web_server: Binding to 0.0.0.0 with --insecure — the dashboard has no robust authentication. Only use on trusted networks.
2026-09-09 23:28:06,287 ERROR fastapi: Form data requires "python-multipart" to be installed. 
You can install "python-multipart" with: 

pip install python-multipart

2026-09-09 23:28:06,287 WARNING hermes_cli.web_server: Failed to load plugin kanban API routes: Form data requires "python-multipart" to be installed. 
You can install "python-multipart" with: 

pip install python-multipart

2026-09-09 23:28:06,292 WARNING hermes_cli.web_server: Binding to 0.0.0.0 with --insecure — the dashboard has no robust authentication. Only use on trusted networks.
2026-09-09 23:28:12,743 ERROR fastapi: Form data requires "python-multipart" to be installed. 
You can install "python-multipart" with: 

pip install python-multipart

2026-09-09 23:28:12,744 WARNING hermes_cli.web_server: Failed to load plugin kanban API routes: Form data requires "python-multipart" to be installed. 
You can install "python-multipart" with: 

pip install python-multipart

2026-09-09 23:28:12,748 WARNING hermes_cli.web_server: Binding to 0.0.0.0 with --insecure — the dashboard has no robust authentication. Only use on trusted networks.
2026-09-09 23:28:19,287 ERROR fastapi: Form data requires "python-multipart" to be installed. 
You can install "python-multipart" with: 

pip install python-multipart

2026-09-09 23:28:19,287 WARNING hermes_cli.web_server: Failed to load plugin kanban API routes: Form data requires "python-multipart" to be installed. 
You can install "python-multipart" with: 

pip install python-multipart

2026-09-09 23:28:19,292 WARNING hermes_cli.web_server: Binding to 0.0.0.0 with --insecure — the dashboard has no robust authentication. Only use on trusted networks.
2026-09-09 23:28:22,093 WARNING gateway.run: Shutdown context: signal=SIGTERM under_systemd=yes parent_pid=1 parent_name=systemd loadavg_1m=0.35 parent_cmdline='/usr/lib/systemd/systemd --system --deserialize=75 vultr'
2026-09-09 23:33:23,901 WARNING gateway.run: Shutdown context: signal=SIGTERM under_systemd=yes parent_pid=109079 parent_name=systemd loadavg_1m=0.00 parent_cmdline='/usr/lib/systemd/systemd --user'
2026-09-09 23:33:24,021 ERROR fastapi: Form data requires "python-multipart" to be installed. 
You can install "python-multipart" with: 

pip install python-multipart

2026-09-09 23:33:24,022 WARNING hermes_cli.web_server: Failed to load plugin kanban API routes: Form data requires "python-multipart" to be installed. 
You can install "python-multipart" with: 

pip install python-multipart

2026-09-09 23:33:24,026 WARNING hermes_cli.web_server: Binding to 0.0.0.0 with --insecure — the dashboard has no robust authentication. Only use on trusted networks.
2026-09-09 23:33:30,516 ERROR fastapi: Form data requires "python-multipart" to be installed. 
You can install "python-multipart" with: 

pip install python-multipart

2026-09-09 23:33:30,516 WARNING hermes_cli.web_server: Failed to load plugin kanban API routes: Form data requires "python-multipart" to be installed. 
You can install "python-multipart" with: 

pip install python-multipart

2026-09-09 23:33:30,521 WARNING hermes_cli.web_server: Binding to 0.0.0.0 with --insecure — the dashboard has no robust authentication. Only use on trusted networks.
2026-09-09 23:33:36,920 ERROR fastapi: Form data requires "python-multipart" to be installed. 
You can install "python-multipart" with: 

pip install python-multipart

2026-09-09 23:33:36,920 WARNING hermes_cli.web_server: Failed to load plugin kanban API routes: Form data requires "python-multipart" to be installed. 
You can install "python-multipart" with: 

pip install python-multipart

2026-09-09 23:33:36,925 WARNING hermes_cli.web_server: Binding to 0.0.0.0 with --insecure — the dashboard has no robust authentication. Only use on trusted networks.
2026-09-09 23:33:43,300 ERROR fastapi: Form data requires "python-multipart" to be installed. 
You can install "python-multipart" with: 

pip install python-multipart

2026-09-09 23:33:43,300 WARNING hermes_cli.web_server: Failed to load plugin kanban API routes: Form data requires "python-multipart" to be installed. 
You can install "python-multipart" with: 

pip install python-multipart

2026-09-09 23:33:43,304 WARNING hermes_cli.web_server: Binding to 0.0.0.0 with --insecure — the dashboard has no robust authentication. Only use on trusted networks.
2026-09-09 23:33:49,768 ERROR fastapi: Form data requires "python-multipart" to be installed. 
You can install "python-multipart" with: 

pip install python-multipart

2026-09-09 23:33:49,768 WARNING hermes_cli.web_server: Failed to load plugin kanban API routes: Form data requires "python-multipart" to be installed. 
You can install "python-multipart" with: 

pip install python-multipart

2026-09-09 23:33:49,773 WARNING hermes_cli.web_server: Binding to 0.0.0.0 with --insecure — the dashboard has no robust authentication. Only use on trusted networks.
2026-09-09 23:33:56,247 ERROR fastapi: Form data requires "python-multipart" to be installed. 
You can install "python-multipart" with: 

pip install python-multipart

2026-09-09 23:33:56,248 WARNING hermes_cli.web_server: Failed to load plugin kanban API routes: Form data requires "python-multipart" to be installed. 
You can install "python-multipart" with: 

pip install python-multipart

2026-09-09 23:33:56,252 WARNING hermes_cli.web_server: Binding to 0.0.0.0 with --insecure — the dashboard has no robust authentication. Only use on trusted networks.
2026-09-09 23:34:02,775 ERROR fastapi: Form data requires "python-multipart" to be installed. 
You can install "python-multipart" with: 

pip install python-multipart

2026-09-09 23:34:02,775 WARNING hermes_cli.web_server: Failed to load plugin kanban API routes: Form data requires "python-multipart" to be installed. 
You can install "python-multipart" with: 

pip install python-multipart

2026-09-09 23:34:02,780 WARNING hermes_cli.web_server: Binding to 0.0.0.0 with --insecure — the dashboard has no robust authentication. Only use on trusted networks.
2026-09-09 23:34:09,336 ERROR fastapi: Form data requires "python-multipart" to be installed. 
You can install "python-multipart" with: 

pip install python-multipart

2026-09-09 23:34:09,336 WARNING hermes_cli.web_server: Failed to load plugin kanban API routes: Form data requires "python-multipart" to be installed. 
You can install "python-multipart" with: 

pip install python-multipart

2026-09-09 23:34:09,341 WARNING hermes_cli.web_server: Binding to 0.0.0.0 with --insecure — the dashboard has no robust authentication. Only use on trusted networks.
2026-09-09 23:34:15,755 ERROR fastapi: Form data requires "python-multipart" to be installed. 
You can install "python-multipart" with: 

pip install python-multipart

2026-09-09 23:34:15,755 WARNING hermes_cli.web_server: Failed to load plugin kanban API routes: Form data requires "python-multipart" to be installed. 
You can install "python-multipart" with: 

pip install python-multipart

2026-09-09 23:34:15,760 WARNING hermes_cli.web_server: Binding to 0.0.0.0 with --insecure — the dashboard has no robust authentication. Only use on trusted networks.
2026-09-09 23:34:22,343 ERROR fastapi: Form data requires "python-multipart" to be installed. 
You can install "python-multipart" with: 

pip install python-multipart

2026-09-09 23:34:22,343 WARNING hermes_cli.web_server: Failed to load plugin kanban API routes: Form data requires "python-multipart" to be installed. 
You can install "python-multipart" with: 

pip install python-multipart

2026-09-09 23:34:22,348 WARNING hermes_cli.web_server: Binding to 0.0.0.0 with --insecure — the dashboard has no robust authentication. Only use on trusted networks.
2026-09-09 23:34:28,791 ERROR fastapi: Form data requires "python-multipart" to be installed. 
You can install "python-multipart" with: 

pip install python-multipart

2026-09-09 23:34:28,791 WARNING hermes_cli.web_server: Failed to load plugin kanban API routes: Form data requires "python-multipart" to be installed. 
You can install "python-multipart" with: 

pip install python-multipart

2026-09-09 23:34:28,798 WARNING hermes_cli.web_server: Binding to 0.0.0.0 with --insecure — the dashboard has no robust authentication. Only use on trusted networks.
2026-09-09 23:34:35,262 ERROR fastapi: Form data requires "python-multipart" to be installed. 
You can install "python-multipart" with: 

pip install python-multipart

2026-09-09 23:34:35,262 WARNING hermes_cli.web_server: Failed to load plugin kanban API routes: Form data requires "python-multipart" to be installed. 
You can install "python-multipart" with: 

pip install python-multipart

2026-09-09 23:34:35,267 WARNING hermes_cli.web_server: Binding to 0.0.0.0 with --insecure — the dashboard has no robust authentication. Only use on trusted networks.
2026-09-09 23:34:41,785 ERROR fastapi: Form data requires "python-multipart" to be installed. 
You can install "python-multipart" with: 

pip install python-multipart

2026-09-09 23:34:41,785 WARNING hermes_cli.web_server: Failed to load plugin kanban API routes: Form data requires "python-multipart" to be installed. 
You can install "python-multipart" with: 

pip install python-multipart

2026-09-09 23:34:41,790 WARNING hermes_cli.web_server: Binding to 0.0.0.0 with --insecure — the dashboard has no robust authentication. Only use on trusted networks.
2026-09-09 23:34:48,244 ERROR fastapi: Form data requires "python-multipart" to be installed. 
You can install "python-multipart" with: 

pip install python-multipart

2026-09-09 23:34:48,244 WARNING hermes_cli.web_server: Failed to load plugin kanban API routes: Form data requires "python-multipart" to be installed. 
You can install "python-multipart" with: 

pip install python-multipart

2026-09-09 23:34:48,249 WARNING hermes_cli.web_server: Binding to 0.0.0.0 with --insecure — the dashboard has no robust authentication. Only use on trusted networks.
2026-09-09 23:34:54,753 ERROR fastapi: Form data requires "python-multipart" to be installed. 
You can install "python-multipart" with: 

pip install python-multipart

2026-09-09 23:34:54,753 WARNING hermes_cli.web_server: Failed to load plugin kanban API routes: Form data requires "python-multipart" to be installed. 
You can install "python-multipart" with: 

pip install python-multipart

2026-09-09 23:34:54,758 WARNING hermes_cli.web_server: Binding to 0.0.0.0 with --insecure — the dashboard has no robust authentication. Only use on trusted networks.
2026-09-09 23:35:01,264 ERROR fastapi: Form data requires "python-multipart" to be installed. 
You can install "python-multipart" with: 

pip install python-multipart

2026-09-09 23:35:01,264 WARNING hermes_cli.web_server: Failed to load plugin kanban API routes: Form data requires "python-multipart" to be installed. 
You can install "python-multipart" with: 

pip install python-multipart

2026-09-09 23:35:01,269 WARNING hermes_cli.web_server: Binding to 0.0.0.0 with --insecure — the dashboard has no robust authentication. Only use on trusted networks.
2026-09-09 23:35:07,748 ERROR fastapi: Form data requires "python-multipart" to be installed. 
You can install "python-multipart" with: 

pip install python-multipart

2026-09-09 23:35:07,748 WARNING hermes_cli.web_server: Failed to load plugin kanban API routes: Form data requires "python-multipart" to be installed. 
You can install "python-multipart" with: 

pip install python-multipart

2026-09-09 23:35:07,753 WARNING hermes_cli.web_server: Binding to 0.0.0.0 with --insecure — the dashboard has no robust authentication. Only use on trusted networks.
2026-09-09 23:35:14,301 ERROR fastapi: Form data requires "python-multipart" to be installed. 
You can install "python-multipart" with: 

pip install python-multipart

2026-09-09 23:35:14,301 WARNING hermes_cli.web_server: Failed to load plugin kanban API routes: Form data requires "python-multipart" to be installed. 
You can install "python-multipart" with: 

pip install python-multipart

2026-09-09 23:35:14,307 WARNING hermes_cli.web_server: Binding to 0.0.0.0 with --insecure — the dashboard has no robust authentication. Only use on trusted networks.
2026-09-09 23:35:20,768 ERROR fastapi: Form data requires "python-multipart" to be installed. 
You can install "python-multipart" with: 

pip install python-multipart

2026-09-09 23:35:20,769 WARNING hermes_cli.web_server: Failed to load plugin kanban API routes: Form data requires "python-multipart" to be installed. 
You can install "python-multipart" with: 

pip install python-multipart

2026-09-09 23:35:20,774 WARNING hermes_cli.web_server: Binding to 0.0.0.0 with --insecure — the dashboard has no robust authentication. Only use on trusted networks.
2026-09-09 23:35:27,248 ERROR fastapi: Form data requires "python-multipart" to be installed. 
You can install "python-multipart" with: 

pip install python-multipart

2026-09-09 23:35:27,248 WARNING hermes_cli.web_server: Failed to load plugin kanban API routes: Form data requires "python-multipart" to be installed. 
You can install "python-multipart" with: 

pip install python-multipart

2026-09-09 23:35:27,253 WARNING hermes_cli.web_server: Binding to 0.0.0.0 with --insecure — the dashboard has no robust authentication. Only use on trusted networks.
2026-09-09 23:35:33,756 ERROR fastapi: Form data requires "python-multipart" to be installed. 
You can install "python-multipart" with: 

pip install python-multipart

2026-09-09 23:35:33,756 WARNING hermes_cli.web_server: Failed to load plugin kanban API routes: Form data requires "python-multipart" to be installed. 
You can install "python-multipart" with: 

pip install python-multipart

2026-09-09 23:35:33,761 WARNING hermes_cli.web_server: Binding to 0.0.0.0 with --insecure — the dashboard has no robust authentication. Only use on trusted networks.
2026-09-09 23:35:40,262 ERROR fastapi: Form data requires "python-multipart" to be installed. 
You can install "python-multipart" with: 

pip install python-multipart

2026-09-09 23:35:40,262 WARNING hermes_cli.web_server: Failed to load plugin kanban API routes: Form data requires "python-multipart" to be installed. 
You can install "python-multipart" with: 

pip install python-multipart

2026-09-09 23:35:40,267 WARNING hermes_cli.web_server: Binding to 0.0.0.0 with --insecure — the dashboard has no robust authentication. Only use on trusted networks.
2026-09-09 23:35:46,743 ERROR fastapi: Form data requires "python-multipart" to be installed. 
You can install "python-multipart" with: 

pip install python-multipart

2026-09-09 23:35:46,743 WARNING hermes_cli.web_server: Failed to load plugin kanban API routes: Form data requires "python-multipart" to be installed. 
You can install "python-multipart" with: 

pip install python-multipart

2026-09-09 23:35:46,748 WARNING hermes_cli.web_server: Binding to 0.0.0.0 with --insecure — the dashboard has no robust authentication. Only use on trusted networks.
2026-09-09 23:35:53,276 ERROR fastapi: Form data requires "python-multipart" to be installed. 
You can install "python-multipart" with: 

pip install python-multipart

2026-09-09 23:35:53,276 WARNING hermes_cli.web_server: Failed to load plugin kanban API routes: Form data requires "python-multipart" to be installed. 
You can install "python-multipart" with: 

pip install python-multipart

2026-09-09 23:35:53,281 WARNING hermes_cli.web_server: Binding to 0.0.0.0 with --insecure — the dashboard has no robust authentication. Only use on trusted networks.
2026-09-09 23:35:59,750 ERROR fastapi: Form data requires "python-multipart" to be installed. 
You can install "python-multipart" with: 

pip install python-multipart

2026-09-09 23:35:59,750 WARNING hermes_cli.web_server: Failed to load plugin kanban API routes: Form data requires "python-multipart" to be installed. 
You can install "python-multipart" with: 

pip install python-multipart

2026-09-09 23:35:59,755 WARNING hermes_cli.web_server: Binding to 0.0.0.0 with --insecure — the dashboard has no robust authentication. Only use on trusted networks.
2026-09-09 23:36:06,264 ERROR fastapi: Form data requires "python-multipart" to be installed. 
You can install "python-multipart" with: 

pip install python-multipart

2026-09-09 23:36:06,264 WARNING hermes_cli.web_server: Failed to load plugin kanban API routes: Form data requires "python-multipart" to be installed. 
You can install "python-multipart" with: 

pip install python-multipart

2026-09-09 23:36:06,269 WARNING hermes_cli.web_server: Binding to 0.0.0.0 with --insecure — the dashboard has no robust authentication. Only use on trusted networks.
2026-09-09 23:36:12,807 ERROR fastapi: Form data requires "python-multipart" to be installed. 
You can install "python-multipart" with: 

pip install python-multipart

2026-09-09 23:36:12,807 WARNING hermes_cli.web_server: Failed to load plugin kanban API routes: Form data requires "python-multipart" to be installed. 
You can install "python-multipart" with: 

pip install python-multipart

2026-09-09 23:36:12,812 WARNING hermes_cli.web_server: Binding to 0.0.0.0 with --insecure — the dashboard has no robust authentication. Only use on trusted networks.
2026-09-09 23:36:19,272 ERROR fastapi: Form data requires "python-multipart" to be installed. 
You can install "python-multipart" with: 

pip install python-multipart

2026-09-09 23:36:19,272 WARNING hermes_cli.web_server: Failed to load plugin kanban API routes: Form data requires "python-multipart" to be installed. 
You can install "python-multipart" with: 

pip install python-multipart

2026-09-09 23:36:19,278 WARNING hermes_cli.web_server: Binding to 0.0.0.0 with --insecure — the dashboard has no robust authentication. Only use on trusted networks.
2026-09-09 23:36:25,776 ERROR fastapi: Form data requires "python-multipart" to be installed. 
You can install "python-multipart" with: 

pip install python-multipart

2026-09-09 23:36:25,776 WARNING hermes_cli.web_server: Failed to load plugin kanban API routes: Form data requires "python-multipart" to be installed. 
You can install "python-multipart" with: 

pip install python-multipart

2026-09-09 23:36:25,781 WARNING hermes_cli.web_server: Binding to 0.0.0.0 with --insecure — the dashboard has no robust authentication. Only use on trusted networks.
2026-09-09 23:36:32,279 ERROR fastapi: Form data requires "python-multipart" to be installed. 
You can install "python-multipart" with: 

pip install python-multipart

2026-09-09 23:36:32,279 WARNING hermes_cli.web_server: Failed to load plugin kanban API routes: Form data requires "python-multipart" to be installed. 
You can install "python-multipart" with: 

pip install python-multipart

2026-09-09 23:36:32,284 WARNING hermes_cli.web_server: Binding to 0.0.0.0 with --insecure — the dashboard has no robust authentication. Only use on trusted networks.
2026-09-09 23:36:38,799 ERROR fastapi: Form data requires "python-multipart" to be installed. 
You can install "python-multipart" with: 

pip install python-multipart

2026-09-09 23:36:38,799 WARNING hermes_cli.web_server: Failed to load plugin kanban API routes: Form data requires "python-multipart" to be installed. 
You can install "python-multipart" with: 

pip install python-multipart

2026-09-09 23:36:38,804 WARNING hermes_cli.web_server: Binding to 0.0.0.0 with --insecure — the dashboard has no robust authentication. Only use on trusted networks.
2026-09-09 23:36:45,278 ERROR fastapi: Form data requires "python-multipart" to be installed. 
You can install "python-multipart" with: 

pip install python-multipart

2026-09-09 23:36:45,278 WARNING hermes_cli.web_server: Failed to load plugin kanban API routes: Form data requires "python-multipart" to be installed. 
You can install "python-multipart" with: 

pip install python-multipart

2026-09-09 23:36:45,283 WARNING hermes_cli.web_server: Binding to 0.0.0.0 with --insecure — the dashboard has no robust authentication. Only use on trusted networks.
2026-09-09 23:36:51,796 ERROR fastapi: Form data requires "python-multipart" to be installed. 
You can install "python-multipart" with: 

pip install python-multipart

2026-09-09 23:36:51,796 WARNING hermes_cli.web_server: Failed to load plugin kanban API routes: Form data requires "python-multipart" to be installed. 
You can install "python-multipart" with: 

pip install python-multipart

2026-09-09 23:36:51,801 WARNING hermes_cli.web_server: Binding to 0.0.0.0 with --insecure — the dashboard has no robust authentication. Only use on trusted networks.
2026-09-09 23:36:58,259 ERROR fastapi: Form data requires "python-multipart" to be installed. 
You can install "python-multipart" with: 

pip install python-multipart

2026-09-09 23:36:58,259 WARNING hermes_cli.web_server: Failed to load plugin kanban API routes: Form data requires "python-multipart" to be installed. 
You can install "python-multipart" with: 

pip install python-multipart

2026-09-09 23:36:58,264 WARNING hermes_cli.web_server: Binding to 0.0.0.0 with --insecure — the dashboard has no robust authentication. Only use on trusted networks.
2026-09-09 23:37:04,737 ERROR fastapi: Form data requires "python-multipart" to be installed. 
You can install "python-multipart" with: 

pip install python-multipart

2026-09-09 23:37:04,737 WARNING hermes_cli.web_server: Failed to load plugin kanban API routes: Form data requires "python-multipart" to be installed. 
You can install "python-multipart" with: 

pip install python-multipart

2026-09-09 23:37:04,742 WARNING hermes_cli.web_server: Binding to 0.0.0.0 with --insecure — the dashboard has no robust authentication. Only use on trusted networks.
2026-09-09 23:37:11,240 ERROR fastapi: Form data requires "python-multipart" to be installed. 
You can install "python-multipart" with: 

pip install python-multipart

2026-09-09 23:37:11,240 WARNING hermes_cli.web_server: Failed to load plugin kanban API routes: Form data requires "python-multipart" to be installed. 
You can install "python-multipart" with: 

pip install python-multipart

2026-09-09 23:37:11,244 WARNING hermes_cli.web_server: Binding to 0.0.0.0 with --insecure — the dashboard has no robust authentication. Only use on trusted networks.
2026-09-09 23:37:17,760 ERROR fastapi: Form data requires "python-multipart" to be installed. 
You can install "python-multipart" with: 

pip install python-multipart

2026-09-09 23:37:17,760 WARNING hermes_cli.web_server: Failed to load plugin kanban API routes: Form data requires "python-multipart" to be installed. 
You can install "python-multipart" with: 

pip install python-multipart

2026-09-09 23:37:17,765 WARNING hermes_cli.web_server: Binding to 0.0.0.0 with --insecure — the dashboard has no robust authentication. Only use on trusted networks.
2026-09-09 23:37:24,288 ERROR fastapi: Form data requires "python-multipart" to be installed. 
You can install "python-multipart" with: 

pip install python-multipart

2026-09-09 23:37:24,288 WARNING hermes_cli.web_server: Failed to load plugin kanban API routes: Form data requires "python-multipart" to be installed. 
You can install "python-multipart" with: 

pip install python-multipart

2026-09-09 23:37:24,294 WARNING hermes_cli.web_server: Binding to 0.0.0.0 with --insecure — the dashboard has no robust authentication. Only use on trusted networks.
2026-09-09 23:37:30,786 ERROR fastapi: Form data requires "python-multipart" to be installed. 
You can install "python-multipart" with: 

pip install python-multipart

2026-09-09 23:37:30,786 WARNING hermes_cli.web_server: Failed to load plugin kanban API routes: Form data requires "python-multipart" to be installed. 
You can install "python-multipart" with: 

pip install python-multipart

2026-09-09 23:37:30,791 WARNING hermes_cli.web_server: Binding to 0.0.0.0 with --insecure — the dashboard has no robust authentication. Only use on trusted networks.
2026-09-09 23:37:37,232 ERROR fastapi: Form data requires "python-multipart" to be installed. 
You can install "python-multipart" with: 

pip install python-multipart

2026-09-09 23:37:37,233 WARNING hermes_cli.web_server: Failed to load plugin kanban API routes: Form data requires "python-multipart" to be installed. 
You can install "python-multipart" with: 

pip install python-multipart

2026-09-09 23:37:37,237 WARNING hermes_cli.web_server: Binding to 0.0.0.0 with --insecure — the dashboard has no robust authentication. Only use on trusted networks.
2026-09-09 23:37:43,754 ERROR fastapi: Form data requires "python-multipart" to be installed. 
You can install "python-multipart" with: 

pip install python-multipart

2026-09-09 23:37:43,754 WARNING hermes_cli.web_server: Failed to load plugin kanban API routes: Form data requires "python-multipart" to be installed. 
You can install "python-multipart" with: 

pip install python-multipart

2026-09-09 23:37:43,759 WARNING hermes_cli.web_server: Binding to 0.0.0.0 with --insecure — the dashboard has no robust authentication. Only use on trusted networks.
2026-09-09 23:37:50,247 ERROR fastapi: Form data requires "python-multipart" to be installed. 
You can install "python-multipart" with: 

pip install python-multipart

2026-09-09 23:37:50,247 WARNING hermes_cli.web_server: Failed to load plugin kanban API routes: Form data requires "python-multipart" to be installed. 
You can install "python-multipart" with: 

pip install python-multipart

2026-09-09 23:37:50,252 WARNING hermes_cli.web_server: Binding to 0.0.0.0 with --insecure — the dashboard has no robust authentication. Only use on trusted networks.
2026-09-09 23:37:56,749 ERROR fastapi: Form data requires "python-multipart" to be installed. 
You can install "python-multipart" with: 

pip install python-multipart

2026-09-09 23:37:56,749 WARNING hermes_cli.web_server: Failed to load plugin kanban API routes: Form data requires "python-multipart" to be installed. 
You can install "python-multipart" with: 

pip install python-multipart

2026-09-09 23:37:56,754 WARNING hermes_cli.web_server: Binding to 0.0.0.0 with --insecure — the dashboard has no robust authentication. Only use on trusted networks.
2026-09-09 23:38:03,254 ERROR fastapi: Form data requires "python-multipart" to be installed. 
You can install "python-multipart" with: 

pip install python-multipart

2026-09-09 23:38:03,254 WARNING hermes_cli.web_server: Failed to load plugin kanban API routes: Form data requires "python-multipart" to be installed. 
You can install "python-multipart" with: 

pip install python-multipart

2026-09-09 23:38:03,259 WARNING hermes_cli.web_server: Binding to 0.0.0.0 with --insecure — the dashboard has no robust authentication. Only use on trusted networks.
2026-09-09 23:38:09,775 ERROR fastapi: Form data requires "python-multipart" to be installed. 
You can install "python-multipart" with: 

pip install python-multipart

2026-09-09 23:38:09,775 WARNING hermes_cli.web_server: Failed to load plugin kanban API routes: Form data requires "python-multipart" to be installed. 
You can install "python-multipart" with: 

pip install python-multipart

2026-09-09 23:38:09,780 WARNING hermes_cli.web_server: Binding to 0.0.0.0 with --insecure — the dashboard has no robust authentication. Only use on trusted networks.
2026-09-09 23:38:16,289 ERROR fastapi: Form data requires "python-multipart" to be installed. 
You can install "python-multipart" with: 

pip install python-multipart

2026-09-09 23:38:16,289 WARNING hermes_cli.web_server: Failed to load plugin kanban API routes: Form data requires "python-multipart" to be installed. 
You can install "python-multipart" with: 

pip install python-multipart

2026-09-09 23:38:16,295 WARNING hermes_cli.web_server: Binding to 0.0.0.0 with --insecure — the dashboard has no robust authentication. Only use on trusted networks.
2026-09-09 23:38:22,733 ERROR fastapi: Form data requires "python-multipart" to be installed. 
You can install "python-multipart" with: 

pip install python-multipart

2026-09-09 23:38:22,733 WARNING hermes_cli.web_server: Failed to load plugin kanban API routes: Form data requires "python-multipart" to be installed. 
You can install "python-multipart" with: 

pip install python-multipart

2026-09-09 23:38:22,740 WARNING hermes_cli.web_server: Binding to 0.0.0.0 with --insecure — the dashboard has no robust authentication. Only use on trusted networks.
2026-09-09 23:38:25,847 WARNING gateway.run: Shutdown context: signal=SIGTERM under_systemd=yes parent_pid=1 parent_name=systemd loadavg_1m=0.20 parent_cmdline='/usr/lib/systemd/systemd --system --deserialize=75 vultr'
2026-09-09 23:43:27,628 WARNING gateway.run: Shutdown context: signal=SIGTERM under_systemd=yes parent_pid=109079 parent_name=systemd loadavg_1m=0.00 parent_cmdline='/usr/lib/systemd/systemd --user'
2026-09-09 23:43:27,805 ERROR fastapi: Form data requires "python-multipart" to be installed. 
You can install "python-multipart" with: 

pip install python-multipart

2026-09-09 23:43:27,805 WARNING hermes_cli.web_server: Failed to load plugin kanban API routes: Form data requires "python-multipart" to be installed. 
You can install "python-multipart" with: 

pip install python-multipart

2026-09-09 23:43:27,809 WARNING hermes_cli.web_server: Binding to 0.0.0.0 with --insecure — the dashboard has no robust authentication. Only use on trusted networks.
2026-09-09 23:43:34,261 ERROR fastapi: Form data requires "python-multipart" to be installed. 
You can install "python-multipart" with: 

pip install python-multipart

2026-09-09 23:43:34,261 WARNING hermes_cli.web_server: Failed to load plugin kanban API routes: Form data requires "python-multipart" to be installed. 
You can install "python-multipart" with: 

pip install python-multipart

2026-09-09 23:43:34,266 WARNING hermes_cli.web_server: Binding to 0.0.0.0 with --insecure — the dashboard has no robust authentication. Only use on trusted networks.
2026-09-09 23:43:40,779 ERROR fastapi: Form data requires "python-multipart" to be installed. 
You can install "python-multipart" with: 

pip install python-multipart

2026-09-09 23:43:40,779 WARNING hermes_cli.web_server: Failed to load plugin kanban API routes: Form data requires "python-multipart" to be installed. 
You can install "python-multipart" with: 

pip install python-multipart

2026-09-09 23:43:40,784 WARNING hermes_cli.web_server: Binding to 0.0.0.0 with --insecure — the dashboard has no robust authentication. Only use on trusted networks.
2026-09-09 23:43:47,248 ERROR fastapi: Form data requires "python-multipart" to be installed. 
You can install "python-multipart" with: 

pip install python-multipart

2026-09-09 23:43:47,248 WARNING hermes_cli.web_server: Failed to load plugin kanban API routes: Form data requires "python-multipart" to be installed. 
You can install "python-multipart" with: 

pip install python-multipart

2026-09-09 23:43:47,253 WARNING hermes_cli.web_server: Binding to 0.0.0.0 with --insecure — the dashboard has no robust authentication. Only use on trusted networks.
2026-09-09 23:43:53,753 ERROR fastapi: Form data requires "python-multipart" to be installed. 
You can install "python-multipart" with: 

pip install python-multipart

2026-09-09 23:43:53,754 WARNING hermes_cli.web_server: Failed to load plugin kanban API routes: Form data requires "python-multipart" to be installed. 
You can install "python-multipart" with: 

pip install python-multipart

2026-09-09 23:43:53,759 WARNING hermes_cli.web_server: Binding to 0.0.0.0 with --insecure — the dashboard has no robust authentication. Only use on trusted networks.
2026-09-09 23:44:00,315 ERROR fastapi: Form data requires "python-multipart" to be installed. 
You can install "python-multipart" with: 

pip install python-multipart

2026-09-09 23:44:00,315 WARNING hermes_cli.web_server: Failed to load plugin kanban API routes: Form data requires "python-multipart" to be installed. 
You can install "python-multipart" with: 

pip install python-multipart

2026-09-09 23:44:00,320 WARNING hermes_cli.web_server: Binding to 0.0.0.0 with --insecure — the dashboard has no robust authentication. Only use on trusted networks.
2026-09-09 23:44:06,761 ERROR fastapi: Form data requires "python-multipart" to be installed. 
You can install "python-multipart" with: 

pip install python-multipart

2026-09-09 23:44:06,761 WARNING hermes_cli.web_server: Failed to load plugin kanban API routes: Form data requires "python-multipart" to be installed. 
You can install "python-multipart" with: 

pip install python-multipart

2026-09-09 23:44:06,766 WARNING hermes_cli.web_server: Binding to 0.0.0.0 with --insecure — the dashboard has no robust authentication. Only use on trusted networks.
2026-09-09 23:44:13,245 ERROR fastapi: Form data requires "python-multipart" to be installed. 
You can install "python-multipart" with: 

pip install python-multipart

2026-09-09 23:44:13,245 WARNING hermes_cli.web_server: Failed to load plugin kanban API routes: Form data requires "python-multipart" to be installed. 
You can install "python-multipart" with: 

pip install python-multipart

2026-09-09 23:44:13,250 WARNING hermes_cli.web_server: Binding to 0.0.0.0 with --insecure — the dashboard has no robust authentication. Only use on trusted networks.
2026-09-09 23:44:19,810 ERROR fastapi: Form data requires "python-multipart" to be installed. 
You can install "python-multipart" with: 

pip install python-multipart

2026-09-09 23:44:19,810 WARNING hermes_cli.web_server: Failed to load plugin kanban API routes: Form data requires "python-multipart" to be installed. 
You can install "python-multipart" with: 

pip install python-multipart

2026-09-09 23:44:19,815 WARNING hermes_cli.web_server: Binding to 0.0.0.0 with --insecure — the dashboard has no robust authentication. Only use on trusted networks.
2026-09-09 23:44:26,257 ERROR fastapi: Form data requires "python-multipart" to be installed. 
You can install "python-multipart" with: 

pip install python-multipart

2026-09-09 23:44:26,257 WARNING hermes_cli.web_server: Failed to load plugin kanban API routes: Form data requires "python-multipart" to be installed. 
You can install "python-multipart" with: 

pip install python-multipart

2026-09-09 23:44:26,262 WARNING hermes_cli.web_server: Binding to 0.0.0.0 with --insecure — the dashboard has no robust authentication. Only use on trusted networks.
2026-09-09 23:44:32,772 ERROR fastapi: Form data requires "python-multipart" to be installed. 
You can install "python-multipart" with: 

pip install python-multipart

2026-09-09 23:44:32,772 WARNING hermes_cli.web_server: Failed to load plugin kanban API routes: Form data requires "python-multipart" to be installed. 
You can install "python-multipart" with: 

pip install python-multipart

2026-09-09 23:44:32,777 WARNING hermes_cli.web_server: Binding to 0.0.0.0 with --insecure — the dashboard has no robust authentication. Only use on trusted networks.
2026-09-09 23:44:39,270 ERROR fastapi: Form data requires "python-multipart" to be installed. 
You can install "python-multipart" with: 

pip install python-multipart

2026-09-09 23:44:39,270 WARNING hermes_cli.web_server: Failed to load plugin kanban API routes: Form data requires "python-multipart" to be installed. 
You can install "python-multipart" with: 

pip install python-multipart

2026-09-09 23:44:39,275 WARNING hermes_cli.web_server: Binding to 0.0.0.0 with --insecure — the dashboard has no robust authentication. Only use on trusted networks.
2026-09-09 23:44:45,760 ERROR fastapi: Form data requires "python-multipart" to be installed. 
You can install "python-multipart" with: 

pip install python-multipart

2026-09-09 23:44:45,760 WARNING hermes_cli.web_server: Failed to load plugin kanban API routes: Form data requires "python-multipart" to be installed. 
You can install "python-multipart" with: 

pip install python-multipart

2026-09-09 23:44:45,765 WARNING hermes_cli.web_server: Binding to 0.0.0.0 with --insecure — the dashboard has no robust authentication. Only use on trusted networks.
2026-09-09 23:44:52,266 ERROR fastapi: Form data requires "python-multipart" to be installed. 
You can install "python-multipart" with: 

pip install python-multipart

2026-09-09 23:44:52,266 WARNING hermes_cli.web_server: Failed to load plugin kanban API routes: Form data requires "python-multipart" to be installed. 
You can install "python-multipart" with: 

pip install python-multipart

2026-09-09 23:44:52,271 WARNING hermes_cli.web_server: Binding to 0.0.0.0 with --insecure — the dashboard has no robust authentication. Only use on trusted networks.
2026-09-09 23:44:58,750 ERROR fastapi: Form data requires "python-multipart" to be installed. 
You can install "python-multipart" with: 

pip install python-multipart

2026-09-09 23:44:58,750 WARNING hermes_cli.web_server: Failed to load plugin kanban API routes: Form data requires "python-multipart" to be installed. 
You can install "python-multipart" with: 

pip install python-multipart

2026-09-09 23:44:58,756 WARNING hermes_cli.web_server: Binding to 0.0.0.0 with --insecure — the dashboard has no robust authentication. Only use on trusted networks.
2026-09-09 23:45:05,246 ERROR fastapi: Form data requires "python-multipart" to be installed. 
You can install "python-multipart" with: 

pip install python-multipart

2026-09-09 23:45:05,246 WARNING hermes_cli.web_server: Failed to load plugin kanban API routes: Form data requires "python-multipart" to be installed. 
You can install "python-multipart" with: 

pip install python-multipart

2026-09-09 23:45:05,251 WARNING hermes_cli.web_server: Binding to 0.0.0.0 with --insecure — the dashboard has no robust authentication. Only use on trusted networks.
2026-09-09 23:45:11,768 ERROR fastapi: Form data requires "python-multipart" to be installed. 
You can install "python-multipart" with: 

pip install python-multipart

2026-09-09 23:45:11,768 WARNING hermes_cli.web_server: Failed to load plugin kanban API routes: Form data requires "python-multipart" to be installed. 
You can install "python-multipart" with: 

pip install python-multipart

2026-09-09 23:45:11,773 WARNING hermes_cli.web_server: Binding to 0.0.0.0 with --insecure — the dashboard has no robust authentication. Only use on trusted networks.
2026-09-09 23:45:18,288 ERROR fastapi: Form data requires "python-multipart" to be installed. 
You can install "python-multipart" with: 

pip install python-multipart

2026-09-09 23:45:18,288 WARNING hermes_cli.web_server: Failed to load plugin kanban API routes: Form data requires "python-multipart" to be installed. 
You can install "python-multipart" with: 

pip install python-multipart

2026-09-09 23:45:18,293 WARNING hermes_cli.web_server: Binding to 0.0.0.0 with --insecure — the dashboard has no robust authentication. Only use on trusted networks.
2026-09-09 23:45:24,778 ERROR fastapi: Form data requires "python-multipart" to be installed. 
You can install "python-multipart" with: 

pip install python-multipart

2026-09-09 23:45:24,778 WARNING hermes_cli.web_server: Failed to load plugin kanban API routes: Form data requires "python-multipart" to be installed. 
You can install "python-multipart" with: 

pip install python-multipart

2026-09-09 23:45:24,783 WARNING hermes_cli.web_server: Binding to 0.0.0.0 with --insecure — the dashboard has no robust authentication. Only use on trusted networks.
2026-09-09 23:45:31,253 ERROR fastapi: Form data requires "python-multipart" to be installed. 
You can install "python-multipart" with: 

pip install python-multipart

2026-09-09 23:45:31,254 WARNING hermes_cli.web_server: Failed to load plugin kanban API routes: Form data requires "python-multipart" to be installed. 
You can install "python-multipart" with: 

pip install python-multipart

2026-09-09 23:45:31,258 WARNING hermes_cli.web_server: Binding to 0.0.0.0 with --insecure — the dashboard has no robust authentication. Only use on trusted networks.
2026-09-09 23:45:37,837 ERROR fastapi: Form data requires "python-multipart" to be installed. 
You can install "python-multipart" with: 

pip install python-multipart

2026-09-09 23:45:37,837 WARNING hermes_cli.web_server: Failed to load plugin kanban API routes: Form data requires "python-multipart" to be installed. 
You can install "python-multipart" with: 

pip install python-multipart

2026-09-09 23:45:37,842 WARNING hermes_cli.web_server: Binding to 0.0.0.0 with --insecure — the dashboard has no robust authentication. Only use on trusted networks.
2026-09-09 23:45:44,310 ERROR fastapi: Form data requires "python-multipart" to be installed. 
You can install "python-multipart" with: 

pip install python-multipart

2026-09-09 23:45:44,310 WARNING hermes_cli.web_server: Failed to load plugin kanban API routes: Form data requires "python-multipart" to be installed. 
You can install "python-multipart" with: 

pip install python-multipart

2026-09-09 23:45:44,315 WARNING hermes_cli.web_server: Binding to 0.0.0.0 with --insecure — the dashboard has no robust authentication. Only use on trusted networks.
2026-09-09 23:45:50,784 ERROR fastapi: Form data requires "python-multipart" to be installed. 
You can install "python-multipart" with: 

pip install python-multipart

2026-09-09 23:45:50,785 WARNING hermes_cli.web_server: Failed to load plugin kanban API routes: Form data requires "python-multipart" to be installed. 
You can install "python-multipart" with: 

pip install python-multipart

2026-09-09 23:45:50,789 WARNING hermes_cli.web_server: Binding to 0.0.0.0 with --insecure — the dashboard has no robust authentication. Only use on trusted networks.
2026-09-09 23:45:57,282 ERROR fastapi: Form data requires "python-multipart" to be installed. 
You can install "python-multipart" with: 

pip install python-multipart

2026-09-09 23:45:57,282 WARNING hermes_cli.web_server: Failed to load plugin kanban API routes: Form data requires "python-multipart" to be installed. 
You can install "python-multipart" with: 

pip install python-multipart

2026-09-09 23:45:57,287 WARNING hermes_cli.web_server: Binding to 0.0.0.0 with --insecure — the dashboard has no robust authentication. Only use on trusted networks.
2026-09-09 23:46:03,768 ERROR fastapi: Form data requires "python-multipart" to be installed. 
You can install "python-multipart" with: 

pip install python-multipart

2026-09-09 23:46:03,768 WARNING hermes_cli.web_server: Failed to load plugin kanban API routes: Form data requires "python-multipart" to be installed. 
You can install "python-multipart" with: 

pip install python-multipart

2026-09-09 23:46:03,773 WARNING hermes_cli.web_server: Binding to 0.0.0.0 with --insecure — the dashboard has no robust authentication. Only use on trusted networks.
2026-09-09 23:46:10,286 ERROR fastapi: Form data requires "python-multipart" to be installed. 
You can install "python-multipart" with: 

pip install python-multipart

2026-09-09 23:46:10,286 WARNING hermes_cli.web_server: Failed to load plugin kanban API routes: Form data requires "python-multipart" to be installed. 
You can install "python-multipart" with: 

pip install python-multipart

2026-09-09 23:46:10,291 WARNING hermes_cli.web_server: Binding to 0.0.0.0 with --insecure — the dashboard has no robust authentication. Only use on trusted networks.
2026-09-09 23:46:16,767 ERROR fastapi: Form data requires "python-multipart" to be installed. 
You can install "python-multipart" with: 

pip install python-multipart

2026-09-09 23:46:16,767 WARNING hermes_cli.web_server: Failed to load plugin kanban API routes: Form data requires "python-multipart" to be installed. 
You can install "python-multipart" with: 

pip install python-multipart

2026-09-09 23:46:16,772 WARNING hermes_cli.web_server: Binding to 0.0.0.0 with --insecure — the dashboard has no robust authentication. Only use on trusted networks.
2026-09-09 23:46:23,266 ERROR fastapi: Form data requires "python-multipart" to be installed. 
You can install "python-multipart" with: 

pip install python-multipart

2026-09-09 23:46:23,266 WARNING hermes_cli.web_server: Failed to load plugin kanban API routes: Form data requires "python-multipart" to be installed. 
You can install "python-multipart" with: 

pip install python-multipart

2026-09-09 23:46:23,271 WARNING hermes_cli.web_server: Binding to 0.0.0.0 with --insecure — the dashboard has no robust authentication. Only use on trusted networks.
2026-09-09 23:46:29,768 ERROR fastapi: Form data requires "python-multipart" to be installed. 
You can install "python-multipart" with: 

pip install python-multipart

2026-09-09 23:46:29,768 WARNING hermes_cli.web_server: Failed to load plugin kanban API routes: Form data requires "python-multipart" to be installed. 
You can install "python-multipart" with: 

pip install python-multipart

2026-09-09 23:46:29,773 WARNING hermes_cli.web_server: Binding to 0.0.0.0 with --insecure — the dashboard has no robust authentication. Only use on trusted networks.
2026-09-09 23:46:36,302 ERROR fastapi: Form data requires "python-multipart" to be installed. 
You can install "python-multipart" with: 

pip install python-multipart

2026-09-09 23:46:36,303 WARNING hermes_cli.web_server: Failed to load plugin kanban API routes: Form data requires "python-multipart" to be installed. 
You can install "python-multipart" with: 

pip install python-multipart

2026-09-09 23:46:36,309 WARNING hermes_cli.web_server: Binding to 0.0.0.0 with --insecure — the dashboard has no robust authentication. Only use on trusted networks.
2026-09-09 23:46:42,803 ERROR fastapi: Form data requires "python-multipart" to be installed. 
You can install "python-multipart" with: 

pip install python-multipart

2026-09-09 23:46:42,803 WARNING hermes_cli.web_server: Failed to load plugin kanban API routes: Form data requires "python-multipart" to be installed. 
You can install "python-multipart" with: 

pip install python-multipart

2026-09-09 23:46:42,808 WARNING hermes_cli.web_server: Binding to 0.0.0.0 with --insecure — the dashboard has no robust authentication. Only use on trusted networks.
2026-09-09 23:46:49,255 ERROR fastapi: Form data requires "python-multipart" to be installed. 
You can install "python-multipart" with: 

pip install python-multipart

2026-09-09 23:46:49,255 WARNING hermes_cli.web_server: Failed to load plugin kanban API routes: Form data requires "python-multipart" to be installed. 
You can install "python-multipart" with: 

pip install python-multipart

2026-09-09 23:46:49,260 WARNING hermes_cli.web_server: Binding to 0.0.0.0 with --insecure — the dashboard has no robust authentication. Only use on trusted networks.
2026-09-09 23:46:55,796 ERROR fastapi: Form data requires "python-multipart" to be installed. 
You can install "python-multipart" with: 

pip install python-multipart

2026-09-09 23:46:55,796 WARNING hermes_cli.web_server: Failed to load plugin kanban API routes: Form data requires "python-multipart" to be installed. 
You can install "python-multipart" with: 

pip install python-multipart

2026-09-09 23:46:55,801 WARNING hermes_cli.web_server: Binding to 0.0.0.0 with --insecure — the dashboard has no robust authentication. Only use on trusted networks.
2026-09-09 23:47:02,331 ERROR fastapi: Form data requires "python-multipart" to be installed. 
You can install "python-multipart" with: 

pip install python-multipart

2026-09-09 23:47:02,331 WARNING hermes_cli.web_server: Failed to load plugin kanban API routes: Form data requires "python-multipart" to be installed. 
You can install "python-multipart" with: 

pip install python-multipart

2026-09-09 23:47:02,336 WARNING hermes_cli.web_server: Binding to 0.0.0.0 with --insecure — the dashboard has no robust authentication. Only use on trusted networks.
2026-09-09 23:47:08,773 ERROR fastapi: Form data requires "python-multipart" to be installed. 
You can install "python-multipart" with: 

pip install python-multipart

2026-09-09 23:47:08,773 WARNING hermes_cli.web_server: Failed to load plugin kanban API routes: Form data requires "python-multipart" to be installed. 
You can install "python-multipart" with: 

pip install python-multipart

2026-09-09 23:47:08,778 WARNING hermes_cli.web_server: Binding to 0.0.0.0 with --insecure — the dashboard has no robust authentication. Only use on trusted networks.
2026-09-09 23:47:15,285 ERROR fastapi: Form data requires "python-multipart" to be installed. 
You can install "python-multipart" with: 

pip install python-multipart

2026-09-09 23:47:15,286 WARNING hermes_cli.web_server: Failed to load plugin kanban API routes: Form data requires "python-multipart" to be installed. 
You can install "python-multipart" with: 

pip install python-multipart

2026-09-09 23:47:15,290 WARNING hermes_cli.web_server: Binding to 0.0.0.0 with --insecure — the dashboard has no robust authentication. Only use on trusted networks.
2026-09-09 23:47:21,825 ERROR fastapi: Form data requires "python-multipart" to be installed. 
You can install "python-multipart" with: 

pip install python-multipart

2026-09-09 23:47:21,825 WARNING hermes_cli.web_server: Failed to load plugin kanban API routes: Form data requires "python-multipart" to be installed. 
You can install "python-multipart" with: 

pip install python-multipart

2026-09-09 23:47:21,830 WARNING hermes_cli.web_server: Binding to 0.0.0.0 with --insecure — the dashboard has no robust authentication. Only use on trusted networks.
2026-09-09 23:47:28,281 ERROR fastapi: Form data requires "python-multipart" to be installed. 
You can install "python-multipart" with: 

pip install python-multipart

2026-09-09 23:47:28,281 WARNING hermes_cli.web_server: Failed to load plugin kanban API routes: Form data requires "python-multipart" to be installed. 
You can install "python-multipart" with: 

pip install python-multipart

2026-09-09 23:47:28,286 WARNING hermes_cli.web_server: Binding to 0.0.0.0 with --insecure — the dashboard has no robust authentication. Only use on trusted networks.
2026-09-09 23:47:34,832 ERROR fastapi: Form data requires "python-multipart" to be installed. 
You can install "python-multipart" with: 

pip install python-multipart

2026-09-09 23:47:34,832 WARNING hermes_cli.web_server: Failed to load plugin kanban API routes: Form data requires "python-multipart" to be installed. 
You can install "python-multipart" with: 

pip install python-multipart

2026-09-09 23:47:34,837 WARNING hermes_cli.web_server: Binding to 0.0.0.0 with --insecure — the dashboard has no robust authentication. Only use on trusted networks.
2026-09-09 23:47:41,297 ERROR fastapi: Form data requires "python-multipart" to be installed. 
You can install "python-multipart" with: 

pip install python-multipart

2026-09-09 23:47:41,297 WARNING hermes_cli.web_server: Failed to load plugin kanban API routes: Form data requires "python-multipart" to be installed. 
You can install "python-multipart" with: 

pip install python-multipart

2026-09-09 23:47:41,302 WARNING hermes_cli.web_server: Binding to 0.0.0.0 with --insecure — the dashboard has no robust authentication. Only use on trusted networks.
2026-09-09 23:47:47,773 ERROR fastapi: Form data requires "python-multipart" to be installed. 
You can install "python-multipart" with: 

pip install python-multipart

2026-09-09 23:47:47,773 WARNING hermes_cli.web_server: Failed to load plugin kanban API routes: Form data requires "python-multipart" to be installed. 
You can install "python-multipart" with: 

pip install python-multipart

2026-09-09 23:47:47,778 WARNING hermes_cli.web_server: Binding to 0.0.0.0 with --insecure — the dashboard has no robust authentication. Only use on trusted networks.
2026-09-09 23:47:54,258 ERROR fastapi: Form data requires "python-multipart" to be installed. 
You can install "python-multipart" with: 

pip install python-multipart

2026-09-09 23:47:54,258 WARNING hermes_cli.web_server: Failed to load plugin kanban API routes: Form data requires "python-multipart" to be installed. 
You can install "python-multipart" with: 

pip install python-multipart

2026-09-09 23:47:54,263 WARNING hermes_cli.web_server: Binding to 0.0.0.0 with --insecure — the dashboard has no robust authentication. Only use on trusted networks.
2026-09-09 23:48:00,787 ERROR fastapi: Form data requires "python-multipart" to be installed. 
You can install "python-multipart" with: 

pip install python-multipart

2026-09-09 23:48:00,787 WARNING hermes_cli.web_server: Failed to load plugin kanban API routes: Form data requires "python-multipart" to be installed. 
You can install "python-multipart" with: 

pip install python-multipart

2026-09-09 23:48:00,792 WARNING hermes_cli.web_server: Binding to 0.0.0.0 with --insecure — the dashboard has no robust authentication. Only use on trusted networks.
2026-09-09 23:48:07,325 ERROR fastapi: Form data requires "python-multipart" to be installed. 
You can install "python-multipart" with: 

pip install python-multipart

2026-09-09 23:48:07,326 WARNING hermes_cli.web_server: Failed to load plugin kanban API routes: Form data requires "python-multipart" to be installed. 
You can install "python-multipart" with: 

pip install python-multipart

2026-09-09 23:48:07,331 WARNING hermes_cli.web_server: Binding to 0.0.0.0 with --insecure — the dashboard has no robust authentication. Only use on trusted networks.
2026-09-09 23:48:13,790 ERROR fastapi: Form data requires "python-multipart" to be installed. 
You can install "python-multipart" with: 

pip install python-multipart

2026-09-09 23:48:13,790 WARNING hermes_cli.web_server: Failed to load plugin kanban API routes: Form data requires "python-multipart" to be installed. 
You can install "python-multipart" with: 

pip install python-multipart

2026-09-09 23:48:13,795 WARNING hermes_cli.web_server: Binding to 0.0.0.0 with --insecure — the dashboard has no robust authentication. Only use on trusted networks.
2026-09-09 23:48:20,252 ERROR fastapi: Form data requires "python-multipart" to be installed. 
You can install "python-multipart" with: 

pip install python-multipart

2026-09-09 23:48:20,252 WARNING hermes_cli.web_server: Failed to load plugin kanban API routes: Form data requires "python-multipart" to be installed. 
You can install "python-multipart" with: 

pip install python-multipart

2026-09-09 23:48:20,257 WARNING hermes_cli.web_server: Binding to 0.0.0.0 with --insecure — the dashboard has no robust authentication. Only use on trusted networks.
2026-09-09 23:48:26,786 ERROR fastapi: Form data requires "python-multipart" to be installed. 
You can install "python-multipart" with: 

pip install python-multipart

2026-09-09 23:48:26,786 WARNING hermes_cli.web_server: Failed to load plugin kanban API routes: Form data requires "python-multipart" to be installed. 
You can install "python-multipart" with: 

pip install python-multipart

2026-09-09 23:48:26,791 WARNING hermes_cli.web_server: Binding to 0.0.0.0 with --insecure — the dashboard has no robust authentication. Only use on trusted networks.
2026-09-09 23:48:29,593 WARNING gateway.run: Shutdown context: signal=SIGTERM under_systemd=yes parent_pid=1 parent_name=systemd loadavg_1m=0.23 parent_cmdline='/usr/lib/systemd/systemd --system --deserialize=75 vultr'
2026-09-09 23:53:31,605 WARNING gateway.run: Shutdown context: signal=SIGTERM under_systemd=yes parent_pid=109079 parent_name=systemd loadavg_1m=0.00 parent_cmdline='/usr/lib/systemd/systemd --user'
2026-09-09 23:53:31,752 ERROR fastapi: Form data requires "python-multipart" to be installed. 
You can install "python-multipart" with: 

pip install python-multipart

2026-09-09 23:53:31,752 WARNING hermes_cli.web_server: Failed to load plugin kanban API routes: Form data requires "python-multipart" to be installed. 
You can install "python-multipart" with: 

pip install python-multipart

2026-09-09 23:53:31,757 WARNING hermes_cli.web_server: Binding to 0.0.0.0 with --insecure — the dashboard has no robust authentication. Only use on trusted networks.
2026-09-09 23:53:38,272 ERROR fastapi: Form data requires "python-multipart" to be installed. 
You can install "python-multipart" with: 

pip install python-multipart

2026-09-09 23:53:38,272 WARNING hermes_cli.web_server: Failed to load plugin kanban API routes: Form data requires "python-multipart" to be installed. 
You can install "python-multipart" with: 

pip install python-multipart

2026-09-09 23:53:38,277 WARNING hermes_cli.web_server: Binding to 0.0.0.0 with --insecure — the dashboard has no robust authentication. Only use on trusted networks.
2026-09-09 23:53:44,757 ERROR fastapi: Form data requires "python-multipart" to be installed. 
You can install "python-multipart" with: 

pip install python-multipart

2026-09-09 23:53:44,758 WARNING hermes_cli.web_server: Failed to load plugin kanban API routes: Form data requires "python-multipart" to be installed. 
You can install "python-multipart" with: 

pip install python-multipart

2026-09-09 23:53:44,763 WARNING hermes_cli.web_server: Binding to 0.0.0.0 with --insecure — the dashboard has no robust authentication. Only use on trusted networks.
2026-09-09 23:53:51,284 ERROR fastapi: Form data requires "python-multipart" to be installed. 
You can install "python-multipart" with: 

pip install python-multipart

2026-09-09 23:53:51,284 WARNING hermes_cli.web_server: Failed to load plugin kanban API routes: Form data requires "python-multipart" to be installed. 
You can install "python-multipart" with: 

pip install python-multipart

2026-09-09 23:53:51,289 WARNING hermes_cli.web_server: Binding to 0.0.0.0 with --insecure — the dashboard has no robust authentication. Only use on trusted networks.
2026-09-09 23:53:57,751 ERROR fastapi: Form data requires "python-multipart" to be installed. 
You can install "python-multipart" with: 

pip install python-multipart

2026-09-09 23:53:57,752 WARNING hermes_cli.web_server: Failed to load plugin kanban API routes: Form data requires "python-multipart" to be installed. 
You can install "python-multipart" with: 

pip install python-multipart

2026-09-09 23:53:57,756 WARNING hermes_cli.web_server: Binding to 0.0.0.0 with --insecure — the dashboard has no robust authentication. Only use on trusted networks.
2026-09-09 23:54:04,263 ERROR fastapi: Form data requires "python-multipart" to be installed. 
You can install "python-multipart" with: 

pip install python-multipart

2026-09-09 23:54:04,263 WARNING hermes_cli.web_server: Failed to load plugin kanban API routes: Form data requires "python-multipart" to be installed. 
You can install "python-multipart" with: 

pip install python-multipart

2026-09-09 23:54:04,268 WARNING hermes_cli.web_server: Binding to 0.0.0.0 with --insecure — the dashboard has no robust authentication. Only use on trusted networks.
2026-09-09 23:54:10,845 ERROR fastapi: Form data requires "python-multipart" to be installed. 
You can install "python-multipart" with: 

pip install python-multipart

2026-09-09 23:54:10,845 WARNING hermes_cli.web_server: Failed to load plugin kanban API routes: Form data requires "python-multipart" to be installed. 
You can install "python-multipart" with: 

pip install python-multipart

2026-09-09 23:54:10,850 WARNING hermes_cli.web_server: Binding to 0.0.0.0 with --insecure — the dashboard has no robust authentication. Only use on trusted networks.
2026-09-09 23:54:17,260 ERROR fastapi: Form data requires "python-multipart" to be installed. 
You can install "python-multipart" with: 

pip install python-multipart

2026-09-09 23:54:17,260 WARNING hermes_cli.web_server: Failed to load plugin kanban API routes: Form data requires "python-multipart" to be installed. 
You can install "python-multipart" with: 

pip install python-multipart

2026-09-09 23:54:17,265 WARNING hermes_cli.web_server: Binding to 0.0.0.0 with --insecure — the dashboard has no robust authentication. Only use on trusted networks.
2026-09-09 23:54:23,763 ERROR fastapi: Form data requires "python-multipart" to be installed. 
You can install "python-multipart" with: 

pip install python-multipart

2026-09-09 23:54:23,763 WARNING hermes_cli.web_server: Failed to load plugin kanban API routes: Form data requires "python-multipart" to be installed. 
You can install "python-multipart" with: 

pip install python-multipart

2026-09-09 23:54:23,768 WARNING hermes_cli.web_server: Binding to 0.0.0.0 with --insecure — the dashboard has no robust authentication. Only use on trusted networks.
2026-09-09 23:54:30,269 ERROR fastapi: Form data requires "python-multipart" to be installed. 
You can install "python-multipart" with: 

pip install python-multipart

2026-09-09 23:54:30,269 WARNING hermes_cli.web_server: Failed to load plugin kanban API routes: Form data requires "python-multipart" to be installed. 
You can install "python-multipart" with: 

pip install python-multipart

2026-09-09 23:54:30,274 WARNING hermes_cli.web_server: Binding to 0.0.0.0 with --insecure — the dashboard has no robust authentication. Only use on trusted networks.
2026-09-09 23:54:36,789 ERROR fastapi: Form data requires "python-multipart" to be installed. 
You can install "python-multipart" with: 

pip install python-multipart

2026-09-09 23:54:36,789 WARNING hermes_cli.web_server: Failed to load plugin kanban API routes: Form data requires "python-multipart" to be installed. 
You can install "python-multipart" with: 

pip install python-multipart

2026-09-09 23:54:36,794 WARNING hermes_cli.web_server: Binding to 0.0.0.0 with --insecure — the dashboard has no robust authentication. Only use on trusted networks.
2026-09-09 23:54:43,261 ERROR fastapi: Form data requires "python-multipart" to be installed. 
You can install "python-multipart" with: 

pip install python-multipart

2026-09-09 23:54:43,261 WARNING hermes_cli.web_server: Failed to load plugin kanban API routes: Form data requires "python-multipart" to be installed. 
You can install "python-multipart" with: 

pip install python-multipart

2026-09-09 23:54:43,265 WARNING hermes_cli.web_server: Binding to 0.0.0.0 with --insecure — the dashboard has no robust authentication. Only use on trusted networks.
2026-09-09 23:54:49,769 ERROR fastapi: Form data requires "python-multipart" to be installed. 
You can install "python-multipart" with: 

pip install python-multipart

2026-09-09 23:54:49,770 WARNING hermes_cli.web_server: Failed to load plugin kanban API routes: Form data requires "python-multipart" to be installed. 
You can install "python-multipart" with: 

pip install python-multipart

2026-09-09 23:54:49,775 WARNING hermes_cli.web_server: Binding to 0.0.0.0 with --insecure — the dashboard has no robust authentication. Only use on trusted networks.
2026-09-09 23:54:56,263 ERROR fastapi: Form data requires "python-multipart" to be installed. 
You can install "python-multipart" with: 

pip install python-multipart

2026-09-09 23:54:56,264 WARNING hermes_cli.web_server: Failed to load plugin kanban API routes: Form data requires "python-multipart" to be installed. 
You can install "python-multipart" with: 

pip install python-multipart

2026-09-09 23:54:56,268 WARNING hermes_cli.web_server: Binding to 0.0.0.0 with --insecure — the dashboard has no robust authentication. Only use on trusted networks.
2026-09-09 23:55:02,784 ERROR fastapi: Form data requires "python-multipart" to be installed. 
You can install "python-multipart" with: 

pip install python-multipart

2026-09-09 23:55:02,784 WARNING hermes_cli.web_server: Failed to load plugin kanban API routes: Form data requires "python-multipart" to be installed. 
You can install "python-multipart" with: 

pip install python-multipart

2026-09-09 23:55:02,789 WARNING hermes_cli.web_server: Binding to 0.0.0.0 with --insecure — the dashboard has no robust authentication. Only use on trusted networks.
2026-09-09 23:55:09,244 ERROR fastapi: Form data requires "python-multipart" to be installed. 
You can install "python-multipart" with: 

pip install python-multipart

2026-09-09 23:55:09,244 WARNING hermes_cli.web_server: Failed to load plugin kanban API routes: Form data requires "python-multipart" to be installed. 
You can install "python-multipart" with: 

pip install python-multipart

2026-09-09 23:55:09,249 WARNING hermes_cli.web_server: Binding to 0.0.0.0 with --insecure — the dashboard has no robust authentication. Only use on trusted networks.
2026-09-09 23:55:15,731 ERROR fastapi: Form data requires "python-multipart" to be installed. 
You can install "python-multipart" with: 

pip install python-multipart

2026-09-09 23:55:15,731 WARNING hermes_cli.web_server: Failed to load plugin kanban API routes: Form data requires "python-multipart" to be installed. 
You can install "python-multipart" with: 

pip install python-multipart

2026-09-09 23:55:15,736 WARNING hermes_cli.web_server: Binding to 0.0.0.0 with --insecure — the dashboard has no robust authentication. Only use on trusted networks.
2026-09-09 23:55:22,244 ERROR fastapi: Form data requires "python-multipart" to be installed. 
You can install "python-multipart" with: 

pip install python-multipart

2026-09-09 23:55:22,244 WARNING hermes_cli.web_server: Failed to load plugin kanban API routes: Form data requires "python-multipart" to be installed. 
You can install "python-multipart" with: 

pip install python-multipart

2026-09-09 23:55:22,249 WARNING hermes_cli.web_server: Binding to 0.0.0.0 with --insecure — the dashboard has no robust authentication. Only use on trusted networks.
2026-09-09 23:55:28,757 ERROR fastapi: Form data requires "python-multipart" to be installed. 
You can install "python-multipart" with: 

pip install python-multipart

2026-09-09 23:55:28,757 WARNING hermes_cli.web_server: Failed to load plugin kanban API routes: Form data requires "python-multipart" to be installed. 
You can install "python-multipart" with: 

pip install python-multipart

2026-09-09 23:55:28,762 WARNING hermes_cli.web_server: Binding to 0.0.0.0 with --insecure — the dashboard has no robust authentication. Only use on trusted networks.
2026-09-09 23:55:35,296 ERROR fastapi: Form data requires "python-multipart" to be installed. 
You can install "python-multipart" with: 

pip install python-multipart

2026-09-09 23:55:35,296 WARNING hermes_cli.web_server: Failed to load plugin kanban API routes: Form data requires "python-multipart" to be installed. 
You can install "python-multipart" with: 

pip install python-multipart

2026-09-09 23:55:35,301 WARNING hermes_cli.web_server: Binding to 0.0.0.0 with --insecure — the dashboard has no robust authentication. Only use on trusted networks.
2026-09-09 23:55:41,780 ERROR fastapi: Form data requires "python-multipart" to be installed. 
You can install "python-multipart" with: 

pip install python-multipart

2026-09-09 23:55:41,780 WARNING hermes_cli.web_server: Failed to load plugin kanban API routes: Form data requires "python-multipart" to be installed. 
You can install "python-multipart" with: 

pip install python-multipart

2026-09-09 23:55:41,785 WARNING hermes_cli.web_server: Binding to 0.0.0.0 with --insecure — the dashboard has no robust authentication. Only use on trusted networks.
2026-09-09 23:55:48,255 ERROR fastapi: Form data requires "python-multipart" to be installed. 
You can install "python-multipart" with: 

pip install python-multipart

2026-09-09 23:55:48,255 WARNING hermes_cli.web_server: Failed to load plugin kanban API routes: Form data requires "python-multipart" to be installed. 
You can install "python-multipart" with: 

pip install python-multipart

2026-09-09 23:55:48,260 WARNING hermes_cli.web_server: Binding to 0.0.0.0 with --insecure — the dashboard has no robust authentication. Only use on trusted networks.
2026-09-09 23:55:54,760 ERROR fastapi: Form data requires "python-multipart" to be installed. 
You can install "python-multipart" with: 

pip install python-multipart

2026-09-09 23:55:54,760 WARNING hermes_cli.web_server: Failed to load plugin kanban API routes: Form data requires "python-multipart" to be installed. 
You can install "python-multipart" with: 

pip install python-multipart

2026-09-09 23:55:54,765 WARNING hermes_cli.web_server: Binding to 0.0.0.0 with --insecure — the dashboard has no robust authentication. Only use on trusted networks.
2026-09-09 23:56:01,278 ERROR fastapi: Form data requires "python-multipart" to be installed. 
You can install "python-multipart" with: 

pip install python-multipart

2026-09-09 23:56:01,278 WARNING hermes_cli.web_server: Failed to load plugin kanban API routes: Form data requires "python-multipart" to be installed. 
You can install "python-multipart" with: 

pip install python-multipart

2026-09-09 23:56:01,283 WARNING hermes_cli.web_server: Binding to 0.0.0.0 with --insecure — the dashboard has no robust authentication. Only use on trusted networks.
2026-09-09 23:56:07,753 ERROR fastapi: Form data requires "python-multipart" to be installed. 
You can install "python-multipart" with: 

pip install python-multipart

2026-09-09 23:56:07,753 WARNING hermes_cli.web_server: Failed to load plugin kanban API routes: Form data requires "python-multipart" to be installed. 
You can install "python-multipart" with: 

pip install python-multipart

2026-09-09 23:56:07,759 WARNING hermes_cli.web_server: Binding to 0.0.0.0 with --insecure — the dashboard has no robust authentication. Only use on trusted networks.
2026-09-09 23:56:14,278 ERROR fastapi: Form data requires "python-multipart" to be installed. 
You can install "python-multipart" with: 

pip install python-multipart

2026-09-09 23:56:14,278 WARNING hermes_cli.web_server: Failed to load plugin kanban API routes: Form data requires "python-multipart" to be installed. 
You can install "python-multipart" with: 

pip install python-multipart

2026-09-09 23:56:14,283 WARNING hermes_cli.web_server: Binding to 0.0.0.0 with --insecure — the dashboard has no robust authentication. Only use on trusted networks.
2026-09-09 23:56:20,788 ERROR fastapi: Form data requires "python-multipart" to be installed. 
You can install "python-multipart" with: 

pip install python-multipart

2026-09-09 23:56:20,788 WARNING hermes_cli.web_server: Failed to load plugin kanban API routes: Form data requires "python-multipart" to be installed. 
You can install "python-multipart" with: 

pip install python-multipart

2026-09-09 23:56:20,793 WARNING hermes_cli.web_server: Binding to 0.0.0.0 with --insecure — the dashboard has no robust authentication. Only use on trusted networks.
2026-09-09 23:56:27,270 ERROR fastapi: Form data requires "python-multipart" to be installed. 
You can install "python-multipart" with: 

pip install python-multipart

2026-09-09 23:56:27,270 WARNING hermes_cli.web_server: Failed to load plugin kanban API routes: Form data requires "python-multipart" to be installed. 
You can install "python-multipart" with: 

pip install python-multipart

2026-09-09 23:56:27,275 WARNING hermes_cli.web_server: Binding to 0.0.0.0 with --insecure — the dashboard has no robust authentication. Only use on trusted networks.
2026-09-09 23:56:33,765 ERROR fastapi: Form data requires "python-multipart" to be installed. 
You can install "python-multipart" with: 

pip install python-multipart

2026-09-09 23:56:33,766 WARNING hermes_cli.web_server: Failed to load plugin kanban API routes: Form data requires "python-multipart" to be installed. 
You can install "python-multipart" with: 

pip install python-multipart

2026-09-09 23:56:33,770 WARNING hermes_cli.web_server: Binding to 0.0.0.0 with --insecure — the dashboard has no robust authentication. Only use on trusted networks.
2026-09-09 23:56:40,255 ERROR fastapi: Form data requires "python-multipart" to be installed. 
You can install "python-multipart" with: 

pip install python-multipart

2026-09-09 23:56:40,255 WARNING hermes_cli.web_server: Failed to load plugin kanban API routes: Form data requires "python-multipart" to be installed. 
You can install "python-multipart" with: 

pip install python-multipart

2026-09-09 23:56:40,260 WARNING hermes_cli.web_server: Binding to 0.0.0.0 with --insecure — the dashboard has no robust authentication. Only use on trusted networks.
2026-09-09 23:56:46,749 ERROR fastapi: Form data requires "python-multipart" to be installed. 
You can install "python-multipart" with: 

pip install python-multipart

2026-09-09 23:56:46,749 WARNING hermes_cli.web_server: Failed to load plugin kanban API routes: Form data requires "python-multipart" to be installed. 
You can install "python-multipart" with: 

pip install python-multipart

2026-09-09 23:56:46,754 WARNING hermes_cli.web_server: Binding to 0.0.0.0 with --insecure — the dashboard has no robust authentication. Only use on trusted networks.
2026-09-09 23:56:53,274 ERROR fastapi: Form data requires "python-multipart" to be installed. 
You can install "python-multipart" with: 

pip install python-multipart

2026-09-09 23:56:53,274 WARNING hermes_cli.web_server: Failed to load plugin kanban API routes: Form data requires "python-multipart" to be installed. 
You can install "python-multipart" with: 

pip install python-multipart

2026-09-09 23:56:53,279 WARNING hermes_cli.web_server: Binding to 0.0.0.0 with --insecure — the dashboard has no robust authentication. Only use on trusted networks.
2026-09-09 23:56:59,750 ERROR fastapi: Form data requires "python-multipart" to be installed. 
You can install "python-multipart" with: 

pip install python-multipart

2026-09-09 23:56:59,751 WARNING hermes_cli.web_server: Failed to load plugin kanban API routes: Form data requires "python-multipart" to be installed. 
You can install "python-multipart" with: 

pip install python-multipart

2026-09-09 23:56:59,755 WARNING hermes_cli.web_server: Binding to 0.0.0.0 with --insecure — the dashboard has no robust authentication. Only use on trusted networks.
2026-09-09 23:57:06,256 ERROR fastapi: Form data requires "python-multipart" to be installed. 
You can install "python-multipart" with: 

pip install python-multipart

2026-09-09 23:57:06,256 WARNING hermes_cli.web_server: Failed to load plugin kanban API routes: Form data requires "python-multipart" to be installed. 
You can install "python-multipart" with: 

pip install python-multipart

2026-09-09 23:57:06,262 WARNING hermes_cli.web_server: Binding to 0.0.0.0 with --insecure — the dashboard has no robust authentication. Only use on trusted networks.
2026-09-09 23:57:12,745 ERROR fastapi: Form data requires "python-multipart" to be installed. 
You can install "python-multipart" with: 

pip install python-multipart

2026-09-09 23:57:12,745 WARNING hermes_cli.web_server: Failed to load plugin kanban API routes: Form data requires "python-multipart" to be installed. 
You can install "python-multipart" with: 

pip install python-multipart

2026-09-09 23:57:12,750 WARNING hermes_cli.web_server: Binding to 0.0.0.0 with --insecure — the dashboard has no robust authentication. Only use on trusted networks.
2026-09-09 23:57:19,261 ERROR fastapi: Form data requires "python-multipart" to be installed. 
You can install "python-multipart" with: 

pip install python-multipart

2026-09-09 23:57:19,261 WARNING hermes_cli.web_server: Failed to load plugin kanban API routes: Form data requires "python-multipart" to be installed. 
You can install "python-multipart" with: 

pip install python-multipart

2026-09-09 23:57:19,266 WARNING hermes_cli.web_server: Binding to 0.0.0.0 with --insecure — the dashboard has no robust authentication. Only use on trusted networks.
2026-09-09 23:57:25,747 ERROR fastapi: Form data requires "python-multipart" to be installed. 
You can install "python-multipart" with: 

pip install python-multipart

2026-09-09 23:57:25,747 WARNING hermes_cli.web_server: Failed to load plugin kanban API routes: Form data requires "python-multipart" to be installed. 
You can install "python-multipart" with: 

pip install python-multipart

2026-09-09 23:57:25,752 WARNING hermes_cli.web_server: Binding to 0.0.0.0 with --insecure — the dashboard has no robust authentication. Only use on trusted networks.
2026-09-09 23:57:32,246 ERROR fastapi: Form data requires "python-multipart" to be installed. 
You can install "python-multipart" with: 

pip install python-multipart

2026-09-09 23:57:32,246 WARNING hermes_cli.web_server: Failed to load plugin kanban API routes: Form data requires "python-multipart" to be installed. 
You can install "python-multipart" with: 

pip install python-multipart

2026-09-09 23:57:32,251 WARNING hermes_cli.web_server: Binding to 0.0.0.0 with --insecure — the dashboard has no robust authentication. Only use on trusted networks.
2026-09-09 23:57:38,767 ERROR fastapi: Form data requires "python-multipart" to be installed. 
You can install "python-multipart" with: 

pip install python-multipart

2026-09-09 23:57:38,767 WARNING hermes_cli.web_server: Failed to load plugin kanban API routes: Form data requires "python-multipart" to be installed. 
You can install "python-multipart" with: 

pip install python-multipart

2026-09-09 23:57:38,772 WARNING hermes_cli.web_server: Binding to 0.0.0.0 with --insecure — the dashboard has no robust authentication. Only use on trusted networks.
2026-09-09 23:57:45,322 ERROR fastapi: Form data requires "python-multipart" to be installed. 
You can install "python-multipart" with: 

pip install python-multipart

2026-09-09 23:57:45,322 WARNING hermes_cli.web_server: Failed to load plugin kanban API routes: Form data requires "python-multipart" to be installed. 
You can install "python-multipart" with: 

pip install python-multipart

2026-09-09 23:57:45,327 WARNING hermes_cli.web_server: Binding to 0.0.0.0 with --insecure — the dashboard has no robust authentication. Only use on trusted networks.
2026-09-09 23:57:51,775 ERROR fastapi: Form data requires "python-multipart" to be installed. 
You can install "python-multipart" with: 

pip install python-multipart

2026-09-09 23:57:51,776 WARNING hermes_cli.web_server: Failed to load plugin kanban API routes: Form data requires "python-multipart" to be installed. 
You can install "python-multipart" with: 

pip install python-multipart

2026-09-09 23:57:51,781 WARNING hermes_cli.web_server: Binding to 0.0.0.0 with --insecure — the dashboard has no robust authentication. Only use on trusted networks.
2026-09-09 23:57:58,233 ERROR fastapi: Form data requires "python-multipart" to be installed. 
You can install "python-multipart" with: 

pip install python-multipart

2026-09-09 23:57:58,233 WARNING hermes_cli.web_server: Failed to load plugin kanban API routes: Form data requires "python-multipart" to be installed. 
You can install "python-multipart" with: 

pip install python-multipart

2026-09-09 23:57:58,238 WARNING hermes_cli.web_server: Binding to 0.0.0.0 with --insecure — the dashboard has no robust authentication. Only use on trusted networks.
2026-09-09 23:58:04,770 ERROR fastapi: Form data requires "python-multipart" to be installed. 
You can install "python-multipart" with: 

pip install python-multipart

2026-09-09 23:58:04,771 WARNING hermes_cli.web_server: Failed to load plugin kanban API routes: Form data requires "python-multipart" to be installed. 
You can install "python-multipart" with: 

pip install python-multipart

2026-09-09 23:58:04,775 WARNING hermes_cli.web_server: Binding to 0.0.0.0 with --insecure — the dashboard has no robust authentication. Only use on trusted networks.
2026-09-09 23:58:11,258 ERROR fastapi: Form data requires "python-multipart" to be installed. 
You can install "python-multipart" with: 

pip install python-multipart

2026-09-09 23:58:11,258 WARNING hermes_cli.web_server: Failed to load plugin kanban API routes: Form data requires "python-multipart" to be installed. 
You can install "python-multipart" with: 

pip install python-multipart

2026-09-09 23:58:11,263 WARNING hermes_cli.web_server: Binding to 0.0.0.0 with --insecure — the dashboard has no robust authentication. Only use on trusted networks.
2026-09-09 23:58:17,796 ERROR fastapi: Form data requires "python-multipart" to be installed. 
You can install "python-multipart" with: 

pip install python-multipart

2026-09-09 23:58:17,796 WARNING hermes_cli.web_server: Failed to load plugin kanban API routes: Form data requires "python-multipart" to be installed. 
You can install "python-multipart" with: 

pip install python-multipart

2026-09-09 23:58:17,801 WARNING hermes_cli.web_server: Binding to 0.0.0.0 with --insecure — the dashboard has no robust authentication. Only use on trusted networks.
2026-09-09 23:58:24,267 ERROR fastapi: Form data requires "python-multipart" to be installed. 
You can install "python-multipart" with: 

pip install python-multipart

2026-09-09 23:58:24,267 WARNING hermes_cli.web_server: Failed to load plugin kanban API routes: Form data requires "python-multipart" to be installed. 
You can install "python-multipart" with: 

pip install python-multipart

2026-09-09 23:58:24,272 WARNING hermes_cli.web_server: Binding to 0.0.0.0 with --insecure — the dashboard has no robust authentication. Only use on trusted networks.
2026-09-09 23:58:30,759 ERROR fastapi: Form data requires "python-multipart" to be installed. 
You can install "python-multipart" with: 

pip install python-multipart

2026-09-09 23:58:30,759 WARNING hermes_cli.web_server: Failed to load plugin kanban API routes: Form data requires "python-multipart" to be installed. 
You can install "python-multipart" with: 

pip install python-multipart

2026-09-09 23:58:30,764 WARNING hermes_cli.web_server: Binding to 0.0.0.0 with --insecure — the dashboard has no robust authentication. Only use on trusted networks.
2026-09-09 23:58:33,601 WARNING gateway.run: Shutdown context: signal=SIGTERM under_systemd=yes parent_pid=1 parent_name=systemd loadavg_1m=0.25 parent_cmdline='/usr/lib/systemd/systemd --system --deserialize=75 vultr'
2026-09-10 00:03:35,462 WARNING gateway.run: Shutdown context: signal=SIGTERM under_systemd=yes parent_pid=109079 parent_name=systemd loadavg_1m=0.16 parent_cmdline='/usr/lib/systemd/systemd --user'
2026-09-10 00:03:35,642 ERROR fastapi: Form data requires "python-multipart" to be installed. 
You can install "python-multipart" with: 

pip install python-multipart

2026-09-10 00:03:35,642 WARNING hermes_cli.web_server: Failed to load plugin kanban API routes: Form data requires "python-multipart" to be installed. 
You can install "python-multipart" with: 

pip install python-multipart

2026-09-10 00:03:35,647 WARNING hermes_cli.web_server: Binding to 0.0.0.0 with --insecure — the dashboard has no robust authentication. Only use on trusted networks.
2026-09-10 00:03:42,001 ERROR fastapi: Form data requires "python-multipart" to be installed. 
You can install "python-multipart" with: 

pip install python-multipart

2026-09-10 00:03:42,001 WARNING hermes_cli.web_server: Failed to load plugin kanban API routes: Form data requires "python-multipart" to be installed. 
You can install "python-multipart" with: 

pip install python-multipart

2026-09-10 00:03:42,006 WARNING hermes_cli.web_server: Binding to 0.0.0.0 with --insecure — the dashboard has no robust authentication. Only use on trusted networks.
2026-09-10 00:03:48,499 ERROR fastapi: Form data requires "python-multipart" to be installed. 
You can install "python-multipart" with: 

pip install python-multipart

2026-09-10 00:03:48,499 WARNING hermes_cli.web_server: Failed to load plugin kanban API routes: Form data requires "python-multipart" to be installed. 
You can install "python-multipart" with: 

pip install python-multipart

2026-09-10 00:03:48,504 WARNING hermes_cli.web_server: Binding to 0.0.0.0 with --insecure — the dashboard has no robust authentication. Only use on trusted networks.
2026-09-10 00:03:55,014 ERROR fastapi: Form data requires "python-multipart" to be installed. 
You can install "python-multipart" with: 

pip install python-multipart

2026-09-10 00:03:55,014 WARNING hermes_cli.web_server: Failed to load plugin kanban API routes: Form data requires "python-multipart" to be installed. 
You can install "python-multipart" with: 

pip install python-multipart

2026-09-10 00:03:55,019 WARNING hermes_cli.web_server: Binding to 0.0.0.0 with --insecure — the dashboard has no robust authentication. Only use on trusted networks.
2026-09-10 00:04:01,518 ERROR fastapi: Form data requires "python-multipart" to be installed. 
You can install "python-multipart" with: 

pip install python-multipart

2026-09-10 00:04:01,518 WARNING hermes_cli.web_server: Failed to load plugin kanban API routes: Form data requires "python-multipart" to be installed. 
You can install "python-multipart" with: 

pip install python-multipart

2026-09-10 00:04:01,522 WARNING hermes_cli.web_server: Binding to 0.0.0.0 with --insecure — the dashboard has no robust authentication. Only use on trusted networks.
2026-09-10 00:04:08,008 ERROR fastapi: Form data requires "python-multipart" to be installed. 
You can install "python-multipart" with: 

pip install python-multipart

2026-09-10 00:04:08,008 WARNING hermes_cli.web_server: Failed to load plugin kanban API routes: Form data requires "python-multipart" to be installed. 
You can install "python-multipart" with: 

pip install python-multipart

2026-09-10 00:04:08,013 WARNING hermes_cli.web_server: Binding to 0.0.0.0 with --insecure — the dashboard has no robust authentication. Only use on trusted networks.
2026-09-10 00:04:14,543 ERROR fastapi: Form data requires "python-multipart" to be installed. 
You can install "python-multipart" with: 

pip install python-multipart

2026-09-10 00:04:14,543 WARNING hermes_cli.web_server: Failed to load plugin kanban API routes: Form data requires "python-multipart" to be installed. 
You can install "python-multipart" with: 

pip install python-multipart

2026-09-10 00:04:14,548 WARNING hermes_cli.web_server: Binding to 0.0.0.0 with --insecure — the dashboard has no robust authentication. Only use on trusted networks.
2026-09-10 00:04:21,059 ERROR fastapi: Form data requires "python-multipart" to be installed. 
You can install "python-multipart" with: 

pip install python-multipart

2026-09-10 00:04:21,059 WARNING hermes_cli.web_server: Failed to load plugin kanban API routes: Form data requires "python-multipart" to be installed. 
You can install "python-multipart" with: 

pip install python-multipart

2026-09-10 00:04:21,064 WARNING hermes_cli.web_server: Binding to 0.0.0.0 with --insecure — the dashboard has no robust authentication. Only use on trusted networks.
2026-09-10 00:04:27,545 ERROR fastapi: Form data requires "python-multipart" to be installed. 
You can install "python-multipart" with: 

pip install python-multipart

2026-09-10 00:04:27,545 WARNING hermes_cli.web_server: Failed to load plugin kanban API routes: Form data requires "python-multipart" to be installed. 
You can install "python-multipart" with: 

pip install python-multipart

2026-09-10 00:04:27,550 WARNING hermes_cli.web_server: Binding to 0.0.0.0 with --insecure — the dashboard has no robust authentication. Only use on trusted networks.
2026-09-10 00:04:34,022 ERROR fastapi: Form data requires "python-multipart" to be installed. 
You can install "python-multipart" with: 

pip install python-multipart

2026-09-10 00:04:34,022 WARNING hermes_cli.web_server: Failed to load plugin kanban API routes: Form data requires "python-multipart" to be installed. 
You can install "python-multipart" with: 

pip install python-multipart

2026-09-10 00:04:34,027 WARNING hermes_cli.web_server: Binding to 0.0.0.0 with --insecure — the dashboard has no robust authentication. Only use on trusted networks.
2026-09-10 00:04:40,546 ERROR fastapi: Form data requires "python-multipart" to be installed. 
You can install "python-multipart" with: 

pip install python-multipart

2026-09-10 00:04:40,547 WARNING hermes_cli.web_server: Failed to load plugin kanban API routes: Form data requires "python-multipart" to be installed. 
You can install "python-multipart" with: 

pip install python-multipart

2026-09-10 00:04:40,551 WARNING hermes_cli.web_server: Binding to 0.0.0.0 with --insecure — the dashboard has no robust authentication. Only use on trusted networks.
2026-09-10 00:04:47,076 ERROR fastapi: Form data requires "python-multipart" to be installed. 
You can install "python-multipart" with: 

pip install python-multipart

2026-09-10 00:04:47,076 WARNING hermes_cli.web_server: Failed to load plugin kanban API routes: Form data requires "python-multipart" to be installed. 
You can install "python-multipart" with: 

pip install python-multipart

2026-09-10 00:04:47,081 WARNING hermes_cli.web_server: Binding to 0.0.0.0 with --insecure — the dashboard has no robust authentication. Only use on trusted networks.
2026-09-10 00:04:53,526 ERROR fastapi: Form data requires "python-multipart" to be installed. 
You can install "python-multipart" with: 

pip install python-multipart

2026-09-10 00:04:53,526 WARNING hermes_cli.web_server: Failed to load plugin kanban API routes: Form data requires "python-multipart" to be installed. 
You can install "python-multipart" with: 

pip install python-multipart

2026-09-10 00:04:53,531 WARNING hermes_cli.web_server: Binding to 0.0.0.0 with --insecure — the dashboard has no robust authentication. Only use on trusted networks.
2026-09-10 00:05:00,057 ERROR fastapi: Form data requires "python-multipart" to be installed. 
You can install "python-multipart" with: 

pip install python-multipart

2026-09-10 00:05:00,057 WARNING hermes_cli.web_server: Failed to load plugin kanban API routes: Form data requires "python-multipart" to be installed. 
You can install "python-multipart" with: 

pip install python-multipart

2026-09-10 00:05:00,062 WARNING hermes_cli.web_server: Binding to 0.0.0.0 with --insecure — the dashboard has no robust authentication. Only use on trusted networks.
2026-09-10 00:05:06,489 ERROR fastapi: Form data requires "python-multipart" to be installed. 
You can install "python-multipart" with: 

pip install python-multipart

2026-09-10 00:05:06,490 WARNING hermes_cli.web_server: Failed to load plugin kanban API routes: Form data requires "python-multipart" to be installed. 
You can install "python-multipart" with: 

pip install python-multipart

2026-09-10 00:05:06,494 WARNING hermes_cli.web_server: Binding to 0.0.0.0 with --insecure — the dashboard has no robust authentication. Only use on trusted networks.
2026-09-10 00:05:13,021 ERROR fastapi: Form data requires "python-multipart" to be installed. 
You can install "python-multipart" with: 

pip install python-multipart

2026-09-10 00:05:13,021 WARNING hermes_cli.web_server: Failed to load plugin kanban API routes: Form data requires "python-multipart" to be installed. 
You can install "python-multipart" with: 

pip install python-multipart

2026-09-10 00:05:13,026 WARNING hermes_cli.web_server: Binding to 0.0.0.0 with --insecure — the dashboard has no robust authentication. Only use on trusted networks.
2026-09-10 00:05:19,487 ERROR fastapi: Form data requires "python-multipart" to be installed. 
You can install "python-multipart" with: 

pip install python-multipart

2026-09-10 00:05:19,487 WARNING hermes_cli.web_server: Failed to load plugin kanban API routes: Form data requires "python-multipart" to be installed. 
You can install "python-multipart" with: 

pip install python-multipart

2026-09-10 00:05:19,492 WARNING hermes_cli.web_server: Binding to 0.0.0.0 with --insecure — the dashboard has no robust authentication. Only use on trusted networks.
2026-09-10 00:05:26,017 ERROR fastapi: Form data requires "python-multipart" to be installed. 
You can install "python-multipart" with: 

pip install python-multipart

2026-09-10 00:05:26,017 WARNING hermes_cli.web_server: Failed to load plugin kanban API routes: Form data requires "python-multipart" to be installed. 
You can install "python-multipart" with: 

pip install python-multipart

2026-09-10 00:05:26,022 WARNING hermes_cli.web_server: Binding to 0.0.0.0 with --insecure — the dashboard has no robust authentication. Only use on trusted networks.
2026-09-10 00:05:32,570 ERROR fastapi: Form data requires "python-multipart" to be installed. 
You can install "python-multipart" with: 

pip install python-multipart

2026-09-10 00:05:32,571 WARNING hermes_cli.web_server: Failed to load plugin kanban API routes: Form data requires "python-multipart" to be installed. 
You can install "python-multipart" with: 

pip install python-multipart

2026-09-10 00:05:32,577 WARNING hermes_cli.web_server: Binding to 0.0.0.0 with --insecure — the dashboard has no robust authentication. Only use on trusted networks.
2026-09-10 00:05:38,996 ERROR fastapi: Form data requires "python-multipart" to be installed. 
You can install "python-multipart" with: 

pip install python-multipart

2026-09-10 00:05:38,996 WARNING hermes_cli.web_server: Failed to load plugin kanban API routes: Form data requires "python-multipart" to be installed. 
You can install "python-multipart" with: 

pip install python-multipart

2026-09-10 00:05:39,001 WARNING hermes_cli.web_server: Binding to 0.0.0.0 with --insecure — the dashboard has no robust authentication. Only use on trusted networks.
2026-09-10 00:05:45,527 ERROR fastapi: Form data requires "python-multipart" to be installed. 
You can install "python-multipart" with: 

pip install python-multipart

2026-09-10 00:05:45,527 WARNING hermes_cli.web_server: Failed to load plugin kanban API routes: Form data requires "python-multipart" to be installed. 
You can install "python-multipart" with: 

pip install python-multipart

2026-09-10 00:05:45,532 WARNING hermes_cli.web_server: Binding to 0.0.0.0 with --insecure — the dashboard has no robust authentication. Only use on trusted networks.
2026-09-10 00:05:52,013 ERROR fastapi: Form data requires "python-multipart" to be installed. 
You can install "python-multipart" with: 

pip install python-multipart

2026-09-10 00:05:52,014 WARNING hermes_cli.web_server: Failed to load plugin kanban API routes: Form data requires "python-multipart" to be installed. 
You can install "python-multipart" with: 

pip install python-multipart

2026-09-10 00:05:52,018 WARNING hermes_cli.web_server: Binding to 0.0.0.0 with --insecure — the dashboard has no robust authentication. Only use on trusted networks.
2026-09-10 00:05:58,502 ERROR fastapi: Form data requires "python-multipart" to be installed. 
You can install "python-multipart" with: 

pip install python-multipart

2026-09-10 00:05:58,503 WARNING hermes_cli.web_server: Failed to load plugin kanban API routes: Form data requires "python-multipart" to be installed. 
You can install "python-multipart" with: 

pip install python-multipart

2026-09-10 00:05:58,508 WARNING hermes_cli.web_server: Binding to 0.0.0.0 with --insecure — the dashboard has no robust authentication. Only use on trusted networks.
2026-09-10 00:06:05,002 ERROR fastapi: Form data requires "python-multipart" to be installed. 
You can install "python-multipart" with: 

pip install python-multipart

2026-09-10 00:06:05,002 WARNING hermes_cli.web_server: Failed to load plugin kanban API routes: Form data requires "python-multipart" to be installed. 
You can install "python-multipart" with: 

pip install python-multipart

2026-09-10 00:06:05,007 WARNING hermes_cli.web_server: Binding to 0.0.0.0 with --insecure — the dashboard has no robust authentication. Only use on trusted networks.
2026-09-10 00:06:11,530 ERROR fastapi: Form data requires "python-multipart" to be installed. 
You can install "python-multipart" with: 

pip install python-multipart

2026-09-10 00:06:11,530 WARNING hermes_cli.web_server: Failed to load plugin kanban API routes: Form data requires "python-multipart" to be installed. 
You can install "python-multipart" with: 

pip install python-multipart

2026-09-10 00:06:11,535 WARNING hermes_cli.web_server: Binding to 0.0.0.0 with --insecure — the dashboard has no robust authentication. Only use on trusted networks.
2026-09-10 00:06:18,032 ERROR fastapi: Form data requires "python-multipart" to be installed. 
You can install "python-multipart" with: 

pip install python-multipart

2026-09-10 00:06:18,032 WARNING hermes_cli.web_server: Failed to load plugin kanban API routes: Form data requires "python-multipart" to be installed. 
You can install "python-multipart" with: 

pip install python-multipart

2026-09-10 00:06:18,037 WARNING hermes_cli.web_server: Binding to 0.0.0.0 with --insecure — the dashboard has no robust authentication. Only use on trusted networks.
2026-09-10 00:06:24,524 ERROR fastapi: Form data requires "python-multipart" to be installed. 
You can install "python-multipart" with: 

pip install python-multipart

2026-09-10 00:06:24,524 WARNING hermes_cli.web_server: Failed to load plugin kanban API routes: Form data requires "python-multipart" to be installed. 
You can install "python-multipart" with: 

pip install python-multipart

2026-09-10 00:06:24,530 WARNING hermes_cli.web_server: Binding to 0.0.0.0 with --insecure — the dashboard has no robust authentication. Only use on trusted networks.
2026-09-10 00:06:31,050 ERROR fastapi: Form data requires "python-multipart" to be installed. 
You can install "python-multipart" with: 

pip install python-multipart

2026-09-10 00:06:31,050 WARNING hermes_cli.web_server: Failed to load plugin kanban API routes: Form data requires "python-multipart" to be installed. 
You can install "python-multipart" with: 

pip install python-multipart

2026-09-10 00:06:31,055 WARNING hermes_cli.web_server: Binding to 0.0.0.0 with --insecure — the dashboard has no robust authentication. Only use on trusted networks.
2026-09-10 00:06:37,550 ERROR fastapi: Form data requires "python-multipart" to be installed. 
You can install "python-multipart" with: 

pip install python-multipart

2026-09-10 00:06:37,551 WARNING hermes_cli.web_server: Failed to load plugin kanban API routes: Form data requires "python-multipart" to be installed. 
You can install "python-multipart" with: 

pip install python-multipart

2026-09-10 00:06:37,555 WARNING hermes_cli.web_server: Binding to 0.0.0.0 with --insecure — the dashboard has no robust authentication. Only use on trusted networks.
2026-09-10 00:06:44,024 ERROR fastapi: Form data requires "python-multipart" to be installed. 
You can install "python-multipart" with: 

pip install python-multipart

2026-09-10 00:06:44,024 WARNING hermes_cli.web_server: Failed to load plugin kanban API routes: Form data requires "python-multipart" to be installed. 
You can install "python-multipart" with: 

pip install python-multipart

2026-09-10 00:06:44,029 WARNING hermes_cli.web_server: Binding to 0.0.0.0 with --insecure — the dashboard has no robust authentication. Only use on trusted networks.
2026-09-10 00:06:50,521 ERROR fastapi: Form data requires "python-multipart" to be installed. 
You can install "python-multipart" with: 

pip install python-multipart

2026-09-10 00:06:50,521 WARNING hermes_cli.web_server: Failed to load plugin kanban API routes: Form data requires "python-multipart" to be installed. 
You can install "python-multipart" with: 

pip install python-multipart

2026-09-10 00:06:50,525 WARNING hermes_cli.web_server: Binding to 0.0.0.0 with --insecure — the dashboard has no robust authentication. Only use on trusted networks.
2026-09-10 00:06:57,038 ERROR fastapi: Form data requires "python-multipart" to be installed. 
You can install "python-multipart" with: 

pip install python-multipart

2026-09-10 00:06:57,038 WARNING hermes_cli.web_server: Failed to load plugin kanban API routes: Form data requires "python-multipart" to be installed. 
You can install "python-multipart" with: 

pip install python-multipart

2026-09-10 00:06:57,043 WARNING hermes_cli.web_server: Binding to 0.0.0.0 with --insecure — the dashboard has no robust authentication. Only use on trusted networks.
2026-09-10 00:07:03,502 ERROR fastapi: Form data requires "python-multipart" to be installed. 
You can install "python-multipart" with: 

pip install python-multipart

2026-09-10 00:07:03,502 WARNING hermes_cli.web_server: Failed to load plugin kanban API routes: Form data requires "python-multipart" to be installed. 
You can install "python-multipart" with: 

pip install python-multipart

2026-09-10 00:07:03,507 WARNING hermes_cli.web_server: Binding to 0.0.0.0 with --insecure — the dashboard has no robust authentication. Only use on trusted networks.
2026-09-10 00:07:10,032 ERROR fastapi: Form data requires "python-multipart" to be installed. 
You can install "python-multipart" with: 

pip install python-multipart

2026-09-10 00:07:10,032 WARNING hermes_cli.web_server: Failed to load plugin kanban API routes: Form data requires "python-multipart" to be installed. 
You can install "python-multipart" with: 

pip install python-multipart

2026-09-10 00:07:10,037 WARNING hermes_cli.web_server: Binding to 0.0.0.0 with --insecure — the dashboard has no robust authentication. Only use on trusted networks.
2026-09-10 00:07:16,509 ERROR fastapi: Form data requires "python-multipart" to be installed. 
You can install "python-multipart" with: 

pip install python-multipart

2026-09-10 00:07:16,509 WARNING hermes_cli.web_server: Failed to load plugin kanban API routes: Form data requires "python-multipart" to be installed. 
You can install "python-multipart" with: 

pip install python-multipart

2026-09-10 00:07:16,514 WARNING hermes_cli.web_server: Binding to 0.0.0.0 with --insecure — the dashboard has no robust authentication. Only use on trusted networks.
2026-09-10 00:07:23,040 ERROR fastapi: Form data requires "python-multipart" to be installed. 
You can install "python-multipart" with: 

pip install python-multipart

2026-09-10 00:07:23,040 WARNING hermes_cli.web_server: Failed to load plugin kanban API routes: Form data requires "python-multipart" to be installed. 
You can install "python-multipart" with: 

pip install python-multipart

2026-09-10 00:07:23,045 WARNING hermes_cli.web_server: Binding to 0.0.0.0 with --insecure — the dashboard has no robust authentication. Only use on trusted networks.
2026-09-10 00:07:29,498 ERROR fastapi: Form data requires "python-multipart" to be installed. 
You can install "python-multipart" with: 

pip install python-multipart

2026-09-10 00:07:29,498 WARNING hermes_cli.web_server: Failed to load plugin kanban API routes: Form data requires "python-multipart" to be installed. 
You can install "python-multipart" with: 

pip install python-multipart

2026-09-10 00:07:29,503 WARNING hermes_cli.web_server: Binding to 0.0.0.0 with --insecure — the dashboard has no robust authentication. Only use on trusted networks.
2026-09-10 00:07:36,035 ERROR fastapi: Form data requires "python-multipart" to be installed. 
You can install "python-multipart" with: 

pip install python-multipart

2026-09-10 00:07:36,035 WARNING hermes_cli.web_server: Failed to load plugin kanban API routes: Form data requires "python-multipart" to be installed. 
You can install "python-multipart" with: 

pip install python-multipart

2026-09-10 00:07:36,040 WARNING hermes_cli.web_server: Binding to 0.0.0.0 with --insecure — the dashboard has no robust authentication. Only use on trusted networks.
2026-09-10 00:07:42,579 ERROR fastapi: Form data requires "python-multipart" to be installed. 
You can install "python-multipart" with: 

pip install python-multipart

2026-09-10 00:07:42,579 WARNING hermes_cli.web_server: Failed to load plugin kanban API routes: Form data requires "python-multipart" to be installed. 
You can install "python-multipart" with: 

pip install python-multipart

2026-09-10 00:07:42,584 WARNING hermes_cli.web_server: Binding to 0.0.0.0 with --insecure — the dashboard has no robust authentication. Only use on trusted networks.
2026-09-10 00:07:49,032 ERROR fastapi: Form data requires "python-multipart" to be installed. 
You can install "python-multipart" with: 

pip install python-multipart

2026-09-10 00:07:49,032 WARNING hermes_cli.web_server: Failed to load plugin kanban API routes: Form data requires "python-multipart" to be installed. 
You can install "python-multipart" with: 

pip install python-multipart

2026-09-10 00:07:49,037 WARNING hermes_cli.web_server: Binding to 0.0.0.0 with --insecure — the dashboard has no robust authentication. Only use on trusted networks.
2026-09-10 00:07:55,501 ERROR fastapi: Form data requires "python-multipart" to be installed. 
You can install "python-multipart" with: 

pip install python-multipart

2026-09-10 00:07:55,501 WARNING hermes_cli.web_server: Failed to load plugin kanban API routes: Form data requires "python-multipart" to be installed. 
You can install "python-multipart" with: 

pip install python-multipart

2026-09-10 00:07:55,505 WARNING hermes_cli.web_server: Binding to 0.0.0.0 with --insecure — the dashboard has no robust authentication. Only use on trusted networks.
2026-09-10 00:08:02,068 ERROR fastapi: Form data requires "python-multipart" to be installed. 
You can install "python-multipart" with: 

pip install python-multipart

2026-09-10 00:08:02,068 WARNING hermes_cli.web_server: Failed to load plugin kanban API routes: Form data requires "python-multipart" to be installed. 
You can install "python-multipart" with: 

pip install python-multipart

2026-09-10 00:08:02,074 WARNING hermes_cli.web_server: Binding to 0.0.0.0 with --insecure — the dashboard has no robust authentication. Only use on trusted networks.
2026-09-10 00:08:08,510 ERROR fastapi: Form data requires "python-multipart" to be installed. 
You can install "python-multipart" with: 

pip install python-multipart

2026-09-10 00:08:08,510 WARNING hermes_cli.web_server: Failed to load plugin kanban API routes: Form data requires "python-multipart" to be installed. 
You can install "python-multipart" with: 

pip install python-multipart

2026-09-10 00:08:08,515 WARNING hermes_cli.web_server: Binding to 0.0.0.0 with --insecure — the dashboard has no robust authentication. Only use on trusted networks.
2026-09-10 00:08:15,016 ERROR fastapi: Form data requires "python-multipart" to be installed. 
You can install "python-multipart" with: 

pip install python-multipart

2026-09-10 00:08:15,017 WARNING hermes_cli.web_server: Failed to load plugin kanban API routes: Form data requires "python-multipart" to be installed. 
You can install "python-multipart" with: 

pip install python-multipart

2026-09-10 00:08:15,021 WARNING hermes_cli.web_server: Binding to 0.0.0.0 with --insecure — the dashboard has no robust authentication. Only use on trusted networks.
2026-09-10 00:08:21,543 ERROR fastapi: Form data requires "python-multipart" to be installed. 
You can install "python-multipart" with: 

pip install python-multipart

2026-09-10 00:08:21,543 WARNING hermes_cli.web_server: Failed to load plugin kanban API routes: Form data requires "python-multipart" to be installed. 
You can install "python-multipart" with: 

pip install python-multipart

2026-09-10 00:08:21,548 WARNING hermes_cli.web_server: Binding to 0.0.0.0 with --insecure — the dashboard has no robust authentication. Only use on trusted networks.
2026-09-10 00:08:27,992 ERROR fastapi: Form data requires "python-multipart" to be installed. 
You can install "python-multipart" with: 

pip install python-multipart

2026-09-10 00:08:27,992 WARNING hermes_cli.web_server: Failed to load plugin kanban API routes: Form data requires "python-multipart" to be installed. 
You can install "python-multipart" with: 

pip install python-multipart

2026-09-10 00:08:27,997 WARNING hermes_cli.web_server: Binding to 0.0.0.0 with --insecure — the dashboard has no robust authentication. Only use on trusted networks.
2026-09-10 00:08:34,492 ERROR fastapi: Form data requires "python-multipart" to be installed. 
You can install "python-multipart" with: 

pip install python-multipart

2026-09-10 00:08:34,493 WARNING hermes_cli.web_server: Failed to load plugin kanban API routes: Form data requires "python-multipart" to be installed. 
You can install "python-multipart" with: 

pip install python-multipart

2026-09-10 00:08:34,497 WARNING hermes_cli.web_server: Binding to 0.0.0.0 with --insecure — the dashboard has no robust authentication. Only use on trusted networks.
2026-09-10 00:08:37,384 WARNING gateway.run: Shutdown context: signal=SIGTERM under_systemd=yes parent_pid=1 parent_name=systemd loadavg_1m=0.15 parent_cmdline='/usr/lib/systemd/systemd --system --deserialize=75 vultr'
2026-09-10 00:13:39,346 WARNING gateway.run: Shutdown context: signal=SIGTERM under_systemd=yes parent_pid=109079 parent_name=systemd loadavg_1m=0.00 parent_cmdline='/usr/lib/systemd/systemd --user'
2026-09-10 00:13:39,514 ERROR fastapi: Form data requires "python-multipart" to be installed. 
You can install "python-multipart" with: 

pip install python-multipart

2026-09-10 00:13:39,514 WARNING hermes_cli.web_server: Failed to load plugin kanban API routes: Form data requires "python-multipart" to be installed. 
You can install "python-multipart" with: 

pip install python-multipart

2026-09-10 00:13:39,519 WARNING hermes_cli.web_server: Binding to 0.0.0.0 with --insecure — the dashboard has no robust authentication. Only use on trusted networks.
2026-09-10 00:13:45,991 ERROR fastapi: Form data requires "python-multipart" to be installed. 
You can install "python-multipart" with: 

pip install python-multipart

2026-09-10 00:13:45,991 WARNING hermes_cli.web_server: Failed to load plugin kanban API routes: Form data requires "python-multipart" to be installed. 
You can install "python-multipart" with: 

pip install python-multipart

2026-09-10 00:13:45,996 WARNING hermes_cli.web_server: Binding to 0.0.0.0 with --insecure — the dashboard has no robust authentication. Only use on trusted networks.
2026-09-10 00:13:52,509 ERROR fastapi: Form data requires "python-multipart" to be installed. 
You can install "python-multipart" with: 

pip install python-multipart

2026-09-10 00:13:52,509 WARNING hermes_cli.web_server: Failed to load plugin kanban API routes: Form data requires "python-multipart" to be installed. 
You can install "python-multipart" with: 

pip install python-multipart

2026-09-10 00:13:52,513 WARNING hermes_cli.web_server: Binding to 0.0.0.0 with --insecure — the dashboard has no robust authentication. Only use on trusted networks.
2026-09-10 00:13:59,019 ERROR fastapi: Form data requires "python-multipart" to be installed. 
You can install "python-multipart" with: 

pip install python-multipart

2026-09-10 00:13:59,019 WARNING hermes_cli.web_server: Failed to load plugin kanban API routes: Form data requires "python-multipart" to be installed. 
You can install "python-multipart" with: 

pip install python-multipart

2026-09-10 00:13:59,024 WARNING hermes_cli.web_server: Binding to 0.0.0.0 with --insecure — the dashboard has no robust authentication. Only use on trusted networks.
2026-09-10 00:14:05,543 ERROR fastapi: Form data requires "python-multipart" to be installed. 
You can install "python-multipart" with: 

pip install python-multipart

2026-09-10 00:14:05,543 WARNING hermes_cli.web_server: Failed to load plugin kanban API routes: Form data requires "python-multipart" to be installed. 
You can install "python-multipart" with: 

pip install python-multipart

2026-09-10 00:14:05,548 WARNING hermes_cli.web_server: Binding to 0.0.0.0 with --insecure — the dashboard has no robust authentication. Only use on trusted networks.
2026-09-10 00:14:12,031 ERROR fastapi: Form data requires "python-multipart" to be installed. 
You can install "python-multipart" with: 

pip install python-multipart

2026-09-10 00:14:12,031 WARNING hermes_cli.web_server: Failed to load plugin kanban API routes: Form data requires "python-multipart" to be installed. 
You can install "python-multipart" with: 

pip install python-multipart

2026-09-10 00:14:12,036 WARNING hermes_cli.web_server: Binding to 0.0.0.0 with --insecure — the dashboard has no robust authentication. Only use on trusted networks.
2026-09-10 00:14:18,505 ERROR fastapi: Form data requires "python-multipart" to be installed. 
You can install "python-multipart" with: 

pip install python-multipart

2026-09-10 00:14:18,505 WARNING hermes_cli.web_server: Failed to load plugin kanban API routes: Form data requires "python-multipart" to be installed. 
You can install "python-multipart" with: 

pip install python-multipart

2026-09-10 00:14:18,510 WARNING hermes_cli.web_server: Binding to 0.0.0.0 with --insecure — the dashboard has no robust authentication. Only use on trusted networks.
2026-09-10 00:14:25,005 ERROR fastapi: Form data requires "python-multipart" to be installed. 
You can install "python-multipart" with: 

pip install python-multipart

2026-09-10 00:14:25,006 WARNING hermes_cli.web_server: Failed to load plugin kanban API routes: Form data requires "python-multipart" to be installed. 
You can install "python-multipart" with: 

pip install python-multipart

2026-09-10 00:14:25,010 WARNING hermes_cli.web_server: Binding to 0.0.0.0 with --insecure — the dashboard has no robust authentication. Only use on trusted networks.
2026-09-10 00:14:31,557 ERROR fastapi: Form data requires "python-multipart" to be installed. 
You can install "python-multipart" with: 

pip install python-multipart

2026-09-10 00:14:31,557 WARNING hermes_cli.web_server: Failed to load plugin kanban API routes: Form data requires "python-multipart" to be installed. 
You can install "python-multipart" with: 

pip install python-multipart

2026-09-10 00:14:31,562 WARNING hermes_cli.web_server: Binding to 0.0.0.0 with --insecure — the dashboard has no robust authentication. Only use on trusted networks.
2026-09-10 00:14:38,054 ERROR fastapi: Form data requires "python-multipart" to be installed. 
You can install "python-multipart" with: 

pip install python-multipart

2026-09-10 00:14:38,054 WARNING hermes_cli.web_server: Failed to load plugin kanban API routes: Form data requires "python-multipart" to be installed. 
You can install "python-multipart" with: 

pip install python-multipart

2026-09-10 00:14:38,059 WARNING hermes_cli.web_server: Binding to 0.0.0.0 with --insecure — the dashboard has no robust authentication. Only use on trusted networks.
2026-09-10 00:14:44,528 ERROR fastapi: Form data requires "python-multipart" to be installed. 
You can install "python-multipart" with: 

pip install python-multipart

2026-09-10 00:14:44,528 WARNING hermes_cli.web_server: Failed to load plugin kanban API routes: Form data requires "python-multipart" to be installed. 
You can install "python-multipart" with: 

pip install python-multipart

2026-09-10 00:14:44,533 WARNING hermes_cli.web_server: Binding to 0.0.0.0 with --insecure — the dashboard has no robust authentication. Only use on trusted networks.
2026-09-10 00:14:51,054 ERROR fastapi: Form data requires "python-multipart" to be installed. 
You can install "python-multipart" with: 

pip install python-multipart

2026-09-10 00:14:51,055 WARNING hermes_cli.web_server: Failed to load plugin kanban API routes: Form data requires "python-multipart" to be installed. 
You can install "python-multipart" with: 

pip install python-multipart

2026-09-10 00:14:51,060 WARNING hermes_cli.web_server: Binding to 0.0.0.0 with --insecure — the dashboard has no robust authentication. Only use on trusted networks.
2026-09-10 00:14:57,539 ERROR fastapi: Form data requires "python-multipart" to be installed. 
You can install "python-multipart" with: 

pip install python-multipart

2026-09-10 00:14:57,539 WARNING hermes_cli.web_server: Failed to load plugin kanban API routes: Form data requires "python-multipart" to be installed. 
You can install "python-multipart" with: 

pip install python-multipart

2026-09-10 00:14:57,544 WARNING hermes_cli.web_server: Binding to 0.0.0.0 with --insecure — the dashboard has no robust authentication. Only use on trusted networks.
2026-09-10 00:15:04,011 ERROR fastapi: Form data requires "python-multipart" to be installed. 
You can install "python-multipart" with: 

pip install python-multipart

2026-09-10 00:15:04,011 WARNING hermes_cli.web_server: Failed to load plugin kanban API routes: Form data requires "python-multipart" to be installed. 
You can install "python-multipart" with: 

pip install python-multipart

2026-09-10 00:15:04,016 WARNING hermes_cli.web_server: Binding to 0.0.0.0 with --insecure — the dashboard has no robust authentication. Only use on trusted networks.
2026-09-10 00:15:10,517 ERROR fastapi: Form data requires "python-multipart" to be installed. 
You can install "python-multipart" with: 

pip install python-multipart

2026-09-10 00:15:10,517 WARNING hermes_cli.web_server: Failed to load plugin kanban API routes: Form data requires "python-multipart" to be installed. 
You can install "python-multipart" with: 

pip install python-multipart

2026-09-10 00:15:10,522 WARNING hermes_cli.web_server: Binding to 0.0.0.0 with --insecure — the dashboard has no robust authentication. Only use on trusted networks.
2026-09-10 00:15:17,044 ERROR fastapi: Form data requires "python-multipart" to be installed. 
You can install "python-multipart" with: 

pip install python-multipart

2026-09-10 00:15:17,044 WARNING hermes_cli.web_server: Failed to load plugin kanban API routes: Form data requires "python-multipart" to be installed. 
You can install "python-multipart" with: 

pip install python-multipart

2026-09-10 00:15:17,049 WARNING hermes_cli.web_server: Binding to 0.0.0.0 with --insecure — the dashboard has no robust authentication. Only use on trusted networks.
2026-09-10 00:15:23,503 ERROR fastapi: Form data requires "python-multipart" to be installed. 
You can install "python-multipart" with: 

pip install python-multipart

2026-09-10 00:15:23,503 WARNING hermes_cli.web_server: Failed to load plugin kanban API routes: Form data requires "python-multipart" to be installed. 
You can install "python-multipart" with: 

pip install python-multipart

2026-09-10 00:15:23,508 WARNING hermes_cli.web_server: Binding to 0.0.0.0 with --insecure — the dashboard has no robust authentication. Only use on trusted networks.
2026-09-10 00:15:30,043 ERROR fastapi: Form data requires "python-multipart" to be installed. 
You can install "python-multipart" with: 

pip install python-multipart

2026-09-10 00:15:30,043 WARNING hermes_cli.web_server: Failed to load plugin kanban API routes: Form data requires "python-multipart" to be installed. 
You can install "python-multipart" with: 

pip install python-multipart

2026-09-10 00:15:30,048 WARNING hermes_cli.web_server: Binding to 0.0.0.0 with --insecure — the dashboard has no robust authentication. Only use on trusted networks.
2026-09-10 00:15:36,569 ERROR fastapi: Form data requires "python-multipart" to be installed. 
You can install "python-multipart" with: 

pip install python-multipart

2026-09-10 00:15:36,569 WARNING hermes_cli.web_server: Failed to load plugin kanban API routes: Form data requires "python-multipart" to be installed. 
You can install "python-multipart" with: 

pip install python-multipart

2026-09-10 00:15:36,574 WARNING hermes_cli.web_server: Binding to 0.0.0.0 with --insecure — the dashboard has no robust authentication. Only use on trusted networks.
2026-09-10 00:15:43,076 ERROR fastapi: Form data requires "python-multipart" to be installed. 
You can install "python-multipart" with: 

pip install python-multipart

2026-09-10 00:15:43,076 WARNING hermes_cli.web_server: Failed to load plugin kanban API routes: Form data requires "python-multipart" to be installed. 
You can install "python-multipart" with: 

pip install python-multipart

2026-09-10 00:15:43,081 WARNING hermes_cli.web_server: Binding to 0.0.0.0 with --insecure — the dashboard has no robust authentication. Only use on trusted networks.
2026-09-10 00:15:49,522 ERROR fastapi: Form data requires "python-multipart" to be installed. 
You can install "python-multipart" with: 

pip install python-multipart

2026-09-10 00:15:49,522 WARNING hermes_cli.web_server: Failed to load plugin kanban API routes: Form data requires "python-multipart" to be installed. 
You can install "python-multipart" with: 

pip install python-multipart

2026-09-10 00:15:49,527 WARNING hermes_cli.web_server: Binding to 0.0.0.0 with --insecure — the dashboard has no robust authentication. Only use on trusted networks.
2026-09-10 00:15:56,016 ERROR fastapi: Form data requires "python-multipart" to be installed. 
You can install "python-multipart" with: 

pip install python-multipart

2026-09-10 00:15:56,016 WARNING hermes_cli.web_server: Failed to load plugin kanban API routes: Form data requires "python-multipart" to be installed. 
You can install "python-multipart" with: 

pip install python-multipart

2026-09-10 00:15:56,021 WARNING hermes_cli.web_server: Binding to 0.0.0.0 with --insecure — the dashboard has no robust authentication. Only use on trusted networks.
2026-09-10 00:16:02,539 ERROR fastapi: Form data requires "python-multipart" to be installed. 
You can install "python-multipart" with: 

pip install python-multipart

2026-09-10 00:16:02,539 WARNING hermes_cli.web_server: Failed to load plugin kanban API routes: Form data requires "python-multipart" to be installed. 
You can install "python-multipart" with: 

pip install python-multipart

2026-09-10 00:16:02,544 WARNING hermes_cli.web_server: Binding to 0.0.0.0 with --insecure — the dashboard has no robust authentication. Only use on trusted networks.
2026-09-10 00:16:09,043 ERROR fastapi: Form data requires "python-multipart" to be installed. 
You can install "python-multipart" with: 

pip install python-multipart

2026-09-10 00:16:09,043 WARNING hermes_cli.web_server: Failed to load plugin kanban API routes: Form data requires "python-multipart" to be installed. 
You can install "python-multipart" with: 

pip install python-multipart

2026-09-10 00:16:09,048 WARNING hermes_cli.web_server: Binding to 0.0.0.0 with --insecure — the dashboard has no robust authentication. Only use on trusted networks.
2026-09-10 00:16:15,507 ERROR fastapi: Form data requires "python-multipart" to be installed. 
You can install "python-multipart" with: 

pip install python-multipart

2026-09-10 00:16:15,507 WARNING hermes_cli.web_server: Failed to load plugin kanban API routes: Form data requires "python-multipart" to be installed. 
You can install "python-multipart" with: 

pip install python-multipart

2026-09-10 00:16:15,513 WARNING hermes_cli.web_server: Binding to 0.0.0.0 with --insecure — the dashboard has no robust authentication. Only use on trusted networks.
2026-09-10 00:16:22,056 ERROR fastapi: Form data requires "python-multipart" to be installed. 
You can install "python-multipart" with: 

pip install python-multipart

2026-09-10 00:16:22,056 WARNING hermes_cli.web_server: Failed to load plugin kanban API routes: Form data requires "python-multipart" to be installed. 
You can install "python-multipart" with: 

pip install python-multipart

2026-09-10 00:16:22,061 WARNING hermes_cli.web_server: Binding to 0.0.0.0 with --insecure — the dashboard has no robust authentication. Only use on trusted networks.
2026-09-10 00:16:28,518 ERROR fastapi: Form data requires "python-multipart" to be installed. 
You can install "python-multipart" with: 

pip install python-multipart

2026-09-10 00:16:28,518 WARNING hermes_cli.web_server: Failed to load plugin kanban API routes: Form data requires "python-multipart" to be installed. 
You can install "python-multipart" with: 

pip install python-multipart

2026-09-10 00:16:28,523 WARNING hermes_cli.web_server: Binding to 0.0.0.0 with --insecure — the dashboard has no robust authentication. Only use on trusted networks.
2026-09-10 00:16:35,020 ERROR fastapi: Form data requires "python-multipart" to be installed. 
You can install "python-multipart" with: 

pip install python-multipart

2026-09-10 00:16:35,020 WARNING hermes_cli.web_server: Failed to load plugin kanban API routes: Form data requires "python-multipart" to be installed. 
You can install "python-multipart" with: 

pip install python-multipart

2026-09-10 00:16:35,025 WARNING hermes_cli.web_server: Binding to 0.0.0.0 with --insecure — the dashboard has no robust authentication. Only use on trusted networks.
2026-09-10 00:16:41,524 ERROR fastapi: Form data requires "python-multipart" to be installed. 
You can install "python-multipart" with: 

pip install python-multipart

2026-09-10 00:16:41,524 WARNING hermes_cli.web_server: Failed to load plugin kanban API routes: Form data requires "python-multipart" to be installed. 
You can install "python-multipart" with: 

pip install python-multipart

2026-09-10 00:16:41,529 WARNING hermes_cli.web_server: Binding to 0.0.0.0 with --insecure — the dashboard has no robust authentication. Only use on trusted networks.
2026-09-10 00:16:48,063 ERROR fastapi: Form data requires "python-multipart" to be installed. 
You can install "python-multipart" with: 

pip install python-multipart

2026-09-10 00:16:48,064 WARNING hermes_cli.web_server: Failed to load plugin kanban API routes: Form data requires "python-multipart" to be installed. 
You can install "python-multipart" with: 

pip install python-multipart

2026-09-10 00:16:48,069 WARNING hermes_cli.web_server: Binding to 0.0.0.0 with --insecure — the dashboard has no robust authentication. Only use on trusted networks.
2026-09-10 00:16:54,518 ERROR fastapi: Form data requires "python-multipart" to be installed. 
You can install "python-multipart" with: 

pip install python-multipart

2026-09-10 00:16:54,519 WARNING hermes_cli.web_server: Failed to load plugin kanban API routes: Form data requires "python-multipart" to be installed. 
You can install "python-multipart" with: 

pip install python-multipart

2026-09-10 00:16:54,523 WARNING hermes_cli.web_server: Binding to 0.0.0.0 with --insecure — the dashboard has no robust authentication. Only use on trusted networks.
2026-09-10 00:17:01,042 ERROR fastapi: Form data requires "python-multipart" to be installed. 
You can install "python-multipart" with: 

pip install python-multipart

2026-09-10 00:17:01,042 WARNING hermes_cli.web_server: Failed to load plugin kanban API routes: Form data requires "python-multipart" to be installed. 
You can install "python-multipart" with: 

pip install python-multipart

2026-09-10 00:17:01,048 WARNING hermes_cli.web_server: Binding to 0.0.0.0 with --insecure — the dashboard has no robust authentication. Only use on trusted networks.
2026-09-10 00:17:07,498 ERROR fastapi: Form data requires "python-multipart" to be installed. 
You can install "python-multipart" with: 

pip install python-multipart

2026-09-10 00:17:07,498 WARNING hermes_cli.web_server: Failed to load plugin kanban API routes: Form data requires "python-multipart" to be installed. 
You can install "python-multipart" with: 

pip install python-multipart

2026-09-10 00:17:07,503 WARNING hermes_cli.web_server: Binding to 0.0.0.0 with --insecure — the dashboard has no robust authentication. Only use on trusted networks.
2026-09-10 00:17:14,021 ERROR fastapi: Form data requires "python-multipart" to be installed. 
You can install "python-multipart" with: 

pip install python-multipart

2026-09-10 00:17:14,021 WARNING hermes_cli.web_server: Failed to load plugin kanban API routes: Form data requires "python-multipart" to be installed. 
You can install "python-multipart" with: 

pip install python-multipart

2026-09-10 00:17:14,026 WARNING hermes_cli.web_server: Binding to 0.0.0.0 with --insecure — the dashboard has no robust authentication. Only use on trusted networks.
2026-09-10 00:17:20,502 ERROR fastapi: Form data requires "python-multipart" to be installed. 
You can install "python-multipart" with: 

pip install python-multipart

2026-09-10 00:17:20,502 WARNING hermes_cli.web_server: Failed to load plugin kanban API routes: Form data requires "python-multipart" to be installed. 
You can install "python-multipart" with: 

pip install python-multipart

2026-09-10 00:17:20,507 WARNING hermes_cli.web_server: Binding to 0.0.0.0 with --insecure — the dashboard has no robust authentication. Only use on trusted networks.
2026-09-10 00:17:27,025 ERROR fastapi: Form data requires "python-multipart" to be installed. 
You can install "python-multipart" with: 

pip install python-multipart

2026-09-10 00:17:27,025 WARNING hermes_cli.web_server: Failed to load plugin kanban API routes: Form data requires "python-multipart" to be installed. 
You can install "python-multipart" with: 

pip install python-multipart

2026-09-10 00:17:27,030 WARNING hermes_cli.web_server: Binding to 0.0.0.0 with --insecure — the dashboard has no robust authentication. Only use on trusted networks.
2026-09-10 00:17:33,522 ERROR fastapi: Form data requires "python-multipart" to be installed. 
You can install "python-multipart" with: 

pip install python-multipart

2026-09-10 00:17:33,523 WARNING hermes_cli.web_server: Failed to load plugin kanban API routes: Form data requires "python-multipart" to be installed. 
You can install "python-multipart" with: 

pip install python-multipart

2026-09-10 00:17:33,527 WARNING hermes_cli.web_server: Binding to 0.0.0.0 with --insecure — the dashboard has no robust authentication. Only use on trusted networks.
2026-09-10 00:17:39,997 ERROR fastapi: Form data requires "python-multipart" to be installed. 
You can install "python-multipart" with: 

pip install python-multipart

2026-09-10 00:17:39,997 WARNING hermes_cli.web_server: Failed to load plugin kanban API routes: Form data requires "python-multipart" to be installed. 
You can install "python-multipart" with: 

pip install python-multipart

2026-09-10 00:17:40,002 WARNING hermes_cli.web_server: Binding to 0.0.0.0 with --insecure — the dashboard has no robust authentication. Only use on trusted networks.
2026-09-10 00:17:46,547 ERROR fastapi: Form data requires "python-multipart" to be installed. 
You can install "python-multipart" with: 

pip install python-multipart

2026-09-10 00:17:46,547 WARNING hermes_cli.web_server: Failed to load plugin kanban API routes: Form data requires "python-multipart" to be installed. 
You can install "python-multipart" with: 

pip install python-multipart

2026-09-10 00:17:46,552 WARNING hermes_cli.web_server: Binding to 0.0.0.0 with --insecure — the dashboard has no robust authentication. Only use on trusted networks.
2026-09-10 00:17:53,035 ERROR fastapi: Form data requires "python-multipart" to be installed. 
You can install "python-multipart" with: 

pip install python-multipart

2026-09-10 00:17:53,035 WARNING hermes_cli.web_server: Failed to load plugin kanban API routes: Form data requires "python-multipart" to be installed. 
You can install "python-multipart" with: 

pip install python-multipart

2026-09-10 00:17:53,040 WARNING hermes_cli.web_server: Binding to 0.0.0.0 with --insecure — the dashboard has no robust authentication. Only use on trusted networks.
2026-09-10 00:17:59,568 ERROR fastapi: Form data requires "python-multipart" to be installed. 
You can install "python-multipart" with: 

pip install python-multipart

2026-09-10 00:17:59,568 WARNING hermes_cli.web_server: Failed to load plugin kanban API routes: Form data requires "python-multipart" to be installed. 
You can install "python-multipart" with: 

pip install python-multipart

2026-09-10 00:17:59,573 WARNING hermes_cli.web_server: Binding to 0.0.0.0 with --insecure — the dashboard has no robust authentication. Only use on trusted networks.
2026-09-10 00:18:06,029 ERROR fastapi: Form data requires "python-multipart" to be installed. 
You can install "python-multipart" with: 

pip install python-multipart

2026-09-10 00:18:06,029 WARNING hermes_cli.web_server: Failed to load plugin kanban API routes: Form data requires "python-multipart" to be installed. 
You can install "python-multipart" with: 

pip install python-multipart

2026-09-10 00:18:06,034 WARNING hermes_cli.web_server: Binding to 0.0.0.0 with --insecure — the dashboard has no robust authentication. Only use on trusted networks.
2026-09-10 00:18:12,560 ERROR fastapi: Form data requires "python-multipart" to be installed. 
You can install "python-multipart" with: 

pip install python-multipart

2026-09-10 00:18:12,560 WARNING hermes_cli.web_server: Failed to load plugin kanban API routes: Form data requires "python-multipart" to be installed. 
You can install "python-multipart" with: 

pip install python-multipart

2026-09-10 00:18:12,565 WARNING hermes_cli.web_server: Binding to 0.0.0.0 with --insecure — the dashboard has no robust authentication. Only use on trusted networks.
2026-09-10 00:18:19,013 ERROR fastapi: Form data requires "python-multipart" to be installed. 
You can install "python-multipart" with: 

pip install python-multipart

2026-09-10 00:18:19,013 WARNING hermes_cli.web_server: Failed to load plugin kanban API routes: Form data requires "python-multipart" to be installed. 
You can install "python-multipart" with: 

pip install python-multipart

2026-09-10 00:18:19,018 WARNING hermes_cli.web_server: Binding to 0.0.0.0 with --insecure — the dashboard has no robust authentication. Only use on trusted networks.
2026-09-10 00:18:25,514 ERROR fastapi: Form data requires "python-multipart" to be installed. 
You can install "python-multipart" with: 

pip install python-multipart

2026-09-10 00:18:25,514 WARNING hermes_cli.web_server: Failed to load plugin kanban API routes: Form data requires "python-multipart" to be installed. 
You can install "python-multipart" with: 

pip install python-multipart

2026-09-10 00:18:25,519 WARNING hermes_cli.web_server: Binding to 0.0.0.0 with --insecure — the dashboard has no robust authentication. Only use on trusted networks.
2026-09-10 00:18:32,043 ERROR fastapi: Form data requires "python-multipart" to be installed. 
You can install "python-multipart" with: 

pip install python-multipart

2026-09-10 00:18:32,043 WARNING hermes_cli.web_server: Failed to load plugin kanban API routes: Form data requires "python-multipart" to be installed. 
You can install "python-multipart" with: 

pip install python-multipart

2026-09-10 00:18:32,048 WARNING hermes_cli.web_server: Binding to 0.0.0.0 with --insecure — the dashboard has no robust authentication. Only use on trusted networks.
2026-09-10 00:18:38,482 ERROR fastapi: Form data requires "python-multipart" to be installed. 
You can install "python-multipart" with: 

pip install python-multipart

2026-09-10 00:18:38,482 WARNING hermes_cli.web_server: Failed to load plugin kanban API routes: Form data requires "python-multipart" to be installed. 
You can install "python-multipart" with: 

pip install python-multipart

2026-09-10 00:18:38,487 WARNING hermes_cli.web_server: Binding to 0.0.0.0 with --insecure — the dashboard has no robust authentication. Only use on trusted networks.
2026-09-10 00:18:40,882 WARNING hermes_cli.config: providers.vultr: unknown config keys ignored: auth
2026-09-10 00:18:40,883 WARNING hermes_cli.config: providers.vultr: unknown config keys ignored: auth
2026-09-10 00:18:43,633 WARNING gateway.run: Shutdown context: signal=SIGTERM under_systemd=yes parent_pid=1 parent_name=systemd loadavg_1m=0.22 parent_cmdline='/usr/lib/systemd/systemd --system --deserialize=75 vultr'
2026-09-10 00:18:43,637 WARNING hermes_cli.config: providers.vultr: unknown config keys ignored: auth
2026-09-10 00:18:44,132 WARNING hermes_cli.config: providers.vultr: unknown config keys ignored: auth
2026-09-10 00:18:44,355 WARNING hermes_cli.config: providers.vultr: unknown config keys ignored: auth
2026-09-10 00:18:44,456 WARNING hermes_cli.config: providers.vultr: unknown config keys ignored: auth
2026-09-10 00:18:45,028 ERROR fastapi: Form data requires "python-multipart" to be installed. 
You can install "python-multipart" with: 

pip install python-multipart

2026-09-10 00:18:45,028 WARNING hermes_cli.web_server: Failed to load plugin kanban API routes: Form data requires "python-multipart" to be installed. 
You can install "python-multipart" with: 

pip install python-multipart

2026-09-10 00:18:45,033 WARNING hermes_cli.web_server: Binding to 0.0.0.0 with --insecure — the dashboard has no robust authentication. Only use on trusted networks.
2026-09-10 00:18:51,401 WARNING gateway.run: Old gateway (PID 134362) did not exit after SIGTERM, sending SIGKILL.
2026-09-10 00:18:51,491 ERROR fastapi: Form data requires "python-multipart" to be installed. 
You can install "python-multipart" with: 

pip install python-multipart

2026-09-10 00:18:51,491 WARNING hermes_cli.web_server: Failed to load plugin kanban API routes: Form data requires "python-multipart" to be installed. 
You can install "python-multipart" with: 

pip install python-multipart

2026-09-10 00:18:51,496 WARNING hermes_cli.web_server: Binding to 0.0.0.0 with --insecure — the dashboard has no robust authentication. Only use on trusted networks.
2026-09-10 00:18:55,470 WARNING hermes_cli.config: providers.vultr: unknown config keys ignored: auth
2026-09-10 00:18:55,471 WARNING hermes_cli.config: providers.vultr: unknown config keys ignored: auth
2026-09-10 00:18:58,042 WARNING hermes_cli.config: providers.vultr: unknown config keys ignored: auth
2026-09-10 00:18:58,586 WARNING hermes_cli.config: providers.vultr: unknown config keys ignored: auth
2026-09-10 00:18:58,826 WARNING hermes_cli.config: providers.vultr: unknown config keys ignored: auth
2026-09-10 00:18:58,934 WARNING hermes_cli.config: providers.vultr: unknown config keys ignored: auth
2026-09-10 00:19:01,670 WARNING [20260909_182813_373926] agent.conversation_compression: compression skipped: another path is compressing session=20260909_182813_373926 (holder=pid=134362:tid=131051376604864:agent=7730c63c70b0:nonce=ac01b93f) — returning messages unchanged to avoid session fork
2026-09-10 00:19:04,251 WARNING [20260909_182813_373926] agent.tool_executor: Tool process returned error (0.00s): {"status": "not_found", "error": "No process with ID proc_7e610891cbc9"}
2026-09-10 00:19:58,149 WARNING [20260909_182813_373926] agent.tool_executor: Tool terminal returned error (0.00s): {"output": "", "exit_code": -1, "error": "Foreground command uses '&' backgrounding. Use terminal(background=true) for long-lived processes, then run health checks and tests in follow-up terminal call
2026-09-10 00:20:02,590 WARNING [20260909_182813_373926] agent.tool_executor: Tool terminal returned error (0.12s): {"output": "134884 /usr/bin/bash -c source /tmp/hermes-snap-9f5b0770a6ad.sh >/dev/null 2>&1 || true builtin cd -- /home/hermes || exit 126 eval 'pgrep -af \"turbo-cam\" || echo \"não rolou\"; wc -l /h
2026-09-10 00:20:25,500 WARNING [20260909_182813_373926] agent.tool_executor: Tool terminal returned error (0.18s): {"output": "", "exit_code": -15, "error": null}
2026-09-10 00:20:49,238 WARNING [20260909_182813_373926] agent.tool_executor: Tool terminal returned error (0.12s): {"output": "", "exit_code": -15, "error": null}
2026-09-10 00:23:52,605 WARNING gateway.run: Shutdown context: signal=SIGTERM under_systemd=yes parent_pid=109079 parent_name=systemd loadavg_1m=0.00 parent_cmdline='/usr/lib/systemd/systemd --user'
2026-09-10 00:23:52,815 ERROR fastapi: Form data requires "python-multipart" to be installed. 
You can install "python-multipart" with: 

pip install python-multipart

2026-09-10 00:23:52,815 WARNING hermes_cli.web_server: Failed to load plugin kanban API routes: Form data requires "python-multipart" to be installed. 
You can install "python-multipart" with: 

pip install python-multipart

2026-09-10 00:23:52,820 WARNING hermes_cli.web_server: Binding to 0.0.0.0 with --insecure — the dashboard has no robust authentication. Only use on trusted networks.
2026-09-10 00:23:59,273 ERROR fastapi: Form data requires "python-multipart" to be installed. 
You can install "python-multipart" with: 

pip install python-multipart

2026-09-10 00:23:59,273 WARNING hermes_cli.web_server: Failed to load plugin kanban API routes: Form data requires "python-multipart" to be installed. 
You can install "python-multipart" with: 

pip install python-multipart

2026-09-10 00:23:59,278 WARNING hermes_cli.web_server: Binding to 0.0.0.0 with --insecure — the dashboard has no robust authentication. Only use on trusted networks.
2026-09-10 00:24:02,609 WARNING gateway.run: Old gateway (PID 134733) did not exit after SIGTERM, sending SIGKILL.
2026-09-10 00:24:05,782 ERROR fastapi: Form data requires "python-multipart" to be installed. 
You can install "python-multipart" with: 

pip install python-multipart

2026-09-10 00:24:05,782 WARNING hermes_cli.web_server: Failed to load plugin kanban API routes: Form data requires "python-multipart" to be installed. 
You can install "python-multipart" with: 

pip install python-multipart

2026-09-10 00:24:05,787 WARNING hermes_cli.web_server: Binding to 0.0.0.0 with --insecure — the dashboard has no robust authentication. Only use on trusted networks.
2026-09-10 00:24:06,359 WARNING hermes_cli.config: providers.vultr: unknown config keys ignored: auth
2026-09-10 00:24:06,360 WARNING hermes_cli.config: providers.vultr: unknown config keys ignored: auth
2026-09-10 00:24:08,961 WARNING hermes_cli.config: providers.vultr: unknown config keys ignored: auth
2026-09-10 00:24:09,444 WARNING hermes_cli.config: providers.vultr: unknown config keys ignored: auth
2026-09-10 00:24:09,667 WARNING hermes_cli.config: providers.vultr: unknown config keys ignored: auth
2026-09-10 00:24:09,765 WARNING hermes_cli.config: providers.vultr: unknown config keys ignored: auth
2026-09-10 00:24:12,269 ERROR fastapi: Form data requires "python-multipart" to be installed. 
You can install "python-multipart" with: 

pip install python-multipart

2026-09-10 00:24:12,269 WARNING hermes_cli.web_server: Failed to load plugin kanban API routes: Form data requires "python-multipart" to be installed. 
You can install "python-multipart" with: 

pip install python-multipart

2026-09-10 00:24:12,274 WARNING hermes_cli.web_server: Binding to 0.0.0.0 with --insecure — the dashboard has no robust authentication. Only use on trusted networks.
2026-09-10 00:24:18,752 ERROR fastapi: Form data requires "python-multipart" to be installed. 
You can install "python-multipart" with: 

pip install python-multipart

2026-09-10 00:24:18,752 WARNING hermes_cli.web_server: Failed to load plugin kanban API routes: Form data requires "python-multipart" to be installed. 
You can install "python-multipart" with: 

pip install python-multipart

2026-09-10 00:24:18,757 WARNING hermes_cli.web_server: Binding to 0.0.0.0 with --insecure — the dashboard has no robust authentication. Only use on trusted networks.
2026-09-10 00:24:25,251 ERROR fastapi: Form data requires "python-multipart" to be installed. 
You can install "python-multipart" with: 

pip install python-multipart

2026-09-10 00:24:25,251 WARNING hermes_cli.web_server: Failed to load plugin kanban API routes: Form data requires "python-multipart" to be installed. 
You can install "python-multipart" with: 

pip install python-multipart

2026-09-10 00:24:25,256 WARNING hermes_cli.web_server: Binding to 0.0.0.0 with --insecure — the dashboard has no robust authentication. Only use on trusted networks.
2026-09-10 00:24:31,749 ERROR fastapi: Form data requires "python-multipart" to be installed. 
You can install "python-multipart" with: 

pip install python-multipart

2026-09-10 00:24:31,750 WARNING hermes_cli.web_server: Failed to load plugin kanban API routes: Form data requires "python-multipart" to be installed. 
You can install "python-multipart" with: 

pip install python-multipart

2026-09-10 00:24:31,755 WARNING hermes_cli.web_server: Binding to 0.0.0.0 with --insecure — the dashboard has no robust authentication. Only use on trusted networks.
2026-09-10 00:24:38,259 ERROR fastapi: Form data requires "python-multipart" to be installed. 
You can install "python-multipart" with: 

pip install python-multipart

2026-09-10 00:24:38,259 WARNING hermes_cli.web_server: Failed to load plugin kanban API routes: Form data requires "python-multipart" to be installed. 
You can install "python-multipart" with: 

pip install python-multipart

2026-09-10 00:24:38,264 WARNING hermes_cli.web_server: Binding to 0.0.0.0 with --insecure — the dashboard has no robust authentication. Only use on trusted networks.
2026-09-10 00:24:44,789 ERROR fastapi: Form data requires "python-multipart" to be installed. 
You can install "python-multipart" with: 

pip install python-multipart

2026-09-10 00:24:44,790 WARNING hermes_cli.web_server: Failed to load plugin kanban API routes: Form data requires "python-multipart" to be installed. 
You can install "python-multipart" with: 

pip install python-multipart

2026-09-10 00:24:44,795 WARNING hermes_cli.web_server: Binding to 0.0.0.0 with --insecure — the dashboard has no robust authentication. Only use on trusted networks.
2026-09-10 00:24:47,898 WARNING [20260909_182813_373926] agent.tool_executor: Tool process returned error (0.00s): {"status": "not_found", "error": "No process with ID proc_7e610891cbc9"}
2026-09-10 00:24:51,256 ERROR fastapi: Form data requires "python-multipart" to be installed. 
You can install "python-multipart" with: 

pip install python-multipart

2026-09-10 00:24:51,256 WARNING hermes_cli.web_server: Failed to load plugin kanban API routes: Form data requires "python-multipart" to be installed. 
You can install "python-multipart" with: 

pip install python-multipart

2026-09-10 00:24:51,261 WARNING hermes_cli.web_server: Binding to 0.0.0.0 with --insecure — the dashboard has no robust authentication. Only use on trusted networks.
2026-09-10 00:24:57,793 ERROR fastapi: Form data requires "python-multipart" to be installed. 
You can install "python-multipart" with: 

pip install python-multipart

2026-09-10 00:24:57,793 WARNING hermes_cli.web_server: Failed to load plugin kanban API routes: Form data requires "python-multipart" to be installed. 
You can install "python-multipart" with: 

pip install python-multipart

2026-09-10 00:24:57,798 WARNING hermes_cli.web_server: Binding to 0.0.0.0 with --insecure — the dashboard has no robust authentication. Only use on trusted networks.
2026-09-10 00:25:04,284 ERROR fastapi: Form data requires "python-multipart" to be installed. 
You can install "python-multipart" with: 

pip install python-multipart

2026-09-10 00:25:04,284 WARNING hermes_cli.web_server: Failed to load plugin kanban API routes: Form data requires "python-multipart" to be installed. 
You can install "python-multipart" with: 

pip install python-multipart

2026-09-10 00:25:04,289 WARNING hermes_cli.web_server: Binding to 0.0.0.0 with --insecure — the dashboard has no robust authentication. Only use on trusted networks.
2026-09-10 00:25:10,737 ERROR fastapi: Form data requires "python-multipart" to be installed. 
You can install "python-multipart" with: 

pip install python-multipart

2026-09-10 00:25:10,737 WARNING hermes_cli.web_server: Failed to load plugin kanban API routes: Form data requires "python-multipart" to be installed. 
You can install "python-multipart" with: 

pip install python-multipart

2026-09-10 00:25:10,742 WARNING hermes_cli.web_server: Binding to 0.0.0.0 with --insecure — the dashboard has no robust authentication. Only use on trusted networks.
2026-09-10 00:25:17,252 ERROR fastapi: Form data requires "python-multipart" to be installed. 
You can install "python-multipart" with: 

pip install python-multipart

2026-09-10 00:25:17,252 WARNING hermes_cli.web_server: Failed to load plugin kanban API routes: Form data requires "python-multipart" to be installed. 
You can install "python-multipart" with: 

pip install python-multipart

2026-09-10 00:25:17,257 WARNING hermes_cli.web_server: Binding to 0.0.0.0 with --insecure — the dashboard has no robust authentication. Only use on trusted networks.
2026-09-10 00:25:23,767 ERROR fastapi: Form data requires "python-multipart" to be installed. 
You can install "python-multipart" with: 

pip install python-multipart

2026-09-10 00:25:23,767 WARNING hermes_cli.web_server: Failed to load plugin kanban API routes: Form data requires "python-multipart" to be installed. 
You can install "python-multipart" with: 

pip install python-multipart

2026-09-10 00:25:23,772 WARNING hermes_cli.web_server: Binding to 0.0.0.0 with --insecure — the dashboard has no robust authentication. Only use on trusted networks.
2026-09-10 00:25:30,245 ERROR fastapi: Form data requires "python-multipart" to be installed. 
You can install "python-multipart" with: 

pip install python-multipart

2026-09-10 00:25:30,245 WARNING hermes_cli.web_server: Failed to load plugin kanban API routes: Form data requires "python-multipart" to be installed. 
You can install "python-multipart" with: 

pip install python-multipart

2026-09-10 00:25:30,250 WARNING hermes_cli.web_server: Binding to 0.0.0.0 with --insecure — the dashboard has no robust authentication. Only use on trusted networks.
2026-09-10 00:25:36,784 ERROR fastapi: Form data requires "python-multipart" to be installed. 
You can install "python-multipart" with: 

pip install python-multipart

2026-09-10 00:25:36,784 WARNING hermes_cli.web_server: Failed to load plugin kanban API routes: Form data requires "python-multipart" to be installed. 
You can install "python-multipart" with: 

pip install python-multipart

2026-09-10 00:25:36,789 WARNING hermes_cli.web_server: Binding to 0.0.0.0 with --insecure — the dashboard has no robust authentication. Only use on trusted networks.
2026-09-10 00:25:43,257 ERROR fastapi: Form data requires "python-multipart" to be installed. 
You can install "python-multipart" with: 

pip install python-multipart

2026-09-10 00:25:43,257 WARNING hermes_cli.web_server: Failed to load plugin kanban API routes: Form data requires "python-multipart" to be installed. 
You can install "python-multipart" with: 

pip install python-multipart

2026-09-10 00:25:43,263 WARNING hermes_cli.web_server: Binding to 0.0.0.0 with --insecure — the dashboard has no robust authentication. Only use on trusted networks.
2026-09-10 00:25:49,823 ERROR fastapi: Form data requires "python-multipart" to be installed. 
You can install "python-multipart" with: 

pip install python-multipart

2026-09-10 00:25:49,823 WARNING hermes_cli.web_server: Failed to load plugin kanban API routes: Form data requires "python-multipart" to be installed. 
You can install "python-multipart" with: 

pip install python-multipart

2026-09-10 00:25:49,828 WARNING hermes_cli.web_server: Binding to 0.0.0.0 with --insecure — the dashboard has no robust authentication. Only use on trusted networks.
2026-09-10 00:25:56,264 ERROR fastapi: Form data requires "python-multipart" to be installed. 
You can install "python-multipart" with: 

pip install python-multipart

2026-09-10 00:25:56,264 WARNING hermes_cli.web_server: Failed to load plugin kanban API routes: Form data requires "python-multipart" to be installed. 
You can install "python-multipart" with: 

pip install python-multipart

2026-09-10 00:25:56,269 WARNING hermes_cli.web_server: Binding to 0.0.0.0 with --insecure — the dashboard has no robust authentication. Only use on trusted networks.
2026-09-10 00:26:02,767 ERROR fastapi: Form data requires "python-multipart" to be installed. 
You can install "python-multipart" with: 

pip install python-multipart

2026-09-10 00:26:02,767 WARNING hermes_cli.web_server: Failed to load plugin kanban API routes: Form data requires "python-multipart" to be installed. 
You can install "python-multipart" with: 

pip install python-multipart

2026-09-10 00:26:02,772 WARNING hermes_cli.web_server: Binding to 0.0.0.0 with --insecure — the dashboard has no robust authentication. Only use on trusted networks.
2026-09-10 00:26:09,281 ERROR fastapi: Form data requires "python-multipart" to be installed. 
You can install "python-multipart" with: 

pip install python-multipart

2026-09-10 00:26:09,282 WARNING hermes_cli.web_server: Failed to load plugin kanban API routes: Form data requires "python-multipart" to be installed. 
You can install "python-multipart" with: 

pip install python-multipart

2026-09-10 00:26:09,287 WARNING hermes_cli.web_server: Binding to 0.0.0.0 with --insecure — the dashboard has no robust authentication. Only use on trusted networks.
2026-09-10 00:26:15,762 ERROR fastapi: Form data requires "python-multipart" to be installed. 
You can install "python-multipart" with: 

pip install python-multipart

2026-09-10 00:26:15,762 WARNING hermes_cli.web_server: Failed to load plugin kanban API routes: Form data requires "python-multipart" to be installed. 
You can install "python-multipart" with: 

pip install python-multipart

2026-09-10 00:26:15,768 WARNING hermes_cli.web_server: Binding to 0.0.0.0 with --insecure — the dashboard has no robust authentication. Only use on trusted networks.
2026-09-10 00:26:22,269 ERROR fastapi: Form data requires "python-multipart" to be installed. 
You can install "python-multipart" with: 

pip install python-multipart

2026-09-10 00:26:22,269 WARNING hermes_cli.web_server: Failed to load plugin kanban API routes: Form data requires "python-multipart" to be installed. 
You can install "python-multipart" with: 

pip install python-multipart

2026-09-10 00:26:22,274 WARNING hermes_cli.web_server: Binding to 0.0.0.0 with --insecure — the dashboard has no robust authentication. Only use on trusted networks.
2026-09-10 00:26:28,766 ERROR fastapi: Form data requires "python-multipart" to be installed. 
You can install "python-multipart" with: 

pip install python-multipart

2026-09-10 00:26:28,766 WARNING hermes_cli.web_server: Failed to load plugin kanban API routes: Form data requires "python-multipart" to be installed. 
You can install "python-multipart" with: 

pip install python-multipart

2026-09-10 00:26:28,772 WARNING hermes_cli.web_server: Binding to 0.0.0.0 with --insecure — the dashboard has no robust authentication. Only use on trusted networks.
2026-09-10 00:26:35,256 ERROR fastapi: Form data requires "python-multipart" to be installed. 
You can install "python-multipart" with: 

pip install python-multipart

2026-09-10 00:26:35,257 WARNING hermes_cli.web_server: Failed to load plugin kanban API routes: Form data requires "python-multipart" to be installed. 
You can install "python-multipart" with: 

pip install python-multipart

2026-09-10 00:26:35,262 WARNING hermes_cli.web_server: Binding to 0.0.0.0 with --insecure — the dashboard has no robust authentication. Only use on trusted networks.
2026-09-10 00:26:41,778 ERROR fastapi: Form data requires "python-multipart" to be installed. 
You can install "python-multipart" with: 

pip install python-multipart

2026-09-10 00:26:41,779 WARNING hermes_cli.web_server: Failed to load plugin kanban API routes: Form data requires "python-multipart" to be installed. 
You can install "python-multipart" with: 

pip install python-multipart

2026-09-10 00:26:41,783 WARNING hermes_cli.web_server: Binding to 0.0.0.0 with --insecure — the dashboard has no robust authentication. Only use on trusted networks.
2026-09-10 00:26:48,300 ERROR fastapi: Form data requires "python-multipart" to be installed. 
You can install "python-multipart" with: 

pip install python-multipart

2026-09-10 00:26:48,300 WARNING hermes_cli.web_server: Failed to load plugin kanban API routes: Form data requires "python-multipart" to be installed. 
You can install "python-multipart" with: 

pip install python-multipart

2026-09-10 00:26:48,305 WARNING hermes_cli.web_server: Binding to 0.0.0.0 with --insecure — the dashboard has no robust authentication. Only use on trusted networks.
2026-09-10 00:26:54,746 ERROR fastapi: Form data requires "python-multipart" to be installed. 
You can install "python-multipart" with: 

pip install python-multipart

2026-09-10 00:26:54,746 WARNING hermes_cli.web_server: Failed to load plugin kanban API routes: Form data requires "python-multipart" to be installed. 
You can install "python-multipart" with: 

pip install python-multipart

2026-09-10 00:26:54,751 WARNING hermes_cli.web_server: Binding to 0.0.0.0 with --insecure — the dashboard has no robust authentication. Only use on trusted networks.
2026-09-10 00:27:01,254 ERROR fastapi: Form data requires "python-multipart" to be installed. 
You can install "python-multipart" with: 

pip install python-multipart

2026-09-10 00:27:01,255 WARNING hermes_cli.web_server: Failed to load plugin kanban API routes: Form data requires "python-multipart" to be installed. 
You can install "python-multipart" with: 

pip install python-multipart

2026-09-10 00:27:01,259 WARNING hermes_cli.web_server: Binding to 0.0.0.0 with --insecure — the dashboard has no robust authentication. Only use on trusted networks.
2026-09-10 00:27:02,449 WARNING [20260909_182813_373926] agent.tool_executor: Tool terminal returned error (0.16s): {"output": "4157:    def request_restart(self, *, detached: bool = False, via_service: bool = False) -> bool:\n10859:            self.request_restart(detached=False, via_service=True)\n10861:         
2026-09-10 00:27:07,801 ERROR fastapi: Form data requires "python-multipart" to be installed. 
You can install "python-multipart" with: 

pip install python-multipart

2026-09-10 00:27:07,801 WARNING hermes_cli.web_server: Failed to load plugin kanban API routes: Form data requires "python-multipart" to be installed. 
You can install "python-multipart" with: 

pip install python-multipart

2026-09-10 00:27:07,806 WARNING hermes_cli.web_server: Binding to 0.0.0.0 with --insecure — the dashboard has no robust authentication. Only use on trusted networks.
2026-09-10 00:27:09,232 WARNING [20260909_182813_373926] agent.tool_executor: Tool terminal returned error (0.11s): {"output": "---pending:\n\n---output (tail 25):\n\n---exit_code:", "exit_code": 1, "error": null}
2026-09-10 00:27:14,258 ERROR fastapi: Form data requires "python-multipart" to be installed. 
You can install "python-multipart" with: 

pip install python-multipart

2026-09-10 00:27:14,258 WARNING hermes_cli.web_server: Failed to load plugin kanban API routes: Form data requires "python-multipart" to be installed. 
You can install "python-multipart" with: 

pip install python-multipart

2026-09-10 00:27:14,263 WARNING hermes_cli.web_server: Binding to 0.0.0.0 with --insecure — the dashboard has no robust authentication. Only use on trusted networks.
2026-09-10 00:27:20,767 ERROR fastapi: Form data requires "python-multipart" to be installed. 
You can install "python-multipart" with: 

pip install python-multipart

2026-09-10 00:27:20,767 WARNING hermes_cli.web_server: Failed to load plugin kanban API routes: Form data requires "python-multipart" to be installed. 
You can install "python-multipart" with: 

pip install python-multipart

2026-09-10 00:27:20,771 WARNING hermes_cli.web_server: Binding to 0.0.0.0 with --insecure — the dashboard has no robust authentication. Only use on trusted networks.
2026-09-10 00:27:27,278 ERROR fastapi: Form data requires "python-multipart" to be installed. 
You can install "python-multipart" with: 

pip install python-multipart

2026-09-10 00:27:27,278 WARNING hermes_cli.web_server: Failed to load plugin kanban API routes: Form data requires "python-multipart" to be installed. 
You can install "python-multipart" with: 

pip install python-multipart

2026-09-10 00:27:27,283 WARNING hermes_cli.web_server: Binding to 0.0.0.0 with --insecure — the dashboard has no robust authentication. Only use on trusted networks.
2026-09-10 00:27:33,774 ERROR fastapi: Form data requires "python-multipart" to be installed. 
You can install "python-multipart" with: 

pip install python-multipart

2026-09-10 00:27:33,774 WARNING hermes_cli.web_server: Failed to load plugin kanban API routes: Form data requires "python-multipart" to be installed. 
You can install "python-multipart" with: 

pip install python-multipart

2026-09-10 00:27:33,779 WARNING hermes_cli.web_server: Binding to 0.0.0.0 with --insecure — the dashboard has no robust authentication. Only use on trusted networks.
2026-09-10 00:27:40,308 ERROR fastapi: Form data requires "python-multipart" to be installed. 
You can install "python-multipart" with: 

pip install python-multipart

2026-09-10 00:27:40,309 WARNING hermes_cli.web_server: Failed to load plugin kanban API routes: Form data requires "python-multipart" to be installed. 
You can install "python-multipart" with: 

pip install python-multipart

2026-09-10 00:27:40,314 WARNING hermes_cli.web_server: Binding to 0.0.0.0 with --insecure — the dashboard has no robust authentication. Only use on trusted networks.
2026-09-10 00:27:46,759 ERROR fastapi: Form data requires "python-multipart" to be installed. 
You can install "python-multipart" with: 

pip install python-multipart

2026-09-10 00:27:46,759 WARNING hermes_cli.web_server: Failed to load plugin kanban API routes: Form data requires "python-multipart" to be installed. 
You can install "python-multipart" with: 

pip install python-multipart

2026-09-10 00:27:46,764 WARNING hermes_cli.web_server: Binding to 0.0.0.0 with --insecure — the dashboard has no robust authentication. Only use on trusted networks.
2026-09-10 00:27:53,263 ERROR fastapi: Form data requires "python-multipart" to be installed. 
You can install "python-multipart" with: 

pip install python-multipart

2026-09-10 00:27:53,263 WARNING hermes_cli.web_server: Failed to load plugin kanban API routes: Form data requires "python-multipart" to be installed. 
You can install "python-multipart" with: 

pip install python-multipart

2026-09-10 00:27:53,268 WARNING hermes_cli.web_server: Binding to 0.0.0.0 with --insecure — the dashboard has no robust authentication. Only use on trusted networks.
2026-09-10 00:27:59,771 ERROR fastapi: Form data requires "python-multipart" to be installed. 
You can install "python-multipart" with: 

pip install python-multipart

2026-09-10 00:27:59,772 WARNING hermes_cli.web_server: Failed to load plugin kanban API routes: Form data requires "python-multipart" to be installed. 
You can install "python-multipart" with: 

pip install python-multipart

2026-09-10 00:27:59,776 WARNING hermes_cli.web_server: Binding to 0.0.0.0 with --insecure — the dashboard has no robust authentication. Only use on trusted networks.
2026-09-10 00:28:06,262 ERROR fastapi: Form data requires "python-multipart" to be installed. 
You can install "python-multipart" with: 

pip install python-multipart

2026-09-10 00:28:06,262 WARNING hermes_cli.web_server: Failed to load plugin kanban API routes: Form data requires "python-multipart" to be installed. 
You can install "python-multipart" with: 

pip install python-multipart

2026-09-10 00:28:06,267 WARNING hermes_cli.web_server: Binding to 0.0.0.0 with --insecure — the dashboard has no robust authentication. Only use on trusted networks.
2026-09-10 00:28:12,815 ERROR fastapi: Form data requires "python-multipart" to be installed. 
You can install "python-multipart" with: 

pip install python-multipart

2026-09-10 00:28:12,816 WARNING hermes_cli.web_server: Failed to load plugin kanban API routes: Form data requires "python-multipart" to be installed. 
You can install "python-multipart" with: 

pip install python-multipart

2026-09-10 00:28:12,820 WARNING hermes_cli.web_server: Binding to 0.0.0.0 with --insecure — the dashboard has no robust authentication. Only use on trusted networks.
2026-09-10 00:28:19,266 ERROR fastapi: Form data requires "python-multipart" to be installed. 
You can install "python-multipart" with: 

pip install python-multipart

2026-09-10 00:28:19,267 WARNING hermes_cli.web_server: Failed to load plugin kanban API routes: Form data requires "python-multipart" to be installed. 
You can install "python-multipart" with: 

pip install python-multipart

2026-09-10 00:28:19,272 WARNING hermes_cli.web_server: Binding to 0.0.0.0 with --insecure — the dashboard has no robust authentication. Only use on trusted networks.
2026-09-10 00:28:25,767 ERROR fastapi: Form data requires "python-multipart" to be installed. 
You can install "python-multipart" with: 

pip install python-multipart

2026-09-10 00:28:25,767 WARNING hermes_cli.web_server: Failed to load plugin kanban API routes: Form data requires "python-multipart" to be installed. 
You can install "python-multipart" with: 

pip install python-multipart

2026-09-10 00:28:25,772 WARNING hermes_cli.web_server: Binding to 0.0.0.0 with --insecure — the dashboard has no robust authentication. Only use on trusted networks.
2026-09-10 00:28:32,325 ERROR fastapi: Form data requires "python-multipart" to be installed. 
You can install "python-multipart" with: 

pip install python-multipart

2026-09-10 00:28:32,325 WARNING hermes_cli.web_server: Failed to load plugin kanban API routes: Form data requires "python-multipart" to be installed. 
You can install "python-multipart" with: 

pip install python-multipart

2026-09-10 00:28:32,330 WARNING hermes_cli.web_server: Binding to 0.0.0.0 with --insecure — the dashboard has no robust authentication. Only use on trusted networks.
2026-09-10 00:28:38,746 ERROR fastapi: Form data requires "python-multipart" to be installed. 
You can install "python-multipart" with: 

pip install python-multipart

2026-09-10 00:28:38,746 WARNING hermes_cli.web_server: Failed to load plugin kanban API routes: Form data requires "python-multipart" to be installed. 
You can install "python-multipart" with: 

pip install python-multipart

2026-09-10 00:28:38,751 WARNING hermes_cli.web_server: Binding to 0.0.0.0 with --insecure — the dashboard has no robust authentication. Only use on trusted networks.
2026-09-10 00:28:45,270 ERROR fastapi: Form data requires "python-multipart" to be installed. 
You can install "python-multipart" with: 

pip install python-multipart

2026-09-10 00:28:45,271 WARNING hermes_cli.web_server: Failed to load plugin kanban API routes: Form data requires "python-multipart" to be installed. 
You can install "python-multipart" with: 

pip install python-multipart

2026-09-10 00:28:45,275 WARNING hermes_cli.web_server: Binding to 0.0.0.0 with --insecure — the dashboard has no robust authentication. Only use on trusted networks.
2026-09-10 00:28:51,784 ERROR fastapi: Form data requires "python-multipart" to be installed. 
You can install "python-multipart" with: 

pip install python-multipart

2026-09-10 00:28:51,784 WARNING hermes_cli.web_server: Failed to load plugin kanban API routes: Form data requires "python-multipart" to be installed. 
You can install "python-multipart" with: 

pip install python-multipart

2026-09-10 00:28:51,790 WARNING hermes_cli.web_server: Binding to 0.0.0.0 with --insecure — the dashboard has no robust authentication. Only use on trusted networks.
2026-09-10 00:28:58,267 ERROR fastapi: Form data requires "python-multipart" to be installed. 
You can install "python-multipart" with: 

pip install python-multipart

2026-09-10 00:28:58,267 WARNING hermes_cli.web_server: Failed to load plugin kanban API routes: Form data requires "python-multipart" to be installed. 
You can install "python-multipart" with: 

pip install python-multipart

2026-09-10 00:28:58,273 WARNING hermes_cli.web_server: Binding to 0.0.0.0 with --insecure — the dashboard has no robust authentication. Only use on trusted networks.
2026-09-10 00:29:03,858 WARNING gateway.run: Shutdown context: signal=SIGTERM under_systemd=yes parent_pid=1 parent_name=systemd loadavg_1m=0.22 parent_cmdline='/usr/lib/systemd/systemd --system --deserialize=75 vultr'
2026-09-10 00:29:04,775 ERROR fastapi: Form data requires "python-multipart" to be installed. 
You can install "python-multipart" with: 

pip install python-multipart

2026-09-10 00:29:04,775 WARNING hermes_cli.web_server: Failed to load plugin kanban API routes: Form data requires "python-multipart" to be installed. 
You can install "python-multipart" with: 

pip install python-multipart

2026-09-10 00:29:04,780 WARNING hermes_cli.web_server: Binding to 0.0.0.0 with --insecure — the dashboard has no robust authentication. Only use on trusted networks.
2026-09-10 00:29:11,272 ERROR fastapi: Form data requires "python-multipart" to be installed. 
You can install "python-multipart" with: 

pip install python-multipart

2026-09-10 00:29:11,272 WARNING hermes_cli.web_server: Failed to load plugin kanban API routes: Form data requires "python-multipart" to be installed. 
You can install "python-multipart" with: 

pip install python-multipart

2026-09-10 00:29:11,277 WARNING hermes_cli.web_server: Binding to 0.0.0.0 with --insecure — the dashboard has no robust authentication. Only use on trusted networks.
2026-09-10 00:29:13,862 WARNING gateway.run: Old gateway (PID 136270) did not exit after SIGTERM, sending SIGKILL.
2026-09-10 00:29:17,622 WARNING hermes_cli.config: providers.vultr: unknown config keys ignored: auth
2026-09-10 00:29:17,623 WARNING hermes_cli.config: providers.vultr: unknown config keys ignored: auth
2026-09-10 00:29:20,749 WARNING hermes_cli.config: providers.vultr: unknown config keys ignored: auth
2026-09-10 00:29:21,231 WARNING hermes_cli.config: providers.vultr: unknown config keys ignored: auth
2026-09-10 00:29:21,452 WARNING hermes_cli.config: providers.vultr: unknown config keys ignored: auth
2026-09-10 00:29:21,553 WARNING hermes_cli.config: providers.vultr: unknown config keys ignored: auth
2026-09-10 00:29:57,922 WARNING [20260909_182813_373926] agent.tool_executor: Tool process returned error (0.00s): {"status": "not_found", "error": "No process with ID proc_7e610891cbc9"}
2026-09-10 00:30:59,340 WARNING [20260909_182813_373926] tools.approval: Hardline block: system shutdown/reboot (command: echo "===== TRANSIENTES NO DIARIO (run-u/scope desde 21:30) ====="; journalctl --user --since "21:30" --no-pager 2>/dev/null | grep -oE 'run-u[0-9a-f]+\.service[^:]*|Started [^,]*' | tail -8; echo; ec)
2026-09-10 00:30:59,340 WARNING [20260909_182813_373926] agent.tool_executor: Tool terminal returned error (0.00s): {"output": "", "exit_code": -1, "error": "BLOCKED (hardline): system shutdown/reboot. This command is on the unconditional blocklist and cannot be executed via the agent — not even with --yolo, /yolo,
2026-09-10 00:34:15,136 WARNING gateway.run: Shutdown context: signal=SIGTERM under_systemd=yes parent_pid=109079 parent_name=systemd loadavg_1m=0.26 parent_cmdline='/usr/lib/systemd/systemd --user'
2026-09-10 00:34:15,273 ERROR fastapi: Form data requires "python-multipart" to be installed. 
You can install "python-multipart" with: 

pip install python-multipart

2026-09-10 00:34:15,273 WARNING hermes_cli.web_server: Failed to load plugin kanban API routes: Form data requires "python-multipart" to be installed. 
You can install "python-multipart" with: 

pip install python-multipart

2026-09-10 00:34:15,278 WARNING hermes_cli.web_server: Binding to 0.0.0.0 with --insecure — the dashboard has no robust authentication. Only use on trusted networks.
2026-09-10 00:34:21,769 ERROR fastapi: Form data requires "python-multipart" to be installed. 
You can install "python-multipart" with: 

pip install python-multipart

2026-09-10 00:34:21,769 WARNING hermes_cli.web_server: Failed to load plugin kanban API routes: Form data requires "python-multipart" to be installed. 
You can install "python-multipart" with: 

pip install python-multipart

2026-09-10 00:34:21,773 WARNING hermes_cli.web_server: Binding to 0.0.0.0 with --insecure — the dashboard has no robust authentication. Only use on trusted networks.
2026-09-10 00:34:25,142 WARNING gateway.run: Old gateway (PID 137204) did not exit after SIGTERM, sending SIGKILL.
2026-09-10 00:34:28,282 ERROR fastapi: Form data requires "python-multipart" to be installed. 
You can install "python-multipart" with: 

pip install python-multipart

2026-09-10 00:34:28,282 WARNING hermes_cli.web_server: Failed to load plugin kanban API routes: Form data requires "python-multipart" to be installed. 
You can install "python-multipart" with: 

pip install python-multipart

2026-09-10 00:34:28,287 WARNING hermes_cli.web_server: Binding to 0.0.0.0 with --insecure — the dashboard has no robust authentication. Only use on trusted networks.
2026-09-10 00:34:28,874 WARNING hermes_cli.config: providers.vultr: unknown config keys ignored: auth
2026-09-10 00:34:28,875 WARNING hermes_cli.config: providers.vultr: unknown config keys ignored: auth
2026-09-10 00:34:31,865 WARNING hermes_cli.config: providers.vultr: unknown config keys ignored: auth
2026-09-10 00:34:32,338 WARNING hermes_cli.config: providers.vultr: unknown config keys ignored: auth
2026-09-10 00:34:32,557 WARNING hermes_cli.config: providers.vultr: unknown config keys ignored: auth
2026-09-10 00:34:32,650 WARNING hermes_cli.config: providers.vultr: unknown config keys ignored: auth
2026-09-10 00:34:34,759 ERROR fastapi: Form data requires "python-multipart" to be installed. 
You can install "python-multipart" with: 

pip install python-multipart

2026-09-10 00:34:34,759 WARNING hermes_cli.web_server: Failed to load plugin kanban API routes: Form data requires "python-multipart" to be installed. 
You can install "python-multipart" with: 

pip install python-multipart

2026-09-10 00:34:34,764 WARNING hermes_cli.web_server: Binding to 0.0.0.0 with --insecure — the dashboard has no robust authentication. Only use on trusted networks.
2026-09-10 00:34:41,281 ERROR fastapi: Form data requires "python-multipart" to be installed. 
You can install "python-multipart" with: 

pip install python-multipart

2026-09-10 00:34:41,282 WARNING hermes_cli.web_server: Failed to load plugin kanban API routes: Form data requires "python-multipart" to be installed. 
You can install "python-multipart" with: 

pip install python-multipart

2026-09-10 00:34:41,286 WARNING hermes_cli.web_server: Binding to 0.0.0.0 with --insecure — the dashboard has no robust authentication. Only use on trusted networks.
2026-09-10 00:34:47,743 ERROR fastapi: Form data requires "python-multipart" to be installed. 
You can install "python-multipart" with: 

pip install python-multipart

2026-09-10 00:34:47,743 WARNING hermes_cli.web_server: Failed to load plugin kanban API routes: Form data requires "python-multipart" to be installed. 
You can install "python-multipart" with: 

pip install python-multipart

2026-09-10 00:34:47,748 WARNING hermes_cli.web_server: Binding to 0.0.0.0 with --insecure — the dashboard has no robust authentication. Only use on trusted networks.
2026-09-10 00:34:54,255 ERROR fastapi: Form data requires "python-multipart" to be installed. 
You can install "python-multipart" with: 

pip install python-multipart

2026-09-10 00:34:54,255 WARNING hermes_cli.web_server: Failed to load plugin kanban API routes: Form data requires "python-multipart" to be installed. 
You can install "python-multipart" with: 

pip install python-multipart

2026-09-10 00:34:54,260 WARNING hermes_cli.web_server: Binding to 0.0.0.0 with --insecure — the dashboard has no robust authentication. Only use on trusted networks.
2026-09-10 00:35:00,755 ERROR fastapi: Form data requires "python-multipart" to be installed. 
You can install "python-multipart" with: 

pip install python-multipart

2026-09-10 00:35:00,755 WARNING hermes_cli.web_server: Failed to load plugin kanban API routes: Form data requires "python-multipart" to be installed. 
You can install "python-multipart" with: 

pip install python-multipart

2026-09-10 00:35:00,760 WARNING hermes_cli.web_server: Binding to 0.0.0.0 with --insecure — the dashboard has no robust authentication. Only use on trusted networks.
2026-09-10 00:35:07,315 ERROR fastapi: Form data requires "python-multipart" to be installed. 
You can install "python-multipart" with: 

pip install python-multipart

2026-09-10 00:35:07,315 WARNING hermes_cli.web_server: Failed to load plugin kanban API routes: Form data requires "python-multipart" to be installed. 
You can install "python-multipart" with: 

pip install python-multipart

2026-09-10 00:35:07,320 WARNING hermes_cli.web_server: Binding to 0.0.0.0 with --insecure — the dashboard has no robust authentication. Only use on trusted networks.
2026-09-10 00:35:11,538 WARNING [20260909_182813_373926] agent.tool_executor: Tool process returned error (0.00s): {"status": "not_found", "error": "No process with ID proc_7e610891cbc9"}
2026-09-10 00:35:13,765 ERROR fastapi: Form data requires "python-multipart" to be installed. 
You can install "python-multipart" with: 

pip install python-multipart

2026-09-10 00:35:13,765 WARNING hermes_cli.web_server: Failed to load plugin kanban API routes: Form data requires "python-multipart" to be installed. 
You can install "python-multipart" with: 

pip install python-multipart

2026-09-10 00:35:13,770 WARNING hermes_cli.web_server: Binding to 0.0.0.0 with --insecure — the dashboard has no robust authentication. Only use on trusted networks.
2026-09-10 00:35:20,295 ERROR fastapi: Form data requires "python-multipart" to be installed. 
You can install "python-multipart" with: 

pip install python-multipart

2026-09-10 00:35:20,296 WARNING hermes_cli.web_server: Failed to load plugin kanban API routes: Form data requires "python-multipart" to be installed. 
You can install "python-multipart" with: 

pip install python-multipart

2026-09-10 00:35:20,300 WARNING hermes_cli.web_server: Binding to 0.0.0.0 with --insecure — the dashboard has no robust authentication. Only use on trusted networks.
2026-09-10 00:35:26,758 ERROR fastapi: Form data requires "python-multipart" to be installed. 
You can install "python-multipart" with: 

pip install python-multipart

2026-09-10 00:35:26,758 WARNING hermes_cli.web_server: Failed to load plugin kanban API routes: Form data requires "python-multipart" to be installed. 
You can install "python-multipart" with: 

pip install python-multipart

2026-09-10 00:35:26,763 WARNING hermes_cli.web_server: Binding to 0.0.0.0 with --insecure — the dashboard has no robust authentication. Only use on trusted networks.
2026-09-10 00:35:33,265 ERROR fastapi: Form data requires "python-multipart" to be installed. 
You can install "python-multipart" with: 

pip install python-multipart

2026-09-10 00:35:33,266 WARNING hermes_cli.web_server: Failed to load plugin kanban API routes: Form data requires "python-multipart" to be installed. 
You can install "python-multipart" with: 

pip install python-multipart

2026-09-10 00:35:33,270 WARNING hermes_cli.web_server: Binding to 0.0.0.0 with --insecure — the dashboard has no robust authentication. Only use on trusted networks.
2026-09-10 00:35:39,771 ERROR fastapi: Form data requires "python-multipart" to be installed. 
You can install "python-multipart" with: 

pip install python-multipart

2026-09-10 00:35:39,771 WARNING hermes_cli.web_server: Failed to load plugin kanban API routes: Form data requires "python-multipart" to be installed. 
You can install "python-multipart" with: 

pip install python-multipart

2026-09-10 00:35:39,776 WARNING hermes_cli.web_server: Binding to 0.0.0.0 with --insecure — the dashboard has no robust authentication. Only use on trusted networks.
2026-09-10 00:35:46,267 ERROR fastapi: Form data requires "python-multipart" to be installed. 
You can install "python-multipart" with: 

pip install python-multipart

2026-09-10 00:35:46,267 WARNING hermes_cli.web_server: Failed to load plugin kanban API routes: Form data requires "python-multipart" to be installed. 
You can install "python-multipart" with: 

pip install python-multipart

2026-09-10 00:35:46,272 WARNING hermes_cli.web_server: Binding to 0.0.0.0 with --insecure — the dashboard has no robust authentication. Only use on trusted networks.
2026-09-10 00:35:52,757 ERROR fastapi: Form data requires "python-multipart" to be installed. 
You can install "python-multipart" with: 

pip install python-multipart

2026-09-10 00:35:52,757 WARNING hermes_cli.web_server: Failed to load plugin kanban API routes: Form data requires "python-multipart" to be installed. 
You can install "python-multipart" with: 

pip install python-multipart

2026-09-10 00:35:52,762 WARNING hermes_cli.web_server: Binding to 0.0.0.0 with --insecure — the dashboard has no robust authentication. Only use on trusted networks.
2026-09-10 00:35:59,267 ERROR fastapi: Form data requires "python-multipart" to be installed. 
You can install "python-multipart" with: 

pip install python-multipart

2026-09-10 00:35:59,268 WARNING hermes_cli.web_server: Failed to load plugin kanban API routes: Form data requires "python-multipart" to be installed. 
You can install "python-multipart" with: 

pip install python-multipart

2026-09-10 00:35:59,272 WARNING hermes_cli.web_server: Binding to 0.0.0.0 with --insecure — the dashboard has no robust authentication. Only use on trusted networks.
2026-09-10 00:36:05,748 ERROR fastapi: Form data requires "python-multipart" to be installed. 
You can install "python-multipart" with: 

pip install python-multipart

2026-09-10 00:36:05,749 WARNING hermes_cli.web_server: Failed to load plugin kanban API routes: Form data requires "python-multipart" to be installed. 
You can install "python-multipart" with: 

pip install python-multipart

2026-09-10 00:36:05,754 WARNING hermes_cli.web_server: Binding to 0.0.0.0 with --insecure — the dashboard has no robust authentication. Only use on trusted networks.
2026-09-10 00:36:12,251 ERROR fastapi: Form data requires "python-multipart" to be installed. 
You can install "python-multipart" with: 

pip install python-multipart

2026-09-10 00:36:12,252 WARNING hermes_cli.web_server: Failed to load plugin kanban API routes: Form data requires "python-multipart" to be installed. 
You can install "python-multipart" with: 

pip install python-multipart

2026-09-10 00:36:12,256 WARNING hermes_cli.web_server: Binding to 0.0.0.0 with --insecure — the dashboard has no robust authentication. Only use on trusted networks.
2026-09-10 00:36:18,778 ERROR fastapi: Form data requires "python-multipart" to be installed. 
You can install "python-multipart" with: 

pip install python-multipart

2026-09-10 00:36:18,778 WARNING hermes_cli.web_server: Failed to load plugin kanban API routes: Form data requires "python-multipart" to be installed. 
You can install "python-multipart" with: 

pip install python-multipart

2026-09-10 00:36:18,783 WARNING hermes_cli.web_server: Binding to 0.0.0.0 with --insecure — the dashboard has no robust authentication. Only use on trusted networks.
2026-09-10 00:36:25,256 ERROR fastapi: Form data requires "python-multipart" to be installed. 
You can install "python-multipart" with: 

pip install python-multipart

2026-09-10 00:36:25,256 WARNING hermes_cli.web_server: Failed to load plugin kanban API routes: Form data requires "python-multipart" to be installed. 
You can install "python-multipart" with: 

pip install python-multipart

2026-09-10 00:36:25,261 WARNING hermes_cli.web_server: Binding to 0.0.0.0 with --insecure — the dashboard has no robust authentication. Only use on trusted networks.
2026-09-10 00:36:31,741 ERROR fastapi: Form data requires "python-multipart" to be installed. 
You can install "python-multipart" with: 

pip install python-multipart

2026-09-10 00:36:31,741 WARNING hermes_cli.web_server: Failed to load plugin kanban API routes: Form data requires "python-multipart" to be installed. 
You can install "python-multipart" with: 

pip install python-multipart

2026-09-10 00:36:31,746 WARNING hermes_cli.web_server: Binding to 0.0.0.0 with --insecure — the dashboard has no robust authentication. Only use on trusted networks.
2026-09-10 00:36:38,253 ERROR fastapi: Form data requires "python-multipart" to be installed. 
You can install "python-multipart" with: 

pip install python-multipart

2026-09-10 00:36:38,254 WARNING hermes_cli.web_server: Failed to load plugin kanban API routes: Form data requires "python-multipart" to be installed. 
You can install "python-multipart" with: 

pip install python-multipart

2026-09-10 00:36:38,258 WARNING hermes_cli.web_server: Binding to 0.0.0.0 with --insecure — the dashboard has no robust authentication. Only use on trusted networks.
2026-09-10 00:36:44,744 ERROR fastapi: Form data requires "python-multipart" to be installed. 
You can install "python-multipart" with: 

pip install python-multipart

2026-09-10 00:36:44,744 WARNING hermes_cli.web_server: Failed to load plugin kanban API routes: Form data requires "python-multipart" to be installed. 
You can install "python-multipart" with: 

pip install python-multipart

2026-09-10 00:36:44,749 WARNING hermes_cli.web_server: Binding to 0.0.0.0 with --insecure — the dashboard has no robust authentication. Only use on trusted networks.
2026-09-10 00:36:51,280 ERROR fastapi: Form data requires "python-multipart" to be installed. 
You can install "python-multipart" with: 

pip install python-multipart

2026-09-10 00:36:51,280 WARNING hermes_cli.web_server: Failed to load plugin kanban API routes: Form data requires "python-multipart" to be installed. 
You can install "python-multipart" with: 

pip install python-multipart

2026-09-10 00:36:51,285 WARNING hermes_cli.web_server: Binding to 0.0.0.0 with --insecure — the dashboard has no robust authentication. Only use on trusted networks.
2026-09-10 00:36:57,801 ERROR fastapi: Form data requires "python-multipart" to be installed. 
You can install "python-multipart" with: 

pip install python-multipart

2026-09-10 00:36:57,802 WARNING hermes_cli.web_server: Failed to load plugin kanban API routes: Form data requires "python-multipart" to be installed. 
You can install "python-multipart" with: 

pip install python-multipart

2026-09-10 00:36:57,807 WARNING hermes_cli.web_server: Binding to 0.0.0.0 with --insecure — the dashboard has no robust authentication. Only use on trusted networks.
2026-09-10 00:37:04,264 ERROR fastapi: Form data requires "python-multipart" to be installed. 
You can install "python-multipart" with: 

pip install python-multipart

2026-09-10 00:37:04,265 WARNING hermes_cli.web_server: Failed to load plugin kanban API routes: Form data requires "python-multipart" to be installed. 
You can install "python-multipart" with: 

pip install python-multipart

2026-09-10 00:37:04,269 WARNING hermes_cli.web_server: Binding to 0.0.0.0 with --insecure — the dashboard has no robust authentication. Only use on trusted networks.
2026-09-10 00:37:10,787 ERROR fastapi: Form data requires "python-multipart" to be installed. 
You can install "python-multipart" with: 

pip install python-multipart

2026-09-10 00:37:10,787 WARNING hermes_cli.web_server: Failed to load plugin kanban API routes: Form data requires "python-multipart" to be installed. 
You can install "python-multipart" with: 

pip install python-multipart

2026-09-10 00:37:10,792 WARNING hermes_cli.web_server: Binding to 0.0.0.0 with --insecure — the dashboard has no robust authentication. Only use on trusted networks.
2026-09-10 00:37:17,264 ERROR fastapi: Form data requires "python-multipart" to be installed. 
You can install "python-multipart" with: 

pip install python-multipart

2026-09-10 00:37:17,265 WARNING hermes_cli.web_server: Failed to load plugin kanban API routes: Form data requires "python-multipart" to be installed. 
You can install "python-multipart" with: 

pip install python-multipart

2026-09-10 00:37:17,269 WARNING hermes_cli.web_server: Binding to 0.0.0.0 with --insecure — the dashboard has no robust authentication. Only use on trusted networks.
2026-09-10 00:37:23,756 ERROR fastapi: Form data requires "python-multipart" to be installed. 
You can install "python-multipart" with: 

pip install python-multipart

2026-09-10 00:37:23,756 WARNING hermes_cli.web_server: Failed to load plugin kanban API routes: Form data requires "python-multipart" to be installed. 
You can install "python-multipart" with: 

pip install python-multipart

2026-09-10 00:37:23,761 WARNING hermes_cli.web_server: Binding to 0.0.0.0 with --insecure — the dashboard has no robust authentication. Only use on trusted networks.
2026-09-10 00:37:30,258 ERROR fastapi: Form data requires "python-multipart" to be installed. 
You can install "python-multipart" with: 

pip install python-multipart

2026-09-10 00:37:30,259 WARNING hermes_cli.web_server: Failed to load plugin kanban API routes: Form data requires "python-multipart" to be installed. 
You can install "python-multipart" with: 

pip install python-multipart

2026-09-10 00:37:30,264 WARNING hermes_cli.web_server: Binding to 0.0.0.0 with --insecure — the dashboard has no robust authentication. Only use on trusted networks.
2026-09-10 00:37:36,740 ERROR fastapi: Form data requires "python-multipart" to be installed. 
You can install "python-multipart" with: 

pip install python-multipart

2026-09-10 00:37:36,741 WARNING hermes_cli.web_server: Failed to load plugin kanban API routes: Form data requires "python-multipart" to be installed. 
You can install "python-multipart" with: 

pip install python-multipart

2026-09-10 00:37:36,745 WARNING hermes_cli.web_server: Binding to 0.0.0.0 with --insecure — the dashboard has no robust authentication. Only use on trusted networks.
2026-09-10 00:37:43,238 ERROR fastapi: Form data requires "python-multipart" to be installed. 
You can install "python-multipart" with: 

pip install python-multipart

2026-09-10 00:37:43,238 WARNING hermes_cli.web_server: Failed to load plugin kanban API routes: Form data requires "python-multipart" to be installed. 
You can install "python-multipart" with: 

pip install python-multipart

2026-09-10 00:37:43,243 WARNING hermes_cli.web_server: Binding to 0.0.0.0 with --insecure — the dashboard has no robust authentication. Only use on trusted networks.
2026-09-10 00:37:49,806 ERROR fastapi: Form data requires "python-multipart" to be installed. 
You can install "python-multipart" with: 

pip install python-multipart

2026-09-10 00:37:49,806 WARNING hermes_cli.web_server: Failed to load plugin kanban API routes: Form data requires "python-multipart" to be installed. 
You can install "python-multipart" with: 

pip install python-multipart

2026-09-10 00:37:49,811 WARNING hermes_cli.web_server: Binding to 0.0.0.0 with --insecure — the dashboard has no robust authentication. Only use on trusted networks.
2026-09-10 00:37:56,267 ERROR fastapi: Form data requires "python-multipart" to be installed. 
You can install "python-multipart" with: 

pip install python-multipart

2026-09-10 00:37:56,267 WARNING hermes_cli.web_server: Failed to load plugin kanban API routes: Form data requires "python-multipart" to be installed. 
You can install "python-multipart" with: 

pip install python-multipart

2026-09-10 00:37:56,272 WARNING hermes_cli.web_server: Binding to 0.0.0.0 with --insecure — the dashboard has no robust authentication. Only use on trusted networks.
2026-09-10 00:38:02,750 ERROR fastapi: Form data requires "python-multipart" to be installed. 
You can install "python-multipart" with: 

pip install python-multipart

2026-09-10 00:38:02,750 WARNING hermes_cli.web_server: Failed to load plugin kanban API routes: Form data requires "python-multipart" to be installed. 
You can install "python-multipart" with: 

pip install python-multipart

2026-09-10 00:38:02,755 WARNING hermes_cli.web_server: Binding to 0.0.0.0 with --insecure — the dashboard has no robust authentication. Only use on trusted networks.
2026-09-10 00:38:09,269 ERROR fastapi: Form data requires "python-multipart" to be installed. 
You can install "python-multipart" with: 

pip install python-multipart

2026-09-10 00:38:09,269 WARNING hermes_cli.web_server: Failed to load plugin kanban API routes: Form data requires "python-multipart" to be installed. 
You can install "python-multipart" with: 

pip install python-multipart

2026-09-10 00:38:09,274 WARNING hermes_cli.web_server: Binding to 0.0.0.0 with --insecure — the dashboard has no robust authentication. Only use on trusted networks.
2026-09-10 00:38:15,809 ERROR fastapi: Form data requires "python-multipart" to be installed. 
You can install "python-multipart" with: 

pip install python-multipart

2026-09-10 00:38:15,809 WARNING hermes_cli.web_server: Failed to load plugin kanban API routes: Form data requires "python-multipart" to be installed. 
You can install "python-multipart" with: 

pip install python-multipart

2026-09-10 00:38:15,814 WARNING hermes_cli.web_server: Binding to 0.0.0.0 with --insecure — the dashboard has no robust authentication. Only use on trusted networks.
2026-09-10 00:38:22,271 ERROR fastapi: Form data requires "python-multipart" to be installed. 
You can install "python-multipart" with: 

pip install python-multipart

2026-09-10 00:38:22,272 WARNING hermes_cli.web_server: Failed to load plugin kanban API routes: Form data requires "python-multipart" to be installed. 
You can install "python-multipart" with: 

pip install python-multipart

2026-09-10 00:38:22,276 WARNING hermes_cli.web_server: Binding to 0.0.0.0 with --insecure — the dashboard has no robust authentication. Only use on trusted networks.
2026-09-10 00:38:28,781 ERROR fastapi: Form data requires "python-multipart" to be installed. 
You can install "python-multipart" with: 

pip install python-multipart

2026-09-10 00:38:28,781 WARNING hermes_cli.web_server: Failed to load plugin kanban API routes: Form data requires "python-multipart" to be installed. 
You can install "python-multipart" with: 

pip install python-multipart

2026-09-10 00:38:28,786 WARNING hermes_cli.web_server: Binding to 0.0.0.0 with --insecure — the dashboard has no robust authentication. Only use on trusted networks.
2026-09-10 00:38:35,291 ERROR fastapi: Form data requires "python-multipart" to be installed. 
You can install "python-multipart" with: 

pip install python-multipart

2026-09-10 00:38:35,291 WARNING hermes_cli.web_server: Failed to load plugin kanban API routes: Form data requires "python-multipart" to be installed. 
You can install "python-multipart" with: 

pip install python-multipart

2026-09-10 00:38:35,296 WARNING hermes_cli.web_server: Binding to 0.0.0.0 with --insecure — the dashboard has no robust authentication. Only use on trusted networks.
2026-09-10 00:38:41,757 ERROR fastapi: Form data requires "python-multipart" to be installed. 
You can install "python-multipart" with: 

pip install python-multipart

2026-09-10 00:38:41,758 WARNING hermes_cli.web_server: Failed to load plugin kanban API routes: Form data requires "python-multipart" to be installed. 
You can install "python-multipart" with: 

pip install python-multipart

2026-09-10 00:38:41,762 WARNING hermes_cli.web_server: Binding to 0.0.0.0 with --insecure — the dashboard has no robust authentication. Only use on trusted networks.
2026-09-10 00:38:48,267 ERROR fastapi: Form data requires "python-multipart" to be installed. 
You can install "python-multipart" with: 

pip install python-multipart

2026-09-10 00:38:48,267 WARNING hermes_cli.web_server: Failed to load plugin kanban API routes: Form data requires "python-multipart" to be installed. 
You can install "python-multipart" with: 

pip install python-multipart

2026-09-10 00:38:48,272 WARNING hermes_cli.web_server: Binding to 0.0.0.0 with --insecure — the dashboard has no robust authentication. Only use on trusted networks.
2026-09-10 00:38:54,791 ERROR fastapi: Form data requires "python-multipart" to be installed. 
You can install "python-multipart" with: 

pip install python-multipart

2026-09-10 00:38:54,791 WARNING hermes_cli.web_server: Failed to load plugin kanban API routes: Form data requires "python-multipart" to be installed. 
You can install "python-multipart" with: 

pip install python-multipart

2026-09-10 00:38:54,796 WARNING hermes_cli.web_server: Binding to 0.0.0.0 with --insecure — the dashboard has no robust authentication. Only use on trusted networks.
2026-09-10 00:39:01,256 ERROR fastapi: Form data requires "python-multipart" to be installed. 
You can install "python-multipart" with: 

pip install python-multipart

2026-09-10 00:39:01,257 WARNING hermes_cli.web_server: Failed to load plugin kanban API routes: Form data requires "python-multipart" to be installed. 
You can install "python-multipart" with: 

pip install python-multipart

2026-09-10 00:39:01,262 WARNING hermes_cli.web_server: Binding to 0.0.0.0 with --insecure — the dashboard has no robust authentication. Only use on trusted networks.
2026-09-10 00:39:07,760 ERROR fastapi: Form data requires "python-multipart" to be installed. 
You can install "python-multipart" with: 

pip install python-multipart

2026-09-10 00:39:07,760 WARNING hermes_cli.web_server: Failed to load plugin kanban API routes: Form data requires "python-multipart" to be installed. 
You can install "python-multipart" with: 

pip install python-multipart

2026-09-10 00:39:07,766 WARNING hermes_cli.web_server: Binding to 0.0.0.0 with --insecure — the dashboard has no robust authentication. Only use on trusted networks.
2026-09-10 00:39:14,250 ERROR fastapi: Form data requires "python-multipart" to be installed. 
You can install "python-multipart" with: 

pip install python-multipart

2026-09-10 00:39:14,251 WARNING hermes_cli.web_server: Failed to load plugin kanban API routes: Form data requires "python-multipart" to be installed. 
You can install "python-multipart" with: 

pip install python-multipart

2026-09-10 00:39:14,255 WARNING hermes_cli.web_server: Binding to 0.0.0.0 with --insecure — the dashboard has no robust authentication. Only use on trusted networks.
2026-09-10 00:39:20,783 ERROR fastapi: Form data requires "python-multipart" to be installed. 
You can install "python-multipart" with: 

pip install python-multipart

2026-09-10 00:39:20,784 WARNING hermes_cli.web_server: Failed to load plugin kanban API routes: Form data requires "python-multipart" to be installed. 
You can install "python-multipart" with: 

pip install python-multipart

2026-09-10 00:39:20,788 WARNING hermes_cli.web_server: Binding to 0.0.0.0 with --insecure — the dashboard has no robust authentication. Only use on trusted networks.
2026-09-10 00:39:26,491 ERROR gateway.run: Another gateway instance is already running (PID 137409, HERMES_HOME=/home/hermes/.hermes). Use 'hermes gateway restart' to replace it, or 'hermes gateway stop' first.
2026-09-10 00:39:27,257 ERROR fastapi: Form data requires "python-multipart" to be installed. 
You can install "python-multipart" with: 

pip install python-multipart

2026-09-10 00:39:27,257 WARNING hermes_cli.web_server: Failed to load plugin kanban API routes: Form data requires "python-multipart" to be installed. 
You can install "python-multipart" with: 

pip install python-multipart

2026-09-10 00:39:27,262 WARNING hermes_cli.web_server: Binding to 0.0.0.0 with --insecure — the dashboard has no robust authentication. Only use on trusted networks.
2026-09-10 00:39:33,752 ERROR fastapi: Form data requires "python-multipart" to be installed. 
You can install "python-multipart" with: 

pip install python-multipart

2026-09-10 00:39:33,753 WARNING hermes_cli.web_server: Failed to load plugin kanban API routes: Form data requires "python-multipart" to be installed. 
You can install "python-multipart" with: 

pip install python-multipart

2026-09-10 00:39:33,757 WARNING hermes_cli.web_server: Binding to 0.0.0.0 with --insecure — the dashboard has no robust authentication. Only use on trusted networks.
2026-09-10 00:39:40,256 ERROR fastapi: Form data requires "python-multipart" to be installed. 
You can install "python-multipart" with: 

pip install python-multipart

2026-09-10 00:39:40,257 WARNING hermes_cli.web_server: Failed to load plugin kanban API routes: Form data requires "python-multipart" to be installed. 
You can install "python-multipart" with: 

pip install python-multipart

2026-09-10 00:39:40,262 WARNING hermes_cli.web_server: Binding to 0.0.0.0 with --insecure — the dashboard has no robust authentication. Only use on trusted networks.
2026-09-10 00:39:46,751 ERROR fastapi: Form data requires "python-multipart" to be installed. 
You can install "python-multipart" with: 

pip install python-multipart

2026-09-10 00:39:46,751 WARNING hermes_cli.web_server: Failed to load plugin kanban API routes: Form data requires "python-multipart" to be installed. 
You can install "python-multipart" with: 

pip install python-multipart

2026-09-10 00:39:46,756 WARNING hermes_cli.web_server: Binding to 0.0.0.0 with --insecure — the dashboard has no robust authentication. Only use on trusted networks.
2026-09-10 00:39:53,266 ERROR fastapi: Form data requires "python-multipart" to be installed. 
You can install "python-multipart" with: 

pip install python-multipart

2026-09-10 00:39:53,266 WARNING hermes_cli.web_server: Failed to load plugin kanban API routes: Form data requires "python-multipart" to be installed. 
You can install "python-multipart" with: 

pip install python-multipart

2026-09-10 00:39:53,271 WARNING hermes_cli.web_server: Binding to 0.0.0.0 with --insecure — the dashboard has no robust authentication. Only use on trusted networks.
2026-09-10 00:39:59,767 ERROR fastapi: Form data requires "python-multipart" to be installed. 
You can install "python-multipart" with: 

pip install python-multipart

2026-09-10 00:39:59,767 WARNING hermes_cli.web_server: Failed to load plugin kanban API routes: Form data requires "python-multipart" to be installed. 
You can install "python-multipart" with: 

pip install python-multipart

2026-09-10 00:39:59,772 WARNING hermes_cli.web_server: Binding to 0.0.0.0 with --insecure — the dashboard has no robust authentication. Only use on trusted networks.
2026-09-10 00:40:06,241 ERROR fastapi: Form data requires "python-multipart" to be installed. 
You can install "python-multipart" with: 

pip install python-multipart

2026-09-10 00:40:06,241 WARNING hermes_cli.web_server: Failed to load plugin kanban API routes: Form data requires "python-multipart" to be installed. 
You can install "python-multipart" with: 

pip install python-multipart

2026-09-10 00:40:06,246 WARNING hermes_cli.web_server: Binding to 0.0.0.0 with --insecure — the dashboard has no robust authentication. Only use on trusted networks.
2026-09-10 00:40:12,740 ERROR fastapi: Form data requires "python-multipart" to be installed. 
You can install "python-multipart" with: 

pip install python-multipart

2026-09-10 00:40:12,740 WARNING hermes_cli.web_server: Failed to load plugin kanban API routes: Form data requires "python-multipart" to be installed. 
You can install "python-multipart" with: 

pip install python-multipart

2026-09-10 00:40:12,745 WARNING hermes_cli.web_server: Binding to 0.0.0.0 with --insecure — the dashboard has no robust authentication. Only use on trusted networks.
2026-09-10 00:40:17,074 WARNING hermes_cli.config: providers.vultr: unknown config keys ignored: auth
2026-09-10 00:40:17,075 WARNING hermes_cli.config: providers.vultr: unknown config keys ignored: auth
2026-09-10 00:40:19,250 WARNING hermes_cli.config: providers.vultr: unknown config keys ignored: auth
2026-09-10 00:40:19,276 ERROR fastapi: Form data requires "python-multipart" to be installed. 
You can install "python-multipart" with: 

pip install python-multipart

2026-09-10 00:40:19,276 WARNING hermes_cli.web_server: Failed to load plugin kanban API routes: Form data requires "python-multipart" to be installed. 
You can install "python-multipart" with: 

pip install python-multipart

2026-09-10 00:40:19,281 WARNING hermes_cli.web_server: Binding to 0.0.0.0 with --insecure — the dashboard has no robust authentication. Only use on trusted networks.
2026-09-10 00:40:25,753 ERROR fastapi: Form data requires "python-multipart" to be installed. 
You can install "python-multipart" with: 

pip install python-multipart

2026-09-10 00:40:25,753 WARNING hermes_cli.web_server: Failed to load plugin kanban API routes: Form data requires "python-multipart" to be installed. 
You can install "python-multipart" with: 

pip install python-multipart

2026-09-10 00:40:25,758 WARNING hermes_cli.web_server: Binding to 0.0.0.0 with --insecure — the dashboard has no robust authentication. Only use on trusted networks.
2026-09-10 00:40:32,324 ERROR fastapi: Form data requires "python-multipart" to be installed. 
You can install "python-multipart" with: 

pip install python-multipart

2026-09-10 00:40:32,324 WARNING hermes_cli.web_server: Failed to load plugin kanban API routes: Form data requires "python-multipart" to be installed. 
You can install "python-multipart" with: 

pip install python-multipart

2026-09-10 00:40:32,329 WARNING hermes_cli.web_server: Binding to 0.0.0.0 with --insecure — the dashboard has no robust authentication. Only use on trusted networks.
2026-09-10 00:40:38,760 ERROR fastapi: Form data requires "python-multipart" to be installed. 
You can install "python-multipart" with: 

pip install python-multipart

2026-09-10 00:40:38,761 WARNING hermes_cli.web_server: Failed to load plugin kanban API routes: Form data requires "python-multipart" to be installed. 
You can install "python-multipart" with: 

pip install python-multipart

2026-09-10 00:40:38,765 WARNING hermes_cli.web_server: Binding to 0.0.0.0 with --insecure — the dashboard has no robust authentication. Only use on trusted networks.
2026-09-10 00:40:45,291 ERROR fastapi: Form data requires "python-multipart" to be installed. 
You can install "python-multipart" with: 

pip install python-multipart

2026-09-10 00:40:45,291 WARNING hermes_cli.web_server: Failed to load plugin kanban API routes: Form data requires "python-multipart" to be installed. 
You can install "python-multipart" with: 

pip install python-multipart

2026-09-10 00:40:45,296 WARNING hermes_cli.web_server: Binding to 0.0.0.0 with --insecure — the dashboard has no robust authentication. Only use on trusted networks.
2026-09-10 00:40:51,790 ERROR fastapi: Form data requires "python-multipart" to be installed. 
You can install "python-multipart" with: 

pip install python-multipart

2026-09-10 00:40:51,790 WARNING hermes_cli.web_server: Failed to load plugin kanban API routes: Form data requires "python-multipart" to be installed. 
You can install "python-multipart" with: 

pip install python-multipart

2026-09-10 00:40:51,795 WARNING hermes_cli.web_server: Binding to 0.0.0.0 with --insecure — the dashboard has no robust authentication. Only use on trusted networks.
2026-09-10 00:40:58,261 ERROR fastapi: Form data requires "python-multipart" to be installed. 
You can install "python-multipart" with: 

pip install python-multipart

2026-09-10 00:40:58,261 WARNING hermes_cli.web_server: Failed to load plugin kanban API routes: Form data requires "python-multipart" to be installed. 
You can install "python-multipart" with: 

pip install python-multipart

2026-09-10 00:40:58,266 WARNING hermes_cli.web_server: Binding to 0.0.0.0 with --insecure — the dashboard has no robust authentication. Only use on trusted networks.
2026-09-10 00:40:59,341 WARNING [20260910_003507_4b49a5] agent.tool_executor: Tool terminal returned error (0.24s): {"output": "===== PRIMEIRAS LINHAS DO JOURNAL DO PAINEL (quando nasceu) =====\nSep 09 21:20:14 vultr systemd[109079]: Started hermes-dashboard.service - Hermes Dashboard (backend do app Desktop no Mac
2026-09-10 00:41:04,761 ERROR fastapi: Form data requires "python-multipart" to be installed. 
You can install "python-multipart" with: 

pip install python-multipart

2026-09-10 00:41:04,761 WARNING hermes_cli.web_server: Failed to load plugin kanban API routes: Form data requires "python-multipart" to be installed. 
You can install "python-multipart" with: 

pip install python-multipart

2026-09-10 00:41:04,766 WARNING hermes_cli.web_server: Binding to 0.0.0.0 with --insecure — the dashboard has no robust authentication. Only use on trusted networks.
2026-09-10 00:41:11,253 ERROR fastapi: Form data requires "python-multipart" to be installed. 
You can install "python-multipart" with: 

pip install python-multipart

2026-09-10 00:41:11,253 WARNING hermes_cli.web_server: Failed to load plugin kanban API routes: Form data requires "python-multipart" to be installed. 
You can install "python-multipart" with: 

pip install python-multipart

2026-09-10 00:41:11,258 WARNING hermes_cli.web_server: Binding to 0.0.0.0 with --insecure — the dashboard has no robust authentication. Only use on trusted networks.
2026-09-10 00:41:17,768 ERROR fastapi: Form data requires "python-multipart" to be installed. 
You can install "python-multipart" with: 

pip install python-multipart

2026-09-10 00:41:17,768 WARNING hermes_cli.web_server: Failed to load plugin kanban API routes: Form data requires "python-multipart" to be installed. 
You can install "python-multipart" with: 

pip install python-multipart

2026-09-10 00:41:17,773 WARNING hermes_cli.web_server: Binding to 0.0.0.0 with --insecure — the dashboard has no robust authentication. Only use on trusted networks.
2026-09-10 00:41:24,297 ERROR fastapi: Form data requires "python-multipart" to be installed. 
You can install "python-multipart" with: 

pip install python-multipart

2026-09-10 00:41:24,297 WARNING hermes_cli.web_server: Failed to load plugin kanban API routes: Form data requires "python-multipart" to be installed. 
You can install "python-multipart" with: 

pip install python-multipart

2026-09-10 00:41:24,302 WARNING hermes_cli.web_server: Binding to 0.0.0.0 with --insecure — the dashboard has no robust authentication. Only use on trusted networks.
2026-09-10 00:41:30,755 ERROR fastapi: Form data requires "python-multipart" to be installed. 
You can install "python-multipart" with: 

pip install python-multipart

2026-09-10 00:41:30,755 WARNING hermes_cli.web_server: Failed to load plugin kanban API routes: Form data requires "python-multipart" to be installed. 
You can install "python-multipart" with: 

pip install python-multipart

2026-09-10 00:41:30,760 WARNING hermes_cli.web_server: Binding to 0.0.0.0 with --insecure — the dashboard has no robust authentication. Only use on trusted networks.
2026-09-10 00:41:37,286 ERROR fastapi: Form data requires "python-multipart" to be installed. 
You can install "python-multipart" with: 

pip install python-multipart

2026-09-10 00:41:37,286 WARNING hermes_cli.web_server: Failed to load plugin kanban API routes: Form data requires "python-multipart" to be installed. 
You can install "python-multipart" with: 

pip install python-multipart

2026-09-10 00:41:37,292 WARNING hermes_cli.web_server: Binding to 0.0.0.0 with --insecure — the dashboard has no robust authentication. Only use on trusted networks.
2026-09-10 00:41:43,797 ERROR fastapi: Form data requires "python-multipart" to be installed. 
You can install "python-multipart" with: 

pip install python-multipart

2026-09-10 00:41:43,798 WARNING hermes_cli.web_server: Failed to load plugin kanban API routes: Form data requires "python-multipart" to be installed. 
You can install "python-multipart" with: 

pip install python-multipart

2026-09-10 00:41:43,803 WARNING hermes_cli.web_server: Binding to 0.0.0.0 with --insecure — the dashboard has no robust authentication. Only use on trusted networks.
2026-09-10 00:41:50,261 ERROR fastapi: Form data requires "python-multipart" to be installed. 
You can install "python-multipart" with: 

pip install python-multipart

2026-09-10 00:41:50,261 WARNING hermes_cli.web_server: Failed to load plugin kanban API routes: Form data requires "python-multipart" to be installed. 
You can install "python-multipart" with: 

pip install python-multipart

2026-09-10 00:41:50,266 WARNING hermes_cli.web_server: Binding to 0.0.0.0 with --insecure — the dashboard has no robust authentication. Only use on trusted networks.
2026-09-10 00:41:56,795 ERROR fastapi: Form data requires "python-multipart" to be installed. 
You can install "python-multipart" with: 

pip install python-multipart

2026-09-10 00:41:56,795 WARNING hermes_cli.web_server: Failed to load plugin kanban API routes: Form data requires "python-multipart" to be installed. 
You can install "python-multipart" with: 

pip install python-multipart

2026-09-10 00:41:56,800 WARNING hermes_cli.web_server: Binding to 0.0.0.0 with --insecure — the dashboard has no robust authentication. Only use on trusted networks.
2026-09-10 00:42:03,305 ERROR fastapi: Form data requires "python-multipart" to be installed. 
You can install "python-multipart" with: 

pip install python-multipart

2026-09-10 00:42:03,306 WARNING hermes_cli.web_server: Failed to load plugin kanban API routes: Form data requires "python-multipart" to be installed. 
You can install "python-multipart" with: 

pip install python-multipart

2026-09-10 00:42:03,311 WARNING hermes_cli.web_server: Binding to 0.0.0.0 with --insecure — the dashboard has no robust authentication. Only use on trusted networks.
2026-09-10 00:42:09,760 ERROR fastapi: Form data requires "python-multipart" to be installed. 
You can install "python-multipart" with: 

pip install python-multipart

2026-09-10 00:42:09,760 WARNING hermes_cli.web_server: Failed to load plugin kanban API routes: Form data requires "python-multipart" to be installed. 
You can install "python-multipart" with: 

pip install python-multipart

2026-09-10 00:42:09,765 WARNING hermes_cli.web_server: Binding to 0.0.0.0 with --insecure — the dashboard has no robust authentication. Only use on trusted networks.
2026-09-10 00:42:16,262 ERROR fastapi: Form data requires "python-multipart" to be installed. 
You can install "python-multipart" with: 

pip install python-multipart

2026-09-10 00:42:16,262 WARNING hermes_cli.web_server: Failed to load plugin kanban API routes: Form data requires "python-multipart" to be installed. 
You can install "python-multipart" with: 

pip install python-multipart

2026-09-10 00:42:16,267 WARNING hermes_cli.web_server: Binding to 0.0.0.0 with --insecure — the dashboard has no robust authentication. Only use on trusted networks.
2026-09-10 00:42:22,814 ERROR fastapi: Form data requires "python-multipart" to be installed. 
You can install "python-multipart" with: 

pip install python-multipart

2026-09-10 00:42:22,814 WARNING hermes_cli.web_server: Failed to load plugin kanban API routes: Form data requires "python-multipart" to be installed. 
You can install "python-multipart" with: 

pip install python-multipart

2026-09-10 00:42:22,819 WARNING hermes_cli.web_server: Binding to 0.0.0.0 with --insecure — the dashboard has no robust authentication. Only use on trusted networks.
2026-09-10 00:42:29,305 ERROR fastapi: Form data requires "python-multipart" to be installed. 
You can install "python-multipart" with: 

pip install python-multipart

2026-09-10 00:42:29,305 WARNING hermes_cli.web_server: Failed to load plugin kanban API routes: Form data requires "python-multipart" to be installed. 
You can install "python-multipart" with: 

pip install python-multipart

2026-09-10 00:42:29,312 WARNING hermes_cli.web_server: Binding to 0.0.0.0 with --insecure — the dashboard has no robust authentication. Only use on trusted networks.
2026-09-10 00:42:34,038 WARNING [20260909_182813_373926] hermes_cli.config: providers.vultr: unknown config keys ignored: auth
2026-09-10 00:42:35,784 ERROR fastapi: Form data requires "python-multipart" to be installed. 
You can install "python-multipart" with: 

pip install python-multipart

2026-09-10 00:42:35,784 WARNING hermes_cli.web_server: Failed to load plugin kanban API routes: Form data requires "python-multipart" to be installed. 
You can install "python-multipart" with: 

pip install python-multipart

2026-09-10 00:42:35,789 WARNING hermes_cli.web_server: Binding to 0.0.0.0 with --insecure — the dashboard has no robust authentication. Only use on trusted networks.
2026-09-10 00:42:42,312 ERROR fastapi: Form data requires "python-multipart" to be installed. 
You can install "python-multipart" with: 

pip install python-multipart

2026-09-10 00:42:42,312 WARNING hermes_cli.web_server: Failed to load plugin kanban API routes: Form data requires "python-multipart" to be installed. 
You can install "python-multipart" with: 

pip install python-multipart

2026-09-10 00:42:42,317 WARNING hermes_cli.web_server: Binding to 0.0.0.0 with --insecure — the dashboard has no robust authentication. Only use on trusted networks.
2026-09-10 00:42:48,800 ERROR fastapi: Form data requires "python-multipart" to be installed. 
You can install "python-multipart" with: 

pip install python-multipart

2026-09-10 00:42:48,800 WARNING hermes_cli.web_server: Failed to load plugin kanban API routes: Form data requires "python-multipart" to be installed. 
You can install "python-multipart" with: 

pip install python-multipart

2026-09-10 00:42:48,805 WARNING hermes_cli.web_server: Binding to 0.0.0.0 with --insecure — the dashboard has no robust authentication. Only use on trusted networks.
2026-09-10 00:42:55,264 ERROR fastapi: Form data requires "python-multipart" to be installed. 
You can install "python-multipart" with: 

pip install python-multipart

2026-09-10 00:42:55,265 WARNING hermes_cli.web_server: Failed to load plugin kanban API routes: Form data requires "python-multipart" to be installed. 
You can install "python-multipart" with: 

pip install python-multipart

2026-09-10 00:42:55,269 WARNING hermes_cli.web_server: Binding to 0.0.0.0 with --insecure — the dashboard has no robust authentication. Only use on trusted networks.
2026-09-10 00:43:01,794 ERROR fastapi: Form data requires "python-multipart" to be installed. 
You can install "python-multipart" with: 

pip install python-multipart

2026-09-10 00:43:01,794 WARNING hermes_cli.web_server: Failed to load plugin kanban API routes: Form data requires "python-multipart" to be installed. 
You can install "python-multipart" with: 

pip install python-multipart

2026-09-10 00:43:01,800 WARNING hermes_cli.web_server: Binding to 0.0.0.0 with --insecure — the dashboard has no robust authentication. Only use on trusted networks.
2026-09-10 00:43:08,300 ERROR fastapi: Form data requires "python-multipart" to be installed. 
You can install "python-multipart" with: 

pip install python-multipart

2026-09-10 00:43:08,300 WARNING hermes_cli.web_server: Failed to load plugin kanban API routes: Form data requires "python-multipart" to be installed. 
You can install "python-multipart" with: 

pip install python-multipart

2026-09-10 00:43:08,305 WARNING hermes_cli.web_server: Binding to 0.0.0.0 with --insecure — the dashboard has no robust authentication. Only use on trusted networks.
2026-09-10 00:43:14,774 ERROR fastapi: Form data requires "python-multipart" to be installed. 
You can install "python-multipart" with: 

pip install python-multipart

2026-09-10 00:43:14,774 WARNING hermes_cli.web_server: Failed to load plugin kanban API routes: Form data requires "python-multipart" to be installed. 
You can install "python-multipart" with: 

pip install python-multipart

2026-09-10 00:43:14,779 WARNING hermes_cli.web_server: Binding to 0.0.0.0 with --insecure — the dashboard has no robust authentication. Only use on trusted networks.
2026-09-10 00:43:21,247 ERROR fastapi: Form data requires "python-multipart" to be installed. 
You can install "python-multipart" with: 

pip install python-multipart

2026-09-10 00:43:21,247 WARNING hermes_cli.web_server: Failed to load plugin kanban API routes: Form data requires "python-multipart" to be installed. 
You can install "python-multipart" with: 

pip install python-multipart

2026-09-10 00:43:21,252 WARNING hermes_cli.web_server: Binding to 0.0.0.0 with --insecure — the dashboard has no robust authentication. Only use on trusted networks.
2026-09-10 00:43:27,813 ERROR fastapi: Form data requires "python-multipart" to be installed. 
You can install "python-multipart" with: 

pip install python-multipart

2026-09-10 00:43:27,813 WARNING hermes_cli.web_server: Failed to load plugin kanban API routes: Form data requires "python-multipart" to be installed. 
You can install "python-multipart" with: 

pip install python-multipart

2026-09-10 00:43:27,818 WARNING hermes_cli.web_server: Binding to 0.0.0.0 with --insecure — the dashboard has no robust authentication. Only use on trusted networks.
2026-09-10 00:43:31,260 WARNING gateway.run: Shutdown context: signal=SIGTERM under_systemd=yes parent_pid=1 parent_name=systemd loadavg_1m=0.22 parent_cmdline='/usr/lib/systemd/systemd --system --deserialize=75 vultr'
2026-09-10 00:43:34,295 ERROR fastapi: Form data requires "python-multipart" to be installed. 
You can install "python-multipart" with: 

pip install python-multipart

2026-09-10 00:43:34,295 WARNING hermes_cli.web_server: Failed to load plugin kanban API routes: Form data requires "python-multipart" to be installed. 
You can install "python-multipart" with: 

pip install python-multipart

2026-09-10 00:43:34,300 WARNING hermes_cli.web_server: Binding to 0.0.0.0 with --insecure — the dashboard has no robust authentication. Only use on trusted networks.
2026-09-10 00:43:35,271 WARNING gateway.run: Shutdown context: signal=SIGTERM under_systemd=yes parent_pid=1 parent_name=systemd loadavg_1m=0.20 parent_cmdline='/usr/lib/systemd/systemd --system --deserialize=75 vultr'
2026-09-10 00:44:31,112 WARNING hermes_cli.config: providers.vultr: unknown config keys ignored: auth
2026-09-10 00:44:31,113 WARNING hermes_cli.config: providers.vultr: unknown config keys ignored: auth
2026-09-10 00:44:33,707 WARNING hermes_cli.config: providers.vultr: unknown config keys ignored: auth
2026-09-10 00:44:34,216 WARNING hermes_cli.config: providers.vultr: unknown config keys ignored: auth
2026-09-10 00:44:34,447 WARNING hermes_cli.config: providers.vultr: unknown config keys ignored: auth
2026-09-10 00:44:34,541 WARNING hermes_cli.config: providers.vultr: unknown config keys ignored: auth
2026-09-10 00:45:40,366 WARNING agent.message_sanitization: Unrepairable tool_call arguments for write_file — replaced with empty object (was: {"content": "#!/bin/bash\n# Câmera de vigilância v2: fotografa processos hermes )
2026-09-10 00:46:48,216 WARNING [20260910_003507_4b49a5] agent.tool_executor: Tool skill_view returned error (0.02s): {"success": false, "error": "Skill 'hermes-agent' not found.", "available_skills": ["agent-context-kit", "agent-skill-curation", "criar-skill", "hermes-profiles", "rob-comms-style", "design-taste-fron
2026-09-10 00:46:49,413 WARNING [20260910_003507_4b49a5] agent.tool_executor: Tool terminal returned error (0.20s): {"output": "== A) TODO O DIÁRIO ±40s de uma morte (23:23) — sem filtro ==\n/usr/bin/bash: eval: line 20: syntax error near unexpected token `)'\n/usr/bin/bash: eval: line 20: `journalctl --user --no-p
2026-09-10 00:46:52,622 WARNING [20260910_003507_4b49a5] agent.tool_executor: Tool terminal returned error (0.22s): {"output": "== A) TODO O DIÁRIO ±45s de uma morte (23:23) — sem filtro ==\n-- No entries --\n\n== B) UNIDADES TRANSIENTES run-u* desde 21:30 ==\n\n== C) LOG COMPLETO DO PAINEL (dashboard) ==\nSep 09 2
2026-09-10 00:48:39,350 WARNING gateway.run: Shutdown context: signal=SIGTERM under_systemd=yes parent_pid=109079 parent_name=systemd loadavg_1m=0.00 parent_cmdline='/usr/lib/systemd/systemd --user'
2026-09-10 00:48:39,564 ERROR fastapi: Form data requires "python-multipart" to be installed. 
You can install "python-multipart" with: 

pip install python-multipart

2026-09-10 00:48:39,564 WARNING hermes_cli.web_server: Failed to load plugin kanban API routes: Form data requires "python-multipart" to be installed. 
You can install "python-multipart" with: 

pip install python-multipart

2026-09-10 00:48:39,569 WARNING hermes_cli.web_server: Binding to 0.0.0.0 with --insecure — the dashboard has no robust authentication. Only use on trusted networks.
2026-09-10 00:48:44,210 WARNING hermes_cli.config: providers.vultr: unknown config keys ignored: auth
2026-09-10 00:48:44,211 WARNING hermes_cli.config: providers.vultr: unknown config keys ignored: auth
2026-09-10 00:48:46,020 ERROR fastapi: Form data requires "python-multipart" to be installed. 
You can install "python-multipart" with: 

pip install python-multipart

2026-09-10 00:48:46,021 WARNING hermes_cli.web_server: Failed to load plugin kanban API routes: Form data requires "python-multipart" to be installed. 
You can install "python-multipart" with: 

pip install python-multipart

2026-09-10 00:48:46,025 WARNING hermes_cli.web_server: Binding to 0.0.0.0 with --insecure — the dashboard has no robust authentication. Only use on trusted networks.
2026-09-10 00:48:47,133 WARNING hermes_cli.config: providers.vultr: unknown config keys ignored: auth
2026-09-10 00:48:47,612 WARNING hermes_cli.config: providers.vultr: unknown config keys ignored: auth
2026-09-10 00:48:47,832 WARNING hermes_cli.config: providers.vultr: unknown config keys ignored: auth
2026-09-10 00:48:47,936 WARNING hermes_cli.config: providers.vultr: unknown config keys ignored: auth
2026-09-10 00:48:52,528 ERROR fastapi: Form data requires "python-multipart" to be installed. 
You can install "python-multipart" with: 

pip install python-multipart

2026-09-10 00:48:52,529 WARNING hermes_cli.web_server: Failed to load plugin kanban API routes: Form data requires "python-multipart" to be installed. 
You can install "python-multipart" with: 

pip install python-multipart

2026-09-10 00:48:52,534 WARNING hermes_cli.web_server: Binding to 0.0.0.0 with --insecure — the dashboard has no robust authentication. Only use on trusted networks.
2026-09-10 00:48:53,128 WARNING gateway.run: Shutdown context: signal=SIGTERM under_systemd=yes parent_pid=1 parent_name=systemd loadavg_1m=0.14 parent_cmdline='/usr/lib/systemd/systemd --system --deserialize=75 vultr'
2026-09-10 00:48:59,028 ERROR fastapi: Form data requires "python-multipart" to be installed. 
You can install "python-multipart" with: 

pip install python-multipart

2026-09-10 00:48:59,028 WARNING hermes_cli.web_server: Failed to load plugin kanban API routes: Form data requires "python-multipart" to be installed. 
You can install "python-multipart" with: 

pip install python-multipart

2026-09-10 00:48:59,033 WARNING hermes_cli.web_server: Binding to 0.0.0.0 with --insecure — the dashboard has no robust authentication. Only use on trusted networks.
2026-09-10 00:49:03,132 WARNING gateway.run: Old gateway (PID 138580) did not exit after SIGTERM, sending SIGKILL.
2026-09-10 00:49:07,184 WARNING hermes_cli.config: providers.vultr: unknown config keys ignored: auth
2026-09-10 00:49:07,185 WARNING hermes_cli.config: providers.vultr: unknown config keys ignored: auth
2026-09-10 00:49:13,938 WARNING hermes_cli.config: providers.vultr: unknown config keys ignored: auth
2026-09-10 00:49:14,427 WARNING hermes_cli.config: providers.vultr: unknown config keys ignored: auth
2026-09-10 00:49:14,654 WARNING hermes_cli.config: providers.vultr: unknown config keys ignored: auth
2026-09-10 00:49:14,744 WARNING hermes_cli.config: providers.vultr: unknown config keys ignored: auth
2026-09-10 00:54:04,338 WARNING gateway.run: Shutdown context: signal=SIGTERM under_systemd=yes parent_pid=109079 parent_name=systemd loadavg_1m=0.00 parent_cmdline='/usr/lib/systemd/systemd --user'
2026-09-10 00:54:04,560 ERROR fastapi: Form data requires "python-multipart" to be installed. 
You can install "python-multipart" with: 

pip install python-multipart

2026-09-10 00:54:04,560 WARNING hermes_cli.web_server: Failed to load plugin kanban API routes: Form data requires "python-multipart" to be installed. 
You can install "python-multipart" with: 

pip install python-multipart

2026-09-10 00:54:04,565 WARNING hermes_cli.web_server: Binding to 0.0.0.0 with --insecure — the dashboard has no robust authentication. Only use on trusted networks.
2026-09-10 00:54:11,044 ERROR fastapi: Form data requires "python-multipart" to be installed. 
You can install "python-multipart" with: 

pip install python-multipart

2026-09-10 00:54:11,044 WARNING hermes_cli.web_server: Failed to load plugin kanban API routes: Form data requires "python-multipart" to be installed. 
You can install "python-multipart" with: 

pip install python-multipart

2026-09-10 00:54:11,049 WARNING hermes_cli.web_server: Binding to 0.0.0.0 with --insecure — the dashboard has no robust authentication. Only use on trusted networks.
2026-09-10 00:54:17,514 ERROR fastapi: Form data requires "python-multipart" to be installed. 
You can install "python-multipart" with: 

pip install python-multipart

2026-09-10 00:54:17,515 WARNING hermes_cli.web_server: Failed to load plugin kanban API routes: Form data requires "python-multipart" to be installed. 
You can install "python-multipart" with: 

pip install python-multipart

2026-09-10 00:54:17,520 WARNING hermes_cli.web_server: Binding to 0.0.0.0 with --insecure — the dashboard has no robust authentication. Only use on trusted networks.
2026-09-10 00:54:24,013 ERROR fastapi: Form data requires "python-multipart" to be installed. 
You can install "python-multipart" with: 

pip install python-multipart

2026-09-10 00:54:24,013 WARNING hermes_cli.web_server: Failed to load plugin kanban API routes: Form data requires "python-multipart" to be installed. 
You can install "python-multipart" with: 

pip install python-multipart

2026-09-10 00:54:24,018 WARNING hermes_cli.web_server: Binding to 0.0.0.0 with --insecure — the dashboard has no robust authentication. Only use on trusted networks.
2026-09-10 00:54:28,428 WARNING hermes_cli.config: providers.vultr: unknown config keys ignored: auth
2026-09-10 00:54:28,428 WARNING hermes_cli.config: providers.vultr: unknown config keys ignored: auth
2026-09-10 00:54:30,534 ERROR fastapi: Form data requires "python-multipart" to be installed. 
You can install "python-multipart" with: 

pip install python-multipart

2026-09-10 00:54:30,534 WARNING hermes_cli.web_server: Failed to load plugin kanban API routes: Form data requires "python-multipart" to be installed. 
You can install "python-multipart" with: 

pip install python-multipart

2026-09-10 00:54:30,539 WARNING hermes_cli.web_server: Binding to 0.0.0.0 with --insecure — the dashboard has no robust authentication. Only use on trusted networks.
2026-09-10 00:54:31,188 WARNING hermes_cli.config: providers.vultr: unknown config keys ignored: auth
2026-09-10 00:54:31,689 WARNING hermes_cli.config: providers.vultr: unknown config keys ignored: auth
2026-09-10 00:54:31,917 WARNING hermes_cli.config: providers.vultr: unknown config keys ignored: auth
2026-09-10 00:54:31,999 WARNING hermes_cli.config: providers.vultr: unknown config keys ignored: auth
2026-09-10 00:54:32,094 WARNING gateway.run: Shutdown context: signal=SIGTERM under_systemd=yes parent_pid=1 parent_name=systemd loadavg_1m=0.19 parent_cmdline='/usr/lib/systemd/systemd --system --deserialize=75 vultr'
2026-09-10 00:54:36,998 ERROR fastapi: Form data requires "python-multipart" to be installed. 
You can install "python-multipart" with: 

pip install python-multipart

2026-09-10 00:54:36,998 WARNING hermes_cli.web_server: Failed to load plugin kanban API routes: Form data requires "python-multipart" to be installed. 
You can install "python-multipart" with: 

pip install python-multipart

2026-09-10 00:54:37,002 WARNING hermes_cli.web_server: Binding to 0.0.0.0 with --insecure — the dashboard has no robust authentication. Only use on trusted networks.
2026-09-10 00:54:42,098 WARNING gateway.run: Old gateway (PID 138675) did not exit after SIGTERM, sending SIGKILL.
2026-09-10 00:54:46,000 WARNING hermes_cli.config: providers.vultr: unknown config keys ignored: auth
2026-09-10 00:54:46,001 WARNING hermes_cli.config: providers.vultr: unknown config keys ignored: auth
2026-09-10 00:54:48,987 WARNING hermes_cli.config: providers.vultr: unknown config keys ignored: auth
2026-09-10 00:54:49,468 WARNING hermes_cli.config: providers.vultr: unknown config keys ignored: auth
2026-09-10 00:54:49,690 WARNING hermes_cli.config: providers.vultr: unknown config keys ignored: auth
2026-09-10 00:54:49,777 WARNING hermes_cli.config: providers.vultr: unknown config keys ignored: auth
2026-09-10 00:55:34,385 WARNING [20260910_003507_4b49a5] tools.approval: Hardline block: system shutdown/reboot (command: echo "== A) QUEM TEM A PORTA 8642 AGORA (args + pai + nascimento) =="
LP=$(ss -tlnp | grep 8642 | grep -oE "pid=[0-9]+" | head -1 | cut -d= -f2)
echo "pid: $LP"
ps -o pid=,ppid=,lstart=,args= -p "$LP")
2026-09-10 00:55:34,385 WARNING [20260910_003507_4b49a5] agent.tool_executor: Tool terminal returned error (0.03s): {"output": "", "exit_code": -1, "error": "BLOCKED (hardline): system shutdown/reboot. This command is on the unconditional blocklist and cannot be executed via the agent — not even with --yolo, /yolo,
2026-09-10 00:56:19,958 WARNING hermes_cli.config: providers.vultr: unknown config keys ignored: auth
2026-09-10 00:57:11,495 WARNING [20260910_003507_4b49a5] agent.tool_executor: Tool memory returned error (0.00s): {"success": false, "error": "Replacement would put memory at 2,227/2,200 chars. Shorten the new content or remove other entries first."}
2026-09-10 00:59:43,303 WARNING gateway.run: Shutdown context: signal=SIGTERM under_systemd=yes parent_pid=109079 parent_name=systemd loadavg_1m=0.01 parent_cmdline='/usr/lib/systemd/systemd --user'
2026-09-10 00:59:43,529 WARNING gateway.run: Shutdown context: signal=SIGTERM under_systemd=yes parent_pid=109079 parent_name=systemd loadavg_1m=0.01 parent_cmdline='/usr/lib/systemd/systemd --user'
2026-09-10 00:59:43,598 ERROR fastapi: Form data requires "python-multipart" to be installed. 
You can install "python-multipart" with: 

pip install python-multipart

2026-09-10 00:59:43,599 WARNING hermes_cli.web_server: Failed to load plugin kanban API routes: Form data requires "python-multipart" to be installed. 
You can install "python-multipart" with: 

pip install python-multipart

2026-09-10 00:59:43,604 WARNING hermes_cli.web_server: Binding to 0.0.0.0 with --insecure — the dashboard has no robust authentication. Only use on trusted networks.
2026-09-10 00:59:45,701 WARNING gateway.run: Shutdown context: signal=SIGTERM under_systemd=yes parent_pid=1 parent_name=systemd loadavg_1m=0.17 parent_cmdline='/usr/lib/systemd/systemd --system --deserialize=75 vultr'
2026-09-10 01:04:49,581 WARNING gateway.run: Shutdown context: signal=SIGTERM under_systemd=yes parent_pid=109079 parent_name=systemd loadavg_1m=0.03 parent_cmdline='/usr/lib/systemd/systemd --user'
2026-09-10 01:04:56,374 WARNING gateway.run: Shutdown context: signal=SIGTERM under_systemd=yes parent_pid=1 parent_name=systemd loadavg_1m=0.11 parent_cmdline='/usr/lib/systemd/systemd --system --deserialize=75 vultr'
2026-09-10 01:09:58,360 WARNING gateway.run: Shutdown context: signal=SIGTERM under_systemd=yes parent_pid=109079 parent_name=systemd loadavg_1m=0.00 parent_cmdline='/usr/lib/systemd/systemd --user'
2026-09-10 01:10:11,604 WARNING gateway.run: Shutdown context: signal=SIGTERM under_systemd=yes parent_pid=1 parent_name=systemd loadavg_1m=0.07 parent_cmdline='/usr/lib/systemd/systemd --system --deserialize=75 vultr'
2026-09-10 01:15:16,644 WARNING gateway.run: Shutdown context: signal=SIGTERM under_systemd=yes parent_pid=109079 parent_name=systemd loadavg_1m=0.16 parent_cmdline='/usr/lib/systemd/systemd --user'
2026-09-10 01:15:44,368 WARNING gateway.run: Shutdown context: signal=SIGTERM under_systemd=yes parent_pid=1 parent_name=systemd loadavg_1m=0.10 parent_cmdline='/usr/lib/systemd/systemd --system --deserialize=75 vultr'
2026-09-10 01:20:46,365 WARNING gateway.run: Shutdown context: signal=SIGTERM under_systemd=yes parent_pid=109079 parent_name=systemd loadavg_1m=0.08 parent_cmdline='/usr/lib/systemd/systemd --user'
2026-09-10 01:21:46,583 WARNING gateway.run: Shutdown context: signal=SIGTERM under_systemd=yes parent_pid=1 parent_name=systemd loadavg_1m=0.11 parent_cmdline='/usr/lib/systemd/systemd --system --deserialize=75 vultr'
2026-09-10 01:26:48,363 WARNING gateway.run: Shutdown context: signal=SIGTERM under_systemd=yes parent_pid=109079 parent_name=systemd loadavg_1m=0.02 parent_cmdline='/usr/lib/systemd/systemd --user'
2026-09-10 01:29:02,610 WARNING gateway.run: Shutdown context: signal=SIGTERM under_systemd=yes parent_pid=1 parent_name=systemd loadavg_1m=0.00 parent_cmdline='/usr/lib/systemd/systemd --system --deserialize=75 vultr'
2026-09-10 01:34:04,585 WARNING gateway.run: Shutdown context: signal=SIGTERM under_systemd=yes parent_pid=109079 parent_name=systemd loadavg_1m=0.00 parent_cmdline='/usr/lib/systemd/systemd --user'
2026-09-10 01:39:06,618 WARNING gateway.run: Shutdown context: signal=SIGTERM under_systemd=yes parent_pid=1 parent_name=systemd loadavg_1m=0.12 parent_cmdline='/usr/lib/systemd/systemd --system --deserialize=75 vultr'
2026-09-10 01:44:08,630 WARNING gateway.run: Shutdown context: signal=SIGTERM under_systemd=yes parent_pid=109079 parent_name=systemd loadavg_1m=0.00 parent_cmdline='/usr/lib/systemd/systemd --user'
2026-09-10 01:49:10,647 WARNING gateway.run: Shutdown context: signal=SIGTERM under_systemd=yes parent_pid=1 parent_name=systemd loadavg_1m=0.00 parent_cmdline='/usr/lib/systemd/systemd --system --deserialize=75 vultr'
2026-09-10 01:54:12,617 WARNING gateway.run: Shutdown context: signal=SIGTERM under_systemd=yes parent_pid=109079 parent_name=systemd loadavg_1m=0.00 parent_cmdline='/usr/lib/systemd/systemd --user'
2026-09-10 01:59:14,589 WARNING gateway.run: Shutdown context: signal=SIGTERM under_systemd=yes parent_pid=1 parent_name=systemd loadavg_1m=0.00 parent_cmdline='/usr/lib/systemd/systemd --system --deserialize=75 vultr'
2026-09-10 02:04:16,378 WARNING gateway.run: Shutdown context: signal=SIGTERM under_systemd=yes parent_pid=109079 parent_name=systemd loadavg_1m=0.16 parent_cmdline='/usr/lib/systemd/systemd --user'
2026-09-10 02:09:18,348 WARNING gateway.run: Shutdown context: signal=SIGTERM under_systemd=yes parent_pid=1 parent_name=systemd loadavg_1m=0.00 parent_cmdline='/usr/lib/systemd/systemd --system --deserialize=75 vultr'
2026-09-10 02:14:20,154 WARNING gateway.run: Shutdown context: signal=SIGTERM under_systemd=yes parent_pid=109079 parent_name=systemd loadavg_1m=0.00 parent_cmdline='/usr/lib/systemd/systemd --user'
2026-09-10 02:19:22,111 WARNING gateway.run: Shutdown context: signal=SIGTERM under_systemd=yes parent_pid=1 parent_name=systemd loadavg_1m=0.08 parent_cmdline='/usr/lib/systemd/systemd --system --deserialize=75 vultr'
2026-09-10 02:24:24,124 WARNING gateway.run: Shutdown context: signal=SIGTERM under_systemd=yes parent_pid=109079 parent_name=systemd loadavg_1m=0.00 parent_cmdline='/usr/lib/systemd/systemd --user'
2026-09-10 02:29:26,120 WARNING gateway.run: Shutdown context: signal=SIGTERM under_systemd=yes parent_pid=1 parent_name=systemd loadavg_1m=0.02 parent_cmdline='/usr/lib/systemd/systemd --system --deserialize=75 vultr'
2026-09-10 02:34:28,117 WARNING gateway.run: Shutdown context: signal=SIGTERM under_systemd=yes parent_pid=109079 parent_name=systemd loadavg_1m=0.14 parent_cmdline='/usr/lib/systemd/systemd --user'
2026-09-10 02:39:30,119 WARNING gateway.run: Shutdown context: signal=SIGTERM under_systemd=yes parent_pid=1 parent_name=systemd loadavg_1m=0.00 parent_cmdline='/usr/lib/systemd/systemd --system --deserialize=75 vultr'
2026-09-10 02:44:32,153 WARNING gateway.run: Shutdown context: signal=SIGTERM under_systemd=yes parent_pid=109079 parent_name=systemd loadavg_1m=0.08 parent_cmdline='/usr/lib/systemd/systemd --user'
2026-09-10 02:49:34,122 WARNING gateway.run: Shutdown context: signal=SIGTERM under_systemd=yes parent_pid=1 parent_name=systemd loadavg_1m=0.01 parent_cmdline='/usr/lib/systemd/systemd --system --deserialize=75 vultr'
2026-09-10 02:54:36,117 WARNING gateway.run: Shutdown context: signal=SIGTERM under_systemd=yes parent_pid=109079 parent_name=systemd loadavg_1m=0.00 parent_cmdline='/usr/lib/systemd/systemd --user'
2026-09-10 02:59:38,081 WARNING gateway.run: Shutdown context: signal=SIGTERM under_systemd=yes parent_pid=1 parent_name=systemd loadavg_1m=0.04 parent_cmdline='/usr/lib/systemd/systemd --system --deserialize=75 vultr'
2026-09-10 03:04:40,104 WARNING gateway.run: Shutdown context: signal=SIGTERM under_systemd=yes parent_pid=109079 parent_name=systemd loadavg_1m=0.00 parent_cmdline='/usr/lib/systemd/systemd --user'
2026-09-10 03:07:32,613 WARNING hermes_cli.config: providers.vultr: unknown config keys ignored: auth
2026-09-10 03:07:32,614 WARNING hermes_cli.config: providers.vultr: unknown config keys ignored: auth
2026-09-10 03:07:35,016 WARNING hermes_cli.config: providers.vultr: unknown config keys ignored: auth
2026-09-10 03:07:35,498 WARNING hermes_cli.config: providers.vultr: unknown config keys ignored: auth
2026-09-10 03:07:35,735 WARNING hermes_cli.config: providers.vultr: unknown config keys ignored: auth
2026-09-10 03:07:35,838 WARNING hermes_cli.config: providers.vultr: unknown config keys ignored: auth
2026-09-10 03:09:17,725 WARNING agent.message_sanitization: Unrepairable tool_call arguments for terminal — replaced with empty object (was: {"command": "echo \"=== BUS E DIRETORIO DE TURNO ===\"; echo \"XDG_RUNTIME_DIR=$)
2026-09-10 03:09:41,867 WARNING gateway.run: Shutdown context: signal=SIGTERM under_systemd=yes parent_pid=1 parent_name=systemd loadavg_1m=0.04 parent_cmdline='/usr/lib/systemd/systemd --system --deserialize=75 vultr'
2026-09-10 03:09:51,870 WARNING gateway.run: Old gateway (PID 140577) did not exit after SIGTERM, sending SIGKILL.
2026-09-10 03:09:55,553 WARNING hermes_cli.config: providers.vultr: unknown config keys ignored: auth
2026-09-10 03:09:55,554 WARNING hermes_cli.config: providers.vultr: unknown config keys ignored: auth
2026-09-10 03:09:57,652 WARNING hermes_cli.config: providers.vultr: unknown config keys ignored: auth
2026-09-10 03:09:58,130 WARNING hermes_cli.config: providers.vultr: unknown config keys ignored: auth
2026-09-10 03:09:58,361 WARNING hermes_cli.config: providers.vultr: unknown config keys ignored: auth
2026-09-10 03:09:58,449 WARNING hermes_cli.config: providers.vultr: unknown config keys ignored: auth
2026-09-10 03:14:53,101 WARNING gateway.run: Shutdown context: signal=SIGTERM under_systemd=yes parent_pid=109079 parent_name=systemd loadavg_1m=0.00 parent_cmdline='/usr/lib/systemd/systemd --user'
2026-09-10 03:15:03,105 WARNING gateway.run: Old gateway (PID 140697) did not exit after SIGTERM, sending SIGKILL.
2026-09-10 03:15:07,082 WARNING hermes_cli.config: providers.vultr: unknown config keys ignored: auth
2026-09-10 03:15:07,083 WARNING hermes_cli.config: providers.vultr: unknown config keys ignored: auth
2026-09-10 03:15:09,055 WARNING hermes_cli.config: providers.vultr: unknown config keys ignored: auth
2026-09-10 03:15:09,526 WARNING hermes_cli.config: providers.vultr: unknown config keys ignored: auth
2026-09-10 03:15:09,750 WARNING hermes_cli.config: providers.vultr: unknown config keys ignored: auth
2026-09-10 03:15:09,835 WARNING hermes_cli.config: providers.vultr: unknown config keys ignored: auth
2026-09-10 03:17:32,876 ERROR gateway.run: Another gateway instance is already running (PID 140847, HERMES_HOME=/home/hermes/.hermes). Use 'hermes gateway restart' to replace it, or 'hermes gateway stop' first.
2026-09-10 03:17:34,005 ERROR fastapi: Form data requires "python-multipart" to be installed. 
You can install "python-multipart" with: 

pip install python-multipart

2026-09-10 03:17:34,006 WARNING hermes_cli.web_server: Failed to load plugin kanban API routes: Form data requires "python-multipart" to be installed. 
You can install "python-multipart" with: 

pip install python-multipart

2026-09-10 03:17:34,010 WARNING hermes_cli.web_server: Binding to 0.0.0.0 with --insecure — the dashboard has no robust authentication. Only use on trusted networks.
2026-09-10 03:17:46,413 WARNING [20260910_003507_4b49a5] tools.approval: Hardline block: system shutdown/reboot (command: export DBUS_SESSION_BUS_ADDRESS=unix:path=/run/user/$(id -u)/bus
echo '===PAI DO NOVO PAINEL 141046==='
ps -o pid,ppid,args -p 141046 --no-headers | cut -c1-140
echo '===UNITS TRANSIENTES (run-u)==='
)
2026-09-10 03:17:46,413 WARNING [20260910_003507_4b49a5] agent.tool_executor: Tool terminal returned error (0.00s): {"output": "", "exit_code": -1, "error": "BLOCKED (hardline): system shutdown/reboot. This command is on the unconditional blocklist and cannot be executed via the agent — not even with --yolo, /yolo,
2026-09-10 03:18:53,880 WARNING [20260910_003507_4b49a5] agent.tool_executor: Tool read_file returned error (0.04s): {"content": "", "total_lines": 0, "file_size": 0, "truncated": false, "is_binary": false, "is_image": false, "error": "File not found: /home/hermes/.local/share/uv/tools/hermes-agent/lib/python3.12/si
2026-09-10 03:19:42,746 WARNING [20260910_003507_4b49a5] agent.tool_executor: Tool terminal returned error (0.56s): {"output": "===CRONS DEFAULT===\nNo scheduled jobs.\nCreate one with 'hermes cron create ...' or the /cron command in chat.\n===CRONS TODOS OS PERFIS (direto no db/json)===\n/usr/bin/bash: eval: line 
2026-09-10 03:19:59,037 WARNING gateway.run: Shutdown context: signal=SIGTERM under_systemd=yes parent_pid=1 parent_name=systemd loadavg_1m=0.04 parent_cmdline='/usr/lib/systemd/systemd --system --deserialize=75 vultr'
2026-09-10 03:20:05,557 ERROR fastapi: Form data requires "python-multipart" to be installed. 
You can install "python-multipart" with: 

pip install python-multipart

2026-09-10 03:20:05,558 WARNING hermes_cli.web_server: Failed to load plugin kanban API routes: Form data requires "python-multipart" to be installed. 
You can install "python-multipart" with: 

pip install python-multipart

2026-09-10 03:20:05,562 WARNING hermes_cli.web_server: Binding to 0.0.0.0 with --insecure — the dashboard has no robust authentication. Only use on trusted networks.
2026-09-10 03:22:37,605 WARNING hermes_cli.config: providers.vultr: unknown config keys ignored: auth
2026-09-10 03:22:37,606 WARNING hermes_cli.config: providers.vultr: unknown config keys ignored: auth
2026-09-10 03:22:40,154 WARNING hermes_cli.config: providers.vultr: unknown config keys ignored: auth
2026-09-10 03:22:40,648 WARNING hermes_cli.config: providers.vultr: unknown config keys ignored: auth
2026-09-10 03:22:40,892 WARNING hermes_cli.config: providers.vultr: unknown config keys ignored: auth
2026-09-10 03:22:40,998 WARNING hermes_cli.config: providers.vultr: unknown config keys ignored: auth
2026-09-10 03:23:19,875 WARNING [20260910_003507_4b49a5] agent.conversation_loop: API call failed (attempt 1/3) error_type=JSONDecodeError thread=asyncio_0:139576667530944 provider=custom base_url=http://127.0.0.1:8788/v1 model=zai-org/GLM-5.1-FP8 summary=Invalid control character at: line 1 column 240 (char 239)
2026-09-10 03:23:19,876 WARNING [20260910_003507_4b49a5] agent.conversation_loop: Retrying API call in 2.273658396786795s (attempt 1/3) thread=asyncio_0:139576667530944 provider=custom base_url=http://127.0.0.1:8788/v1 model=zai-org/GLM-5.1-FP8 error=Invalid control character at: line 1 column 240 (char 239)
2026-09-10 03:25:08,883 WARNING gateway.run: Shutdown context: signal=SIGTERM under_systemd=yes parent_pid=109079 parent_name=systemd loadavg_1m=0.10 parent_cmdline='/usr/lib/systemd/systemd --user'
2026-09-10 03:25:18,888 WARNING gateway.run: Old gateway (PID 141377) did not exit after SIGTERM, sending SIGKILL.
2026-09-10 03:25:22,738 WARNING hermes_cli.config: providers.vultr: unknown config keys ignored: auth
2026-09-10 03:25:22,739 WARNING hermes_cli.config: providers.vultr: unknown config keys ignored: auth
2026-09-10 03:25:29,579 WARNING hermes_cli.config: providers.vultr: unknown config keys ignored: auth
2026-09-10 03:25:30,083 WARNING hermes_cli.config: providers.vultr: unknown config keys ignored: auth
2026-09-10 03:25:30,316 WARNING hermes_cli.config: providers.vultr: unknown config keys ignored: auth
2026-09-10 03:25:30,410 WARNING hermes_cli.config: providers.vultr: unknown config keys ignored: auth
2026-09-10 03:30:20,096 WARNING gateway.run: Shutdown context: signal=SIGTERM under_systemd=yes parent_pid=1 parent_name=systemd loadavg_1m=0.01 parent_cmdline='/usr/lib/systemd/systemd --system --deserialize=75 vultr'
2026-09-10 03:30:30,100 WARNING gateway.run: Old gateway (PID 141475) did not exit after SIGTERM, sending SIGKILL.
2026-09-10 03:30:33,913 WARNING hermes_cli.config: providers.vultr: unknown config keys ignored: auth
2026-09-10 03:30:33,914 WARNING hermes_cli.config: providers.vultr: unknown config keys ignored: auth
2026-09-10 03:31:02,538 WARNING hermes_cli.config: providers.vultr: unknown config keys ignored: auth
2026-09-10 03:31:03,031 WARNING hermes_cli.config: providers.vultr: unknown config keys ignored: auth
2026-09-10 03:31:03,254 WARNING hermes_cli.config: providers.vultr: unknown config keys ignored: auth
2026-09-10 03:31:03,340 WARNING hermes_cli.config: providers.vultr: unknown config keys ignored: auth
2026-09-10 03:35:31,357 WARNING gateway.run: Shutdown context: signal=SIGTERM under_systemd=yes parent_pid=109079 parent_name=systemd loadavg_1m=0.00 parent_cmdline='/usr/lib/systemd/systemd --user'
2026-09-10 03:35:41,361 WARNING gateway.run: Old gateway (PID 141529) did not exit after SIGTERM, sending SIGKILL.
2026-09-10 03:35:45,144 WARNING hermes_cli.config: providers.vultr: unknown config keys ignored: auth
2026-09-10 03:35:45,145 WARNING hermes_cli.config: providers.vultr: unknown config keys ignored: auth
2026-09-10 03:36:26,948 WARNING hermes_cli.config: providers.vultr: unknown config keys ignored: auth
2026-09-10 03:36:27,461 WARNING hermes_cli.config: providers.vultr: unknown config keys ignored: auth
2026-09-10 03:36:27,699 WARNING hermes_cli.config: providers.vultr: unknown config keys ignored: auth
2026-09-10 03:36:27,806 WARNING hermes_cli.config: providers.vultr: unknown config keys ignored: auth
2026-09-10 03:40:30,200 WARNING agent.message_sanitization: Unrepairable tool_call arguments for terminal — replaced with empty object (was: {"command": "SP=$(ls -d /home/hermes/.local/share/uv/tools/hermes-agent/lib/pyth)
2026-09-10 03:40:42,596 WARNING gateway.run: Shutdown context: signal=SIGTERM under_systemd=yes parent_pid=1 parent_name=systemd loadavg_1m=0.08 parent_cmdline='/usr/lib/systemd/systemd --system --deserialize=75 vultr'
2026-09-10 03:40:52,599 WARNING gateway.run: Old gateway (PID 141568) did not exit after SIGTERM, sending SIGKILL.
2026-09-10 03:40:56,363 WARNING hermes_cli.config: providers.vultr: unknown config keys ignored: auth
2026-09-10 03:40:56,364 WARNING hermes_cli.config: providers.vultr: unknown config keys ignored: auth
2026-09-10 03:41:01,417 WARNING hermes_cli.config: providers.vultr: unknown config keys ignored: auth
2026-09-10 03:41:01,916 WARNING hermes_cli.config: providers.vultr: unknown config keys ignored: auth
2026-09-10 03:41:02,148 WARNING hermes_cli.config: providers.vultr: unknown config keys ignored: auth
2026-09-10 03:41:02,255 WARNING hermes_cli.config: providers.vultr: unknown config keys ignored: auth
2026-09-10 03:42:16,843 WARNING agent.message_sanitization: Unrepairable tool_call arguments for terminal — replaced with empty object (was: {"command": "date -u\necho '=== DINOS DA PORTA 9119 + GATEWAY ==='\nps -p 141359)
2026-09-10 03:43:51,554 WARNING [20260910_003507_4b49a5] agent.tool_executor: Tool terminal returned error (0.23s): {"output": "=== 1. CRONTAB DO USUARIO ===\nno crontab for hermes\n=== 2. ARQUIVOS CRON NO HERMES ===\n/home/hermes/.hermes/cron/.tick.lock\n/home/hermes/.hermes/profiles/cuidar/cron/.tick.lock\n/home/
2026-09-10 03:45:23,848 WARNING hermes_cli.config: providers.vultr: unknown config keys ignored: auth
2026-09-10 03:45:53,871 WARNING gateway.run: Shutdown context: signal=SIGTERM under_systemd=yes parent_pid=109079 parent_name=systemd loadavg_1m=0.00 parent_cmdline='/usr/lib/systemd/systemd --user'
2026-09-10 03:50:56,388 WARNING gateway.run: Shutdown context: signal=SIGTERM under_systemd=yes parent_pid=1 parent_name=systemd loadavg_1m=0.02 parent_cmdline='/usr/lib/systemd/systemd --system --deserialize=75 vultr'
2026-09-10 03:51:32,851 WARNING hermes_cli.config: providers.vultr: unknown config keys ignored: auth
2026-09-10 03:51:32,852 WARNING hermes_cli.config: providers.vultr: unknown config keys ignored: auth
2026-09-10 03:51:34,866 WARNING hermes_cli.config: providers.vultr: unknown config keys ignored: auth
2026-09-10 03:51:50,356 WARNING hermes_cli.config: providers.vultr: unknown config keys ignored: auth
2026-09-10 03:51:50,884 WARNING hermes_cli.config: providers.vultr: unknown config keys ignored: auth
2026-09-10 03:51:50,969 WARNING hermes_cli.config: providers.vultr: unknown config keys ignored: auth
2026-09-10 03:51:51,178 WARNING hermes_cli.config: providers.vultr: unknown config keys ignored: auth
2026-09-10 03:51:51,276 WARNING hermes_cli.config: providers.vultr: unknown config keys ignored: auth
2026-09-10 03:54:21,016 WARNING hermes_cli.config: providers.vultr: unknown config keys ignored: auth
2026-09-10 03:54:21,017 WARNING hermes_cli.config: providers.vultr: unknown config keys ignored: auth
2026-09-10 03:54:22,062 WARNING hermes_cli.config: providers.vultr: unknown config keys ignored: auth
2026-09-10 03:54:42,857 WARNING hermes_cli.config: providers.vultr: unknown config keys ignored: auth
2026-09-10 03:54:42,887 WARNING hermes_cli.config: providers.vultr: unknown config keys ignored: auth
2026-09-10 03:55:09,935 WARNING [20260910_034138_776ece] agent.tool_executor: Tool memory returned error (0.00s): {"success": false, "error": "Replacement would put memory at 2,282/2,200 chars. Shorten the new content or remove other entries first."}
2026-09-10 03:55:26,918 WARNING hermes_cli.config: providers.vultr: unknown config keys ignored: auth
2026-09-10 03:55:50,848 WARNING gateway.run: Shutdown context: signal=SIGTERM under_systemd=yes parent_pid=109079 parent_name=systemd loadavg_1m=0.00 parent_cmdline='/usr/lib/systemd/systemd --user'
2026-09-10 03:55:58,051 WARNING hermes_cli.config: providers.vultr: unknown config keys ignored: auth
2026-09-10 03:55:58,051 WARNING hermes_cli.config: providers.vultr: unknown config keys ignored: auth
2026-09-10 03:56:00,353 WARNING hermes_cli.config: providers.vultr: unknown config keys ignored: auth
2026-09-10 03:56:00,850 WARNING hermes_cli.config: providers.vultr: unknown config keys ignored: auth
2026-09-10 03:56:01,081 WARNING hermes_cli.config: providers.vultr: unknown config keys ignored: auth
2026-09-10 03:56:01,186 WARNING hermes_cli.config: providers.vultr: unknown config keys ignored: auth
2026-09-10 03:57:06,135 WARNING [20260910_034138_776ece] agent.tool_executor: Tool terminal returned error (1.32s): {"output": "=== MOLDE NA FABRICA ===\n/home/hermes/.local/share/uv/tools/hermes-agent/lib/python3.12/site-packages/hermes_cli/gateway.py:2499:        f\"↻ Updated gateway {_service_scope_label(system)
2026-09-10 03:57:22,423 WARNING [20260910_034138_776ece] agent.tool_executor: Tool terminal returned error (0.12s): {"output": "Thu Sep 10 03:57:22 AM UTC 2026\nactive\nporteiro vivo há: 01:27\n0", "exit_code": 1, "error": null}
2026-09-10 03:57:36,889 WARNING [20260910_034138_776ece] hermes_cli.config: providers.vultr: unknown config keys ignored: auth
2026-09-10 03:58:42,965 WARNING [20260910_034138_776ece] hermes_cli.config: providers.vultr: unknown config keys ignored: auth
2026-09-10 04:00:52,492 WARNING [20260910_034138_776ece] agent.tool_executor: Tool delegate_task returned error (129.68s): {"results": [{"task_index": 0, "status": "failed", "summary": "", "api_calls": 6, "duration_seconds": 128.21, "model": "zai-org/GLM-5.1-FP8", "exit_reason": "max_iterations", "tokens": {"input": 11217
2026-09-10 04:01:27,158 WARNING [20260910_034138_776ece] hermes_cli.config: providers.vultr: unknown config keys ignored: auth
2026-09-10 04:02:06,025 WARNING run_agent: Detected closed shared OpenAI client; recreating before use (chat_completion_stream_request) thread=Thread-72 (_call):128258049828544 provider=custom base_url=http://127.0.0.1:8788/v1 model=zai-org/GLM-5.1-FP8
2026-09-10 04:02:27,020 WARNING [20260910_034138_776ece] agent.tool_executor: Tool execute_code returned error (3.22s): {"status": "error", "output": "\n--- stderr ---\nTraceback (most recent call last):\n  File \"/tmp/hermes_sandbox_mgate7l6/script.py\", line 1, in <module>\n    from hermes_tools import execute_code\n
2026-09-10 04:03:07,255 WARNING [20260910_034138_776ece] agent.tool_executor: Tool patch returned error (0.04s): {"success": false, "error": "Could not find a match for old_string in the file", "_hint": "old_string not found. Use read_file to verify the current content, or search_files to locate the text."}
2026-09-10 04:03:18,856 WARNING hermes_cli.config: providers.vultr: unknown config keys ignored: auth
2026-09-10 04:03:20,077 WARNING hermes_cli.config: providers.vultr: unknown config keys ignored: auth
2026-09-10 04:03:20,121 WARNING hermes_cli.config: providers.vultr: unknown config keys ignored: auth
2026-09-10 04:03:59,516 WARNING [20260910_034138_776ece] agent.tool_executor: Tool memory returned error (0.00s): {"success": false, "error": "Memory at 1,312/1,375 chars. Adding this entry (132 chars) would exceed the limit. Replace or remove existing entries first.", "current_entries": ["User's name is Rob. He 
2026-09-10 04:04:27,986 WARNING [20260910_034138_776ece] agent.tool_executor: Tool patch returned error (0.00s): {"error": "Background review denied non-whitelisted tool: patch. Only memory/skill tools are allowed."}
2026-09-10 04:04:27,986 WARNING [20260910_034138_776ece] agent.tool_executor: Tool patch returned error (0.00s): {"error": "Background review denied non-whitelisted tool: patch. Only memory/skill tools are allowed."}
2026-09-10 04:04:29,278 WARNING [20260910_034138_776ece] agent.tool_executor: Tool patch returned error (0.00s): {"error": "Refusing to write to Hermes config file: /home/hermes/.hermes/config.yaml\nAgent cannot modify security-sensitive configuration. Edit ~/.hermes/config.yaml directly or use 'hermes config' i
2026-09-10 04:55:02,213 WARNING hermes_cli.config: providers.vultr: unknown config keys ignored: auth
2026-09-10 04:55:02,271 WARNING hermes_cli.config: providers.vultr: unknown config keys ignored: auth
2026-09-10 04:55:02,312 WARNING hermes_cli.config: providers.vultr: unknown config keys ignored: auth
2026-09-10 04:55:02,379 WARNING hermes_cli.config: providers.vultr: unknown config keys ignored: auth
2026-09-10 04:56:46,777 WARNING [20260910_045502_7fd613] agent.tool_executor: Tool terminal returned error (0.31s): {"output": "=== HEADROOM IN SNAPSHOT? ===\ndev/headroom-proxy-rollout/\ndev/headroom-proxy-rollout/SKILL.md\n=== manifest names it? ===", "exit_code": 1, "error": null}
2026-09-10 04:56:59,972 WARNING [20260910_045502_7fd613] agent.tool_executor: Tool memory returned error (0.00s): {"error": "Memory is not available. It may be disabled in config or this environment.", "success": false}
2026-09-10 14:36:54,799 WARNING hermes_cli.config: providers.vultr: unknown config keys ignored: auth
2026-09-10 14:36:54,800 WARNING hermes_cli.config: providers.vultr: unknown config keys ignored: auth
2026-09-10 14:36:56,381 WARNING hermes_cli.config: providers.vultr: unknown config keys ignored: auth
2026-09-10 14:37:01,141 WARNING hermes_cli.config: providers.vultr: unknown config keys ignored: auth
2026-09-10 14:37:12,365 WARNING hermes_cli.config: providers.vultr: unknown config keys ignored: auth
2026-09-10 14:37:12,419 WARNING hermes_cli.config: providers.vultr: unknown config keys ignored: auth
2026-09-10 14:37:12,448 WARNING hermes_cli.config: providers.vultr: unknown config keys ignored: auth
2026-09-10 14:37:12,566 WARNING hermes_cli.config: providers.vultr: unknown config keys ignored: auth
2026-09-10 14:48:01,959 WARNING hermes_cli.config: providers.vultr: unknown config keys ignored: auth
2026-09-10 14:49:24,493 WARNING hermes_cli.config: providers.vultr: unknown config keys ignored: auth
2026-09-11 12:00:05,919 WARNING hermes_cli.config: providers.vultr: unknown config keys ignored: auth
2026-09-11 12:00:06,022 WARNING hermes_cli.config: providers.vultr: unknown config keys ignored: auth
2026-09-11 12:00:10,610 WARNING [cron_841777c5fd35_20260911_120005] agent.tool_executor: Tool terminal returned error (0.10s): {"output": "Failed to parse timestamp: last 24 hours\n0", "exit_code": 1, "error": null}
2026-09-11 12:00:12,423 WARNING [cron_841777c5fd35_20260911_120005] agent.tool_executor: Tool terminal returned error (0.11s): {"output": "0", "exit_code": 1, "error": null}
2026-09-11 18:27:32,694 WARNING hermes_cli.config: providers.vultr: unknown config keys ignored: auth
2026-09-11 18:27:32,737 WARNING hermes_cli.config: providers.vultr: unknown config keys ignored: auth
2026-09-11 18:27:57,469 WARNING [20260911_182730_f57ae692] agent.tool_executor: Tool skill_view returned error (0.02s): {"success": false, "error": "Skill 'hermes-agent' not found.", "available_skills": ["agent-context-kit", "agent-skill-curation", "criar-skill", "hermes-profiles", "rob-comms-style", "design-taste-fron
2026-09-11 18:29:40,684 WARNING hermes_cli.config: providers.vultr: unknown config keys ignored: auth
2026-09-11 18:29:40,685 WARNING hermes_cli.config: providers.vultr: unknown config keys ignored: auth
2026-09-11 18:29:41,612 WARNING [20260910_034138_776ece] hermes_cli.config: providers.vultr: unknown config keys ignored: auth
2026-09-11 18:29:41,669 WARNING [20260910_034138_776ece] hermes_cli.config: providers.vultr: unknown config keys ignored: auth
2026-09-11 18:29:41,699 WARNING [20260910_034138_776ece] hermes_cli.config: providers.vultr: unknown config keys ignored: auth
2026-09-11 18:29:41,801 WARNING [20260910_034138_776ece] hermes_cli.config: providers.vultr: unknown config keys ignored: auth
2026-09-11 18:31:43,896 WARNING hermes_cli.config: providers.vultr: unknown config keys ignored: auth
2026-09-11 18:31:43,897 WARNING hermes_cli.config: providers.vultr: unknown config keys ignored: auth
2026-09-11 18:31:44,827 WARNING hermes_cli.config: providers.vultr: unknown config keys ignored: auth
2026-09-11 18:32:01,382 WARNING [20260911_182730_f57ae692] agent.tool_executor: Tool execute_code returned error (0.00s): {"status": "error", "error": "BLOCKED: execute_code runs arbitrary local Python (including subprocess calls that bypass shell-string approval checks). Cron jobs run without a user present to approve i
2026-09-11 18:32:27,901 WARNING hermes_cli.config: providers.vultr: unknown config keys ignored: auth
2026-09-11 20:34:02,993 WARNING hermes_cli.config: providers.vultr: unknown config keys ignored: auth
2026-09-11 20:34:02,994 WARNING hermes_cli.config: providers.vultr: unknown config keys ignored: auth
2026-09-11 20:34:04,485 WARNING [20260911_182730_f57ae692] hermes_cli.config: providers.vultr: unknown config keys ignored: auth
2026-09-11 20:34:04,528 WARNING [20260911_182730_f57ae692] hermes_cli.config: providers.vultr: unknown config keys ignored: auth
2026-09-11 20:57:54,663 WARNING hermes_cli.config: providers.vultr: unknown config keys ignored: auth
2026-09-11 20:57:54,664 WARNING hermes_cli.config: providers.vultr: unknown config keys ignored: auth
2026-09-11 20:57:56,704 WARNING [20260911_182730_f57ae692] hermes_cli.config: providers.vultr: unknown config keys ignored: auth
2026-09-11 21:08:50,079 WARNING [20260911_182730_f57ae692] agent.tool_executor: Tool terminal returned error (0.96s): {"output": "", "exit_code": 1, "error": null, "exit_code_meaning": "No matches found (not an error)"}
2026-09-11 21:08:58,867 WARNING [20260911_182730_f57ae692] agent.tool_executor: Tool cronjob returned error (0.00s): {"error": "create requires either prompt or at least one skill", "success": false}
2026-09-12 00:17:29,062 WARNING hermes_cli.config: providers.vultr: unknown config keys ignored: auth
2026-09-12 00:17:29,063 WARNING hermes_cli.config: providers.vultr: unknown config keys ignored: auth
2026-09-12 00:17:31,201 WARNING [20260910_040352_15922a] hermes_cli.config: providers.vultr: unknown config keys ignored: auth
2026-09-12 00:17:31,243 WARNING [20260910_040352_15922a] hermes_cli.config: providers.vultr: unknown config keys ignored: auth
2026-09-12 00:28:58,593 WARNING hermes_cli.config: providers.vultr: unknown config keys ignored: auth
2026-09-12 12:00:08,825 WARNING hermes_cli.config: providers.vultr: unknown config keys ignored: auth
2026-09-12 12:00:08,925 WARNING hermes_cli.config: providers.vultr: unknown config keys ignored: auth
2026-09-12 20:42:09,030 WARNING [20260911_182730_f57ae692] hermes_cli.config: providers.vultr: unknown config keys ignored: auth
2026-09-12 20:42:09,072 WARNING [20260911_182730_f57ae692] hermes_cli.config: providers.vultr: unknown config keys ignored: auth
2026-09-12 20:42:13,322 WARNING [20260912_204207_889e50a8] agent.tool_executor: Tool skill_view returned error (0.02s): {"success": false, "error": "Skill 'hermes-agent' not found.", "available_skills": ["agent-context-kit", "agent-second-brain", "agent-skill-curation", "criar-skill", "i-have-adhd", "hermes-profiles", 
2026-09-12 20:42:17,279 WARNING [20260912_204207_889e50a8] agent.tool_executor: Tool execute_code returned error (0.00s): {"status": "error", "error": "BLOCKED: execute_code runs arbitrary local Python (including subprocess calls that bypass shell-string approval checks). Cron jobs run without a user present to approve i
2026-09-12 20:43:17,809 WARNING [20260912_204207_889e50a8] agent.tool_executor: Tool read_file returned error (0.04s): {"content": "", "total_lines": 0, "file_size": 0, "truncated": false, "is_binary": false, "is_image": false, "error": "File not found: /home/hermes/PENDENTES.md"}
2026-09-12 20:43:27,234 WARNING hermes_cli.config: providers.vultr: unknown config keys ignored: auth
2026-09-12 20:43:46,489 WARNING agent.message_sanitization: Unrepairable tool_call arguments for skill_manage — replaced with empty object (was: {"action": "patch", "name": "hermes-profiles", "new_string": "- Full runbook (un)
2026-09-12 21:58:58,353 WARNING hermes_cli.config: providers.vultr: unknown config keys ignored: auth
2026-09-12 21:58:58,354 WARNING hermes_cli.config: providers.vultr: unknown config keys ignored: auth
2026-09-12 21:59:00,116 WARNING [20260910_034138_776ece] hermes_cli.config: providers.vultr: unknown config keys ignored: auth
2026-09-12 21:59:00,159 WARNING [20260910_034138_776ece] hermes_cli.config: providers.vultr: unknown config keys ignored: auth
2026-09-13 01:12:03,889 WARNING gateway.platforms.telegram: [Telegram] Telegram network error, scheduling reconnect: Bad Gateway
2026-09-13 01:12:03,890 WARNING gateway.platforms.telegram: [Telegram] Telegram network error (attempt 1/10), reconnecting in 5s. Error: Bad Gateway
2026-09-13 01:12:32,448 ERROR telegram.ext.Updater: Error while calling `get_updates` one more time to mark all fetched updates. Suppressing error to ensure graceful shutdown. When polling for updates is restarted, updates may be fetched again. Please adjust timeouts via `ApplicationBuilder` or the parameter `get_updates_request` of `Bot`.
Traceback (most recent call last):
  File "/home/hermes/.local/share/uv/tools/hermes-agent/lib/python3.12/site-packages/httpx/_transports/default.py", line 101, in map_httpcore_exceptions
    yield
  File "/home/hermes/.local/share/uv/tools/hermes-agent/lib/python3.12/site-packages/httpx/_transports/default.py", line 394, in handle_async_request
    resp = await self._pool.handle_async_request(req)
           ^^^^^^^^^^^^^^^^^^^^^^^^^^^^^^^^^^^^^^^^^^
  File "/home/hermes/.local/share/uv/tools/hermes-agent/lib/python3.12/site-packages/httpcore/_async/connection_pool.py", line 256, in handle_async_request
    raise exc from None
  File "/home/hermes/.local/share/uv/tools/hermes-agent/lib/python3.12/site-packages/httpcore/_async/connection_pool.py", line 236, in handle_async_request
    response = await connection.handle_async_request(
               ^^^^^^^^^^^^^^^^^^^^^^^^^^^^^^^^^^^^^^
  File "/home/hermes/.local/share/uv/tools/hermes-agent/lib/python3.12/site-packages/httpcore/_async/connection.py", line 103, in handle_async_request
    return await self._connection.handle_async_request(request)
           ^^^^^^^^^^^^^^^^^^^^^^^^^^^^^^^^^^^^^^^^^^^^^^^^^^^^
  File "/home/hermes/.local/share/uv/tools/hermes-agent/lib/python3.12/site-packages/httpcore/_async/http11.py", line 136, in handle_async_request
    raise exc
  File "/home/hermes/.local/share/uv/tools/hermes-agent/lib/python3.12/site-packages/httpcore/_async/http11.py", line 106, in handle_async_request
    ) = await self._receive_response_headers(**kwargs)
        ^^^^^^^^^^^^^^^^^^^^^^^^^^^^^^^^^^^^^^^^^^^^^^
  File "/home/hermes/.local/share/uv/tools/hermes-agent/lib/python3.12/site-packages/httpcore/_async/http11.py", line 177, in _receive_response_headers
    event = await self._receive_event(timeout=timeout)
            ^^^^^^^^^^^^^^^^^^^^^^^^^^^^^^^^^^^^^^^^^^
  File "/home/hermes/.local/share/uv/tools/hermes-agent/lib/python3.12/site-packages/httpcore/_async/http11.py", line 217, in _receive_event
    data = await self._network_stream.read(
           ^^^^^^^^^^^^^^^^^^^^^^^^^^^^^^^^
  File "/home/hermes/.local/share/uv/tools/hermes-agent/lib/python3.12/site-packages/httpcore/_backends/anyio.py", line 32, in read
    with map_exceptions(exc_map):
  File "/usr/lib/python3.12/contextlib.py", line 158, in __exit__
    self.gen.throw(value)
  File "/home/hermes/.local/share/uv/tools/hermes-agent/lib/python3.12/site-packages/httpcore/_exceptions.py", line 14, in map_exceptions
    raise to_exc(exc) from exc
httpcore.ReadTimeout

The above exception was the direct cause of the following exception:

Traceback (most recent call last):
  File "/home/hermes/.local/share/uv/tools/hermes-agent/lib/python3.12/site-packages/telegram/request/_httpxrequest.py", line 279, in do_request
    res = await self._client.request(
          ^^^^^^^^^^^^^^^^^^^^^^^^^^^
  File "/home/hermes/.local/share/uv/tools/hermes-agent/lib/python3.12/site-packages/httpx/_client.py", line 1540, in request
    return await self.send(request, auth=auth, follow_redirects=follow_redirects)
           ^^^^^^^^^^^^^^^^^^^^^^^^^^^^^^^^^^^^^^^^^^^^^^^^^^^^^^^^^^^^^^^^^^^^^^
  File "/home/hermes/.local/share/uv/tools/hermes-agent/lib/python3.12/site-packages/httpx/_client.py", line 1629, in send
    response = await self._send_handling_auth(
               ^^^^^^^^^^^^^^^^^^^^^^^^^^^^^^^
  File "/home/hermes/.local/share/uv/tools/hermes-agent/lib/python3.12/site-packages/httpx/_client.py", line 1657, in _send_handling_auth
    response = await self._send_handling_redirects(
               ^^^^^^^^^^^^^^^^^^^^^^^^^^^^^^^^^^^^
  File "/home/hermes/.local/share/uv/tools/hermes-agent/lib/python3.12/site-packages/httpx/_client.py", line 1694, in _send_handling_redirects
    response = await self._send_single_request(request)
               ^^^^^^^^^^^^^^^^^^^^^^^^^^^^^^^^^^^^^^^^
  File "/home/hermes/.local/share/uv/tools/hermes-agent/lib/python3.12/site-packages/httpx/_client.py", line 1730, in _send_single_request
    response = await transport.handle_async_request(request)
               ^^^^^^^^^^^^^^^^^^^^^^^^^^^^^^^^^^^^^^^^^^^^^
  File "/home/hermes/.local/share/uv/tools/hermes-agent/lib/python3.12/site-packages/gateway/platforms/telegram_network.py", line 90, in handle_async_request
    response = await transport.handle_async_request(candidate)
               ^^^^^^^^^^^^^^^^^^^^^^^^^^^^^^^^^^^^^^^^^^^^^^^
  File "/home/hermes/.local/share/uv/tools/hermes-agent/lib/python3.12/site-packages/httpx/_transports/default.py", line 393, in handle_async_request
    with map_httpcore_exceptions():
  File "/usr/lib/python3.12/contextlib.py", line 158, in __exit__
    self.gen.throw(value)
  File "/home/hermes/.local/share/uv/tools/hermes-agent/lib/python3.12/site-packages/httpx/_transports/default.py", line 118, in map_httpcore_exceptions
    raise mapped_exc(message) from exc
httpx.ReadTimeout

The above exception was the direct cause of the following exception:

Traceback (most recent call last):
  File "/home/hermes/.local/share/uv/tools/hermes-agent/lib/python3.12/site-packages/telegram/ext/_updater.py", line 400, in _get_updates_cleanup
    await self.bot.get_updates(
  File "/home/hermes/.local/share/uv/tools/hermes-agent/lib/python3.12/site-packages/telegram/ext/_extbot.py", line 671, in get_updates
    updates = await super().get_updates(
              ^^^^^^^^^^^^^^^^^^^^^^^^^^
  File "/home/hermes/.local/share/uv/tools/hermes-agent/lib/python3.12/site-packages/telegram/_bot.py", line 4860, in get_updates
    await self._post(
  File "/home/hermes/.local/share/uv/tools/hermes-agent/lib/python3.12/site-packages/telegram/_bot.py", line 703, in _post
    return await self._do_post(
           ^^^^^^^^^^^^^^^^^^^^
  File "/home/hermes/.local/share/uv/tools/hermes-agent/lib/python3.12/site-packages/telegram/ext/_extbot.py", line 369, in _do_post
    return await super()._do_post(
           ^^^^^^^^^^^^^^^^^^^^^^^
  File "/home/hermes/.local/share/uv/tools/hermes-agent/lib/python3.12/site-packages/telegram/_bot.py", line 732, in _do_post
    result = await request.post(
             ^^^^^^^^^^^^^^^^^^^
  File "/home/hermes/.local/share/uv/tools/hermes-agent/lib/python3.12/site-packages/telegram/request/_baserequest.py", line 198, in post
    result = await self._request_wrapper(
             ^^^^^^^^^^^^^^^^^^^^^^^^^^^^
  File "/home/hermes/.local/share/uv/tools/hermes-agent/lib/python3.12/site-packages/telegram/request/_baserequest.py", line 305, in _request_wrapper
    code, payload = await self.do_request(
                    ^^^^^^^^^^^^^^^^^^^^^^
  File "/home/hermes/.local/share/uv/tools/hermes-agent/lib/python3.12/site-packages/telegram/request/_httpxrequest.py", line 296, in do_request
    raise TimedOut from err
telegram.error.TimedOut: Timed out
2026-09-13 12:00:11,771 WARNING hermes_cli.config: providers.vultr: unknown config keys ignored: auth
2026-09-13 12:00:11,810 WARNING hermes_cli.config: providers.vultr: unknown config keys ignored: auth
2026-09-14 12:00:14,750 WARNING hermes_cli.config: providers.vultr: unknown config keys ignored: auth
2026-09-14 12:00:14,789 WARNING hermes_cli.config: providers.vultr: unknown config keys ignored: auth
2026-09-14 15:21:20,830 WARNING [20260911_182730_f57ae692] hermes_cli.config: providers.vultr: unknown config keys ignored: auth
2026-09-14 15:21:20,876 WARNING [20260911_182730_f57ae692] hermes_cli.config: providers.vultr: unknown config keys ignored: auth
2026-09-14 15:21:40,318 WARNING [20260914_152119_8f5d651e] agent.tool_executor: Tool terminal returned error (0.31s): {"output": "== GH ==\nno-gh\n== GIT CFG ==\n== ZIP ==\n-rw-rw-r-- 1 hermes hermes 335M Sep 12 20:43 /home/hermes/hermes-mudanca.zip\n== CASA ==\n1.1G\t/home/hermes/.hermes\n== GRANDES >40M ==\n76M /ho
2026-09-14 15:26:38,289 WARNING hermes_cli.config: providers.vultr: unknown config keys ignored: auth
2026-09-14 15:27:03,931 WARNING agent.message_sanitization: Unrepairable tool_call arguments for skill_manage — replaced with empty object (was: {"action": "create", "category": "agent-admin", "content": "---\nname: github-ba)
2026-09-14 15:27:29,415 WARNING [20260914_152119_8f5d651e] agent.tool_executor: Tool skill_manage returned error (0.00s): {"success": false, "error": "YAML frontmatter parse error: mapping values are not allowed here\n  in \"<unicode string>\", line 3, column 49:\n     ... ocar a casa Hermes (home inteira: perfis dos age
2026-09-14 15:27:43,453 WARNING [20260914_152119_8f5d651e] agent.tool_executor: Tool skill_manage returned error (0.02s): {"success": false, "error": "Could not find a match for old_string in the file\n\nDid you mean one of these sections?\n  36|    perfil) mesmo sem resposta, registrar a decisão pendente no PENDENTES.md
2026-09-14 22:28:05,332 WARNING hermes_cli.config: providers.vultr: unknown config keys ignored: auth
2026-09-14 22:28:05,333 WARNING hermes_cli.config: providers.vultr: unknown config keys ignored: auth
2026-09-14 22:28:06,943 WARNING [20260910_040352_15922a] hermes_cli.config: providers.vultr: unknown config keys ignored: auth
2026-09-14 22:28:06,988 WARNING [20260910_040352_15922a] hermes_cli.config: providers.vultr: unknown config keys ignored: auth
2026-09-14 22:31:56,720 WARNING agent.lsp.servers: bash-language-server: shellcheck not found on PATH — diagnostics will be empty until shellcheck is installed (apt: shellcheck, brew: shellcheck, scoop: shellcheck).
2026-09-14 22:34:53,409 WARNING [20260914_152119_8f5d651e] agent.tool_executor: Tool cronjob returned error (0.00s): {"error": "Script path must be relative to ~/.hermes/scripts/. Got absolute or home-relative path: '/home/hermes/.hermes/scripts/backup-github.sh'. Place scripts in ~/.hermes/scripts/ and use just the
2026-09-14 22:35:26,767 WARNING [20260914_152119_8f5d651e] agent.tool_executor: Tool memory returned error (0.00s): {"success": false, "error": "Replacement would put memory at 2,377/2,200 chars. Shorten the new content or remove other entries first."}
2026-09-14 22:35:44,029 WARNING hermes_cli.config: providers.vultr: unknown config keys ignored: auth
2026-09-14 22:35:45,625 WARNING [20260912_204207_889e50a8] hermes_cli.config: providers.vultr: unknown config keys ignored: auth
2026-09-14 22:36:43,766 WARNING [20260914_152119_8f5d651e] agent.tool_executor: Tool terminal returned error (0.54s): {"output": "== top-level ==\n.agent-reach-venv\n.bash_logout\n.bashrc\n.cache\n.claude\n.claude.json\n.config\n.context-kit\ncuidarvc\ngenerate-config.py\n.git\n.gitconfig\n.git-credentials\n.gitignor
2026-09-14 22:37:47,584 WARNING [20260914_152119_8f5d651e] agent.tool_executor: Tool terminal returned error (6.20s): {"output": "== todos os gitignores casa adentro ==\n./.gitignore\ntools/agent-reach/.gitignore\ntools/last30days-skill/.gitignore\ntools/last30days-skill/mcp/.gitignore\ntools/scan-okjpg/agent-context
2026-09-14 22:37:55,111 WARNING [20260914_152119_8f5d651e] agent.tool_executor: Tool terminal returned error (1.16s): {"output": "== arquivos ==\n7384\n== tamanho bruto ==\n259 MB\n== sobrou index-cache? ==\n0\n== sobrou bin? ==\n0\n== .env vazou? ==\n0", "exit_code": 1, "error": null}
2026-09-14 22:38:32,158 WARNING [20260914_152119_8f5d651e] agent.tool_executor: Tool read_file returned error (0.05s): {"content": "", "total_lines": 0, "file_size": 0, "truncated": false, "is_binary": false, "is_image": false, "error": "File not found: /home/hermes/.hermes/cron/scripts/backup-github.sh"}
2026-09-14 22:38:54,828 WARNING [20260914_152119_8f5d651e] agent.tool_executor: Tool memory returned error (0.00s): {"error": "content is required for 'replace' action.", "success": false}
2026-09-14 22:38:56,188 WARNING [20260914_152119_8f5d651e] agent.tool_executor: Tool memory returned error (0.00s): {"success": false, "error": "Replacement would put memory at 2,537/2,200 chars. Shorten the new content or remove other entries first."}
2026-09-14 22:38:57,361 WARNING [20260914_152119_8f5d651e] agent.tool_executor: Tool memory returned error (0.00s): {"success": false, "error": "Replacement would put memory at 2,322/2,200 chars. Shorten the new content or remove other entries first."}

[Tool loop warning: same_tool_failure_warning; count=3; memory
2026-09-14 22:38:59,411 WARNING [20260914_152119_8f5d651e] agent.tool_executor: Tool memory returned error (0.00s): {"success": false, "error": "Replacement would put memory at 2,205/2,200 chars. Shorten the new content or remove other entries first."}

[Tool loop warning: same_tool_failure_warning; count=4; memory
2026-09-14 22:39:03,777 WARNING hermes_cli.config: providers.vultr: unknown config keys ignored: auth
2026-09-14 22:39:05,084 WARNING [20260914_152119_8f5d651e] hermes_cli.config: providers.vultr: unknown config keys ignored: auth
2026-09-14 23:31:42,813 WARNING hermes_cli.config: providers.vultr: unknown config keys ignored: auth
2026-09-14 23:31:42,814 WARNING hermes_cli.config: providers.vultr: unknown config keys ignored: auth
2026-09-14 23:31:44,717 WARNING [20260912_204207_889e50a8] hermes_cli.config: providers.vultr: unknown config keys ignored: auth
2026-09-14 23:32:53,100 WARNING hermes_cli.config: providers.vultr: unknown config keys ignored: auth
2026-09-14 23:32:53,101 WARNING hermes_cli.config: providers.vultr: unknown config keys ignored: auth
2026-09-14 23:32:54,135 WARNING [20260914_223605_8297df] hermes_cli.config: providers.vultr: unknown config keys ignored: auth
2026-09-14 23:33:36,241 WARNING [20260914_223605_8297df] agent.tool_executor: Tool memory returned error (0.00s): {"success": false, "error": "Replacement would put memory at 2,268/2,200 chars. Shorten the new content or remove other entries first."}
2026-09-14 23:33:41,543 WARNING hermes_cli.config: providers.vultr: unknown config keys ignored: auth
2026-09-14 23:34:36,910 WARNING [20260914_223605_8297df] agent.tool_executor: Tool skill_view returned error (0.01s): {"success": false, "error": "File 'dev/backup-github-casa/SKILL.md' not found in skill 'backup-github-casa'.", "available_files": {"references": ["references/submodulos-observados.md"], "templates": [
2026-09-14 23:34:42,129 WARNING [20260914_223605_8297df] agent.tool_executor: Tool skill_manage returned error (0.05s): {"success": false, "error": "Could not find a match for old_string in the file\n\nDid you mean one of these sections?\n 116| (sem cuidarvc, plugins de terceiros, binários `tirith`, index-cache, logs\n
2026-09-14 23:42:25,758 WARNING hermes_cli.config: providers.vultr: unknown config keys ignored: auth
2026-09-14 23:42:25,759 WARNING hermes_cli.config: providers.vultr: unknown config keys ignored: auth
2026-09-14 23:42:27,521 WARNING [20260914_223605_8297df] hermes_cli.config: providers.vultr: unknown config keys ignored: auth
2026-09-15 02:30:47,143 WARNING hermes_cli.config: providers.vultr: unknown config keys ignored: auth
2026-09-15 02:30:47,144 WARNING hermes_cli.config: providers.vultr: unknown config keys ignored: auth
2026-09-15 02:30:48,760 WARNING hermes_cli.config: providers.vultr: unknown config keys ignored: auth
2026-09-15 02:30:53,931 WARNING [20260914_152119_8f5d651e] hermes_cli.config: providers.vultr: unknown config keys ignored: auth
2026-09-15 02:30:53,977 WARNING [20260914_152119_8f5d651e] hermes_cli.config: providers.vultr: unknown config keys ignored: auth
2026-09-15 02:33:00,313 WARNING hermes_cli.config: providers.vultr: unknown config keys ignored: auth
2026-09-15 02:33:00,314 WARNING hermes_cli.config: providers.vultr: unknown config keys ignored: auth
2026-09-15 02:33:01,392 WARNING [20260911_182730_f57ae692] hermes_cli.config: providers.vultr: unknown config keys ignored: auth
2026-09-15 02:33:13,451 WARNING [20260914_223605_8297df] agent.tool_executor: Tool terminal returned error (0.11s): {"output": "== full model block cmo ==\nmodel:\n  provider: custom\n  default: glm-5.3\n  base_url: http://127.0.0.1:8789/v1\n  api_key: SLJ22RSCDIY735K7JVFBQERYMZCUQVVHKHDQ\n  api_mode: chat_completi
2026-09-15 02:38:29,244 WARNING [20260914_223605_8297df] agent.tool_executor: Tool terminal returned error (300.52s): {"output": "", "exit_code": -1, "error": "BLOCKED: Command timed out without user response. The user has NOT consented to this action. Do NOT retry this command, do NOT rephrase it, and do NOT attempt
2026-09-15 02:38:34,704 WARNING hermes_cli.config: providers.vultr: unknown config keys ignored: auth
2026-09-15 02:46:39,621 WARNING hermes_cli.config: providers.vultr: unknown config keys ignored: auth
2026-09-15 02:46:39,621 WARNING hermes_cli.config: providers.vultr: unknown config keys ignored: auth
2026-09-15 02:47:13,376 WARNING [20260914_223605_8297df] hermes_cli.config: providers.vultr: unknown config keys ignored: auth
2026-09-15 02:52:29,573 WARNING [20260914_223605_8297df] agent.tool_executor: Tool terminal returned error (0.23s): {"output": "{\"message\":\"Invalid API key\"}\n== retry com status code ==\n/usr/bin/bash: eval: line 13: unexpected EOF while looking for matching `\"'", "exit_code": 2, "error": null}
2026-09-15 02:52:39,985 WARNING [20260914_223605_8297df] agent.tool_executor: Tool execute_code returned error (0.00s): {"status": "error", "error": "BLOCKED: execute_code runs arbitrary local Python (including subprocess calls that bypass shell-string approval checks). Cron jobs run without a user present to approve i
2026-09-15 02:52:54,289 WARNING [20260914_223605_8297df] agent.tool_executor: Tool execute_code returned error (0.00s): {"status": "error", "error": "BLOCKED: execute_code runs arbitrary local Python (including subprocess calls that bypass shell-string approval checks). Cron jobs run without a user present to approve i
2026-09-15 02:53:17,447 ERROR [20260914_223605_8297df] agent.conversation_loop: Outer loop error in API call #17
Traceback (most recent call last):
  File "/home/hermes/.local/share/uv/tools/hermes-agent/lib/python3.12/site-packages/agent/conversation_loop.py", line 4020, in run_conversation
    agent._execute_tool_calls(assistant_message, messages, effective_task_id, api_call_count)
  File "/home/hermes/.local/share/uv/tools/hermes-agent/lib/python3.12/site-packages/run_agent.py", line 4783, in _execute_tool_calls
    return self._execute_tool_calls_sequential(
           ^^^^^^^^^^^^^^^^^^^^^^^^^^^^^^^^^^^^
  File "/home/hermes/.local/share/uv/tools/hermes-agent/lib/python3.12/site-packages/run_agent.py", line 4852, in _execute_tool_calls_sequential
    return execute_tool_calls_sequential(self, assistant_message, messages, effective_task_id, api_call_count)
           ^^^^^^^^^^^^^^^^^^^^^^^^^^^^^^^^^^^^^^^^^^^^^^^^^^^^^^^^^^^^^^^^^^^^^^^^^^^^^^^^^^^^^^^^^^^^^^^^^^^
  File "/home/hermes/.local/share/uv/tools/hermes-agent/lib/python3.12/site-packages/agent/tool_executor.py", line 1189, in execute_tool_calls_sequential
    subdir_hints = agent._subdirectory_hints.check_tool_call(function_name, function_args)
                   ^^^^^^^^^^^^^^^^^^^^^^^^^^^^^^^^^^^^^^^^^^^^^^^^^^^^^^^^^^^^^^^^^^^^^^^
  File "/home/hermes/.local/share/uv/tools/hermes-agent/lib/python3.12/site-packages/agent/subdirectory_hints.py", line 85, in check_tool_call
    dirs = self._extract_directories(tool_name, tool_args)
           ^^^^^^^^^^^^^^^^^^^^^^^^^^^^^^^^^^^^^^^^^^^^^^^
  File "/home/hermes/.local/share/uv/tools/hermes-agent/lib/python3.12/site-packages/agent/subdirectory_hints.py", line 116, in _extract_directories
    self._extract_paths_from_command(cmd, candidates)
  File "/home/hermes/.local/share/uv/tools/hermes-agent/lib/python3.12/site-packages/agent/subdirectory_hints.py", line 167, in _extract_paths_from_command
    self._add_path_candidate(token, candidates)
  File "/home/hermes/.local/share/uv/tools/hermes-agent/lib/python3.12/site-packages/agent/subdirectory_hints.py", line 130, in _add_path_candidate
    p = Path(raw_path).expanduser()
        ^^^^^^^^^^^^^^^^^^^^^^^^^^^
  File "/usr/lib/python3.12/pathlib.py", line 1408, in expanduser
    raise RuntimeError("Could not determine home directory.")
RuntimeError: Could not determine home directory.
2026-09-15 02:53:19,169 ERROR [20260914_223605_8297df] agent.conversation_loop: Outer loop error in API call #18
Traceback (most recent call last):
  File "/home/hermes/.local/share/uv/tools/hermes-agent/lib/python3.12/site-packages/agent/conversation_loop.py", line 4020, in run_conversation
    agent._execute_tool_calls(assistant_message, messages, effective_task_id, api_call_count)
  File "/home/hermes/.local/share/uv/tools/hermes-agent/lib/python3.12/site-packages/run_agent.py", line 4783, in _execute_tool_calls
    return self._execute_tool_calls_sequential(
           ^^^^^^^^^^^^^^^^^^^^^^^^^^^^^^^^^^^^
  File "/home/hermes/.local/share/uv/tools/hermes-agent/lib/python3.12/site-packages/run_agent.py", line 4852, in _execute_tool_calls_sequential
    return execute_tool_calls_sequential(self, assistant_message, messages, effective_task_id, api_call_count)
           ^^^^^^^^^^^^^^^^^^^^^^^^^^^^^^^^^^^^^^^^^^^^^^^^^^^^^^^^^^^^^^^^^^^^^^^^^^^^^^^^^^^^^^^^^^^^^^^^^^^
  File "/home/hermes/.local/share/uv/tools/hermes-agent/lib/python3.12/site-packages/agent/tool_executor.py", line 1189, in execute_tool_calls_sequential
    subdir_hints = agent._subdirectory_hints.check_tool_call(function_name, function_args)
                   ^^^^^^^^^^^^^^^^^^^^^^^^^^^^^^^^^^^^^^^^^^^^^^^^^^^^^^^^^^^^^^^^^^^^^^^
  File "/home/hermes/.local/share/uv/tools/hermes-agent/lib/python3.12/site-packages/agent/subdirectory_hints.py", line 85, in check_tool_call
    dirs = self._extract_directories(tool_name, tool_args)
           ^^^^^^^^^^^^^^^^^^^^^^^^^^^^^^^^^^^^^^^^^^^^^^^
  File "/home/hermes/.local/share/uv/tools/hermes-agent/lib/python3.12/site-packages/agent/subdirectory_hints.py", line 116, in _extract_directories
    self._extract_paths_from_command(cmd, candidates)
  File "/home/hermes/.local/share/uv/tools/hermes-agent/lib/python3.12/site-packages/agent/subdirectory_hints.py", line 167, in _extract_paths_from_command
    self._add_path_candidate(token, candidates)
  File "/home/hermes/.local/share/uv/tools/hermes-agent/lib/python3.12/site-packages/agent/subdirectory_hints.py", line 130, in _add_path_candidate
    p = Path(raw_path).expanduser()
        ^^^^^^^^^^^^^^^^^^^^^^^^^^^
  File "/usr/lib/python3.12/pathlib.py", line 1408, in expanduser
    raise RuntimeError("Could not determine home directory.")
RuntimeError: Could not determine home directory.
2026-09-15 02:53:28,939 WARNING hermes_cli.config: providers.vultr: unknown config keys ignored: auth
2026-09-15 02:54:13,659 WARNING [20260914_223605_8297df] agent.tool_executor: Tool skill_manage returned error (0.00s): {"error": "file_content is required for 'write_file'.", "success": false}
2026-09-15 03:00:15,165 WARNING hermes_cli.config: providers.vultr: unknown config keys ignored: auth
2026-09-15 03:00:15,166 WARNING hermes_cli.config: providers.vultr: unknown config keys ignored: auth
2026-09-15 03:00:16,969 WARNING [20260911_182730_f57ae692] hermes_cli.config: providers.vultr: unknown config keys ignored: auth
2026-09-15 03:03:49,910 WARNING hermes_cli.config: providers.vultr: unknown config keys ignored: auth
2026-09-15 03:03:49,911 WARNING hermes_cli.config: providers.vultr: unknown config keys ignored: auth
2026-09-15 03:03:51,277 WARNING [20260914_223605_8297df] hermes_cli.config: providers.vultr: unknown config keys ignored: auth
2026-09-15 03:03:51,347 WARNING [20260914_223605_8297df] hermes_cli.config: providers.vultr: unknown config keys ignored: auth
2026-09-15 03:03:51,384 WARNING [20260914_223605_8297df] hermes_cli.config: providers.vultr: unknown config keys ignored: auth
2026-09-15 03:03:51,490 WARNING [20260914_223605_8297df] hermes_cli.config: providers.vultr: unknown config keys ignored: auth
2026-09-15 03:13:01,899 WARNING hermes_cli.config: providers.vultr: unknown config keys ignored: auth
2026-09-15 03:13:01,900 WARNING hermes_cli.config: providers.vultr: unknown config keys ignored: auth
2026-09-15 03:13:03,732 WARNING [20260914_152119_8f5d651e] hermes_cli.config: providers.vultr: unknown config keys ignored: auth
2026-09-15 03:14:03,107 WARNING [20260914_223605_8297df] agent.tool_executor: Tool cronjob returned error (0.00s): {"error": "Script path must be relative to ~/.hermes/scripts/. Got absolute or home-relative path: '/home/hermes/trader-sandbox/trader-sandbox.py'. Place scripts in ~/.hermes/scripts/ and use just the
2026-09-15 03:14:04,108 WARNING [20260914_223605_8297df] agent.tool_executor: Tool cronjob returned error (0.00s): {"error": "Script path must be relative to ~/.hermes/scripts/. Got absolute or home-relative path: '/home/hermes/trader-sandbox/trader-sandbox.py'. Place scripts in ~/.hermes/scripts/ and use just the
2026-09-15 03:14:19,904 WARNING hermes_cli.config: providers.vultr: unknown config keys ignored: auth
2026-09-15 03:15:30,870 WARNING agent.message_sanitization: Unrepairable tool_call arguments for skill_manage — replaced with empty object (was: {"action": "create", "category": "estrategia", "content": "---\nname: piloto-san)
2026-09-15 03:19:05,701 WARNING hermes_cli.config: providers.vultr: unknown config keys ignored: auth
2026-09-15 03:19:05,702 WARNING hermes_cli.config: providers.vultr: unknown config keys ignored: auth
2026-09-15 03:19:07,694 WARNING [20260914_223605_8297df] hermes_cli.config: providers.vultr: unknown config keys ignored: auth
