2026-09-03 03:40:17,209 INFO gateway.run: Starting Hermes Gateway...
2026-09-03 03:40:17,210 INFO gateway.run: Session storage: /home/hermes/.hermes/sessions
2026-09-03 03:40:17,228 INFO gateway.run: Agent budget: max_iterations=90 (agent.max_turns from config.yaml, or HERMES_MAX_ITERATIONS from .env, or default 90)
2026-09-03 03:40:17,228 INFO gateway.run: Secret redaction: ENABLED (tool output, logs, and chat responses are scrubbed before delivery)
2026-09-03 03:40:17,387 INFO gateway.run: Connecting to api_server...
2026-09-03 03:40:17,390 INFO gateway.platforms.api_server: [Api_Server] API server listening on http://0.0.0.0:8642 (model: hermes-agent)
2026-09-03 03:40:17,391 INFO gateway.run: ✓ api_server connected
2026-09-03 03:40:17,392 INFO gateway.run: Gateway running with 1 platform(s)
2026-09-03 03:40:17,395 INFO gateway.run: Channel directory built: 0 target(s)
2026-09-03 03:40:18,398 INFO gateway.run: Press Ctrl+C to stop
2026-09-03 03:40:18,405 INFO gateway.run: Cron ticker started (interval=60s)
2026-09-03 03:40:23,409 INFO gateway.run: kanban dispatcher: embedded in gateway (interval=60.0s)
2026-09-04 06:46:32,987 INFO gateway.run: Received SIGTERM — initiating shutdown
2026-09-04 06:46:32,987 WARNING gateway.run: Shutdown context: signal=SIGTERM under_systemd=yes parent_pid=1 parent_name=systemd loadavg_1m=1.05 parent_cmdline='/usr/lib/systemd/systemd --system --deserialize=111 vultr'
2026-09-04 06:46:32,990 INFO gateway.run: Stopping gateway...
2026-09-04 06:46:32,991 INFO gateway.run: Shutdown phase: notify_active_sessions done at +0.00s
2026-09-04 06:46:32,998 INFO gateway.run: Shutdown phase: drain done at +0.01s (drain took 0.01s, timed_out=False, active_at_start=0, active_now=0)
2026-09-04 06:46:33,005 INFO gateway.platforms.api_server: [Api_Server] API server stopped
2026-09-04 06:46:33,005 INFO gateway.run: ✓ api_server disconnected (0.01s)
2026-09-04 06:46:33,005 INFO gateway.run: Shutdown phase: all adapters disconnected at +0.01s
2026-09-04 06:46:33,333 INFO gateway.run: Shutdown phase: final-cleanup tool kill done at +0.34s
2026-09-04 06:46:33,342 INFO gateway.run: Shutdown phase: SessionDB close done at +0.35s
2026-09-04 06:46:33,345 INFO gateway.run: Gateway stopped (total teardown 0.35s)
2026-09-04 06:46:33,345 INFO gateway.run: Cron ticker stopped
2026-09-04 06:46:33,346 INFO gateway.run: Exiting with code 1 (signal-initiated shutdown without restart request) so systemd Restart=on-failure can revive the gateway.
2026-09-04 06:46:34,694 INFO gateway.run: Starting Hermes Gateway...
2026-09-04 06:46:34,695 INFO gateway.run: Session storage: /home/hermes/.hermes/sessions
2026-09-04 06:46:34,721 INFO gateway.run: Agent budget: max_iterations=90 (agent.max_turns from config.yaml, or HERMES_MAX_ITERATIONS from .env, or default 90)
2026-09-04 06:46:34,723 INFO gateway.run: Secret redaction: ENABLED (tool output, logs, and chat responses are scrubbed before delivery)
2026-09-04 06:46:34,734 INFO gateway.run: Previous gateway exited cleanly — skipping session suspension
2026-09-04 06:46:34,798 INFO gateway.run: Connecting to api_server...
2026-09-04 06:46:34,806 INFO gateway.platforms.api_server: [Api_Server] API server listening on http://0.0.0.0:8642 (model: hermes-agent)
2026-09-04 06:46:34,810 INFO gateway.run: ✓ api_server connected
2026-09-04 06:46:34,811 INFO gateway.run: Gateway running with 1 platform(s)
2026-09-04 06:46:34,816 INFO gateway.run: Channel directory built: 0 target(s)
2026-09-04 06:46:35,817 INFO gateway.run: Press Ctrl+C to stop
2026-09-04 06:46:35,828 INFO gateway.run: Cron ticker started (interval=60s)
2026-09-04 06:46:40,834 INFO gateway.run: kanban dispatcher: embedded in gateway (interval=60.0s)
2026-09-04 06:46:57,641 INFO gateway.run: Received SIGTERM — initiating shutdown
2026-09-04 06:46:57,641 WARNING gateway.run: Shutdown context: signal=SIGTERM under_systemd=yes parent_pid=1 parent_name=systemd loadavg_1m=1.10 parent_cmdline='/usr/lib/systemd/systemd --system --deserialize=111 vultr'
2026-09-04 06:46:57,642 INFO gateway.run: Stopping gateway...
2026-09-04 06:46:57,643 INFO gateway.run: Shutdown phase: notify_active_sessions done at +0.00s
2026-09-04 06:46:57,644 INFO gateway.run: Shutdown phase: drain done at +0.00s (drain took 0.00s, timed_out=False, active_at_start=0, active_now=0)
2026-09-04 06:46:57,646 INFO gateway.platforms.api_server: [Api_Server] API server stopped
2026-09-04 06:46:57,647 INFO gateway.run: ✓ api_server disconnected (0.00s)
2026-09-04 06:46:57,647 INFO gateway.run: Shutdown phase: all adapters disconnected at +0.00s
2026-09-04 06:46:57,729 INFO gateway.run: Shutdown phase: final-cleanup tool kill done at +0.09s
2026-09-04 06:46:57,729 INFO gateway.run: Shutdown phase: SessionDB close done at +0.09s
2026-09-04 06:46:57,731 INFO gateway.run: Gateway stopped (total teardown 0.09s)
2026-09-04 06:46:57,731 INFO gateway.run: Cron ticker stopped
2026-09-04 06:46:57,732 INFO gateway.run: Exiting with code 1 (signal-initiated shutdown without restart request) so systemd Restart=on-failure can revive the gateway.
2026-09-04 06:46:59,112 INFO gateway.run: Starting Hermes Gateway...
2026-09-04 06:46:59,112 INFO gateway.run: Session storage: /home/hermes/.hermes/sessions
2026-09-04 06:46:59,131 INFO gateway.run: Agent budget: max_iterations=90 (agent.max_turns from config.yaml, or HERMES_MAX_ITERATIONS from .env, or default 90)
2026-09-04 06:46:59,134 INFO gateway.run: Secret redaction: ENABLED (tool output, logs, and chat responses are scrubbed before delivery)
2026-09-04 06:46:59,146 INFO gateway.run: Previous gateway exited cleanly — skipping session suspension
2026-09-04 06:46:59,203 INFO gateway.run: Connecting to api_server...
2026-09-04 06:46:59,210 INFO gateway.platforms.api_server: [Api_Server] API server listening on http://0.0.0.0:8642 (model: hermes-agent)
2026-09-04 06:46:59,214 INFO gateway.run: ✓ api_server connected
2026-09-04 06:46:59,216 INFO gateway.run: Gateway running with 1 platform(s)
2026-09-04 06:46:59,222 INFO gateway.run: Channel directory built: 0 target(s)
2026-09-04 06:47:00,223 INFO gateway.run: Press Ctrl+C to stop
2026-09-04 06:47:00,233 INFO gateway.run: Cron ticker started (interval=60s)
2026-09-04 06:47:01,502 INFO gateway.run: Received SIGTERM — initiating shutdown
2026-09-04 06:47:01,502 WARNING gateway.run: Shutdown context: signal=SIGTERM under_systemd=yes parent_pid=1 parent_name=systemd loadavg_1m=1.10 parent_cmdline='/usr/lib/systemd/systemd --system --deserialize=111 vultr'
2026-09-04 06:47:01,503 INFO gateway.run: Stopping gateway...
2026-09-04 06:47:01,504 INFO gateway.run: Shutdown phase: notify_active_sessions done at +0.00s
2026-09-04 06:47:01,506 INFO gateway.run: Shutdown phase: drain done at +0.00s (drain took 0.00s, timed_out=False, active_at_start=0, active_now=0)
2026-09-04 06:47:01,509 INFO gateway.platforms.api_server: [Api_Server] API server stopped
2026-09-04 06:47:01,509 INFO gateway.run: ✓ api_server disconnected (0.00s)
2026-09-04 06:47:01,509 INFO gateway.run: Shutdown phase: all adapters disconnected at +0.01s
2026-09-04 06:47:01,611 INFO gateway.run: Shutdown phase: final-cleanup tool kill done at +0.11s
2026-09-04 06:47:01,612 INFO gateway.run: Shutdown phase: SessionDB close done at +0.11s
2026-09-04 06:47:01,613 INFO gateway.run: Gateway stopped (total teardown 0.11s)
2026-09-04 06:47:01,613 INFO gateway.run: Cron ticker stopped
2026-09-04 06:47:01,614 INFO gateway.run: Exiting with code 1 (signal-initiated shutdown without restart request) so systemd Restart=on-failure can revive the gateway.
2026-09-04 06:47:02,894 INFO gateway.run: Starting Hermes Gateway...
2026-09-04 06:47:02,894 INFO gateway.run: Session storage: /home/hermes/.hermes/sessions
2026-09-04 06:47:02,914 INFO gateway.run: Agent budget: max_iterations=90 (agent.max_turns from config.yaml, or HERMES_MAX_ITERATIONS from .env, or default 90)
2026-09-04 06:47:02,918 INFO gateway.run: Secret redaction: ENABLED (tool output, logs, and chat responses are scrubbed before delivery)
2026-09-04 06:47:02,930 INFO gateway.run: Previous gateway exited cleanly — skipping session suspension
2026-09-04 06:47:02,986 INFO gateway.run: Connecting to api_server...
2026-09-04 06:47:02,993 INFO gateway.platforms.api_server: [Api_Server] API server listening on http://0.0.0.0:8642 (model: hermes-agent)
2026-09-04 06:47:02,995 INFO gateway.run: ✓ api_server connected
2026-09-04 06:47:02,996 INFO gateway.run: Gateway running with 1 platform(s)
2026-09-04 06:47:03,003 INFO gateway.run: Channel directory built: 0 target(s)
2026-09-04 06:47:04,004 INFO gateway.run: Press Ctrl+C to stop
2026-09-04 06:47:04,012 INFO gateway.run: Cron ticker started (interval=60s)
2026-09-04 06:47:09,012 INFO gateway.run: kanban dispatcher: embedded in gateway (interval=60.0s)
2026-09-04 06:47:55,194 INFO gateway.run: Received SIGTERM — initiating shutdown
2026-09-04 06:47:55,194 WARNING gateway.run: Shutdown context: signal=SIGTERM under_systemd=yes parent_pid=1 parent_name=systemd loadavg_1m=1.09 parent_cmdline='/usr/lib/systemd/systemd --system --deserialize=111 vultr'
2026-09-04 06:47:55,201 INFO gateway.run: Stopping gateway...
2026-09-04 06:47:55,201 INFO gateway.run: Shutdown phase: notify_active_sessions done at +0.00s
2026-09-04 06:47:55,208 INFO gateway.run: Shutdown phase: drain done at +0.01s (drain took 0.01s, timed_out=False, active_at_start=0, active_now=0)
2026-09-04 06:47:55,210 INFO gateway.platforms.api_server: [Api_Server] API server stopped
2026-09-04 06:47:55,210 INFO gateway.run: ✓ api_server disconnected (0.00s)
2026-09-04 06:47:55,210 INFO gateway.run: Shutdown phase: all adapters disconnected at +0.01s
2026-09-04 06:47:55,343 INFO gateway.run: Shutdown phase: final-cleanup tool kill done at +0.14s
2026-09-04 06:47:55,343 INFO gateway.run: Shutdown phase: SessionDB close done at +0.14s
2026-09-04 06:47:55,345 INFO gateway.run: Gateway stopped (total teardown 0.14s)
2026-09-04 06:47:55,345 INFO gateway.run: Cron ticker stopped
2026-09-04 06:47:55,345 INFO gateway.run: Exiting with code 1 (signal-initiated shutdown without restart request) so systemd Restart=on-failure can revive the gateway.
2026-09-04 06:47:56,900 INFO gateway.run: Starting Hermes Gateway...
2026-09-04 06:47:56,900 INFO gateway.run: Session storage: /home/hermes/.hermes/sessions
2026-09-04 06:47:56,916 INFO gateway.run: Agent budget: max_iterations=90 (agent.max_turns from config.yaml, or HERMES_MAX_ITERATIONS from .env, or default 90)
2026-09-04 06:47:56,918 INFO gateway.run: Secret redaction: ENABLED (tool output, logs, and chat responses are scrubbed before delivery)
2026-09-04 06:47:56,924 INFO gateway.run: Previous gateway exited cleanly — skipping session suspension
2026-09-04 06:47:56,954 INFO gateway.run: Connecting to api_server...
2026-09-04 06:47:56,957 INFO gateway.platforms.api_server: [Api_Server] API server listening on http://0.0.0.0:8642 (model: hermes-agent)
2026-09-04 06:47:56,959 INFO gateway.run: ✓ api_server connected
2026-09-04 06:47:56,960 INFO gateway.run: Gateway running with 1 platform(s)
2026-09-04 06:47:56,962 INFO gateway.run: Channel directory built: 0 target(s)
2026-09-04 06:47:57,964 INFO gateway.run: Press Ctrl+C to stop
2026-09-04 06:47:57,972 INFO gateway.run: Cron ticker started (interval=60s)
2026-09-04 06:48:02,971 INFO gateway.run: kanban dispatcher: embedded in gateway (interval=60.0s)
2026-09-04 06:48:24,844 INFO gateway.run: Received SIGTERM — initiating shutdown
2026-09-04 06:48:24,845 WARNING gateway.run: Shutdown context: signal=SIGTERM under_systemd=yes parent_pid=1 parent_name=systemd loadavg_1m=1.29 parent_cmdline='/usr/lib/systemd/systemd --system --deserialize=73 vultr'
2026-09-04 06:48:24,850 INFO gateway.run: Stopping gateway...
2026-09-04 06:48:24,850 INFO gateway.run: Shutdown phase: notify_active_sessions done at +0.00s
2026-09-04 06:48:24,854 INFO gateway.run: Shutdown phase: drain done at +0.00s (drain took 0.00s, timed_out=False, active_at_start=0, active_now=0)
2026-09-04 06:48:24,856 INFO gateway.platforms.api_server: [Api_Server] API server stopped
2026-09-04 06:48:24,857 INFO gateway.run: ✓ api_server disconnected (0.00s)
2026-09-04 06:48:24,857 INFO gateway.run: Shutdown phase: all adapters disconnected at +0.01s
2026-09-04 06:48:25,076 INFO gateway.run: Shutdown phase: final-cleanup tool kill done at +0.23s
2026-09-04 06:48:25,077 INFO gateway.run: Shutdown phase: SessionDB close done at +0.23s
2026-09-04 06:48:25,079 INFO gateway.run: Gateway stopped (total teardown 0.23s)
2026-09-04 06:48:25,079 INFO gateway.run: Cron ticker stopped
2026-09-04 06:48:25,080 INFO gateway.run: Exiting with code 1 (signal-initiated shutdown without restart request) so systemd Restart=on-failure can revive the gateway.
2026-09-04 06:48:26,493 INFO gateway.run: Starting Hermes Gateway...
2026-09-04 06:48:26,493 INFO gateway.run: Session storage: /home/hermes/.hermes/sessions
2026-09-04 06:48:26,524 INFO gateway.run: Agent budget: max_iterations=90 (agent.max_turns from config.yaml, or HERMES_MAX_ITERATIONS from .env, or default 90)
2026-09-04 06:48:26,526 INFO gateway.run: Secret redaction: ENABLED (tool output, logs, and chat responses are scrubbed before delivery)
2026-09-04 06:48:26,545 INFO gateway.run: Previous gateway exited cleanly — skipping session suspension
2026-09-04 06:48:26,626 INFO gateway.run: Connecting to api_server...
2026-09-04 06:48:26,632 INFO gateway.platforms.api_server: [Api_Server] API server listening on http://0.0.0.0:8642 (model: hermes-agent)
2026-09-04 06:48:26,635 INFO gateway.run: ✓ api_server connected
2026-09-04 06:48:26,637 INFO gateway.run: Gateway running with 1 platform(s)
2026-09-04 06:48:26,642 INFO gateway.run: Channel directory built: 0 target(s)
2026-09-04 06:48:27,643 INFO gateway.run: Press Ctrl+C to stop
2026-09-04 06:48:27,652 INFO gateway.run: Cron ticker started (interval=60s)
2026-09-04 06:48:32,656 INFO gateway.run: kanban dispatcher: embedded in gateway (interval=60.0s)
2026-09-04 06:48:34,614 INFO gateway.run: Received SIGTERM — initiating shutdown
2026-09-04 06:48:34,615 WARNING gateway.run: Shutdown context: signal=SIGTERM under_systemd=yes parent_pid=1 parent_name=systemd loadavg_1m=1.63 parent_cmdline='/usr/lib/systemd/systemd --system --deserialize=75 vultr'
2026-09-04 06:48:34,616 INFO gateway.run: Stopping gateway...
2026-09-04 06:48:34,616 INFO gateway.run: Shutdown phase: notify_active_sessions done at +0.00s
2026-09-04 06:48:34,619 INFO gateway.run: Shutdown phase: drain done at +0.00s (drain took 0.00s, timed_out=False, active_at_start=0, active_now=0)
2026-09-04 06:48:34,621 INFO gateway.platforms.api_server: [Api_Server] API server stopped
2026-09-04 06:48:34,621 INFO gateway.run: ✓ api_server disconnected (0.00s)
2026-09-04 06:48:34,621 INFO gateway.run: Shutdown phase: all adapters disconnected at +0.01s
2026-09-04 06:48:34,717 INFO gateway.run: Shutdown phase: final-cleanup tool kill done at +0.10s
2026-09-04 06:48:34,718 INFO gateway.run: Shutdown phase: SessionDB close done at +0.10s
2026-09-04 06:48:34,719 INFO gateway.run: Gateway stopped (total teardown 0.10s)
2026-09-04 06:48:34,719 INFO gateway.run: Cron ticker stopped
2026-09-04 06:48:34,720 INFO gateway.run: Exiting with code 1 (signal-initiated shutdown without restart request) so systemd Restart=on-failure can revive the gateway.
2026-09-04 06:48:36,094 INFO gateway.run: Starting Hermes Gateway...
2026-09-04 06:48:36,094 INFO gateway.run: Session storage: /home/hermes/.hermes/sessions
2026-09-04 06:48:36,117 INFO gateway.run: Agent budget: max_iterations=90 (agent.max_turns from config.yaml, or HERMES_MAX_ITERATIONS from .env, or default 90)
2026-09-04 06:48:36,124 INFO gateway.run: Secret redaction: ENABLED (tool output, logs, and chat responses are scrubbed before delivery)
2026-09-04 06:48:36,136 INFO gateway.run: Previous gateway exited cleanly — skipping session suspension
2026-09-04 06:48:36,206 INFO gateway.run: Connecting to api_server...
2026-09-04 06:48:36,215 INFO gateway.platforms.api_server: [Api_Server] API server listening on http://0.0.0.0:8642 (model: hermes-agent)
2026-09-04 06:48:36,216 INFO gateway.run: ✓ api_server connected
2026-09-04 06:48:36,219 INFO gateway.run: Gateway running with 1 platform(s)
2026-09-04 06:48:36,226 INFO gateway.run: Channel directory built: 0 target(s)
2026-09-04 06:48:37,227 INFO gateway.run: Press Ctrl+C to stop
2026-09-04 06:48:37,234 INFO gateway.run: Cron ticker started (interval=60s)
2026-09-04 06:48:42,250 INFO gateway.run: kanban dispatcher: embedded in gateway (interval=60.0s)
2026-09-05 00:32:42,678 INFO gateway.run: Received SIGTERM — initiating shutdown
2026-09-05 00:32:42,678 WARNING gateway.run: Shutdown context: signal=SIGTERM under_systemd=yes parent_pid=1 parent_name=systemd loadavg_1m=0.10 parent_cmdline='/usr/lib/systemd/systemd --system --deserialize=75 vultr'
2026-09-05 00:32:42,680 INFO gateway.run: Stopping gateway...
2026-09-05 00:32:42,680 INFO gateway.run: Shutdown phase: notify_active_sessions done at +0.00s
2026-09-05 00:32:42,681 INFO gateway.run: Shutdown phase: drain done at +0.00s (drain took 0.00s, timed_out=False, active_at_start=0, active_now=0)
2026-09-05 00:32:42,686 INFO gateway.platforms.api_server: [Api_Server] API server stopped
2026-09-05 00:32:42,686 INFO gateway.run: ✓ api_server disconnected (0.00s)
2026-09-05 00:32:42,686 INFO gateway.run: Shutdown phase: all adapters disconnected at +0.01s
2026-09-05 00:32:42,795 INFO gateway.run: Shutdown phase: final-cleanup tool kill done at +0.12s
2026-09-05 00:32:42,797 INFO gateway.run: Shutdown phase: SessionDB close done at +0.12s
2026-09-05 00:32:42,798 INFO gateway.run: Gateway stopped (total teardown 0.12s)
2026-09-05 00:32:42,798 INFO gateway.run: Cron ticker stopped
2026-09-05 00:32:42,799 INFO gateway.run: Exiting with code 1 (signal-initiated shutdown without restart request) so systemd Restart=on-failure can revive the gateway.
2026-09-05 00:32:49,237 INFO gateway.run: Starting Hermes Gateway...
2026-09-05 00:32:49,237 INFO gateway.run: Session storage: /home/hermes/.hermes/sessions
2026-09-05 00:32:49,247 INFO gateway.run: Agent budget: max_iterations=90 (agent.max_turns from config.yaml, or HERMES_MAX_ITERATIONS from .env, or default 90)
2026-09-05 00:32:49,247 INFO gateway.run: Secret redaction: ENABLED (tool output, logs, and chat responses are scrubbed before delivery)
2026-09-05 00:32:49,252 INFO gateway.run: Previous gateway exited cleanly — skipping session suspension
2026-09-05 00:32:49,882 INFO gateway.run: Connecting to telegram...
2026-09-05 00:32:49,972 INFO gateway.platforms.telegram: [Telegram] Auto-discovered Telegram fallback IPs: 149.154.166.110
2026-09-05 00:32:49,972 INFO gateway.platforms.telegram: [Telegram] Telegram fallback IPs active: 149.154.166.110
2026-09-05 00:32:51,184 INFO gateway.platforms.telegram: [Telegram] set_my_commands OK for scope BotCommandScopeDefault (30 cmds)
2026-09-05 00:32:51,471 INFO gateway.platforms.telegram: [Telegram] set_my_commands OK for scope BotCommandScopeAllPrivateChats (30 cmds)
2026-09-05 00:32:51,762 INFO gateway.platforms.telegram: [Telegram] set_my_commands OK for scope BotCommandScopeAllGroupChats (30 cmds)
2026-09-05 00:32:51,762 INFO gateway.platforms.telegram: [Telegram] Telegram menu: 30 commands registered, 15 hidden (over 30 limit). Use /commands for full list.
2026-09-05 00:32:51,763 INFO gateway.platforms.telegram: [Telegram] Connected to Telegram (polling mode)
2026-09-05 00:32:51,765 INFO gateway.run: ✓ telegram connected
2026-09-05 00:32:51,801 INFO gateway.run: Connecting to api_server...
2026-09-05 00:32:51,806 INFO gateway.platforms.api_server: [Api_Server] API server listening on http://0.0.0.0:8642 (model: hermes-agent)
2026-09-05 00:32:51,808 INFO gateway.run: ✓ api_server connected
2026-09-05 00:32:51,809 INFO gateway.run: Gateway running with 2 platform(s)
2026-09-05 00:32:51,813 INFO gateway.run: Channel directory built: 0 target(s)
2026-09-05 00:32:52,814 INFO gateway.run: Press Ctrl+C to stop
2026-09-05 00:32:52,821 INFO gateway.run: Cron ticker started (interval=60s)
2026-09-05 00:32:57,844 INFO gateway.run: kanban dispatcher: embedded in gateway (interval=60.0s)
2026-09-05 00:33:20,387 INFO gateway.platforms.base: [Telegram] Sending response (3225 chars) to 8944451892
2026-09-05 00:33:27,523 INFO gateway.platforms.telegram: [Telegram] Flushing text batch agent:main:telegram:dm:8944451892 (2 chars)
2026-09-05 00:33:27,524 INFO gateway.run: inbound message: platform=telegram user=Rob chat=8944451892 msg='Oi'
2026-09-05 00:33:34,332 INFO gateway.run: Suppressing normal final send for session agent:main:telegram:dm:8944451892: final delivery already confirmed (streamed=True previewed=False content_delivered=True).
2026-09-05 00:33:34,332 INFO gateway.run: response ready: platform=telegram chat=8944451892 time=6.8s api_calls=1 response=51 chars
2026-09-05 00:33:45,883 INFO gateway.platforms.telegram: [Telegram] Flushing text batch agent:main:telegram:dm:8944451892 (31 chars)
2026-09-05 00:33:45,884 INFO gateway.run: inbound message: platform=telegram user=Rob chat=8944451892 msg='Boa, você consegue ver imagens?'
2026-09-05 00:33:49,434 INFO gateway.run: Suppressing normal final send for session agent:main:telegram:dm:8944451892: final delivery already confirmed (streamed=True previewed=False content_delivered=True).
2026-09-05 00:33:49,434 INFO gateway.run: response ready: platform=telegram chat=8944451892 time=3.6s api_calls=1 response=249 chars
2026-09-05 00:34:22,766 INFO gateway.platforms.telegram: [Telegram] Flushing text batch agent:main:telegram:dm:8944451892 (78 chars)
2026-09-05 00:34:22,767 INFO gateway.run: inbound message: platform=telegram user=Rob chat=8944451892 msg='Você vai cuidar de mim e de umas empresas e projetos meus, você é o Claudinho!'
2026-09-05 00:34:29,650 INFO gateway.run: Suppressing normal final send for session agent:main:telegram:dm:8944451892: final delivery already confirmed (streamed=True previewed=False content_delivered=True).
2026-09-05 00:34:29,650 INFO gateway.run: response ready: platform=telegram chat=8944451892 time=6.9s api_calls=2 response=103 chars
2026-09-05 00:37:52,508 INFO gateway.platforms.telegram: [Telegram] Cached user voice at /home/hermes/.hermes/audio_cache/audio_1bfe6b3a9176.ogg
2026-09-05 00:37:52,509 INFO gateway.run: inbound message: platform=telegram user=Rob chat=8944451892 msg=''
2026-09-05 00:38:09,730 INFO gateway.run: Suppressing normal final send for session agent:main:telegram:dm:8944451892: final delivery already confirmed (streamed=True previewed=False content_delivered=True).
2026-09-05 00:38:09,730 INFO gateway.run: response ready: platform=telegram chat=8944451892 time=17.2s api_calls=1 response=211 chars
2026-09-05 01:12:31,008 WARNING gateway.platforms.telegram: [Telegram] Telegram network error, scheduling reconnect: Bad Gateway
2026-09-05 01:12:31,009 WARNING gateway.platforms.telegram: [Telegram] Telegram network error (attempt 1/10), reconnecting in 5s. Error: Bad Gateway
2026-09-05 01:12:40,218 WARNING gateway.platforms.telegram: [Telegram] Telegram polling reconnect failed: Bad Gateway
2026-09-05 01:12:40,218 WARNING gateway.platforms.telegram: [Telegram] Telegram network error (attempt 2/10), reconnecting in 10s. Error: Bad Gateway
2026-09-05 01:13:10,553 WARNING gateway.platforms.telegram: [Telegram] Telegram polling reconnect failed: Timed out
2026-09-05 01:13:10,553 WARNING gateway.platforms.telegram: [Telegram] Telegram network error (attempt 3/10), reconnecting in 20s. Error: Timed out
2026-09-05 01:13:50,899 WARNING gateway.platforms.telegram: [Telegram] Telegram polling reconnect failed: Timed out
2026-09-05 01:13:50,900 WARNING gateway.platforms.telegram: [Telegram] Telegram network error (attempt 4/10), reconnecting in 40s. Error: Timed out
2026-09-05 01:14:31,405 INFO gateway.platforms.telegram: [Telegram] Telegram polling resumed after network error (attempt 4)
2026-09-05 01:19:01,423 INFO gateway.platforms.telegram: [Telegram] Cached user voice at /home/hermes/.hermes/audio_cache/audio_ed403a9a262d.ogg
2026-09-05 01:19:01,424 INFO gateway.run: inbound message: platform=telegram user=Rob chat=8944451892 msg=''
2026-09-05 01:19:07,348 INFO gateway.run: Suppressing normal final send for session agent:main:telegram:dm:8944451892: final delivery already confirmed (streamed=True previewed=False content_delivered=True).
2026-09-05 01:19:07,349 INFO gateway.run: response ready: platform=telegram chat=8944451892 time=5.9s api_calls=1 response=160 chars
2026-09-05 02:24:00,142 INFO gateway.run: Agent cache idle-TTL evict: session=agent:main:telegram:dm:8944451892 (idle=3894s)
2026-09-05 02:24:00,142 INFO gateway.run: Agent cache idle sweep: evicted 1 agent(s)
2026-09-05 04:04:05,896 INFO gateway.run: Session expiry: 1 sessions to finalize (telegram:1)
2026-09-05 04:04:05,897 INFO gateway.run: Session expiry done: 1 finalized
2026-09-08 22:43:37,075 INFO gateway.platforms.telegram: [Telegram] Flushing text batch agent:main:telegram:dm:8944451892 (147 chars)
2026-09-08 22:43:37,077 INFO gateway.run: inbound message: platform=telegram user=Rob chat=8944451892 msg='Podemos fazer perfis diferentes aqui? Quero fazer um perfil pessoal, um outro pr'
2026-09-08 22:44:17,774 INFO gateway.platforms.telegram: Telegram button resolved 1 approval(s) for session agent:main:telegram:dm:8944451892 (choice=always, user=Rob)
2026-09-08 22:45:47,572 INFO gateway.platforms.telegram: Telegram clarify button resolved (id=0fccc6b30e, choice='Bots separados no Telegram — vou criar os 2 bots no @BotFather e te mandar os tokens', user=Rob)
2026-09-08 22:46:01,370 INFO gateway.run: Suppressing normal final send for session agent:main:telegram:dm:8944451892: final delivery already confirmed (streamed=True previewed=False content_delivered=True).
2026-09-08 22:46:01,371 INFO gateway.run: response ready: platform=telegram chat=8944451892 time=144.3s api_calls=10 response=883 chars
2026-09-08 22:46:25,301 INFO gateway.platforms.telegram: [Telegram] Flushing text batch agent:main:telegram:dm:8944451892 (56 chars)
2026-09-08 22:46:25,301 INFO gateway.run: inbound message: platform=telegram user=Rob chat=8944451892 msg='Você não consegue criar os bots no botfather sozinho aí?'
2026-09-08 22:49:38,670 INFO gateway.platforms.telegram: [Telegram] Flushing text batch agent:main:telegram:dm:8944451892 (681 chars)
2026-09-08 22:49:50,295 INFO gateway.platforms.telegram: Telegram button resolved 1 approval(s) for session agent:main:telegram:dm:8944451892 (choice=once, user=Rob)
2026-09-08 22:52:25,472 INFO gateway.platforms.telegram: [Telegram] Flushing text batch agent:main:telegram:dm:8944451892 (67 chars)
2026-09-08 22:52:33,722 INFO gateway.run: Queued follow-up for session agent:main:telegram:dm:8944451892: skipping resend because final streamed delivery was confirmed.
2026-09-08 22:57:26,719 INFO gateway.platforms.telegram: Telegram button resolved 1 approval(s) for session agent:main:telegram:dm:8944451892 (choice=always, user=Rob)
2026-09-08 23:01:49,761 INFO gateway.platforms.telegram: Telegram button resolved 1 approval(s) for session agent:main:telegram:dm:8944451892 (choice=always, user=Rob)
2026-09-08 23:03:23,378 INFO gateway.run: kanban dispatcher: reaped 1 zombie worker(s), pids=[109370]
2026-09-08 23:06:24,278 INFO gateway.run: Suppressing normal final send for session agent:main:telegram:dm:8944451892: final delivery already confirmed (streamed=True previewed=False content_delivered=True).
2026-09-08 23:06:24,278 INFO gateway.run: response ready: platform=telegram chat=8944451892 time=1199.0s api_calls=32 response=1636 chars
2026-09-08 23:11:25,508 INFO gateway.platforms.telegram: [Telegram] Flushing text batch agent:main:telegram:dm:8944451892 (636 chars)
2026-09-08 23:11:25,509 INFO gateway.run: inbound message: platform=telegram user=Rob chat=8944451892 msg='Done! Congratulations on your new bot. You will find it at t.me/Claudemirera4bot'
2026-09-08 23:17:07,316 INFO gateway.run: response ready: platform=telegram chat=8944451892 time=341.8s api_calls=3 response=60 chars
2026-09-08 23:17:07,330 INFO gateway.platforms.base: [Telegram] Sending response (60 chars) to 8944451892
2026-09-09 00:07:03,532 INFO gateway.platforms.telegram: [Telegram] Flushing text batch agent:main:telegram:dm:8944451892 (1 chars)
2026-09-09 00:07:03,533 INFO gateway.run: inbound message: platform=telegram user=Rob chat=8944451892 msg='?'
2026-09-09 00:14:24,449 INFO gateway.platforms.telegram: Telegram clarify button resolved (id=3769164f25, choice='Pode rodar', user=Rob)
2026-09-09 00:14:49,860 INFO gateway.platforms.telegram: Telegram button resolved 1 approval(s) for session agent:main:telegram:dm:8944451892 (choice=always, user=Rob)
2026-09-09 00:24:50,453 INFO [20260908_231152_11a1b2] gateway.run: Session split detected: 20260908_224337_6d486d96 → 20260909_000729_3e26cb (compression)
2026-09-09 00:24:51,543 INFO gateway.run: Suppressing normal final send for session agent:main:telegram:dm:8944451892: final delivery already confirmed (streamed=True previewed=False content_delivered=True).
2026-09-09 00:24:51,544 INFO gateway.run: response ready: platform=telegram chat=8944451892 time=1068.0s api_calls=16 response=1775 chars
2026-09-09 01:29:29,594 INFO gateway.run: Agent cache idle-TTL evict: session=agent:main:telegram:dm:8944451892 (idle=3879s)
2026-09-09 01:29:29,595 INFO gateway.run: Agent cache idle sweep: evicted 1 agent(s)
2026-09-09 04:04:38,463 INFO gateway.run: Session expiry: 1 sessions to finalize (telegram:1)
2026-09-09 04:04:38,465 INFO gateway.run: Session expiry done: 1 finalized
2026-09-09 12:37:30,161 INFO gateway.platforms.telegram: [Telegram] Flushing text batch agent:main:telegram:dm:8944451892 (116 chars)
2026-09-09 12:37:30,162 INFO gateway.run: inbound message: platform=telegram user=Rob chat=8944451892 msg='tem como fazer um grupo com os 3 falando? e grupos pra ver o que os subagentes d'
2026-09-09 12:57:14,505 INFO gateway.run: Suppressing normal final send for session agent:main:telegram:dm:8944451892: final delivery already confirmed (streamed=True previewed=False content_delivered=True).
2026-09-09 12:57:14,505 INFO gateway.run: response ready: platform=telegram chat=8944451892 time=1184.3s api_calls=6 response=631 chars
2026-09-09 14:00:12,341 INFO gateway.run: Agent cache idle-TTL evict: session=agent:main:telegram:dm:8944451892 (idle=3779s)
2026-09-09 14:00:12,342 INFO gateway.run: Agent cache idle sweep: evicted 1 agent(s)
2026-09-09 14:45:19,846 INFO gateway.platforms.telegram: [Telegram] Cached user photo at /home/hermes/.hermes/image_cache/img_ce84494da580.jpg
2026-09-09 14:45:20,598 INFO gateway.platforms.telegram: [Telegram] Cached user photo at /home/hermes/.hermes/image_cache/img_d5cf0b2cd003.jpg
2026-09-09 14:45:21,242 INFO gateway.platforms.telegram: [Telegram] Cached user photo at /home/hermes/.hermes/image_cache/img_d7fba5b7b2c7.jpg
2026-09-09 14:45:21,400 INFO gateway.run: inbound message: platform=telegram user=Rob chat=8944451892 msg=''
2026-09-09 14:45:22,144 INFO gateway.run: Image routing: text (mode=text). Pre-analyzing 3 image(s) via vision_analyze.
2026-09-09 14:45:22,425 INFO gateway.platforms.telegram: [Telegram] Cached user photo at /home/hermes/.hermes/image_cache/img_c0839f762a4c.jpg
2026-09-09 14:45:23,161 INFO gateway.platforms.telegram: [Telegram] Cached user photo at /home/hermes/.hermes/image_cache/img_8ed58b0616a8.jpg
2026-09-09 14:45:24,870 INFO gateway.platforms.telegram: [Telegram] Flushing text batch agent:main:telegram:dm:8944451892 (55 chars)
2026-09-09 14:47:04,223 INFO gateway.platforms.telegram: Telegram button resolved 1 approval(s) for session agent:main:telegram:dm:8944451892 (choice=always, user=Rob)
2026-09-09 14:58:00,257 INFO gateway.run: Queued follow-up for session agent:main:telegram:dm:8944451892: skipping resend because final streamed delivery was confirmed.
2026-09-09 14:58:00,258 INFO gateway.run: Image routing: text (mode=text). Pre-analyzing 2 image(s) via vision_analyze.
2026-09-09 15:06:50,647 WARNING gateway.platforms.telegram: Telegram clarify button: resolve_gateway_clarify returned False (id=a22b76c6e4)
2026-09-09 15:11:05,898 INFO gateway.run: Suppressing normal final send for session agent:main:telegram:dm:8944451892: final delivery already confirmed (streamed=True previewed=False content_delivered=True).
2026-09-09 15:11:05,899 INFO gateway.run: response ready: platform=telegram chat=8944451892 time=1544.5s api_calls=8 response=812 chars
2026-09-09 15:20:08,440 INFO gateway.platforms.telegram: [Telegram] Cached user photo at /home/hermes/.hermes/image_cache/img_4b5c15246b76.jpg
2026-09-09 15:20:09,213 INFO gateway.platforms.telegram: [Telegram] Cached user photo at /home/hermes/.hermes/image_cache/img_c0c1b38e979f.jpg
2026-09-09 15:20:09,862 INFO gateway.platforms.telegram: [Telegram] Cached user photo at /home/hermes/.hermes/image_cache/img_022118b6af5c.jpg
2026-09-09 15:20:10,015 INFO gateway.run: inbound message: platform=telegram user=Rob chat=8944451892 msg='Analise estes também e veja o que pode ser útil pra gente'
2026-09-09 15:20:10,293 INFO gateway.run: Image routing: text (mode=text). Pre-analyzing 3 image(s) via vision_analyze.
2026-09-09 15:20:10,576 INFO gateway.platforms.telegram: [Telegram] Cached user photo at /home/hermes/.hermes/image_cache/img_be60a75f5858.jpg
2026-09-09 15:20:11,139 INFO gateway.platforms.telegram: [Telegram] Cached user photo at /home/hermes/.hermes/image_cache/img_87b2d7d4a456.jpg
2026-09-09 15:20:11,691 INFO gateway.platforms.telegram: [Telegram] Cached user photo at /home/hermes/.hermes/image_cache/img_83e3b3059778.jpg
2026-09-09 15:20:12,589 INFO gateway.platforms.telegram: [Telegram] Cached user photo at /home/hermes/.hermes/image_cache/img_65c6480eb8e7.jpg
2026-09-09 15:20:13,114 INFO gateway.platforms.telegram: [Telegram] Cached user photo at /home/hermes/.hermes/image_cache/img_4d84f64dd28b.jpg
2026-09-09 15:20:13,632 INFO gateway.platforms.telegram: [Telegram] Cached user photo at /home/hermes/.hermes/image_cache/img_2f3d71db0455.jpg
2026-09-09 15:20:14,335 INFO gateway.platforms.telegram: [Telegram] Cached user photo at /home/hermes/.hermes/image_cache/img_adadc206c794.jpg
2026-09-09 15:22:29,560 INFO gateway.run: Queued follow-up for session agent:main:telegram:dm:8944451892: skipping resend because final streamed delivery was confirmed.
2026-09-09 15:22:29,561 INFO gateway.run: Image routing: text (mode=text). Pre-analyzing 7 image(s) via vision_analyze.
2026-09-09 15:26:42,448 INFO gateway.run: Suppressing normal final send for session agent:main:telegram:dm:8944451892: final delivery already confirmed (streamed=True previewed=False content_delivered=True).
2026-09-09 15:26:42,449 INFO gateway.run: response ready: platform=telegram chat=8944451892 time=392.4s api_calls=3 response=2845 chars
2026-09-09 15:29:06,904 INFO gateway.platforms.telegram: [Telegram] Flushing text batch agent:main:telegram:dm:8944451892 (3 chars)
2026-09-09 15:29:06,905 INFO gateway.run: inbound message: platform=telegram user=Rob chat=8944451892 msg='Vai'
2026-09-09 15:31:15,095 INFO gateway.platforms.telegram: Telegram button resolved 1 approval(s) for session agent:main:telegram:dm:8944451892 (choice=always, user=Rob)
2026-09-09 15:38:59,571 INFO gateway.run: Suppressing normal final send for session agent:main:telegram:dm:8944451892: final delivery already confirmed (streamed=True previewed=False content_delivered=True).
2026-09-09 15:38:59,571 INFO gateway.run: response ready: platform=telegram chat=8944451892 time=592.7s api_calls=12 response=1918 chars
2026-09-09 16:40:22,144 INFO gateway.run: Agent cache idle-TTL evict: session=agent:main:telegram:dm:8944451892 (idle=3684s)
2026-09-09 16:40:22,145 INFO gateway.run: Agent cache idle sweep: evicted 1 agent(s)
2026-09-09 16:52:32,922 INFO gateway.platforms.telegram: [Telegram] Flushing text batch agent:main:telegram:dm:8944451892 (713 chars)
2026-09-09 16:52:32,923 INFO gateway.run: inbound message: platform=telegram user=Rob chat=8944451892 msg='Não entendi nada disso: Fila pra você decidir (4): 1. Headroom nos gateways — in'
2026-09-09 16:53:36,849 INFO [20260909_123730_de34963d] gateway.run: Session split detected: 20260909_123730_de34963d → 20260909_165312_4039f4 (compression)
2026-09-09 16:53:37,962 INFO gateway.run: Suppressing normal final send for session agent:main:telegram:dm:8944451892: final delivery already confirmed (streamed=True previewed=False content_delivered=True).
2026-09-09 16:53:37,962 INFO gateway.run: response ready: platform=telegram chat=8944451892 time=65.0s api_calls=2 response=1784 chars
2026-09-09 16:59:30,872 INFO gateway.platforms.telegram: [Telegram] Flushing text batch agent:main:telegram:dm:8944451892 (149 chars)
2026-09-09 16:59:30,873 INFO gateway.run: inbound message: platform=telegram user=Rob chat=8944451892 msg='1. sim, 2. eu tenho a senha, 3. agora tb e 4 bora. vou pedir para voce ir me per'
2026-09-09 17:04:35,720 INFO gateway.platforms.telegram: Telegram clarify button resolved (id=5d5370a7df, choice='Fiz! Colando o token aqui em baixo 👇', user=Rob)
2026-09-09 17:04:38,996 INFO gateway.platforms.telegram: [Telegram] Flushing text batch agent:main:telegram:dm:8944451892 (634 chars)
2026-09-09 17:05:08,151 INFO gateway.run: Queued follow-up for session agent:main:telegram:dm:8944451892: skipping resend because final streamed delivery was confirmed.
2026-09-09 17:07:44,848 INFO gateway.run: Suppressing normal final send for session agent:main:telegram:dm:8944451892: final delivery already confirmed (streamed=True previewed=False content_delivered=True).
2026-09-09 17:07:44,849 INFO gateway.run: response ready: platform=telegram chat=8944451892 time=494.0s api_calls=21 response=803 chars
2026-09-09 17:11:29,196 INFO gateway.platforms.telegram: [Telegram] Flushing text batch agent:main:telegram:dm:8944451892 (13 chars)
2026-09-09 17:11:29,197 INFO gateway.run: inbound message: platform=telegram user=Rob chat=8944451892 msg='ele respondeu'
2026-09-09 17:22:01,112 INFO gateway.run: Suppressing normal final send for session agent:main:telegram:dm:8944451892: final delivery already confirmed (streamed=True previewed=False content_delivered=True).
2026-09-09 17:22:01,112 INFO gateway.run: response ready: platform=telegram chat=8944451892 time=631.9s api_calls=5 response=883 chars
2026-09-09 17:22:38,377 INFO gateway.platforms.telegram: [Telegram] Flushing text batch agent:main:telegram:dm:8944451892 (5 chars)
2026-09-09 17:22:38,377 INFO gateway.run: inbound message: platform=telegram user=Rob chat=8944451892 msg='agora'
2026-09-09 17:22:59,278 INFO gateway.platforms.telegram: [Telegram] Cached user image-document at /home/hermes/.hermes/image_cache/img_bb6ad5fda6fc.png
2026-09-09 17:23:00,079 INFO gateway.platforms.telegram: [Telegram] Flushing photo batch agent:main:telegram:dm:8944451892:photo-burst with 1 image(s)
2026-09-09 17:23:02,043 INFO gateway.run: Image routing: text (mode=text). Pre-analyzing 1 image(s) via vision_analyze.
2026-09-09 17:28:25,978 INFO gateway.run: Suppressing normal final send for session agent:main:telegram:dm:8944451892: final delivery already confirmed (streamed=True previewed=False content_delivered=True).
2026-09-09 17:28:25,979 INFO gateway.run: response ready: platform=telegram chat=8944451892 time=347.6s api_calls=12 response=2299 chars
2026-09-09 17:29:10,994 INFO gateway.run: Process proc_2b2025585dbb finished — injecting agent notification for session agent:main:telegram:dm:8944451892 chat=8944451892 thread=None
2026-09-09 17:29:10,994 INFO gateway.run: inbound message: platform=telegram user=Rob chat=8944451892 msg='[IMPORTANT: Background process proc_2b2025585dbb completed (exit code 0). Comman'
2026-09-09 17:30:45,897 INFO gateway.run: Received SIGTERM as a planned --replace takeover — exiting cleanly
2026-09-09 17:30:45,897 WARNING gateway.run: Shutdown context: signal=SIGTERM under_systemd=yes parent_pid=1 parent_name=systemd loadavg_1m=0.51 parent_cmdline='/usr/lib/systemd/systemd --system --deserialize=75 vultr'
2026-09-09 17:30:45,898 INFO gateway.run: Stopping gateway...
2026-09-09 17:30:46,452 INFO gateway.run: Sent shutdown notification to active chat telegram:8944451892
2026-09-09 17:30:46,452 INFO gateway.run: Shutdown phase: notify_active_sessions done at +0.55s
2026-09-09 17:30:56,592 INFO gateway.run: Starting Hermes Gateway...
2026-09-09 17:30:56,592 INFO gateway.run: Session storage: /home/hermes/.hermes/sessions
2026-09-09 17:30:56,601 INFO gateway.run: Agent budget: max_iterations=90 (agent.max_turns from config.yaml, or HERMES_MAX_ITERATIONS from .env, or default 90)
2026-09-09 17:30:56,601 INFO gateway.run: Secret redaction: ENABLED (tool output, logs, and chat responses are scrubbed before delivery)
2026-09-09 17:30:56,714 INFO gateway.run: Connecting to telegram...
2026-09-09 17:30:56,783 INFO gateway.platforms.telegram: [Telegram] Auto-discovered Telegram fallback IPs: 149.154.166.110
2026-09-09 17:30:56,783 INFO gateway.platforms.telegram: [Telegram] Telegram fallback IPs active: 149.154.166.110
2026-09-09 17:30:58,200 INFO gateway.platforms.telegram: [Telegram] set_my_commands OK for scope BotCommandScopeDefault (30 cmds)
2026-09-09 17:31:00,485 INFO gateway.platforms.telegram: [Telegram] set_my_commands OK for scope BotCommandScopeAllPrivateChats (30 cmds)
2026-09-09 17:31:00,812 INFO gateway.platforms.telegram: [Telegram] set_my_commands OK for scope BotCommandScopeAllGroupChats (30 cmds)
2026-09-09 17:31:00,812 INFO gateway.platforms.telegram: [Telegram] Telegram menu: 30 commands registered, 68 hidden (over 30 limit). Use /commands for full list.
2026-09-09 17:31:00,814 INFO gateway.platforms.telegram: [Telegram] Connected to Telegram (polling mode)
2026-09-09 17:31:00,815 INFO gateway.run: ✓ telegram connected
2026-09-09 17:31:00,841 INFO gateway.run: Connecting to api_server...
2026-09-09 17:31:00,846 INFO gateway.platforms.api_server: [Api_Server] API server listening on http://0.0.0.0:8642 (model: hermes-agent)
2026-09-09 17:31:00,847 INFO gateway.run: ✓ api_server connected
2026-09-09 17:31:00,848 INFO gateway.run: Gateway running with 2 platform(s)
2026-09-09 17:31:00,852 INFO gateway.run: Channel directory built: 1 target(s)
2026-09-09 17:31:01,853 INFO gateway.run: Scheduled auto-resume for 1 restart-interrupted session(s)
2026-09-09 17:31:01,853 INFO gateway.run: Press Ctrl+C to stop
2026-09-09 17:31:01,860 INFO gateway.run: Cron ticker started (interval=60s)
2026-09-09 17:31:01,935 INFO gateway.run: inbound message: platform=telegram user=Rob chat=8944451892 msg=''
2026-09-09 17:31:06,885 INFO gateway.run: kanban dispatcher: embedded in gateway (interval=60.0s)
2026-09-09 17:31:08,343 INFO gateway.run: Received SIGTERM as a planned --replace takeover — exiting cleanly
2026-09-09 17:31:08,344 WARNING gateway.run: Shutdown context: signal=SIGTERM under_systemd=yes parent_pid=109079 parent_name=systemd loadavg_1m=0.44 parent_cmdline='/usr/lib/systemd/systemd --user'
2026-09-09 17:31:08,345 INFO gateway.run: Stopping gateway...
2026-09-09 17:31:09,019 INFO gateway.run: Sent shutdown notification to active chat telegram:8944451892
2026-09-09 17:31:09,019 INFO gateway.run: Shutdown phase: notify_active_sessions done at +0.67s
2026-09-09 17:31:19,025 INFO gateway.run: Starting Hermes Gateway...
2026-09-09 17:31:19,025 INFO gateway.run: Session storage: /home/hermes/.hermes/sessions
2026-09-09 17:31:19,035 INFO gateway.run: Agent budget: max_iterations=90 (agent.max_turns from config.yaml, or HERMES_MAX_ITERATIONS from .env, or default 90)
2026-09-09 17:31:19,035 INFO gateway.run: Secret redaction: ENABLED (tool output, logs, and chat responses are scrubbed before delivery)
2026-09-09 17:31:19,149 INFO gateway.run: Connecting to telegram...
2026-09-09 17:31:19,220 INFO gateway.platforms.telegram: [Telegram] Auto-discovered Telegram fallback IPs: 149.154.166.110
2026-09-09 17:31:19,220 INFO gateway.platforms.telegram: [Telegram] Telegram fallback IPs active: 149.154.166.110
2026-09-09 17:31:21,281 INFO gateway.platforms.telegram: [Telegram] set_my_commands OK for scope BotCommandScopeDefault (30 cmds)
2026-09-09 17:31:22,142 INFO gateway.platforms.telegram: [Telegram] set_my_commands OK for scope BotCommandScopeAllPrivateChats (30 cmds)
2026-09-09 17:31:22,649 INFO gateway.platforms.telegram: [Telegram] set_my_commands OK for scope BotCommandScopeAllGroupChats (30 cmds)
2026-09-09 17:31:22,649 INFO gateway.platforms.telegram: [Telegram] Telegram menu: 30 commands registered, 68 hidden (over 30 limit). Use /commands for full list.
2026-09-09 17:31:22,651 INFO gateway.platforms.telegram: [Telegram] Connected to Telegram (polling mode)
2026-09-09 17:31:22,653 INFO gateway.run: ✓ telegram connected
2026-09-09 17:31:22,677 INFO gateway.run: Connecting to api_server...
2026-09-09 17:31:22,681 INFO gateway.platforms.api_server: [Api_Server] API server listening on http://0.0.0.0:8642 (model: hermes-agent)
2026-09-09 17:31:22,683 INFO gateway.run: ✓ api_server connected
2026-09-09 17:31:22,684 INFO gateway.run: Gateway running with 2 platform(s)
2026-09-09 17:31:22,688 INFO gateway.run: Channel directory built: 1 target(s)
2026-09-09 17:31:23,690 INFO gateway.run: Scheduled auto-resume for 1 restart-interrupted session(s)
2026-09-09 17:31:23,690 INFO gateway.run: Press Ctrl+C to stop
2026-09-09 17:31:23,699 INFO gateway.run: Cron ticker started (interval=60s)
2026-09-09 17:31:23,734 INFO gateway.run: inbound message: platform=telegram user=Rob chat=8944451892 msg=''
2026-09-09 17:31:26,526 INFO gateway.run: Received SIGTERM as a planned --replace takeover — exiting cleanly
2026-09-09 17:31:26,527 WARNING gateway.run: Shutdown context: signal=SIGTERM under_systemd=yes parent_pid=1 parent_name=systemd loadavg_1m=0.32 parent_cmdline='/usr/lib/systemd/systemd --system --deserialize=75 vultr'
2026-09-09 17:31:26,530 INFO gateway.run: Stopping gateway...
2026-09-09 17:31:26,530 INFO gateway.run: Shutdown phase: notify_active_sessions done at +0.00s
2026-09-09 17:31:28,697 INFO gateway.run: kanban dispatcher: embedded in gateway (interval=60.0s)
2026-09-09 17:31:35,227 INFO gateway.run: Starting Hermes Gateway...
2026-09-09 17:31:35,227 INFO gateway.run: Session storage: /home/hermes/.hermes/sessions
2026-09-09 17:31:35,236 INFO gateway.run: Agent budget: max_iterations=90 (agent.max_turns from config.yaml, or HERMES_MAX_ITERATIONS from .env, or default 90)
2026-09-09 17:31:35,237 INFO gateway.run: Secret redaction: ENABLED (tool output, logs, and chat responses are scrubbed before delivery)
2026-09-09 17:31:35,343 INFO gateway.run: Connecting to telegram...
2026-09-09 17:31:35,410 INFO gateway.platforms.telegram: [Telegram] Auto-discovered Telegram fallback IPs: 149.154.166.110
2026-09-09 17:31:35,410 INFO gateway.platforms.telegram: [Telegram] Telegram fallback IPs active: 149.154.166.110
2026-09-09 17:31:36,695 INFO gateway.platforms.telegram: [Telegram] set_my_commands OK for scope BotCommandScopeDefault (30 cmds)
2026-09-09 17:31:37,000 INFO gateway.platforms.telegram: [Telegram] set_my_commands OK for scope BotCommandScopeAllPrivateChats (30 cmds)
2026-09-09 17:31:37,307 INFO gateway.platforms.telegram: [Telegram] set_my_commands OK for scope BotCommandScopeAllGroupChats (30 cmds)
2026-09-09 17:31:37,307 INFO gateway.platforms.telegram: [Telegram] Telegram menu: 30 commands registered, 68 hidden (over 30 limit). Use /commands for full list.
2026-09-09 17:31:37,308 INFO gateway.platforms.telegram: [Telegram] Connected to Telegram (polling mode)
2026-09-09 17:31:37,310 INFO gateway.run: ✓ telegram connected
2026-09-09 17:31:37,337 INFO gateway.run: Connecting to api_server...
2026-09-09 17:31:37,341 INFO gateway.platforms.api_server: [Api_Server] API server listening on http://0.0.0.0:8642 (model: hermes-agent)
2026-09-09 17:31:37,342 INFO gateway.run: ✓ api_server connected
2026-09-09 17:31:37,343 INFO gateway.run: Gateway running with 2 platform(s)
2026-09-09 17:31:37,347 INFO gateway.run: Channel directory built: 1 target(s)
2026-09-09 17:31:38,349 INFO gateway.run: Scheduled auto-resume for 1 restart-interrupted session(s)
2026-09-09 17:31:38,349 INFO gateway.run: Press Ctrl+C to stop
2026-09-09 17:31:38,356 INFO gateway.run: Cron ticker started (interval=60s)
2026-09-09 17:31:38,395 INFO gateway.run: inbound message: platform=telegram user=Rob chat=8944451892 msg=''
2026-09-09 17:31:43,379 INFO gateway.run: kanban dispatcher: embedded in gateway (interval=60.0s)
2026-09-09 17:32:01,305 INFO gateway.run: Received SIGTERM as a planned --replace takeover — exiting cleanly
2026-09-09 17:32:01,306 WARNING gateway.run: Shutdown context: signal=SIGTERM under_systemd=yes parent_pid=109079 parent_name=systemd loadavg_1m=0.17 parent_cmdline='/usr/lib/systemd/systemd --user'
2026-09-09 17:32:01,307 INFO gateway.run: Stopping gateway...
2026-09-09 17:32:02,262 INFO gateway.run: Sent shutdown notification to active chat telegram:8944451892
2026-09-09 17:32:02,262 INFO gateway.run: Shutdown phase: notify_active_sessions done at +0.96s
2026-09-09 17:32:11,986 INFO gateway.run: Starting Hermes Gateway...
2026-09-09 17:32:11,987 INFO gateway.run: Session storage: /home/hermes/.hermes/sessions
2026-09-09 17:32:11,997 INFO gateway.run: Agent budget: max_iterations=90 (agent.max_turns from config.yaml, or HERMES_MAX_ITERATIONS from .env, or default 90)
2026-09-09 17:32:11,997 INFO gateway.run: Secret redaction: ENABLED (tool output, logs, and chat responses are scrubbed before delivery)
2026-09-09 17:32:12,102 INFO gateway.run: Connecting to telegram...
2026-09-09 17:32:12,172 INFO gateway.platforms.telegram: [Telegram] Auto-discovered Telegram fallback IPs: 149.154.166.110
2026-09-09 17:32:12,173 INFO gateway.platforms.telegram: [Telegram] Telegram fallback IPs active: 149.154.166.110
2026-09-09 17:32:13,299 INFO gateway.platforms.telegram: [Telegram] set_my_commands OK for scope BotCommandScopeDefault (30 cmds)
2026-09-09 17:32:13,575 INFO gateway.platforms.telegram: [Telegram] set_my_commands OK for scope BotCommandScopeAllPrivateChats (30 cmds)
2026-09-09 17:32:13,851 INFO gateway.platforms.telegram: [Telegram] set_my_commands OK for scope BotCommandScopeAllGroupChats (30 cmds)
2026-09-09 17:32:13,851 INFO gateway.platforms.telegram: [Telegram] Telegram menu: 30 commands registered, 68 hidden (over 30 limit). Use /commands for full list.
2026-09-09 17:32:13,852 INFO gateway.platforms.telegram: [Telegram] Connected to Telegram (polling mode)
2026-09-09 17:32:13,854 INFO gateway.run: ✓ telegram connected
2026-09-09 17:32:13,877 INFO gateway.run: Connecting to api_server...
2026-09-09 17:32:13,881 INFO gateway.platforms.api_server: [Api_Server] API server listening on http://0.0.0.0:8642 (model: hermes-agent)
2026-09-09 17:32:13,882 INFO gateway.run: ✓ api_server connected
2026-09-09 17:32:13,883 INFO gateway.run: Gateway running with 2 platform(s)
2026-09-09 17:32:13,887 INFO gateway.run: Channel directory built: 1 target(s)
2026-09-09 17:32:14,889 INFO gateway.run: Scheduled auto-resume for 1 restart-interrupted session(s)
2026-09-09 17:32:14,889 INFO gateway.run: Press Ctrl+C to stop
2026-09-09 17:32:14,895 INFO gateway.run: Cron ticker started (interval=60s)
2026-09-09 17:32:14,939 INFO gateway.run: inbound message: platform=telegram user=Rob chat=8944451892 msg=''
2026-09-09 17:32:19,919 INFO gateway.run: kanban dispatcher: embedded in gateway (interval=60.0s)
2026-09-09 17:32:23,816 INFO gateway.run: Received SIGTERM as a planned --replace takeover — exiting cleanly
2026-09-09 17:32:23,816 WARNING gateway.run: Shutdown context: signal=SIGTERM under_systemd=yes parent_pid=1 parent_name=systemd loadavg_1m=0.19 parent_cmdline='/usr/lib/systemd/systemd --system --deserialize=75 vultr'
2026-09-09 17:32:23,817 INFO gateway.run: Stopping gateway...
2026-09-09 17:32:24,370 INFO gateway.run: Sent shutdown notification to active chat telegram:8944451892
2026-09-09 17:32:24,370 INFO gateway.run: Shutdown phase: notify_active_sessions done at +0.55s
2026-09-09 17:32:34,503 INFO gateway.run: Starting Hermes Gateway...
2026-09-09 17:32:34,503 INFO gateway.run: Session storage: /home/hermes/.hermes/sessions
2026-09-09 17:32:34,511 INFO gateway.run: Agent budget: max_iterations=90 (agent.max_turns from config.yaml, or HERMES_MAX_ITERATIONS from .env, or default 90)
2026-09-09 17:32:34,512 INFO gateway.run: Secret redaction: ENABLED (tool output, logs, and chat responses are scrubbed before delivery)
2026-09-09 17:32:34,621 INFO gateway.run: Connecting to telegram...
2026-09-09 17:32:34,692 INFO gateway.platforms.telegram: [Telegram] Auto-discovered Telegram fallback IPs: 149.154.166.110
2026-09-09 17:32:34,692 INFO gateway.platforms.telegram: [Telegram] Telegram fallback IPs active: 149.154.166.110
2026-09-09 17:32:35,975 INFO gateway.platforms.telegram: [Telegram] set_my_commands OK for scope BotCommandScopeDefault (30 cmds)
2026-09-09 17:32:36,290 INFO gateway.platforms.telegram: [Telegram] set_my_commands OK for scope BotCommandScopeAllPrivateChats (30 cmds)
2026-09-09 17:32:36,598 INFO gateway.platforms.telegram: [Telegram] set_my_commands OK for scope BotCommandScopeAllGroupChats (30 cmds)
2026-09-09 17:32:36,598 INFO gateway.platforms.telegram: [Telegram] Telegram menu: 30 commands registered, 68 hidden (over 30 limit). Use /commands for full list.
2026-09-09 17:32:36,599 INFO gateway.platforms.telegram: [Telegram] Connected to Telegram (polling mode)
2026-09-09 17:32:36,601 INFO gateway.run: ✓ telegram connected
2026-09-09 17:32:36,627 INFO gateway.run: Connecting to api_server...
2026-09-09 17:32:36,631 INFO gateway.platforms.api_server: [Api_Server] API server listening on http://0.0.0.0:8642 (model: hermes-agent)
2026-09-09 17:32:36,632 INFO gateway.run: ✓ api_server connected
2026-09-09 17:32:36,633 INFO gateway.run: Gateway running with 2 platform(s)
2026-09-09 17:32:36,637 INFO gateway.run: Channel directory built: 1 target(s)
2026-09-09 17:32:37,639 INFO gateway.run: Scheduled auto-resume for 1 restart-interrupted session(s)
2026-09-09 17:32:37,639 INFO gateway.run: Press Ctrl+C to stop
2026-09-09 17:32:37,645 INFO gateway.run: Cron ticker started (interval=60s)
2026-09-09 17:32:37,684 INFO gateway.run: inbound message: platform=telegram user=Rob chat=8944451892 msg=''
2026-09-09 17:32:42,667 INFO gateway.run: kanban dispatcher: embedded in gateway (interval=60.0s)
2026-09-09 17:33:30,653 INFO gateway.run: Suppressing normal final send for session agent:main:telegram:dm:8944451892: final delivery already confirmed (streamed=True previewed=False content_delivered=True).
2026-09-09 17:33:30,653 INFO gateway.run: response ready: platform=telegram chat=8944451892 time=53.0s api_calls=5 response=1375 chars
2026-09-09 17:33:33,298 INFO gateway.run: Received SIGTERM as a planned --replace takeover — exiting cleanly
2026-09-09 17:33:33,298 WARNING gateway.run: Shutdown context: signal=SIGTERM under_systemd=yes parent_pid=109079 parent_name=systemd loadavg_1m=0.15 parent_cmdline='/usr/lib/systemd/systemd --user'
2026-09-09 17:33:33,299 INFO gateway.run: Stopping gateway...
2026-09-09 17:33:33,300 INFO gateway.run: Shutdown phase: notify_active_sessions done at +0.00s
2026-09-09 17:33:33,302 INFO gateway.run: Shutdown phase: drain done at +0.00s (drain took 0.00s, timed_out=False, active_at_start=0, active_now=0)
2026-09-09 17:33:33,748 INFO gateway.platforms.telegram: [Telegram] Disconnected from Telegram
2026-09-09 17:33:33,748 INFO gateway.run: ✓ telegram disconnected (0.44s)
2026-09-09 17:33:33,749 INFO gateway.platforms.api_server: [Api_Server] API server stopped
2026-09-09 17:33:33,749 INFO gateway.run: ✓ api_server disconnected (0.00s)
2026-09-09 17:33:33,749 INFO gateway.run: Shutdown phase: all adapters disconnected at +0.45s
2026-09-09 17:33:33,750 INFO gateway.run: Shutdown phase: final-cleanup tool kill done at +0.45s
2026-09-09 17:33:33,754 INFO gateway.run: Shutdown phase: SessionDB close done at +0.45s
2026-09-09 17:33:33,755 INFO gateway.run: Gateway stopped (total teardown 0.46s)
2026-09-09 17:33:33,755 INFO gateway.run: Cron ticker stopped
2026-09-09 17:33:34,970 INFO gateway.run: Starting Hermes Gateway...
2026-09-09 17:33:34,970 INFO gateway.run: Session storage: /home/hermes/.hermes/sessions
2026-09-09 17:33:34,980 INFO gateway.run: Agent budget: max_iterations=90 (agent.max_turns from config.yaml, or HERMES_MAX_ITERATIONS from .env, or default 90)
2026-09-09 17:33:34,980 INFO gateway.run: Secret redaction: ENABLED (tool output, logs, and chat responses are scrubbed before delivery)
2026-09-09 17:33:34,987 INFO gateway.run: Previous gateway exited cleanly — skipping session suspension
2026-09-09 17:33:35,088 INFO gateway.run: Connecting to telegram...
2026-09-09 17:33:35,167 INFO gateway.platforms.telegram: [Telegram] Auto-discovered Telegram fallback IPs: 149.154.166.110
2026-09-09 17:33:35,167 INFO gateway.platforms.telegram: [Telegram] Telegram fallback IPs active: 149.154.166.110
2026-09-09 17:33:36,359 INFO gateway.platforms.telegram: [Telegram] set_my_commands OK for scope BotCommandScopeDefault (30 cmds)
2026-09-09 17:33:36,653 INFO gateway.platforms.telegram: [Telegram] set_my_commands OK for scope BotCommandScopeAllPrivateChats (30 cmds)
2026-09-09 17:33:36,937 INFO gateway.platforms.telegram: [Telegram] set_my_commands OK for scope BotCommandScopeAllGroupChats (30 cmds)
2026-09-09 17:33:36,937 INFO gateway.platforms.telegram: [Telegram] Telegram menu: 30 commands registered, 68 hidden (over 30 limit). Use /commands for full list.
2026-09-09 17:33:36,938 INFO gateway.platforms.telegram: [Telegram] Connected to Telegram (polling mode)
2026-09-09 17:33:36,940 INFO gateway.run: ✓ telegram connected
2026-09-09 17:33:36,965 INFO gateway.run: Connecting to api_server...
2026-09-09 17:33:36,969 INFO gateway.platforms.api_server: [Api_Server] API server listening on http://0.0.0.0:8642 (model: hermes-agent)
2026-09-09 17:33:36,971 INFO gateway.run: ✓ api_server connected
2026-09-09 17:33:36,972 INFO gateway.run: Gateway running with 2 platform(s)
2026-09-09 17:33:36,976 INFO gateway.run: Channel directory built: 1 target(s)
2026-09-09 17:33:37,978 INFO gateway.run: Press Ctrl+C to stop
2026-09-09 17:33:37,985 INFO gateway.run: Cron ticker started (interval=60s)
2026-09-09 17:33:42,989 INFO gateway.run: kanban dispatcher: embedded in gateway (interval=60.0s)
2026-09-09 17:34:01,587 INFO gateway.run: Received SIGTERM as a planned --replace takeover — exiting cleanly
2026-09-09 17:34:01,587 WARNING gateway.run: Shutdown context: signal=SIGTERM under_systemd=yes parent_pid=1 parent_name=systemd loadavg_1m=0.20 parent_cmdline='/usr/lib/systemd/systemd --system --deserialize=75 vultr'
2026-09-09 17:34:01,589 INFO gateway.run: Stopping gateway...
2026-09-09 17:34:01,589 INFO gateway.run: Shutdown phase: notify_active_sessions done at +0.00s
2026-09-09 17:34:01,590 INFO gateway.run: Shutdown phase: drain done at +0.00s (drain took 0.00s, timed_out=False, active_at_start=0, active_now=0)
2026-09-09 17:34:02,020 INFO gateway.platforms.telegram: [Telegram] Disconnected from Telegram
2026-09-09 17:34:02,020 INFO gateway.run: ✓ telegram disconnected (0.43s)
2026-09-09 17:34:02,021 INFO gateway.platforms.api_server: [Api_Server] API server stopped
2026-09-09 17:34:02,021 INFO gateway.run: ✓ api_server disconnected (0.00s)
2026-09-09 17:34:02,021 INFO gateway.run: Shutdown phase: all adapters disconnected at +0.43s
2026-09-09 17:34:02,151 INFO gateway.run: Shutdown phase: final-cleanup tool kill done at +0.56s
2026-09-09 17:34:02,151 INFO gateway.run: Shutdown phase: SessionDB close done at +0.56s
2026-09-09 17:34:02,152 INFO gateway.run: Gateway stopped (total teardown 0.56s)
2026-09-09 17:34:02,153 INFO gateway.run: Cron ticker stopped
2026-09-09 17:34:02,764 INFO gateway.run: Starting Hermes Gateway...
2026-09-09 17:34:02,764 INFO gateway.run: Session storage: /home/hermes/.hermes/sessions
2026-09-09 17:34:02,772 INFO gateway.run: Agent budget: max_iterations=90 (agent.max_turns from config.yaml, or HERMES_MAX_ITERATIONS from .env, or default 90)
2026-09-09 17:34:02,772 INFO gateway.run: Secret redaction: ENABLED (tool output, logs, and chat responses are scrubbed before delivery)
2026-09-09 17:34:02,778 INFO gateway.run: Previous gateway exited cleanly — skipping session suspension
2026-09-09 17:34:02,878 INFO gateway.run: Connecting to telegram...
2026-09-09 17:34:02,949 INFO gateway.platforms.telegram: [Telegram] Auto-discovered Telegram fallback IPs: 149.154.166.110
2026-09-09 17:34:02,949 INFO gateway.platforms.telegram: [Telegram] Telegram fallback IPs active: 149.154.166.110
2026-09-09 17:34:04,096 INFO gateway.platforms.telegram: [Telegram] set_my_commands OK for scope BotCommandScopeDefault (30 cmds)
2026-09-09 17:34:04,372 INFO gateway.platforms.telegram: [Telegram] set_my_commands OK for scope BotCommandScopeAllPrivateChats (30 cmds)
2026-09-09 17:34:04,650 INFO gateway.platforms.telegram: [Telegram] set_my_commands OK for scope BotCommandScopeAllGroupChats (30 cmds)
2026-09-09 17:34:04,650 INFO gateway.platforms.telegram: [Telegram] Telegram menu: 30 commands registered, 68 hidden (over 30 limit). Use /commands for full list.
2026-09-09 17:34:04,652 INFO gateway.platforms.telegram: [Telegram] Connected to Telegram (polling mode)
2026-09-09 17:34:04,653 INFO gateway.run: ✓ telegram connected
2026-09-09 17:34:04,678 INFO gateway.run: Connecting to api_server...
2026-09-09 17:34:04,682 INFO gateway.platforms.api_server: [Api_Server] API server listening on http://0.0.0.0:8642 (model: hermes-agent)
2026-09-09 17:34:04,683 INFO gateway.run: ✓ api_server connected
2026-09-09 17:34:04,684 INFO gateway.run: Gateway running with 2 platform(s)
2026-09-09 17:34:04,688 INFO gateway.run: Channel directory built: 1 target(s)
2026-09-09 17:34:05,690 INFO gateway.run: Press Ctrl+C to stop
2026-09-09 17:34:05,697 INFO gateway.run: Cron ticker started (interval=60s)
2026-09-09 17:34:10,731 INFO gateway.run: kanban dispatcher: embedded in gateway (interval=60.0s)
2026-09-09 17:36:15,554 INFO gateway.run: Received SIGTERM as a planned --replace takeover — exiting cleanly
2026-09-09 17:36:15,554 WARNING gateway.run: Shutdown context: signal=SIGTERM under_systemd=yes parent_pid=109079 parent_name=systemd loadavg_1m=0.10 parent_cmdline='/usr/lib/systemd/systemd --user'
2026-09-09 17:36:15,556 INFO gateway.run: Stopping gateway...
2026-09-09 17:36:15,556 INFO gateway.run: Shutdown phase: notify_active_sessions done at +0.00s
2026-09-09 17:36:15,557 INFO gateway.run: Shutdown phase: drain done at +0.00s (drain took 0.00s, timed_out=False, active_at_start=0, active_now=0)
2026-09-09 17:36:16,072 INFO gateway.platforms.telegram: [Telegram] Disconnected from Telegram
2026-09-09 17:36:16,072 INFO gateway.run: ✓ telegram disconnected (0.52s)
2026-09-09 17:36:16,073 INFO gateway.platforms.api_server: [Api_Server] API server stopped
2026-09-09 17:36:16,074 INFO gateway.run: ✓ api_server disconnected (0.00s)
2026-09-09 17:36:16,074 INFO gateway.run: Shutdown phase: all adapters disconnected at +0.52s
2026-09-09 17:36:16,204 INFO gateway.run: Shutdown phase: final-cleanup tool kill done at +0.65s
2026-09-09 17:36:16,205 INFO gateway.run: Shutdown phase: SessionDB close done at +0.65s
2026-09-09 17:36:16,206 INFO gateway.run: Gateway stopped (total teardown 0.65s)
2026-09-09 17:36:16,207 INFO gateway.run: Cron ticker stopped
2026-09-09 17:36:16,733 INFO gateway.run: Starting Hermes Gateway...
2026-09-09 17:36:16,734 INFO gateway.run: Session storage: /home/hermes/.hermes/sessions
2026-09-09 17:36:16,744 INFO gateway.run: Agent budget: max_iterations=90 (agent.max_turns from config.yaml, or HERMES_MAX_ITERATIONS from .env, or default 90)
2026-09-09 17:36:16,744 INFO gateway.run: Secret redaction: ENABLED (tool output, logs, and chat responses are scrubbed before delivery)
2026-09-09 17:36:16,750 INFO gateway.run: Previous gateway exited cleanly — skipping session suspension
2026-09-09 17:36:16,851 INFO gateway.run: Connecting to telegram...
2026-09-09 17:36:16,919 INFO gateway.platforms.telegram: [Telegram] Auto-discovered Telegram fallback IPs: 149.154.166.110
2026-09-09 17:36:16,919 INFO gateway.platforms.telegram: [Telegram] Telegram fallback IPs active: 149.154.166.110
2026-09-09 17:36:18,155 INFO gateway.platforms.telegram: [Telegram] set_my_commands OK for scope BotCommandScopeDefault (30 cmds)
2026-09-09 17:36:18,448 INFO gateway.platforms.telegram: [Telegram] set_my_commands OK for scope BotCommandScopeAllPrivateChats (30 cmds)
2026-09-09 17:36:18,746 INFO gateway.platforms.telegram: [Telegram] set_my_commands OK for scope BotCommandScopeAllGroupChats (30 cmds)
2026-09-09 17:36:18,746 INFO gateway.platforms.telegram: [Telegram] Telegram menu: 30 commands registered, 68 hidden (over 30 limit). Use /commands for full list.
2026-09-09 17:36:18,748 INFO gateway.platforms.telegram: [Telegram] Connected to Telegram (polling mode)
2026-09-09 17:36:18,749 INFO gateway.run: ✓ telegram connected
2026-09-09 17:36:18,775 INFO gateway.run: Connecting to api_server...
2026-09-09 17:36:18,778 INFO gateway.platforms.api_server: [Api_Server] API server listening on http://0.0.0.0:8642 (model: hermes-agent)
2026-09-09 17:36:18,780 INFO gateway.run: ✓ api_server connected
2026-09-09 17:36:18,781 INFO gateway.run: Gateway running with 2 platform(s)
2026-09-09 17:36:18,785 INFO gateway.run: Channel directory built: 1 target(s)
2026-09-09 17:36:19,786 INFO gateway.run: Press Ctrl+C to stop
2026-09-09 17:36:19,793 INFO gateway.run: Cron ticker started (interval=60s)
2026-09-09 17:36:24,817 INFO gateway.run: kanban dispatcher: embedded in gateway (interval=60.0s)
2026-09-09 17:37:15,832 INFO gateway.run: Received SIGTERM as a planned --replace takeover — exiting cleanly
2026-09-09 17:37:15,833 WARNING gateway.run: Shutdown context: signal=SIGTERM under_systemd=yes parent_pid=1 parent_name=systemd loadavg_1m=0.11 parent_cmdline='/usr/lib/systemd/systemd --system --deserialize=75 vultr'
2026-09-09 17:37:15,834 INFO gateway.run: Stopping gateway...
2026-09-09 17:37:15,834 INFO gateway.run: Shutdown phase: notify_active_sessions done at +0.00s
2026-09-09 17:37:15,835 INFO gateway.run: Shutdown phase: drain done at +0.00s (drain took 0.00s, timed_out=False, active_at_start=0, active_now=0)
2026-09-09 17:37:16,260 INFO gateway.platforms.telegram: [Telegram] Disconnected from Telegram
2026-09-09 17:37:16,260 INFO gateway.run: ✓ telegram disconnected (0.43s)
2026-09-09 17:37:16,262 INFO gateway.platforms.api_server: [Api_Server] API server stopped
2026-09-09 17:37:16,262 INFO gateway.run: ✓ api_server disconnected (0.00s)
2026-09-09 17:37:16,262 INFO gateway.run: Shutdown phase: all adapters disconnected at +0.43s
2026-09-09 17:37:16,344 INFO gateway.run: Shutdown phase: final-cleanup tool kill done at +0.51s
2026-09-09 17:37:16,345 INFO gateway.run: Shutdown phase: SessionDB close done at +0.51s
2026-09-09 17:37:16,346 INFO gateway.run: Gateway stopped (total teardown 0.51s)
2026-09-09 17:37:16,346 INFO gateway.run: Cron ticker stopped
2026-09-09 17:37:17,016 INFO gateway.run: Starting Hermes Gateway...
2026-09-09 17:37:17,016 INFO gateway.run: Session storage: /home/hermes/.hermes/sessions
2026-09-09 17:37:17,025 INFO gateway.run: Agent budget: max_iterations=90 (agent.max_turns from config.yaml, or HERMES_MAX_ITERATIONS from .env, or default 90)
2026-09-09 17:37:17,025 INFO gateway.run: Secret redaction: ENABLED (tool output, logs, and chat responses are scrubbed before delivery)
2026-09-09 17:37:17,032 INFO gateway.run: Previous gateway exited cleanly — skipping session suspension
2026-09-09 17:37:17,139 INFO gateway.run: Connecting to telegram...
2026-09-09 17:37:17,209 INFO gateway.platforms.telegram: [Telegram] Auto-discovered Telegram fallback IPs: 149.154.166.110
2026-09-09 17:37:17,210 INFO gateway.platforms.telegram: [Telegram] Telegram fallback IPs active: 149.154.166.110
2026-09-09 17:37:18,498 INFO gateway.platforms.telegram: [Telegram] set_my_commands OK for scope BotCommandScopeDefault (30 cmds)
2026-09-09 17:37:18,853 INFO gateway.platforms.telegram: [Telegram] set_my_commands OK for scope BotCommandScopeAllPrivateChats (30 cmds)
2026-09-09 17:37:19,159 INFO gateway.platforms.telegram: [Telegram] set_my_commands OK for scope BotCommandScopeAllGroupChats (30 cmds)
2026-09-09 17:37:19,159 INFO gateway.platforms.telegram: [Telegram] Telegram menu: 30 commands registered, 68 hidden (over 30 limit). Use /commands for full list.
2026-09-09 17:37:19,160 INFO gateway.platforms.telegram: [Telegram] Connected to Telegram (polling mode)
2026-09-09 17:37:19,162 INFO gateway.run: ✓ telegram connected
2026-09-09 17:37:19,186 INFO gateway.run: Connecting to api_server...
2026-09-09 17:37:19,190 INFO gateway.platforms.api_server: [Api_Server] API server listening on http://0.0.0.0:8642 (model: hermes-agent)
2026-09-09 17:37:19,192 INFO gateway.run: ✓ api_server connected
2026-09-09 17:37:19,193 INFO gateway.run: Gateway running with 2 platform(s)
2026-09-09 17:37:19,197 INFO gateway.run: Channel directory built: 1 target(s)
2026-09-09 17:37:20,199 INFO gateway.run: Press Ctrl+C to stop
2026-09-09 17:37:20,206 INFO gateway.run: Cron ticker started (interval=60s)
2026-09-09 17:37:25,213 INFO gateway.run: kanban dispatcher: embedded in gateway (interval=60.0s)
2026-09-09 17:42:17,527 INFO gateway.run: Received SIGTERM as a planned --replace takeover — exiting cleanly
2026-09-09 17:42:17,527 WARNING gateway.run: Shutdown context: signal=SIGTERM under_systemd=yes parent_pid=109079 parent_name=systemd loadavg_1m=0.09 parent_cmdline='/usr/lib/systemd/systemd --user'
2026-09-09 17:42:17,529 INFO gateway.run: Stopping gateway...
2026-09-09 17:42:17,529 INFO gateway.run: Shutdown phase: notify_active_sessions done at +0.00s
2026-09-09 17:42:17,530 INFO gateway.run: Shutdown phase: drain done at +0.00s (drain took 0.00s, timed_out=False, active_at_start=0, active_now=0)
2026-09-09 17:42:17,986 INFO gateway.platforms.telegram: [Telegram] Disconnected from Telegram
2026-09-09 17:42:17,986 INFO gateway.run: ✓ telegram disconnected (0.46s)
2026-09-09 17:42:17,988 INFO gateway.platforms.api_server: [Api_Server] API server stopped
2026-09-09 17:42:17,988 INFO gateway.run: ✓ api_server disconnected (0.00s)
2026-09-09 17:42:17,988 INFO gateway.run: Shutdown phase: all adapters disconnected at +0.46s
2026-09-09 17:42:18,071 INFO gateway.run: Shutdown phase: final-cleanup tool kill done at +0.54s
2026-09-09 17:42:18,072 INFO gateway.run: Shutdown phase: SessionDB close done at +0.54s
2026-09-09 17:42:18,073 INFO gateway.run: Gateway stopped (total teardown 0.54s)
2026-09-09 17:42:18,074 INFO gateway.run: Cron ticker stopped
2026-09-09 17:42:18,706 INFO gateway.run: Starting Hermes Gateway...
2026-09-09 17:42:18,707 INFO gateway.run: Session storage: /home/hermes/.hermes/sessions
2026-09-09 17:42:18,717 INFO gateway.run: Agent budget: max_iterations=90 (agent.max_turns from config.yaml, or HERMES_MAX_ITERATIONS from .env, or default 90)
2026-09-09 17:42:18,717 INFO gateway.run: Secret redaction: ENABLED (tool output, logs, and chat responses are scrubbed before delivery)
2026-09-09 17:42:18,723 INFO gateway.run: Previous gateway exited cleanly — skipping session suspension
2026-09-09 17:42:18,823 INFO gateway.run: Connecting to telegram...
2026-09-09 17:42:18,891 INFO gateway.platforms.telegram: [Telegram] Auto-discovered Telegram fallback IPs: 149.154.166.110
2026-09-09 17:42:18,891 INFO gateway.platforms.telegram: [Telegram] Telegram fallback IPs active: 149.154.166.110
2026-09-09 17:42:20,022 INFO gateway.platforms.telegram: [Telegram] set_my_commands OK for scope BotCommandScopeDefault (30 cmds)
2026-09-09 17:42:20,298 INFO gateway.platforms.telegram: [Telegram] set_my_commands OK for scope BotCommandScopeAllPrivateChats (30 cmds)
2026-09-09 17:42:20,573 INFO gateway.platforms.telegram: [Telegram] set_my_commands OK for scope BotCommandScopeAllGroupChats (30 cmds)
2026-09-09 17:42:20,573 INFO gateway.platforms.telegram: [Telegram] Telegram menu: 30 commands registered, 68 hidden (over 30 limit). Use /commands for full list.
2026-09-09 17:42:20,575 INFO gateway.platforms.telegram: [Telegram] Connected to Telegram (polling mode)
2026-09-09 17:42:20,576 INFO gateway.run: ✓ telegram connected
2026-09-09 17:42:20,601 INFO gateway.run: Connecting to api_server...
2026-09-09 17:42:20,605 INFO gateway.platforms.api_server: [Api_Server] API server listening on http://0.0.0.0:8642 (model: hermes-agent)
2026-09-09 17:42:20,606 INFO gateway.run: ✓ api_server connected
2026-09-09 17:42:20,607 INFO gateway.run: Gateway running with 2 platform(s)
2026-09-09 17:42:20,611 INFO gateway.run: Channel directory built: 1 target(s)
2026-09-09 17:42:21,613 INFO gateway.run: Press Ctrl+C to stop
2026-09-09 17:42:21,619 INFO gateway.run: Cron ticker started (interval=60s)
2026-09-09 17:42:26,647 INFO gateway.run: kanban dispatcher: embedded in gateway (interval=60.0s)
2026-09-09 17:44:31,585 INFO gateway.run: Received SIGTERM as a planned --replace takeover — exiting cleanly
2026-09-09 17:44:31,586 WARNING gateway.run: Shutdown context: signal=SIGTERM under_systemd=yes parent_pid=1 parent_name=systemd loadavg_1m=0.02 parent_cmdline='/usr/lib/systemd/systemd --system --deserialize=75 vultr'
2026-09-09 17:44:31,587 INFO gateway.run: Stopping gateway...
2026-09-09 17:44:31,587 INFO gateway.run: Shutdown phase: notify_active_sessions done at +0.00s
2026-09-09 17:44:31,588 INFO gateway.run: Shutdown phase: drain done at +0.00s (drain took 0.00s, timed_out=False, active_at_start=0, active_now=0)
2026-09-09 17:44:32,067 INFO gateway.platforms.telegram: [Telegram] Disconnected from Telegram
2026-09-09 17:44:32,067 INFO gateway.run: ✓ telegram disconnected (0.48s)
2026-09-09 17:44:32,068 INFO gateway.platforms.api_server: [Api_Server] API server stopped
2026-09-09 17:44:32,068 INFO gateway.run: ✓ api_server disconnected (0.00s)
2026-09-09 17:44:32,068 INFO gateway.run: Shutdown phase: all adapters disconnected at +0.48s
2026-09-09 17:44:32,154 INFO gateway.run: Shutdown phase: final-cleanup tool kill done at +0.57s
2026-09-09 17:44:32,154 INFO gateway.run: Shutdown phase: SessionDB close done at +0.57s
2026-09-09 17:44:32,155 INFO gateway.run: Gateway stopped (total teardown 0.57s)
2026-09-09 17:44:32,156 INFO gateway.run: Cron ticker stopped
2026-09-09 17:44:32,771 INFO gateway.run: Starting Hermes Gateway...
2026-09-09 17:44:32,772 INFO gateway.run: Session storage: /home/hermes/.hermes/sessions
2026-09-09 17:44:32,780 INFO gateway.run: Agent budget: max_iterations=90 (agent.max_turns from config.yaml, or HERMES_MAX_ITERATIONS from .env, or default 90)
2026-09-09 17:44:32,780 INFO gateway.run: Secret redaction: ENABLED (tool output, logs, and chat responses are scrubbed before delivery)
2026-09-09 17:44:32,786 INFO gateway.run: Previous gateway exited cleanly — skipping session suspension
2026-09-09 17:44:32,886 INFO gateway.run: Connecting to telegram...
2026-09-09 17:44:32,965 INFO gateway.platforms.telegram: [Telegram] Auto-discovered Telegram fallback IPs: 149.154.166.110
2026-09-09 17:44:32,965 INFO gateway.platforms.telegram: [Telegram] Telegram fallback IPs active: 149.154.166.110
2026-09-09 17:44:34,166 INFO gateway.platforms.telegram: [Telegram] set_my_commands OK for scope BotCommandScopeDefault (30 cmds)
2026-09-09 17:44:34,469 INFO gateway.platforms.telegram: [Telegram] set_my_commands OK for scope BotCommandScopeAllPrivateChats (30 cmds)
2026-09-09 17:44:34,757 INFO gateway.platforms.telegram: [Telegram] set_my_commands OK for scope BotCommandScopeAllGroupChats (30 cmds)
2026-09-09 17:44:34,758 INFO gateway.platforms.telegram: [Telegram] Telegram menu: 30 commands registered, 68 hidden (over 30 limit). Use /commands for full list.
2026-09-09 17:44:34,759 INFO gateway.platforms.telegram: [Telegram] Connected to Telegram (polling mode)
2026-09-09 17:44:34,761 INFO gateway.run: ✓ telegram connected
2026-09-09 17:44:34,785 INFO gateway.run: Connecting to api_server...
2026-09-09 17:44:34,789 INFO gateway.platforms.api_server: [Api_Server] API server listening on http://0.0.0.0:8642 (model: hermes-agent)
2026-09-09 17:44:34,791 INFO gateway.run: ✓ api_server connected
2026-09-09 17:44:34,792 INFO gateway.run: Gateway running with 2 platform(s)
2026-09-09 17:44:34,796 INFO gateway.run: Channel directory built: 1 target(s)
2026-09-09 17:44:35,798 INFO gateway.run: Press Ctrl+C to stop
2026-09-09 17:44:35,805 INFO gateway.run: Cron ticker started (interval=60s)
2026-09-09 17:44:40,831 INFO gateway.run: kanban dispatcher: embedded in gateway (interval=60.0s)
2026-09-09 17:47:00,021 INFO gateway.platforms.telegram: [Telegram] Flushing text batch agent:main:telegram:dm:8944451892 (3 chars)
2026-09-09 17:47:00,038 INFO gateway.run: inbound message: platform=telegram user=Rob chat=8944451892 msg='Sim'
2026-09-09 17:48:42,861 INFO gateway.run: Suppressing normal final send for session agent:main:telegram:dm:8944451892: final delivery already confirmed (streamed=True previewed=False content_delivered=True).
2026-09-09 17:48:42,862 INFO gateway.run: response ready: platform=telegram chat=8944451892 time=102.8s api_calls=7 response=1218 chars
2026-09-09 17:49:33,348 INFO gateway.run: Received SIGTERM as a planned --replace takeover — exiting cleanly
2026-09-09 17:49:33,348 WARNING gateway.run: Shutdown context: signal=SIGTERM under_systemd=yes parent_pid=109079 parent_name=systemd loadavg_1m=0.01 parent_cmdline='/usr/lib/systemd/systemd --user'
2026-09-09 17:49:33,350 INFO gateway.run: Stopping gateway...
2026-09-09 17:49:33,350 INFO gateway.run: Shutdown phase: notify_active_sessions done at +0.00s
2026-09-09 17:49:33,351 INFO gateway.run: Shutdown phase: drain done at +0.00s (drain took 0.00s, timed_out=False, active_at_start=0, active_now=0)
2026-09-09 17:49:33,829 INFO gateway.platforms.telegram: [Telegram] Disconnected from Telegram
2026-09-09 17:49:33,830 INFO gateway.run: ✓ telegram disconnected (0.48s)
2026-09-09 17:49:33,831 INFO gateway.platforms.api_server: [Api_Server] API server stopped
2026-09-09 17:49:33,831 INFO gateway.run: ✓ api_server disconnected (0.00s)
2026-09-09 17:49:33,832 INFO gateway.run: Shutdown phase: all adapters disconnected at +0.48s
2026-09-09 17:49:33,832 INFO gateway.run: Shutdown phase: final-cleanup tool kill done at +0.48s
2026-09-09 17:49:33,836 INFO gateway.run: Shutdown phase: SessionDB close done at +0.49s
2026-09-09 17:49:33,838 INFO gateway.run: Gateway stopped (total teardown 0.49s)
2026-09-09 17:49:33,838 INFO gateway.run: Cron ticker stopped
2026-09-09 17:49:35,017 INFO gateway.run: Starting Hermes Gateway...
2026-09-09 17:49:35,017 INFO gateway.run: Session storage: /home/hermes/.hermes/sessions
2026-09-09 17:49:35,028 INFO gateway.run: Agent budget: max_iterations=90 (agent.max_turns from config.yaml, or HERMES_MAX_ITERATIONS from .env, or default 90)
2026-09-09 17:49:35,028 INFO gateway.run: Secret redaction: ENABLED (tool output, logs, and chat responses are scrubbed before delivery)
2026-09-09 17:49:35,034 INFO gateway.run: Previous gateway exited cleanly — skipping session suspension
2026-09-09 17:49:35,133 INFO gateway.run: Connecting to telegram...
2026-09-09 17:49:35,215 INFO gateway.platforms.telegram: [Telegram] Auto-discovered Telegram fallback IPs: 149.154.166.110
2026-09-09 17:49:35,215 INFO gateway.platforms.telegram: [Telegram] Telegram fallback IPs active: 149.154.166.110
2026-09-09 17:49:36,455 INFO gateway.platforms.telegram: [Telegram] set_my_commands OK for scope BotCommandScopeDefault (30 cmds)
2026-09-09 17:49:36,749 INFO gateway.platforms.telegram: [Telegram] set_my_commands OK for scope BotCommandScopeAllPrivateChats (30 cmds)
2026-09-09 17:49:37,045 INFO gateway.platforms.telegram: [Telegram] set_my_commands OK for scope BotCommandScopeAllGroupChats (30 cmds)
2026-09-09 17:49:37,046 INFO gateway.platforms.telegram: [Telegram] Telegram menu: 30 commands registered, 68 hidden (over 30 limit). Use /commands for full list.
2026-09-09 17:49:37,047 INFO gateway.platforms.telegram: [Telegram] Connected to Telegram (polling mode)
2026-09-09 17:49:37,049 INFO gateway.run: ✓ telegram connected
2026-09-09 17:49:37,073 INFO gateway.run: Connecting to api_server...
2026-09-09 17:49:37,076 INFO gateway.platforms.api_server: [Api_Server] API server listening on http://0.0.0.0:8642 (model: hermes-agent)
2026-09-09 17:49:37,078 INFO gateway.run: ✓ api_server connected
2026-09-09 17:49:37,079 INFO gateway.run: Gateway running with 2 platform(s)
2026-09-09 17:49:37,083 INFO gateway.run: Channel directory built: 1 target(s)
2026-09-09 17:49:38,084 INFO gateway.run: Press Ctrl+C to stop
2026-09-09 17:49:38,090 INFO gateway.run: Cron ticker started (interval=60s)
2026-09-09 17:49:43,115 INFO gateway.run: kanban dispatcher: embedded in gateway (interval=60.0s)
2026-09-09 17:54:35,814 INFO gateway.run: Received SIGTERM as a planned --replace takeover — exiting cleanly
2026-09-09 17:54:35,815 WARNING gateway.run: Shutdown context: signal=SIGTERM under_systemd=yes parent_pid=1 parent_name=systemd loadavg_1m=0.08 parent_cmdline='/usr/lib/systemd/systemd --system --deserialize=75 vultr'
2026-09-09 17:54:35,816 INFO gateway.run: Stopping gateway...
2026-09-09 17:54:35,816 INFO gateway.run: Shutdown phase: notify_active_sessions done at +0.00s
2026-09-09 17:54:35,817 INFO gateway.run: Shutdown phase: drain done at +0.00s (drain took 0.00s, timed_out=False, active_at_start=0, active_now=0)
2026-09-09 17:54:36,252 INFO gateway.platforms.telegram: [Telegram] Disconnected from Telegram
2026-09-09 17:54:36,252 INFO gateway.run: ✓ telegram disconnected (0.43s)
2026-09-09 17:54:36,253 INFO gateway.platforms.api_server: [Api_Server] API server stopped
2026-09-09 17:54:36,253 INFO gateway.run: ✓ api_server disconnected (0.00s)
2026-09-09 17:54:36,253 INFO gateway.run: Shutdown phase: all adapters disconnected at +0.44s
2026-09-09 17:54:36,338 INFO gateway.run: Shutdown phase: final-cleanup tool kill done at +0.52s
2026-09-09 17:54:36,339 INFO gateway.run: Shutdown phase: SessionDB close done at +0.52s
2026-09-09 17:54:36,340 INFO gateway.run: Gateway stopped (total teardown 0.52s)
2026-09-09 17:54:36,340 INFO gateway.run: Cron ticker stopped
2026-09-09 17:54:36,990 INFO gateway.run: Starting Hermes Gateway...
2026-09-09 17:54:36,991 INFO gateway.run: Session storage: /home/hermes/.hermes/sessions
2026-09-09 17:54:36,998 INFO gateway.run: Agent budget: max_iterations=90 (agent.max_turns from config.yaml, or HERMES_MAX_ITERATIONS from .env, or default 90)
2026-09-09 17:54:36,999 INFO gateway.run: Secret redaction: ENABLED (tool output, logs, and chat responses are scrubbed before delivery)
2026-09-09 17:54:37,005 INFO gateway.run: Previous gateway exited cleanly — skipping session suspension
2026-09-09 17:54:37,108 INFO gateway.run: Connecting to telegram...
2026-09-09 17:54:37,192 INFO gateway.platforms.telegram: [Telegram] Auto-discovered Telegram fallback IPs: 149.154.166.110
2026-09-09 17:54:37,192 INFO gateway.platforms.telegram: [Telegram] Telegram fallback IPs active: 149.154.166.110
2026-09-09 17:54:38,263 INFO gateway.platforms.telegram: [Telegram] set_my_commands OK for scope BotCommandScopeDefault (30 cmds)
2026-09-09 17:54:38,530 INFO gateway.platforms.telegram: [Telegram] set_my_commands OK for scope BotCommandScopeAllPrivateChats (30 cmds)
2026-09-09 17:54:38,800 INFO gateway.platforms.telegram: [Telegram] set_my_commands OK for scope BotCommandScopeAllGroupChats (30 cmds)
2026-09-09 17:54:38,801 INFO gateway.platforms.telegram: [Telegram] Telegram menu: 30 commands registered, 68 hidden (over 30 limit). Use /commands for full list.
2026-09-09 17:54:38,802 INFO gateway.platforms.telegram: [Telegram] Connected to Telegram (polling mode)
2026-09-09 17:54:38,804 INFO gateway.run: ✓ telegram connected
2026-09-09 17:54:38,829 INFO gateway.run: Connecting to api_server...
2026-09-09 17:54:38,833 INFO gateway.platforms.api_server: [Api_Server] API server listening on http://0.0.0.0:8642 (model: hermes-agent)
2026-09-09 17:54:38,834 INFO gateway.run: ✓ api_server connected
2026-09-09 17:54:38,835 INFO gateway.run: Gateway running with 2 platform(s)
2026-09-09 17:54:38,840 INFO gateway.run: Channel directory built: 1 target(s)
2026-09-09 17:54:39,842 INFO gateway.run: Press Ctrl+C to stop
2026-09-09 17:54:39,848 INFO gateway.run: Cron ticker started (interval=60s)
2026-09-09 17:54:44,872 INFO gateway.run: kanban dispatcher: embedded in gateway (interval=60.0s)
2026-09-09 17:59:35,382 INFO gateway.platforms.telegram: [Telegram] Flushing text batch agent:main:telegram:dm:8944451892 (53 chars)
2026-09-09 17:59:35,401 INFO gateway.run: inbound message: platform=telegram user=Rob chat=8944451892 msg='da uma olhada no que podemos aproveitas destes repos:'
2026-09-09 17:59:38,314 INFO gateway.run: Received SIGTERM as a planned --replace takeover — exiting cleanly
2026-09-09 17:59:38,315 WARNING gateway.run: Shutdown context: signal=SIGTERM under_systemd=yes parent_pid=109079 parent_name=systemd loadavg_1m=0.00 parent_cmdline='/usr/lib/systemd/systemd --user'
2026-09-09 17:59:38,318 INFO gateway.run: Stopping gateway...
2026-09-09 17:59:38,319 INFO gateway.run: Shutdown phase: notify_active_sessions done at +0.00s
2026-09-09 17:59:48,284 INFO gateway.run: Starting Hermes Gateway...
2026-09-09 17:59:48,284 INFO gateway.run: Session storage: /home/hermes/.hermes/sessions
2026-09-09 17:59:48,296 INFO gateway.run: Agent budget: max_iterations=90 (agent.max_turns from config.yaml, or HERMES_MAX_ITERATIONS from .env, or default 90)
2026-09-09 17:59:48,296 INFO gateway.run: Secret redaction: ENABLED (tool output, logs, and chat responses are scrubbed before delivery)
2026-09-09 17:59:48,303 INFO gateway.run: Marked 1 in-flight session(s) as resumable from previous run
2026-09-09 17:59:48,407 INFO gateway.run: Connecting to telegram...
2026-09-09 17:59:48,482 INFO gateway.platforms.telegram: [Telegram] Auto-discovered Telegram fallback IPs: 149.154.166.110
2026-09-09 17:59:48,482 INFO gateway.platforms.telegram: [Telegram] Telegram fallback IPs active: 149.154.166.110
2026-09-09 17:59:51,439 INFO gateway.platforms.telegram: [Telegram] set_my_commands OK for scope BotCommandScopeDefault (30 cmds)
2026-09-09 17:59:51,740 INFO gateway.platforms.telegram: [Telegram] set_my_commands OK for scope BotCommandScopeAllPrivateChats (30 cmds)
2026-09-09 17:59:52,579 INFO gateway.platforms.telegram: [Telegram] set_my_commands OK for scope BotCommandScopeAllGroupChats (30 cmds)
2026-09-09 17:59:52,579 INFO gateway.platforms.telegram: [Telegram] Telegram menu: 30 commands registered, 68 hidden (over 30 limit). Use /commands for full list.
2026-09-09 17:59:52,580 INFO gateway.platforms.telegram: [Telegram] Connected to Telegram (polling mode)
2026-09-09 17:59:52,582 INFO gateway.run: ✓ telegram connected
2026-09-09 17:59:52,607 INFO gateway.run: Connecting to api_server...
2026-09-09 17:59:52,610 INFO gateway.platforms.api_server: [Api_Server] API server listening on http://0.0.0.0:8642 (model: hermes-agent)
2026-09-09 17:59:52,612 INFO gateway.run: ✓ api_server connected
2026-09-09 17:59:52,613 INFO gateway.run: Gateway running with 2 platform(s)
2026-09-09 17:59:52,617 INFO gateway.run: Channel directory built: 1 target(s)
2026-09-09 17:59:53,618 INFO gateway.run: Scheduled auto-resume for 1 restart-interrupted session(s)
2026-09-09 17:59:53,619 INFO gateway.run: Press Ctrl+C to stop
2026-09-09 17:59:53,625 INFO gateway.run: Cron ticker started (interval=60s)
2026-09-09 17:59:53,713 INFO gateway.run: inbound message: platform=telegram user=Rob chat=8944451892 msg=''
2026-09-09 17:59:58,629 INFO gateway.run: kanban dispatcher: embedded in gateway (interval=60.0s)
2026-09-09 18:00:19,386 INFO gateway.platforms.telegram: [Telegram] Flushing text batch agent:main:telegram:dm:8944451892 (248 chars)
2026-09-09 18:03:42,009 INFO gateway.platforms.telegram: Telegram button resolved 1 approval(s) for session agent:main:telegram:dm:8944451892 (choice=always, user=Rob)
2026-09-09 18:04:48,820 INFO gateway.run: Received SIGTERM as a planned --replace takeover — exiting cleanly
2026-09-09 18:04:48,821 WARNING gateway.run: Shutdown context: signal=SIGTERM under_systemd=yes parent_pid=1 parent_name=systemd loadavg_1m=0.05 parent_cmdline='/usr/lib/systemd/systemd --system --deserialize=75 vultr'
2026-09-09 18:04:48,822 INFO gateway.run: Stopping gateway...
2026-09-09 18:04:49,430 INFO gateway.run: Sent shutdown notification to active chat telegram:8944451892
2026-09-09 18:04:49,430 INFO gateway.run: Shutdown phase: notify_active_sessions done at +0.61s
2026-09-09 18:04:59,524 INFO gateway.run: Starting Hermes Gateway...
2026-09-09 18:04:59,524 INFO gateway.run: Session storage: /home/hermes/.hermes/sessions
2026-09-09 18:04:59,532 INFO gateway.run: Agent budget: max_iterations=90 (agent.max_turns from config.yaml, or HERMES_MAX_ITERATIONS from .env, or default 90)
2026-09-09 18:04:59,533 INFO gateway.run: Secret redaction: ENABLED (tool output, logs, and chat responses are scrubbed before delivery)
2026-09-09 18:04:59,643 INFO gateway.run: Connecting to telegram...
2026-09-09 18:04:59,716 INFO gateway.platforms.telegram: [Telegram] Auto-discovered Telegram fallback IPs: 149.154.166.110
2026-09-09 18:04:59,716 INFO gateway.platforms.telegram: [Telegram] Telegram fallback IPs active: 149.154.166.110
2026-09-09 18:05:00,927 INFO gateway.platforms.telegram: [Telegram] set_my_commands OK for scope BotCommandScopeDefault (30 cmds)
2026-09-09 18:05:01,231 INFO gateway.platforms.telegram: [Telegram] set_my_commands OK for scope BotCommandScopeAllPrivateChats (30 cmds)
2026-09-09 18:05:01,516 INFO gateway.platforms.telegram: [Telegram] set_my_commands OK for scope BotCommandScopeAllGroupChats (30 cmds)
2026-09-09 18:05:01,516 INFO gateway.platforms.telegram: [Telegram] Telegram menu: 30 commands registered, 68 hidden (over 30 limit). Use /commands for full list.
2026-09-09 18:05:01,518 INFO gateway.platforms.telegram: [Telegram] Connected to Telegram (polling mode)
2026-09-09 18:05:01,519 INFO gateway.run: ✓ telegram connected
2026-09-09 18:05:01,544 INFO gateway.run: Connecting to api_server...
2026-09-09 18:05:01,548 INFO gateway.platforms.api_server: [Api_Server] API server listening on http://0.0.0.0:8642 (model: hermes-agent)
2026-09-09 18:05:01,550 INFO gateway.run: ✓ api_server connected
2026-09-09 18:05:01,550 INFO gateway.run: Gateway running with 2 platform(s)
2026-09-09 18:05:01,555 INFO gateway.run: Channel directory built: 1 target(s)
2026-09-09 18:05:02,556 INFO gateway.run: Scheduled auto-resume for 1 restart-interrupted session(s)
2026-09-09 18:05:02,556 INFO gateway.run: Press Ctrl+C to stop
2026-09-09 18:05:02,564 INFO gateway.run: Cron ticker started (interval=60s)
2026-09-09 18:05:02,649 INFO gateway.run: inbound message: platform=telegram user=Rob chat=8944451892 msg=''
2026-09-09 18:05:07,592 INFO gateway.run: kanban dispatcher: embedded in gateway (interval=60.0s)
2026-09-09 18:05:32,433 INFO gateway.run: Suppressing normal final send for session agent:main:telegram:dm:8944451892: final delivery already confirmed (streamed=True previewed=False content_delivered=True).
2026-09-09 18:05:32,433 INFO gateway.run: response ready: platform=telegram chat=8944451892 time=29.8s api_calls=3 response=967 chars
2026-09-09 18:07:29,357 INFO gateway.platforms.telegram: [Telegram] Flushing text batch agent:main:telegram:dm:8944451892 (1 chars)
2026-09-09 18:07:29,357 INFO gateway.run: inbound message: platform=telegram user=Rob chat=8944451892 msg='?'
2026-09-09 18:08:23,570 INFO gateway.platforms.telegram: Telegram button resolved 1 approval(s) for session agent:main:telegram:dm:8944451892 (choice=always, user=Rob)
2026-09-09 18:08:54,725 INFO gateway.run: Suppressing normal final send for session agent:main:telegram:dm:8944451892: final delivery already confirmed (streamed=True previewed=False content_delivered=True).
2026-09-09 18:08:54,725 INFO gateway.run: response ready: platform=telegram chat=8944451892 time=85.4s api_calls=3 response=1405 chars
2026-09-09 18:10:00,081 INFO gateway.run: Received SIGTERM as a planned --replace takeover — exiting cleanly
2026-09-09 18:10:00,081 WARNING gateway.run: Shutdown context: signal=SIGTERM under_systemd=yes parent_pid=109079 parent_name=systemd loadavg_1m=0.05 parent_cmdline='/usr/lib/systemd/systemd --user'
2026-09-09 18:10:00,082 INFO gateway.run: Stopping gateway...
2026-09-09 18:10:00,083 INFO gateway.run: Shutdown phase: notify_active_sessions done at +0.00s
2026-09-09 18:10:00,083 INFO gateway.run: Shutdown phase: drain done at +0.00s (drain took 0.00s, timed_out=False, active_at_start=0, active_now=0)
2026-09-09 18:10:00,548 INFO gateway.platforms.telegram: [Telegram] Disconnected from Telegram
2026-09-09 18:10:00,548 INFO gateway.run: ✓ telegram disconnected (0.46s)
2026-09-09 18:10:00,549 INFO gateway.platforms.api_server: [Api_Server] API server stopped
2026-09-09 18:10:00,550 INFO gateway.run: ✓ api_server disconnected (0.00s)
2026-09-09 18:10:00,550 INFO gateway.run: Shutdown phase: all adapters disconnected at +0.47s
2026-09-09 18:10:00,551 INFO gateway.run: Shutdown phase: final-cleanup tool kill done at +0.47s
2026-09-09 18:10:00,554 INFO gateway.run: Shutdown phase: SessionDB close done at +0.47s
2026-09-09 18:10:00,555 INFO gateway.run: Gateway stopped (total teardown 0.47s)
2026-09-09 18:10:00,555 INFO gateway.run: Cron ticker stopped
2026-09-09 18:10:02,258 INFO gateway.run: Starting Hermes Gateway...
2026-09-09 18:10:02,258 INFO gateway.run: Session storage: /home/hermes/.hermes/sessions
2026-09-09 18:10:02,268 INFO gateway.run: Agent budget: max_iterations=90 (agent.max_turns from config.yaml, or HERMES_MAX_ITERATIONS from .env, or default 90)
2026-09-09 18:10:02,268 INFO gateway.run: Secret redaction: ENABLED (tool output, logs, and chat responses are scrubbed before delivery)
2026-09-09 18:10:02,274 INFO gateway.run: Previous gateway exited cleanly — skipping session suspension
2026-09-09 18:10:02,377 INFO gateway.run: Connecting to telegram...
2026-09-09 18:10:02,445 INFO gateway.platforms.telegram: [Telegram] Auto-discovered Telegram fallback IPs: 149.154.166.110
2026-09-09 18:10:02,446 INFO gateway.platforms.telegram: [Telegram] Telegram fallback IPs active: 149.154.166.110
2026-09-09 18:10:03,892 INFO gateway.platforms.telegram: [Telegram] set_my_commands OK for scope BotCommandScopeDefault (30 cmds)
2026-09-09 18:10:04,355 INFO gateway.platforms.telegram: [Telegram] set_my_commands OK for scope BotCommandScopeAllPrivateChats (30 cmds)
2026-09-09 18:10:04,654 INFO gateway.platforms.telegram: [Telegram] set_my_commands OK for scope BotCommandScopeAllGroupChats (30 cmds)
2026-09-09 18:10:04,654 INFO gateway.platforms.telegram: [Telegram] Telegram menu: 30 commands registered, 68 hidden (over 30 limit). Use /commands for full list.
2026-09-09 18:10:04,655 INFO gateway.platforms.telegram: [Telegram] Connected to Telegram (polling mode)
2026-09-09 18:10:04,657 INFO gateway.run: ✓ telegram connected
2026-09-09 18:10:04,681 INFO gateway.run: Connecting to api_server...
2026-09-09 18:10:04,684 INFO gateway.platforms.api_server: [Api_Server] API server listening on http://0.0.0.0:8642 (model: hermes-agent)
2026-09-09 18:10:04,686 INFO gateway.run: ✓ api_server connected
2026-09-09 18:10:04,687 INFO gateway.run: Gateway running with 2 platform(s)
2026-09-09 18:10:04,691 INFO gateway.run: Channel directory built: 1 target(s)
2026-09-09 18:10:05,692 INFO gateway.run: Press Ctrl+C to stop
2026-09-09 18:10:05,698 INFO gateway.run: Cron ticker started (interval=60s)
2026-09-09 18:10:07,811 INFO gateway.run: Received SIGTERM as a planned --replace takeover — exiting cleanly
2026-09-09 18:10:07,812 WARNING gateway.run: Shutdown context: signal=SIGTERM under_systemd=yes parent_pid=1 parent_name=systemd loadavg_1m=0.04 parent_cmdline='/usr/lib/systemd/systemd --system --deserialize=75 vultr'
2026-09-09 18:10:07,813 INFO gateway.run: Stopping gateway...
2026-09-09 18:10:07,813 INFO gateway.run: Shutdown phase: notify_active_sessions done at +0.00s
2026-09-09 18:10:07,815 INFO gateway.run: Shutdown phase: drain done at +0.00s (drain took 0.00s, timed_out=False, active_at_start=0, active_now=0)
2026-09-09 18:10:08,317 INFO gateway.platforms.telegram: [Telegram] Disconnected from Telegram
2026-09-09 18:10:08,318 INFO gateway.run: ✓ telegram disconnected (0.50s)
2026-09-09 18:10:08,319 INFO gateway.platforms.api_server: [Api_Server] API server stopped
2026-09-09 18:10:08,319 INFO gateway.run: ✓ api_server disconnected (0.00s)
2026-09-09 18:10:08,319 INFO gateway.run: Shutdown phase: all adapters disconnected at +0.51s
2026-09-09 18:10:08,441 INFO gateway.run: Shutdown phase: final-cleanup tool kill done at +0.63s
2026-09-09 18:10:08,442 INFO gateway.run: Shutdown phase: SessionDB close done at +0.63s
2026-09-09 18:10:08,443 INFO gateway.run: Gateway stopped (total teardown 0.63s)
2026-09-09 18:10:08,443 INFO gateway.run: Cron ticker stopped
2026-09-09 18:10:08,985 INFO gateway.run: Starting Hermes Gateway...
2026-09-09 18:10:08,985 INFO gateway.run: Session storage: /home/hermes/.hermes/sessions
2026-09-09 18:10:08,993 INFO gateway.run: Agent budget: max_iterations=90 (agent.max_turns from config.yaml, or HERMES_MAX_ITERATIONS from .env, or default 90)
2026-09-09 18:10:08,993 INFO gateway.run: Secret redaction: ENABLED (tool output, logs, and chat responses are scrubbed before delivery)
2026-09-09 18:10:09,000 INFO gateway.run: Previous gateway exited cleanly — skipping session suspension
2026-09-09 18:10:09,099 INFO gateway.run: Connecting to telegram...
2026-09-09 18:10:09,173 INFO gateway.platforms.telegram: [Telegram] Auto-discovered Telegram fallback IPs: 149.154.166.110
2026-09-09 18:10:09,173 INFO gateway.platforms.telegram: [Telegram] Telegram fallback IPs active: 149.154.166.110
2026-09-09 18:10:10,426 INFO gateway.platforms.telegram: [Telegram] set_my_commands OK for scope BotCommandScopeDefault (30 cmds)
2026-09-09 18:10:10,724 INFO gateway.platforms.telegram: [Telegram] set_my_commands OK for scope BotCommandScopeAllPrivateChats (30 cmds)
2026-09-09 18:10:11,023 INFO gateway.platforms.telegram: [Telegram] set_my_commands OK for scope BotCommandScopeAllGroupChats (30 cmds)
2026-09-09 18:10:11,023 INFO gateway.platforms.telegram: [Telegram] Telegram menu: 30 commands registered, 68 hidden (over 30 limit). Use /commands for full list.
2026-09-09 18:10:11,025 INFO gateway.platforms.telegram: [Telegram] Connected to Telegram (polling mode)
2026-09-09 18:10:11,026 INFO gateway.run: ✓ telegram connected
2026-09-09 18:10:11,052 INFO gateway.run: Connecting to api_server...
2026-09-09 18:10:11,056 INFO gateway.platforms.api_server: [Api_Server] API server listening on http://0.0.0.0:8642 (model: hermes-agent)
2026-09-09 18:10:11,057 INFO gateway.run: ✓ api_server connected
2026-09-09 18:10:11,058 INFO gateway.run: Gateway running with 2 platform(s)
2026-09-09 18:10:11,063 INFO gateway.run: Channel directory built: 1 target(s)
2026-09-09 18:10:12,065 INFO gateway.run: Press Ctrl+C to stop
2026-09-09 18:10:12,071 INFO gateway.run: Cron ticker started (interval=60s)
2026-09-09 18:10:17,100 INFO gateway.run: kanban dispatcher: embedded in gateway (interval=60.0s)
2026-09-09 18:15:09,814 INFO gateway.run: Received SIGTERM as a planned --replace takeover — exiting cleanly
2026-09-09 18:15:09,814 WARNING gateway.run: Shutdown context: signal=SIGTERM under_systemd=yes parent_pid=109079 parent_name=systemd loadavg_1m=0.00 parent_cmdline='/usr/lib/systemd/systemd --user'
2026-09-09 18:15:09,816 INFO gateway.run: Stopping gateway...
2026-09-09 18:15:09,816 INFO gateway.run: Shutdown phase: notify_active_sessions done at +0.00s
2026-09-09 18:15:09,817 INFO gateway.run: Shutdown phase: drain done at +0.00s (drain took 0.00s, timed_out=False, active_at_start=0, active_now=0)
2026-09-09 18:15:11,985 INFO gateway.platforms.telegram: [Telegram] Disconnected from Telegram
2026-09-09 18:15:11,985 INFO gateway.run: ✓ telegram disconnected (2.17s)
2026-09-09 18:15:11,986 INFO gateway.platforms.api_server: [Api_Server] API server stopped
2026-09-09 18:15:11,986 INFO gateway.run: ✓ api_server disconnected (0.00s)
2026-09-09 18:15:11,986 INFO gateway.run: Shutdown phase: all adapters disconnected at +2.17s
2026-09-09 18:15:12,069 INFO gateway.run: Shutdown phase: final-cleanup tool kill done at +2.25s
2026-09-09 18:15:12,070 INFO gateway.run: Shutdown phase: SessionDB close done at +2.25s
2026-09-09 18:15:12,071 INFO gateway.run: Gateway stopped (total teardown 2.26s)
2026-09-09 18:15:12,071 INFO gateway.run: Cron ticker stopped
2026-09-09 18:15:12,491 INFO gateway.run: Starting Hermes Gateway...
2026-09-09 18:15:12,491 INFO gateway.run: Session storage: /home/hermes/.hermes/sessions
2026-09-09 18:15:12,501 INFO gateway.run: Agent budget: max_iterations=90 (agent.max_turns from config.yaml, or HERMES_MAX_ITERATIONS from .env, or default 90)
2026-09-09 18:15:12,502 INFO gateway.run: Secret redaction: ENABLED (tool output, logs, and chat responses are scrubbed before delivery)
2026-09-09 18:15:12,508 INFO gateway.run: Previous gateway exited cleanly — skipping session suspension
2026-09-09 18:15:12,609 INFO gateway.run: Connecting to telegram...
2026-09-09 18:15:12,678 INFO gateway.platforms.telegram: [Telegram] Auto-discovered Telegram fallback IPs: 149.154.166.110
2026-09-09 18:15:12,678 INFO gateway.platforms.telegram: [Telegram] Telegram fallback IPs active: 149.154.166.110
2026-09-09 18:15:13,910 INFO gateway.platforms.telegram: [Telegram] set_my_commands OK for scope BotCommandScopeDefault (30 cmds)
2026-09-09 18:15:14,200 INFO gateway.platforms.telegram: [Telegram] set_my_commands OK for scope BotCommandScopeAllPrivateChats (30 cmds)
2026-09-09 18:15:14,511 INFO gateway.platforms.telegram: [Telegram] set_my_commands OK for scope BotCommandScopeAllGroupChats (30 cmds)
2026-09-09 18:15:14,512 INFO gateway.platforms.telegram: [Telegram] Telegram menu: 30 commands registered, 68 hidden (over 30 limit). Use /commands for full list.
2026-09-09 18:15:14,513 INFO gateway.platforms.telegram: [Telegram] Connected to Telegram (polling mode)
2026-09-09 18:15:14,515 INFO gateway.run: ✓ telegram connected
2026-09-09 18:15:14,541 INFO gateway.run: Connecting to api_server...
2026-09-09 18:15:14,544 INFO gateway.platforms.api_server: [Api_Server] API server listening on http://0.0.0.0:8642 (model: hermes-agent)
2026-09-09 18:15:14,546 INFO gateway.run: ✓ api_server connected
2026-09-09 18:15:14,547 INFO gateway.run: Gateway running with 2 platform(s)
2026-09-09 18:15:14,551 INFO gateway.run: Channel directory built: 1 target(s)
2026-09-09 18:15:15,553 INFO gateway.run: Press Ctrl+C to stop
2026-09-09 18:15:15,559 INFO gateway.run: Cron ticker started (interval=60s)
2026-09-09 18:15:20,583 INFO gateway.run: kanban dispatcher: embedded in gateway (interval=60.0s)
2026-09-09 18:15:24,586 INFO gateway.run: Received SIGTERM as a planned --replace takeover — exiting cleanly
2026-09-09 18:15:24,586 WARNING gateway.run: Shutdown context: signal=SIGTERM under_systemd=yes parent_pid=1 parent_name=systemd loadavg_1m=0.07 parent_cmdline='/usr/lib/systemd/systemd --system --deserialize=75 vultr'
2026-09-09 18:15:24,587 INFO gateway.run: Stopping gateway...
2026-09-09 18:15:24,587 INFO gateway.run: Shutdown phase: notify_active_sessions done at +0.00s
2026-09-09 18:15:24,588 INFO gateway.run: Shutdown phase: drain done at +0.00s (drain took 0.00s, timed_out=False, active_at_start=0, active_now=0)
2026-09-09 18:15:28,107 INFO gateway.platforms.telegram: [Telegram] Disconnected from Telegram
2026-09-09 18:15:28,108 INFO gateway.run: ✓ telegram disconnected (3.52s)
2026-09-09 18:15:28,109 INFO gateway.platforms.api_server: [Api_Server] API server stopped
2026-09-09 18:15:28,109 INFO gateway.run: ✓ api_server disconnected (0.00s)
2026-09-09 18:15:28,109 INFO gateway.run: Shutdown phase: all adapters disconnected at +3.52s
2026-09-09 18:15:28,249 INFO gateway.run: Shutdown phase: final-cleanup tool kill done at +3.66s
2026-09-09 18:15:28,250 INFO gateway.run: Shutdown phase: SessionDB close done at +3.66s
2026-09-09 18:15:28,252 INFO gateway.run: Gateway stopped (total teardown 3.66s)
2026-09-09 18:15:28,252 INFO gateway.run: Cron ticker stopped
2026-09-09 18:15:28,777 INFO gateway.run: Starting Hermes Gateway...
2026-09-09 18:15:28,777 INFO gateway.run: Session storage: /home/hermes/.hermes/sessions
2026-09-09 18:15:28,786 INFO gateway.run: Agent budget: max_iterations=90 (agent.max_turns from config.yaml, or HERMES_MAX_ITERATIONS from .env, or default 90)
2026-09-09 18:15:28,786 INFO gateway.run: Secret redaction: ENABLED (tool output, logs, and chat responses are scrubbed before delivery)
2026-09-09 18:15:28,792 INFO gateway.run: Previous gateway exited cleanly — skipping session suspension
2026-09-09 18:15:28,893 INFO gateway.run: Connecting to telegram...
2026-09-09 18:15:28,968 INFO gateway.platforms.telegram: [Telegram] Auto-discovered Telegram fallback IPs: 149.154.166.110
2026-09-09 18:15:28,968 INFO gateway.platforms.telegram: [Telegram] Telegram fallback IPs active: 149.154.166.110
2026-09-09 18:15:30,203 INFO gateway.platforms.telegram: [Telegram] set_my_commands OK for scope BotCommandScopeDefault (30 cmds)
2026-09-09 18:15:30,541 INFO gateway.platforms.telegram: [Telegram] set_my_commands OK for scope BotCommandScopeAllPrivateChats (30 cmds)
2026-09-09 18:15:30,845 INFO gateway.platforms.telegram: [Telegram] set_my_commands OK for scope BotCommandScopeAllGroupChats (30 cmds)
2026-09-09 18:15:30,845 INFO gateway.platforms.telegram: [Telegram] Telegram menu: 30 commands registered, 68 hidden (over 30 limit). Use /commands for full list.
2026-09-09 18:15:30,847 INFO gateway.platforms.telegram: [Telegram] Connected to Telegram (polling mode)
2026-09-09 18:15:30,849 INFO gateway.run: ✓ telegram connected
2026-09-09 18:15:30,878 INFO gateway.run: Connecting to api_server...
2026-09-09 18:15:30,883 INFO gateway.platforms.api_server: [Api_Server] API server listening on http://0.0.0.0:8642 (model: hermes-agent)
2026-09-09 18:15:30,885 INFO gateway.run: ✓ api_server connected
2026-09-09 18:15:30,886 INFO gateway.run: Gateway running with 2 platform(s)
2026-09-09 18:15:30,891 INFO gateway.run: Channel directory built: 1 target(s)
2026-09-09 18:15:31,892 INFO gateway.run: Press Ctrl+C to stop
2026-09-09 18:15:31,900 INFO gateway.run: Cron ticker started (interval=60s)
2026-09-09 18:15:36,906 INFO gateway.run: kanban dispatcher: embedded in gateway (interval=60.0s)
2026-09-09 18:15:59,261 INFO gateway.platforms.telegram: [Telegram] Flushing text batch agent:main:telegram:dm:8944451892 (3 chars)
2026-09-09 18:15:59,325 INFO gateway.run: inbound message: platform=telegram user=Rob chat=8944451892 msg='Sim'
2026-09-09 18:20:29,585 INFO gateway.run: Received SIGTERM as a planned --replace takeover — exiting cleanly
2026-09-09 18:20:29,586 WARNING gateway.run: Shutdown context: signal=SIGTERM under_systemd=yes parent_pid=109079 parent_name=systemd loadavg_1m=0.02 parent_cmdline='/usr/lib/systemd/systemd --user'
2026-09-09 18:20:29,587 INFO gateway.run: Stopping gateway...
2026-09-09 18:20:30,464 INFO gateway.run: Sent shutdown notification to active chat telegram:8944451892
2026-09-09 18:20:30,465 INFO gateway.run: Shutdown phase: notify_active_sessions done at +0.88s
2026-09-09 18:20:40,268 INFO gateway.run: Starting Hermes Gateway...
2026-09-09 18:20:40,268 INFO gateway.run: Session storage: /home/hermes/.hermes/sessions
2026-09-09 18:20:40,278 INFO gateway.run: Agent budget: max_iterations=90 (agent.max_turns from config.yaml, or HERMES_MAX_ITERATIONS from .env, or default 90)
2026-09-09 18:20:40,278 INFO gateway.run: Secret redaction: ENABLED (tool output, logs, and chat responses are scrubbed before delivery)
2026-09-09 18:20:40,384 INFO gateway.run: Connecting to telegram...
2026-09-09 18:20:40,491 INFO gateway.platforms.telegram: [Telegram] Auto-discovered Telegram fallback IPs: 149.154.166.110
2026-09-09 18:20:40,491 INFO gateway.platforms.telegram: [Telegram] Telegram fallback IPs active: 149.154.166.110
2026-09-09 18:20:41,685 INFO gateway.platforms.telegram: [Telegram] set_my_commands OK for scope BotCommandScopeDefault (30 cmds)
2026-09-09 18:20:41,979 INFO gateway.platforms.telegram: [Telegram] set_my_commands OK for scope BotCommandScopeAllPrivateChats (30 cmds)
2026-09-09 18:20:42,271 INFO gateway.platforms.telegram: [Telegram] set_my_commands OK for scope BotCommandScopeAllGroupChats (30 cmds)
2026-09-09 18:20:42,271 INFO gateway.platforms.telegram: [Telegram] Telegram menu: 30 commands registered, 71 hidden (over 30 limit). Use /commands for full list.
2026-09-09 18:20:42,272 INFO gateway.platforms.telegram: [Telegram] Connected to Telegram (polling mode)
2026-09-09 18:20:42,274 INFO gateway.run: ✓ telegram connected
2026-09-09 18:20:42,300 INFO gateway.run: Connecting to api_server...
2026-09-09 18:20:42,304 INFO gateway.platforms.api_server: [Api_Server] API server listening on http://0.0.0.0:8642 (model: hermes-agent)
2026-09-09 18:20:42,306 INFO gateway.run: ✓ api_server connected
2026-09-09 18:20:42,307 INFO gateway.run: Gateway running with 2 platform(s)
2026-09-09 18:20:42,311 INFO gateway.run: Channel directory built: 1 target(s)
2026-09-09 18:20:43,312 INFO gateway.run: Scheduled auto-resume for 1 restart-interrupted session(s)
2026-09-09 18:20:43,313 INFO gateway.run: Press Ctrl+C to stop
2026-09-09 18:20:43,319 INFO gateway.run: Cron ticker started (interval=60s)
2026-09-09 18:20:43,398 INFO gateway.run: inbound message: platform=telegram user=Rob chat=8944451892 msg=''
2026-09-09 18:20:48,343 INFO gateway.run: kanban dispatcher: embedded in gateway (interval=60.0s)
2026-09-09 18:21:06,350 INFO gateway.run: Received SIGTERM as a planned --replace takeover — exiting cleanly
2026-09-09 18:21:06,350 WARNING gateway.run: Shutdown context: signal=SIGTERM under_systemd=yes parent_pid=1 parent_name=systemd loadavg_1m=0.09 parent_cmdline='/usr/lib/systemd/systemd --system --deserialize=75 vultr'
2026-09-09 18:21:06,351 INFO gateway.run: Stopping gateway...
2026-09-09 18:21:06,951 INFO gateway.run: Sent shutdown notification to active chat telegram:8944451892
2026-09-09 18:21:06,951 INFO gateway.run: Shutdown phase: notify_active_sessions done at +0.60s
2026-09-09 18:21:17,044 INFO gateway.run: Starting Hermes Gateway...
2026-09-09 18:21:17,044 INFO gateway.run: Session storage: /home/hermes/.hermes/sessions
2026-09-09 18:21:17,052 INFO gateway.run: Agent budget: max_iterations=90 (agent.max_turns from config.yaml, or HERMES_MAX_ITERATIONS from .env, or default 90)
2026-09-09 18:21:17,052 INFO gateway.run: Secret redaction: ENABLED (tool output, logs, and chat responses are scrubbed before delivery)
2026-09-09 18:21:17,170 INFO gateway.run: Connecting to telegram...
2026-09-09 18:21:17,247 INFO gateway.platforms.telegram: [Telegram] Auto-discovered Telegram fallback IPs: 149.154.166.110
2026-09-09 18:21:17,247 INFO gateway.platforms.telegram: [Telegram] Telegram fallback IPs active: 149.154.166.110
2026-09-09 18:21:18,514 INFO gateway.platforms.telegram: [Telegram] set_my_commands OK for scope BotCommandScopeDefault (30 cmds)
2026-09-09 18:21:18,823 INFO gateway.platforms.telegram: [Telegram] set_my_commands OK for scope BotCommandScopeAllPrivateChats (30 cmds)
2026-09-09 18:21:19,128 INFO gateway.platforms.telegram: [Telegram] set_my_commands OK for scope BotCommandScopeAllGroupChats (30 cmds)
2026-09-09 18:21:19,128 INFO gateway.platforms.telegram: [Telegram] Telegram menu: 30 commands registered, 71 hidden (over 30 limit). Use /commands for full list.
2026-09-09 18:21:19,129 INFO gateway.platforms.telegram: [Telegram] Connected to Telegram (polling mode)
2026-09-09 18:21:19,131 INFO gateway.run: ✓ telegram connected
2026-09-09 18:21:19,156 INFO gateway.run: Connecting to api_server...
2026-09-09 18:21:19,160 INFO gateway.platforms.api_server: [Api_Server] API server listening on http://0.0.0.0:8642 (model: hermes-agent)
2026-09-09 18:21:19,162 INFO gateway.run: ✓ api_server connected
2026-09-09 18:21:19,163 INFO gateway.run: Gateway running with 2 platform(s)
2026-09-09 18:21:19,167 INFO gateway.run: Channel directory built: 1 target(s)
2026-09-09 18:21:20,168 INFO gateway.run: Scheduled auto-resume for 1 restart-interrupted session(s)
2026-09-09 18:21:20,169 INFO gateway.run: Press Ctrl+C to stop
2026-09-09 18:21:20,176 INFO gateway.run: Cron ticker started (interval=60s)
2026-09-09 18:21:20,267 INFO gateway.run: inbound message: platform=telegram user=Rob chat=8944451892 msg=''
2026-09-09 18:21:25,814 INFO gateway.run: kanban dispatcher: embedded in gateway (interval=60.0s)
2026-09-09 18:26:17,596 INFO gateway.run: Received SIGTERM as a planned --replace takeover — exiting cleanly
2026-09-09 18:26:17,596 WARNING gateway.run: Shutdown context: signal=SIGTERM under_systemd=yes parent_pid=109079 parent_name=systemd loadavg_1m=0.10 parent_cmdline='/usr/lib/systemd/systemd --user'
2026-09-09 18:26:17,597 INFO gateway.run: Stopping gateway...
2026-09-09 18:26:18,518 INFO gateway.run: Sent shutdown notification to active chat telegram:8944451892
2026-09-09 18:26:18,518 INFO gateway.run: Shutdown phase: notify_active_sessions done at +0.92s
2026-09-09 18:26:28,290 INFO gateway.run: Starting Hermes Gateway...
2026-09-09 18:26:28,291 INFO gateway.run: Session storage: /home/hermes/.hermes/sessions
2026-09-09 18:26:28,302 INFO gateway.run: Agent budget: max_iterations=90 (agent.max_turns from config.yaml, or HERMES_MAX_ITERATIONS from .env, or default 90)
2026-09-09 18:26:28,302 INFO gateway.run: Secret redaction: ENABLED (tool output, logs, and chat responses are scrubbed before delivery)
2026-09-09 18:26:28,413 INFO gateway.run: Connecting to telegram...
2026-09-09 18:26:28,486 INFO gateway.platforms.telegram: [Telegram] Auto-discovered Telegram fallback IPs: 149.154.166.110
2026-09-09 18:26:28,486 INFO gateway.platforms.telegram: [Telegram] Telegram fallback IPs active: 149.154.166.110
2026-09-09 18:26:30,194 INFO gateway.platforms.telegram: [Telegram] set_my_commands OK for scope BotCommandScopeDefault (30 cmds)
2026-09-09 18:26:30,715 INFO gateway.platforms.telegram: [Telegram] set_my_commands OK for scope BotCommandScopeAllPrivateChats (30 cmds)
2026-09-09 18:26:31,027 INFO gateway.platforms.telegram: [Telegram] set_my_commands OK for scope BotCommandScopeAllGroupChats (30 cmds)
2026-09-09 18:26:31,027 INFO gateway.platforms.telegram: [Telegram] Telegram menu: 30 commands registered, 71 hidden (over 30 limit). Use /commands for full list.
2026-09-09 18:26:31,029 INFO gateway.platforms.telegram: [Telegram] Connected to Telegram (polling mode)
2026-09-09 18:26:31,031 INFO gateway.run: ✓ telegram connected
2026-09-09 18:26:31,056 INFO gateway.run: Connecting to api_server...
2026-09-09 18:26:31,059 INFO gateway.platforms.api_server: [Api_Server] API server listening on http://0.0.0.0:8642 (model: hermes-agent)
2026-09-09 18:26:31,061 INFO gateway.run: ✓ api_server connected
2026-09-09 18:26:31,062 INFO gateway.run: Gateway running with 2 platform(s)
2026-09-09 18:26:31,067 INFO gateway.run: Channel directory built: 1 target(s)
2026-09-09 18:26:32,068 INFO gateway.run: Scheduled auto-resume for 1 restart-interrupted session(s)
2026-09-09 18:26:32,069 INFO gateway.run: Press Ctrl+C to stop
2026-09-09 18:26:32,076 INFO gateway.run: Cron ticker started (interval=60s)
2026-09-09 18:26:32,121 INFO gateway.run: inbound message: platform=telegram user=Rob chat=8944451892 msg=''
2026-09-09 18:26:37,103 INFO gateway.run: kanban dispatcher: embedded in gateway (interval=60.0s)
2026-09-09 18:27:27,107 INFO gateway.run: Received SIGTERM as a planned --replace takeover — exiting cleanly
2026-09-09 18:27:27,107 WARNING gateway.run: Shutdown context: signal=SIGTERM under_systemd=yes parent_pid=1 parent_name=systemd loadavg_1m=0.06 parent_cmdline='/usr/lib/systemd/systemd --system --deserialize=75 vultr'
2026-09-09 18:27:27,109 INFO gateway.run: Stopping gateway...
2026-09-09 18:27:28,075 INFO gateway.run: Sent shutdown notification to active chat telegram:8944451892
2026-09-09 18:27:28,075 INFO gateway.run: Shutdown phase: notify_active_sessions done at +0.97s
2026-09-09 18:27:37,812 INFO gateway.run: Starting Hermes Gateway...
2026-09-09 18:27:37,813 INFO gateway.run: Session storage: /home/hermes/.hermes/sessions
2026-09-09 18:27:37,821 INFO gateway.run: Agent budget: max_iterations=90 (agent.max_turns from config.yaml, or HERMES_MAX_ITERATIONS from .env, or default 90)
2026-09-09 18:27:37,822 INFO gateway.run: Secret redaction: ENABLED (tool output, logs, and chat responses are scrubbed before delivery)
2026-09-09 18:27:37,927 INFO gateway.run: Connecting to telegram...
2026-09-09 18:27:38,010 INFO gateway.platforms.telegram: [Telegram] Auto-discovered Telegram fallback IPs: 149.154.166.110
2026-09-09 18:27:38,010 INFO gateway.platforms.telegram: [Telegram] Telegram fallback IPs active: 149.154.166.110
2026-09-09 18:27:40,381 INFO gateway.platforms.telegram: [Telegram] set_my_commands OK for scope BotCommandScopeDefault (30 cmds)
2026-09-09 18:27:40,701 INFO gateway.platforms.telegram: [Telegram] set_my_commands OK for scope BotCommandScopeAllPrivateChats (30 cmds)
2026-09-09 18:27:41,015 INFO gateway.platforms.telegram: [Telegram] set_my_commands OK for scope BotCommandScopeAllGroupChats (30 cmds)
2026-09-09 18:27:41,015 INFO gateway.platforms.telegram: [Telegram] Telegram menu: 30 commands registered, 71 hidden (over 30 limit). Use /commands for full list.
2026-09-09 18:27:41,016 INFO gateway.platforms.telegram: [Telegram] Connected to Telegram (polling mode)
2026-09-09 18:27:41,018 INFO gateway.run: ✓ telegram connected
2026-09-09 18:27:41,043 INFO gateway.run: Connecting to api_server...
2026-09-09 18:27:41,047 INFO gateway.platforms.api_server: [Api_Server] API server listening on http://0.0.0.0:8642 (model: hermes-agent)
2026-09-09 18:27:41,049 INFO gateway.run: ✓ api_server connected
2026-09-09 18:27:41,050 INFO gateway.run: Gateway running with 2 platform(s)
2026-09-09 18:27:41,054 INFO gateway.run: Channel directory built: 1 target(s)
2026-09-09 18:27:42,055 INFO gateway.run: Scheduled auto-resume for 1 restart-interrupted session(s)
2026-09-09 18:27:42,055 INFO gateway.run: Press Ctrl+C to stop
2026-09-09 18:27:42,062 INFO gateway.run: Cron ticker started (interval=60s)
2026-09-09 18:27:42,148 INFO gateway.run: inbound message: platform=telegram user=Rob chat=8944451892 msg=''
2026-09-09 18:27:47,088 INFO gateway.run: kanban dispatcher: embedded in gateway (interval=60.0s)
2026-09-09 18:28:43,294 INFO [20260909_165312_4039f4] gateway.run: Session split detected: 20260909_165312_4039f4 → 20260909_182813_373926 (compression)
2026-09-09 18:28:44,700 INFO gateway.run: Suppressing normal final send for session agent:main:telegram:dm:8944451892: final delivery already confirmed (streamed=True previewed=False content_delivered=True).
2026-09-09 18:28:44,700 INFO gateway.run: response ready: platform=telegram chat=8944451892 time=62.6s api_calls=6 response=1406 chars
2026-09-09 18:30:00,894 INFO gateway.platforms.telegram: [Telegram] Flushing text batch agent:main:telegram:dm:8944451892 (35 chars)
2026-09-09 18:30:00,895 INFO gateway.run: inbound message: platform=telegram user=Rob chat=8944451892 msg='Pq está caindo toda hora o gateway?'
2026-09-09 18:32:38,335 INFO gateway.run: Received SIGTERM as a planned --replace takeover — exiting cleanly
2026-09-09 18:32:38,336 WARNING gateway.run: Shutdown context: signal=SIGTERM under_systemd=yes parent_pid=109079 parent_name=systemd loadavg_1m=0.08 parent_cmdline='/usr/lib/systemd/systemd --user'
2026-09-09 18:32:38,337 INFO gateway.run: Stopping gateway...
2026-09-09 18:32:38,920 INFO gateway.run: Sent shutdown notification to active chat telegram:8944451892
2026-09-09 18:32:38,920 INFO gateway.run: Shutdown phase: notify_active_sessions done at +0.58s
2026-09-09 18:32:49,023 INFO gateway.run: Starting Hermes Gateway...
2026-09-09 18:32:49,023 INFO gateway.run: Session storage: /home/hermes/.hermes/sessions
2026-09-09 18:32:49,033 INFO gateway.run: Agent budget: max_iterations=90 (agent.max_turns from config.yaml, or HERMES_MAX_ITERATIONS from .env, or default 90)
2026-09-09 18:32:49,033 INFO gateway.run: Secret redaction: ENABLED (tool output, logs, and chat responses are scrubbed before delivery)
2026-09-09 18:32:49,141 INFO gateway.run: Connecting to telegram...
2026-09-09 18:32:49,225 INFO gateway.platforms.telegram: [Telegram] Auto-discovered Telegram fallback IPs: 149.154.166.110
2026-09-09 18:32:49,226 INFO gateway.platforms.telegram: [Telegram] Telegram fallback IPs active: 149.154.166.110
2026-09-09 18:32:50,466 INFO gateway.platforms.telegram: [Telegram] set_my_commands OK for scope BotCommandScopeDefault (30 cmds)
2026-09-09 18:32:50,767 INFO gateway.platforms.telegram: [Telegram] set_my_commands OK for scope BotCommandScopeAllPrivateChats (30 cmds)
2026-09-09 18:32:51,062 INFO gateway.platforms.telegram: [Telegram] set_my_commands OK for scope BotCommandScopeAllGroupChats (30 cmds)
2026-09-09 18:32:51,063 INFO gateway.platforms.telegram: [Telegram] Telegram menu: 30 commands registered, 71 hidden (over 30 limit). Use /commands for full list.
2026-09-09 18:32:51,064 INFO gateway.platforms.telegram: [Telegram] Connected to Telegram (polling mode)
2026-09-09 18:32:51,066 INFO gateway.run: ✓ telegram connected
2026-09-09 18:32:51,092 INFO gateway.run: Connecting to api_server...
2026-09-09 18:32:51,096 INFO gateway.platforms.api_server: [Api_Server] API server listening on http://0.0.0.0:8642 (model: hermes-agent)
2026-09-09 18:32:51,098 INFO gateway.run: ✓ api_server connected
2026-09-09 18:32:51,099 INFO gateway.run: Gateway running with 2 platform(s)
2026-09-09 18:32:51,103 INFO gateway.run: Channel directory built: 1 target(s)
2026-09-09 18:32:52,105 INFO gateway.run: Scheduled auto-resume for 1 restart-interrupted session(s)
2026-09-09 18:32:52,106 INFO gateway.run: Press Ctrl+C to stop
2026-09-09 18:32:52,112 INFO gateway.run: Cron ticker started (interval=60s)
2026-09-09 18:32:52,156 INFO gateway.run: inbound message: platform=telegram user=Rob chat=8944451892 msg=''
2026-09-09 18:32:57,140 INFO gateway.run: kanban dispatcher: embedded in gateway (interval=60.0s)
2026-09-09 18:33:24,687 INFO gateway.platforms.telegram: Telegram button resolved 1 approval(s) for session agent:main:telegram:dm:8944451892 (choice=always, user=Rob)
2026-09-09 18:35:01,852 INFO gateway.run: Received SIGTERM as a planned --replace takeover — exiting cleanly
2026-09-09 18:35:01,852 WARNING gateway.run: Shutdown context: signal=SIGTERM under_systemd=yes parent_pid=1 parent_name=systemd loadavg_1m=0.08 parent_cmdline='/usr/lib/systemd/systemd --system --deserialize=75 vultr'
2026-09-09 18:35:01,853 INFO gateway.run: Stopping gateway...
2026-09-09 18:35:02,732 INFO gateway.run: Sent shutdown notification to active chat telegram:8944451892
2026-09-09 18:35:02,732 INFO gateway.run: Shutdown phase: notify_active_sessions done at +0.88s
2026-09-09 18:35:12,532 INFO gateway.run: Starting Hermes Gateway...
2026-09-09 18:35:12,532 INFO gateway.run: Session storage: /home/hermes/.hermes/sessions
2026-09-09 18:35:12,540 INFO gateway.run: Agent budget: max_iterations=90 (agent.max_turns from config.yaml, or HERMES_MAX_ITERATIONS from .env, or default 90)
2026-09-09 18:35:12,540 INFO gateway.run: Secret redaction: ENABLED (tool output, logs, and chat responses are scrubbed before delivery)
2026-09-09 18:35:12,645 INFO gateway.run: Connecting to telegram...
2026-09-09 18:35:12,714 INFO gateway.platforms.telegram: [Telegram] Auto-discovered Telegram fallback IPs: 149.154.166.110
2026-09-09 18:35:12,714 INFO gateway.platforms.telegram: [Telegram] Telegram fallback IPs active: 149.154.166.110
2026-09-09 18:35:14,192 INFO gateway.platforms.telegram: [Telegram] set_my_commands OK for scope BotCommandScopeDefault (30 cmds)
2026-09-09 18:35:14,679 INFO gateway.platforms.telegram: [Telegram] set_my_commands OK for scope BotCommandScopeAllPrivateChats (30 cmds)
2026-09-09 18:35:15,163 INFO gateway.platforms.telegram: [Telegram] set_my_commands OK for scope BotCommandScopeAllGroupChats (30 cmds)
2026-09-09 18:35:15,164 INFO gateway.platforms.telegram: [Telegram] Telegram menu: 30 commands registered, 71 hidden (over 30 limit). Use /commands for full list.
2026-09-09 18:35:15,165 INFO gateway.platforms.telegram: [Telegram] Connected to Telegram (polling mode)
2026-09-09 18:35:15,167 INFO gateway.run: ✓ telegram connected
2026-09-09 18:35:15,192 INFO gateway.run: Connecting to api_server...
2026-09-09 18:35:15,195 INFO gateway.platforms.api_server: [Api_Server] API server listening on http://0.0.0.0:8642 (model: hermes-agent)
2026-09-09 18:35:15,197 INFO gateway.run: ✓ api_server connected
2026-09-09 18:35:15,198 INFO gateway.run: Gateway running with 2 platform(s)
2026-09-09 18:35:15,202 INFO gateway.run: Channel directory built: 1 target(s)
2026-09-09 18:35:16,204 INFO gateway.run: Scheduled auto-resume for 1 restart-interrupted session(s)
2026-09-09 18:35:16,204 INFO gateway.run: Press Ctrl+C to stop
2026-09-09 18:35:16,211 INFO gateway.run: Cron ticker started (interval=60s)
2026-09-09 18:35:16,296 INFO gateway.run: inbound message: platform=telegram user=Rob chat=8944451892 msg=''
2026-09-09 18:35:21,235 INFO gateway.run: kanban dispatcher: embedded in gateway (interval=60.0s)
2026-09-09 18:35:31,567 INFO gateway.run: Suppressing normal final send for session agent:main:telegram:dm:8944451892: final delivery already confirmed (streamed=True previewed=False content_delivered=True).
2026-09-09 18:35:31,567 INFO gateway.run: response ready: platform=telegram chat=8944451892 time=15.3s api_calls=2 response=1138 chars
2026-09-09 18:40:13,158 INFO gateway.run: Received SIGTERM as a planned --replace takeover — exiting cleanly
2026-09-09 18:40:13,159 WARNING gateway.run: Shutdown context: signal=SIGTERM under_systemd=yes parent_pid=109079 parent_name=systemd loadavg_1m=0.03 parent_cmdline='/usr/lib/systemd/systemd --user'
2026-09-09 18:40:13,160 INFO gateway.run: Stopping gateway...
2026-09-09 18:40:13,160 INFO gateway.run: Shutdown phase: notify_active_sessions done at +0.00s
2026-09-09 18:40:13,161 INFO gateway.run: Shutdown phase: drain done at +0.00s (drain took 0.00s, timed_out=False, active_at_start=0, active_now=0)
2026-09-09 18:40:13,632 INFO gateway.platforms.telegram: [Telegram] Disconnected from Telegram
2026-09-09 18:40:13,632 INFO gateway.run: ✓ telegram disconnected (0.47s)
2026-09-09 18:40:13,634 INFO gateway.platforms.api_server: [Api_Server] API server stopped
2026-09-09 18:40:13,634 INFO gateway.run: ✓ api_server disconnected (0.00s)
2026-09-09 18:40:13,634 INFO gateway.run: Shutdown phase: all adapters disconnected at +0.47s
2026-09-09 18:40:13,635 INFO gateway.run: Shutdown phase: final-cleanup tool kill done at +0.48s
2026-09-09 18:40:13,638 INFO gateway.run: Shutdown phase: SessionDB close done at +0.48s
2026-09-09 18:40:13,640 INFO gateway.run: Gateway stopped (total teardown 0.48s)
2026-09-09 18:40:13,640 INFO gateway.run: Cron ticker stopped
2026-09-09 18:40:14,363 INFO gateway.run: Starting Hermes Gateway...
2026-09-09 18:40:14,363 INFO gateway.run: Session storage: /home/hermes/.hermes/sessions
2026-09-09 18:40:14,374 INFO gateway.run: Agent budget: max_iterations=90 (agent.max_turns from config.yaml, or HERMES_MAX_ITERATIONS from .env, or default 90)
2026-09-09 18:40:14,374 INFO gateway.run: Secret redaction: ENABLED (tool output, logs, and chat responses are scrubbed before delivery)
2026-09-09 18:40:14,380 INFO gateway.run: Previous gateway exited cleanly — skipping session suspension
2026-09-09 18:40:14,486 INFO gateway.run: Connecting to telegram...
2026-09-09 18:40:14,556 INFO gateway.platforms.telegram: [Telegram] Auto-discovered Telegram fallback IPs: 149.154.166.110
2026-09-09 18:40:14,556 INFO gateway.platforms.telegram: [Telegram] Telegram fallback IPs active: 149.154.166.110
2026-09-09 18:40:15,768 INFO gateway.platforms.telegram: [Telegram] set_my_commands OK for scope BotCommandScopeDefault (30 cmds)
2026-09-09 18:40:16,056 INFO gateway.platforms.telegram: [Telegram] set_my_commands OK for scope BotCommandScopeAllPrivateChats (30 cmds)
2026-09-09 18:40:16,347 INFO gateway.platforms.telegram: [Telegram] set_my_commands OK for scope BotCommandScopeAllGroupChats (30 cmds)
2026-09-09 18:40:16,348 INFO gateway.platforms.telegram: [Telegram] Telegram menu: 30 commands registered, 71 hidden (over 30 limit). Use /commands for full list.
2026-09-09 18:40:16,349 INFO gateway.platforms.telegram: [Telegram] Connected to Telegram (polling mode)
2026-09-09 18:40:16,351 INFO gateway.run: ✓ telegram connected
2026-09-09 18:40:16,376 INFO gateway.run: Connecting to api_server...
2026-09-09 18:40:16,380 INFO gateway.platforms.api_server: [Api_Server] API server listening on http://0.0.0.0:8642 (model: hermes-agent)
2026-09-09 18:40:16,382 INFO gateway.run: ✓ api_server connected
2026-09-09 18:40:16,383 INFO gateway.run: Gateway running with 2 platform(s)
2026-09-09 18:40:16,388 INFO gateway.run: Channel directory built: 1 target(s)
2026-09-09 18:40:17,390 INFO gateway.run: Press Ctrl+C to stop
2026-09-09 18:40:17,396 INFO gateway.run: Cron ticker started (interval=60s)
2026-09-09 18:40:22,421 INFO gateway.run: kanban dispatcher: embedded in gateway (interval=60.0s)
2026-09-09 18:45:15,064 INFO gateway.run: Received SIGTERM as a planned --replace takeover — exiting cleanly
2026-09-09 18:45:15,064 WARNING gateway.run: Shutdown context: signal=SIGTERM under_systemd=yes parent_pid=1 parent_name=systemd loadavg_1m=0.00 parent_cmdline='/usr/lib/systemd/systemd --system --deserialize=75 vultr'
2026-09-09 18:45:15,066 INFO gateway.run: Stopping gateway...
2026-09-09 18:45:15,066 INFO gateway.run: Shutdown phase: notify_active_sessions done at +0.00s
2026-09-09 18:45:15,067 INFO gateway.run: Shutdown phase: drain done at +0.00s (drain took 0.00s, timed_out=False, active_at_start=0, active_now=0)
2026-09-09 18:45:15,579 INFO gateway.platforms.telegram: [Telegram] Disconnected from Telegram
2026-09-09 18:45:15,579 INFO gateway.run: ✓ telegram disconnected (0.51s)
2026-09-09 18:45:15,581 INFO gateway.platforms.api_server: [Api_Server] API server stopped
2026-09-09 18:45:15,581 INFO gateway.run: ✓ api_server disconnected (0.00s)
2026-09-09 18:45:15,581 INFO gateway.run: Shutdown phase: all adapters disconnected at +0.52s
2026-09-09 18:45:15,664 INFO gateway.run: Shutdown phase: final-cleanup tool kill done at +0.60s
2026-09-09 18:45:15,665 INFO gateway.run: Shutdown phase: SessionDB close done at +0.60s
2026-09-09 18:45:15,666 INFO gateway.run: Gateway stopped (total teardown 0.60s)
2026-09-09 18:45:15,666 INFO gateway.run: Cron ticker stopped
2026-09-09 18:45:16,246 INFO gateway.run: Starting Hermes Gateway...
2026-09-09 18:45:16,246 INFO gateway.run: Session storage: /home/hermes/.hermes/sessions
2026-09-09 18:45:16,254 INFO gateway.run: Agent budget: max_iterations=90 (agent.max_turns from config.yaml, or HERMES_MAX_ITERATIONS from .env, or default 90)
2026-09-09 18:45:16,255 INFO gateway.run: Secret redaction: ENABLED (tool output, logs, and chat responses are scrubbed before delivery)
2026-09-09 18:45:16,261 INFO gateway.run: Previous gateway exited cleanly — skipping session suspension
2026-09-09 18:45:16,379 INFO gateway.run: Connecting to telegram...
2026-09-09 18:45:16,465 INFO gateway.platforms.telegram: [Telegram] Auto-discovered Telegram fallback IPs: 149.154.166.110
2026-09-09 18:45:16,465 INFO gateway.platforms.telegram: [Telegram] Telegram fallback IPs active: 149.154.166.110
2026-09-09 18:45:17,718 INFO gateway.platforms.telegram: [Telegram] set_my_commands OK for scope BotCommandScopeDefault (30 cmds)
2026-09-09 18:45:18,009 INFO gateway.platforms.telegram: [Telegram] set_my_commands OK for scope BotCommandScopeAllPrivateChats (30 cmds)
2026-09-09 18:45:18,304 INFO gateway.platforms.telegram: [Telegram] set_my_commands OK for scope BotCommandScopeAllGroupChats (30 cmds)
2026-09-09 18:45:18,304 INFO gateway.platforms.telegram: [Telegram] Telegram menu: 30 commands registered, 71 hidden (over 30 limit). Use /commands for full list.
2026-09-09 18:45:18,306 INFO gateway.platforms.telegram: [Telegram] Connected to Telegram (polling mode)
2026-09-09 18:45:18,308 INFO gateway.run: ✓ telegram connected
2026-09-09 18:45:18,335 INFO gateway.run: Connecting to api_server...
2026-09-09 18:45:18,339 INFO gateway.platforms.api_server: [Api_Server] API server listening on http://0.0.0.0:8642 (model: hermes-agent)
2026-09-09 18:45:18,341 INFO gateway.run: ✓ api_server connected
2026-09-09 18:45:18,341 INFO gateway.run: Gateway running with 2 platform(s)
2026-09-09 18:45:18,346 INFO gateway.run: Channel directory built: 1 target(s)
2026-09-09 18:45:19,347 INFO gateway.run: Press Ctrl+C to stop
2026-09-09 18:45:19,354 INFO gateway.run: Cron ticker started (interval=60s)
2026-09-09 18:45:24,377 INFO gateway.run: kanban dispatcher: embedded in gateway (interval=60.0s)
2026-09-09 18:48:05,978 INFO gateway.platforms.telegram: [Telegram] Flushing text batch agent:main:telegram:dm:8944451892 (37 chars)
2026-09-09 18:48:06,039 INFO gateway.run: inbound message: platform=telegram user=Rob chat=8944451892 msg='Você está tentando economizar tokens?'
2026-09-09 18:48:18,841 INFO gateway.run: Suppressing normal final send for session agent:main:telegram:dm:8944451892: final delivery already confirmed (streamed=True previewed=False content_delivered=True).
2026-09-09 18:48:18,841 INFO gateway.run: response ready: platform=telegram chat=8944451892 time=12.8s api_calls=1 response=887 chars
2026-09-09 18:50:16,812 INFO gateway.run: Received SIGTERM as a planned --replace takeover — exiting cleanly
2026-09-09 18:50:16,812 WARNING gateway.run: Shutdown context: signal=SIGTERM under_systemd=yes parent_pid=109079 parent_name=systemd loadavg_1m=0.15 parent_cmdline='/usr/lib/systemd/systemd --user'
2026-09-09 18:50:16,813 INFO gateway.run: Stopping gateway...
2026-09-09 18:50:16,814 INFO gateway.run: Shutdown phase: notify_active_sessions done at +0.00s
2026-09-09 18:50:16,815 INFO gateway.run: Shutdown phase: drain done at +0.00s (drain took 0.00s, timed_out=False, active_at_start=0, active_now=0)
2026-09-09 18:50:17,290 INFO gateway.platforms.telegram: [Telegram] Disconnected from Telegram
2026-09-09 18:50:17,291 INFO gateway.run: ✓ telegram disconnected (0.47s)
2026-09-09 18:50:17,292 INFO gateway.platforms.api_server: [Api_Server] API server stopped
2026-09-09 18:50:17,292 INFO gateway.run: ✓ api_server disconnected (0.00s)
2026-09-09 18:50:17,292 INFO gateway.run: Shutdown phase: all adapters disconnected at +0.48s
2026-09-09 18:50:17,293 INFO gateway.run: Shutdown phase: final-cleanup tool kill done at +0.48s
2026-09-09 18:50:17,294 INFO gateway.run: Shutdown phase: SessionDB close done at +0.48s
2026-09-09 18:50:17,295 INFO gateway.run: Gateway stopped (total teardown 0.48s)
2026-09-09 18:50:17,296 INFO gateway.run: Cron ticker stopped
2026-09-09 18:50:17,997 INFO gateway.run: Starting Hermes Gateway...
2026-09-09 18:50:17,997 INFO gateway.run: Session storage: /home/hermes/.hermes/sessions
2026-09-09 18:50:18,008 INFO gateway.run: Agent budget: max_iterations=90 (agent.max_turns from config.yaml, or HERMES_MAX_ITERATIONS from .env, or default 90)
2026-09-09 18:50:18,008 INFO gateway.run: Secret redaction: ENABLED (tool output, logs, and chat responses are scrubbed before delivery)
2026-09-09 18:50:18,015 INFO gateway.run: Previous gateway exited cleanly — skipping session suspension
2026-09-09 18:50:18,120 INFO gateway.run: Connecting to telegram...
2026-09-09 18:50:18,203 INFO gateway.platforms.telegram: [Telegram] Auto-discovered Telegram fallback IPs: 149.154.166.110
2026-09-09 18:50:18,203 INFO gateway.platforms.telegram: [Telegram] Telegram fallback IPs active: 149.154.166.110
2026-09-09 18:50:20,059 INFO gateway.platforms.telegram: [Telegram] set_my_commands OK for scope BotCommandScopeDefault (30 cmds)
2026-09-09 18:50:20,941 INFO gateway.platforms.telegram: [Telegram] set_my_commands OK for scope BotCommandScopeAllPrivateChats (30 cmds)
2026-09-09 18:50:21,250 INFO gateway.platforms.telegram: [Telegram] set_my_commands OK for scope BotCommandScopeAllGroupChats (30 cmds)
2026-09-09 18:50:21,250 INFO gateway.platforms.telegram: [Telegram] Telegram menu: 30 commands registered, 71 hidden (over 30 limit). Use /commands for full list.
2026-09-09 18:50:21,252 INFO gateway.platforms.telegram: [Telegram] Connected to Telegram (polling mode)
2026-09-09 18:50:21,253 INFO gateway.run: ✓ telegram connected
2026-09-09 18:50:21,278 INFO gateway.run: Connecting to api_server...
2026-09-09 18:50:21,282 INFO gateway.platforms.api_server: [Api_Server] API server listening on http://0.0.0.0:8642 (model: hermes-agent)
2026-09-09 18:50:21,283 INFO gateway.run: ✓ api_server connected
2026-09-09 18:50:21,284 INFO gateway.run: Gateway running with 2 platform(s)
2026-09-09 18:50:21,288 INFO gateway.run: Channel directory built: 1 target(s)
2026-09-09 18:50:22,290 INFO gateway.run: Press Ctrl+C to stop
2026-09-09 18:50:22,296 INFO gateway.run: Cron ticker started (interval=60s)
2026-09-09 18:50:27,320 INFO gateway.run: kanban dispatcher: embedded in gateway (interval=60.0s)
2026-09-09 18:53:35,710 INFO gateway.platforms.telegram: [Telegram] Flushing text batch agent:main:telegram:dm:8944451892 (55 chars)
2026-09-09 18:53:35,728 INFO gateway.run: inbound message: platform=telegram user=Rob chat=8944451892 msg='Pode ser, você custa caro pra mim, tente valorizar isso'
2026-09-09 18:54:26,772 INFO gateway.run: Suppressing normal final send for session agent:main:telegram:dm:8944451892: final delivery already confirmed (streamed=True previewed=False content_delivered=True).
2026-09-09 18:54:26,773 INFO gateway.run: response ready: platform=telegram chat=8944451892 time=51.0s api_calls=5 response=1407 chars
2026-09-09 18:55:18,851 INFO gateway.run: Received SIGTERM as a planned --replace takeover — exiting cleanly
2026-09-09 18:55:18,851 WARNING gateway.run: Shutdown context: signal=SIGTERM under_systemd=yes parent_pid=1 parent_name=systemd loadavg_1m=0.02 parent_cmdline='/usr/lib/systemd/systemd --system --deserialize=75 vultr'
2026-09-09 18:55:18,852 INFO gateway.run: Stopping gateway...
2026-09-09 18:55:18,853 INFO gateway.run: Shutdown phase: notify_active_sessions done at +0.00s
2026-09-09 18:55:18,854 INFO gateway.run: Shutdown phase: drain done at +0.00s (drain took 0.00s, timed_out=False, active_at_start=0, active_now=0)
2026-09-09 18:55:22,363 INFO gateway.platforms.telegram: [Telegram] Disconnected from Telegram
2026-09-09 18:55:22,363 INFO gateway.run: ✓ telegram disconnected (3.51s)
2026-09-09 18:55:22,365 INFO gateway.platforms.api_server: [Api_Server] API server stopped
2026-09-09 18:55:22,365 INFO gateway.run: ✓ api_server disconnected (0.00s)
2026-09-09 18:55:22,365 INFO gateway.run: Shutdown phase: all adapters disconnected at +3.51s
2026-09-09 18:55:22,366 INFO gateway.run: Shutdown phase: final-cleanup tool kill done at +3.51s
2026-09-09 18:55:22,369 INFO gateway.run: Shutdown phase: SessionDB close done at +3.52s
2026-09-09 18:55:22,370 INFO gateway.run: Gateway stopped (total teardown 3.52s)
2026-09-09 18:55:22,370 INFO gateway.run: Cron ticker stopped
2026-09-09 18:55:24,042 INFO gateway.run: Starting Hermes Gateway...
2026-09-09 18:55:24,042 INFO gateway.run: Session storage: /home/hermes/.hermes/sessions
2026-09-09 18:55:24,050 INFO gateway.run: Agent budget: max_iterations=90 (agent.max_turns from config.yaml, or HERMES_MAX_ITERATIONS from .env, or default 90)
2026-09-09 18:55:24,050 INFO gateway.run: Secret redaction: ENABLED (tool output, logs, and chat responses are scrubbed before delivery)
2026-09-09 18:55:24,056 INFO gateway.run: Previous gateway exited cleanly — skipping session suspension
2026-09-09 18:55:24,155 INFO gateway.run: Connecting to telegram...
2026-09-09 18:55:24,308 INFO gateway.platforms.telegram: [Telegram] Auto-discovered Telegram fallback IPs: 149.154.166.110
2026-09-09 18:55:24,308 INFO gateway.platforms.telegram: [Telegram] Telegram fallback IPs active: 149.154.166.110
2026-09-09 18:55:25,550 INFO gateway.platforms.telegram: [Telegram] set_my_commands OK for scope BotCommandScopeDefault (30 cmds)
2026-09-09 18:55:25,848 INFO gateway.platforms.telegram: [Telegram] set_my_commands OK for scope BotCommandScopeAllPrivateChats (30 cmds)
2026-09-09 18:55:26,150 INFO gateway.platforms.telegram: [Telegram] set_my_commands OK for scope BotCommandScopeAllGroupChats (30 cmds)
2026-09-09 18:55:26,150 INFO gateway.platforms.telegram: [Telegram] Telegram menu: 30 commands registered, 71 hidden (over 30 limit). Use /commands for full list.
2026-09-09 18:55:26,151 INFO gateway.platforms.telegram: [Telegram] Connected to Telegram (polling mode)
2026-09-09 18:55:26,153 INFO gateway.run: ✓ telegram connected
2026-09-09 18:55:26,179 INFO gateway.run: Connecting to api_server...
2026-09-09 18:55:26,182 INFO gateway.platforms.api_server: [Api_Server] API server listening on http://0.0.0.0:8642 (model: hermes-agent)
2026-09-09 18:55:26,184 INFO gateway.run: ✓ api_server connected
2026-09-09 18:55:26,185 INFO gateway.run: Gateway running with 2 platform(s)
2026-09-09 18:55:26,189 INFO gateway.run: Channel directory built: 1 target(s)
2026-09-09 18:55:27,190 INFO gateway.run: Press Ctrl+C to stop
2026-09-09 18:55:27,197 INFO gateway.run: Cron ticker started (interval=60s)
2026-09-09 18:55:32,221 INFO gateway.run: kanban dispatcher: embedded in gateway (interval=60.0s)
2026-09-09 19:00:24,594 INFO gateway.run: Received SIGTERM as a planned --replace takeover — exiting cleanly
2026-09-09 19:00:24,594 WARNING gateway.run: Shutdown context: signal=SIGTERM under_systemd=yes parent_pid=109079 parent_name=systemd loadavg_1m=0.07 parent_cmdline='/usr/lib/systemd/systemd --user'
2026-09-09 19:00:24,595 INFO gateway.run: Stopping gateway...
2026-09-09 19:00:24,596 INFO gateway.run: Shutdown phase: notify_active_sessions done at +0.00s
2026-09-09 19:00:24,596 INFO gateway.run: Shutdown phase: drain done at +0.00s (drain took 0.00s, timed_out=False, active_at_start=0, active_now=0)
2026-09-09 19:00:25,628 INFO gateway.platforms.telegram: [Telegram] Disconnected from Telegram
2026-09-09 19:00:25,628 INFO gateway.run: ✓ telegram disconnected (1.03s)
2026-09-09 19:00:25,629 INFO gateway.platforms.api_server: [Api_Server] API server stopped
2026-09-09 19:00:25,629 INFO gateway.run: ✓ api_server disconnected (0.00s)
2026-09-09 19:00:25,630 INFO gateway.run: Shutdown phase: all adapters disconnected at +1.03s
2026-09-09 19:00:25,718 INFO gateway.run: Shutdown phase: final-cleanup tool kill done at +1.12s
2026-09-09 19:00:25,718 INFO gateway.run: Shutdown phase: SessionDB close done at +1.12s
2026-09-09 19:00:25,720 INFO gateway.run: Gateway stopped (total teardown 1.12s)
2026-09-09 19:00:25,720 INFO gateway.run: Cron ticker stopped
2026-09-09 19:00:26,280 INFO gateway.run: Starting Hermes Gateway...
2026-09-09 19:00:26,280 INFO gateway.run: Session storage: /home/hermes/.hermes/sessions
2026-09-09 19:00:26,290 INFO gateway.run: Agent budget: max_iterations=90 (agent.max_turns from config.yaml, or HERMES_MAX_ITERATIONS from .env, or default 90)
2026-09-09 19:00:26,290 INFO gateway.run: Secret redaction: ENABLED (tool output, logs, and chat responses are scrubbed before delivery)
2026-09-09 19:00:26,296 INFO gateway.run: Previous gateway exited cleanly — skipping session suspension
2026-09-09 19:00:26,404 INFO gateway.run: Connecting to telegram...
2026-09-09 19:00:26,480 INFO gateway.platforms.telegram: [Telegram] Auto-discovered Telegram fallback IPs: 149.154.166.110
2026-09-09 19:00:26,480 INFO gateway.platforms.telegram: [Telegram] Telegram fallback IPs active: 149.154.166.110
2026-09-09 19:00:27,727 INFO gateway.platforms.telegram: [Telegram] set_my_commands OK for scope BotCommandScopeDefault (30 cmds)
2026-09-09 19:00:28,023 INFO gateway.platforms.telegram: [Telegram] set_my_commands OK for scope BotCommandScopeAllPrivateChats (30 cmds)
2026-09-09 19:00:28,321 INFO gateway.platforms.telegram: [Telegram] set_my_commands OK for scope BotCommandScopeAllGroupChats (30 cmds)
2026-09-09 19:00:28,321 INFO gateway.platforms.telegram: [Telegram] Telegram menu: 30 commands registered, 71 hidden (over 30 limit). Use /commands for full list.
2026-09-09 19:00:28,322 INFO gateway.platforms.telegram: [Telegram] Connected to Telegram (polling mode)
2026-09-09 19:00:28,324 INFO gateway.run: ✓ telegram connected
2026-09-09 19:00:28,351 INFO gateway.run: Connecting to api_server...
2026-09-09 19:00:28,355 INFO gateway.platforms.api_server: [Api_Server] API server listening on http://0.0.0.0:8642 (model: hermes-agent)
2026-09-09 19:00:28,357 INFO gateway.run: ✓ api_server connected
2026-09-09 19:00:28,358 INFO gateway.run: Gateway running with 2 platform(s)
2026-09-09 19:00:28,362 INFO gateway.run: Channel directory built: 1 target(s)
2026-09-09 19:00:29,364 INFO gateway.run: Press Ctrl+C to stop
2026-09-09 19:00:29,370 INFO gateway.run: Cron ticker started (interval=60s)
2026-09-09 19:00:34,396 INFO gateway.run: kanban dispatcher: embedded in gateway (interval=60.0s)
2026-09-09 19:05:27,045 INFO gateway.run: Received SIGTERM as a planned --replace takeover — exiting cleanly
2026-09-09 19:05:27,045 WARNING gateway.run: Shutdown context: signal=SIGTERM under_systemd=yes parent_pid=1 parent_name=systemd loadavg_1m=0.09 parent_cmdline='/usr/lib/systemd/systemd --system --deserialize=75 vultr'
2026-09-09 19:05:27,046 INFO gateway.run: Stopping gateway...
2026-09-09 19:05:27,047 INFO gateway.run: Shutdown phase: notify_active_sessions done at +0.00s
2026-09-09 19:05:27,047 INFO gateway.run: Shutdown phase: drain done at +0.00s (drain took 0.00s, timed_out=False, active_at_start=0, active_now=0)
2026-09-09 19:05:27,564 INFO gateway.platforms.telegram: [Telegram] Disconnected from Telegram
2026-09-09 19:05:27,564 INFO gateway.run: ✓ telegram disconnected (0.52s)
2026-09-09 19:05:27,565 INFO gateway.platforms.api_server: [Api_Server] API server stopped
2026-09-09 19:05:27,566 INFO gateway.run: ✓ api_server disconnected (0.00s)
2026-09-09 19:05:27,566 INFO gateway.run: Shutdown phase: all adapters disconnected at +0.52s
2026-09-09 19:05:27,651 INFO gateway.run: Shutdown phase: final-cleanup tool kill done at +0.60s
2026-09-09 19:05:27,652 INFO gateway.run: Shutdown phase: SessionDB close done at +0.61s
2026-09-09 19:05:27,653 INFO gateway.run: Gateway stopped (total teardown 0.61s)
2026-09-09 19:05:27,653 INFO gateway.run: Cron ticker stopped
2026-09-09 19:05:28,217 INFO gateway.run: Starting Hermes Gateway...
2026-09-09 19:05:28,217 INFO gateway.run: Session storage: /home/hermes/.hermes/sessions
2026-09-09 19:05:28,225 INFO gateway.run: Agent budget: max_iterations=90 (agent.max_turns from config.yaml, or HERMES_MAX_ITERATIONS from .env, or default 90)
2026-09-09 19:05:28,225 INFO gateway.run: Secret redaction: ENABLED (tool output, logs, and chat responses are scrubbed before delivery)
2026-09-09 19:05:28,231 INFO gateway.run: Previous gateway exited cleanly — skipping session suspension
2026-09-09 19:05:28,331 INFO gateway.run: Connecting to telegram...
2026-09-09 19:05:28,403 INFO gateway.platforms.telegram: [Telegram] Auto-discovered Telegram fallback IPs: 149.154.166.110
2026-09-09 19:05:28,403 INFO gateway.platforms.telegram: [Telegram] Telegram fallback IPs active: 149.154.166.110
2026-09-09 19:05:29,590 INFO gateway.platforms.telegram: [Telegram] set_my_commands OK for scope BotCommandScopeDefault (30 cmds)
2026-09-09 19:05:29,885 INFO gateway.platforms.telegram: [Telegram] set_my_commands OK for scope BotCommandScopeAllPrivateChats (30 cmds)
2026-09-09 19:05:30,177 INFO gateway.platforms.telegram: [Telegram] set_my_commands OK for scope BotCommandScopeAllGroupChats (30 cmds)
2026-09-09 19:05:30,178 INFO gateway.platforms.telegram: [Telegram] Telegram menu: 30 commands registered, 71 hidden (over 30 limit). Use /commands for full list.
2026-09-09 19:05:30,179 INFO gateway.platforms.telegram: [Telegram] Connected to Telegram (polling mode)
2026-09-09 19:05:30,181 INFO gateway.run: ✓ telegram connected
2026-09-09 19:05:30,205 INFO gateway.run: Connecting to api_server...
2026-09-09 19:05:30,209 INFO gateway.platforms.api_server: [Api_Server] API server listening on http://0.0.0.0:8642 (model: hermes-agent)
2026-09-09 19:05:30,211 INFO gateway.run: ✓ api_server connected
2026-09-09 19:05:30,211 INFO gateway.run: Gateway running with 2 platform(s)
2026-09-09 19:05:30,216 INFO gateway.run: Channel directory built: 1 target(s)
2026-09-09 19:05:31,217 INFO gateway.run: Press Ctrl+C to stop
2026-09-09 19:05:31,224 INFO gateway.run: Cron ticker started (interval=60s)
2026-09-09 19:05:36,247 INFO gateway.run: kanban dispatcher: embedded in gateway (interval=60.0s)
2026-09-09 19:10:28,798 INFO gateway.run: Received SIGTERM as a planned --replace takeover — exiting cleanly
2026-09-09 19:10:28,798 WARNING gateway.run: Shutdown context: signal=SIGTERM under_systemd=yes parent_pid=109079 parent_name=systemd loadavg_1m=0.00 parent_cmdline='/usr/lib/systemd/systemd --user'
2026-09-09 19:10:28,799 INFO gateway.run: Stopping gateway...
2026-09-09 19:10:28,799 INFO gateway.run: Shutdown phase: notify_active_sessions done at +0.00s
2026-09-09 19:10:28,800 INFO gateway.run: Shutdown phase: drain done at +0.00s (drain took 0.00s, timed_out=False, active_at_start=0, active_now=0)
2026-09-09 19:10:29,488 INFO gateway.platforms.telegram: [Telegram] Disconnected from Telegram
2026-09-09 19:10:29,488 INFO gateway.run: ✓ telegram disconnected (0.69s)
2026-09-09 19:10:29,490 INFO gateway.platforms.api_server: [Api_Server] API server stopped
2026-09-09 19:10:29,490 INFO gateway.run: ✓ api_server disconnected (0.00s)
2026-09-09 19:10:29,490 INFO gateway.run: Shutdown phase: all adapters disconnected at +0.69s
2026-09-09 19:10:29,576 INFO gateway.run: Shutdown phase: final-cleanup tool kill done at +0.78s
2026-09-09 19:10:29,577 INFO gateway.run: Shutdown phase: SessionDB close done at +0.78s
2026-09-09 19:10:29,578 INFO gateway.run: Gateway stopped (total teardown 0.78s)
2026-09-09 19:10:29,579 INFO gateway.run: Cron ticker stopped
2026-09-09 19:10:29,979 INFO gateway.run: Starting Hermes Gateway...
2026-09-09 19:10:29,979 INFO gateway.run: Session storage: /home/hermes/.hermes/sessions
2026-09-09 19:10:29,990 INFO gateway.run: Agent budget: max_iterations=90 (agent.max_turns from config.yaml, or HERMES_MAX_ITERATIONS from .env, or default 90)
2026-09-09 19:10:29,991 INFO gateway.run: Secret redaction: ENABLED (tool output, logs, and chat responses are scrubbed before delivery)
2026-09-09 19:10:29,997 INFO gateway.run: Previous gateway exited cleanly — skipping session suspension
2026-09-09 19:10:30,099 INFO gateway.run: Connecting to telegram...
2026-09-09 19:10:30,168 INFO gateway.platforms.telegram: [Telegram] Auto-discovered Telegram fallback IPs: 149.154.166.110
2026-09-09 19:10:30,169 INFO gateway.platforms.telegram: [Telegram] Telegram fallback IPs active: 149.154.166.110
2026-09-09 19:10:31,417 INFO gateway.platforms.telegram: [Telegram] set_my_commands OK for scope BotCommandScopeDefault (30 cmds)
2026-09-09 19:10:31,715 INFO gateway.platforms.telegram: [Telegram] set_my_commands OK for scope BotCommandScopeAllPrivateChats (30 cmds)
2026-09-09 19:10:32,013 INFO gateway.platforms.telegram: [Telegram] set_my_commands OK for scope BotCommandScopeAllGroupChats (30 cmds)
2026-09-09 19:10:32,013 INFO gateway.platforms.telegram: [Telegram] Telegram menu: 30 commands registered, 71 hidden (over 30 limit). Use /commands for full list.
2026-09-09 19:10:32,014 INFO gateway.platforms.telegram: [Telegram] Connected to Telegram (polling mode)
2026-09-09 19:10:32,016 INFO gateway.run: ✓ telegram connected
2026-09-09 19:10:32,041 INFO gateway.run: Connecting to api_server...
2026-09-09 19:10:32,045 INFO gateway.platforms.api_server: [Api_Server] API server listening on http://0.0.0.0:8642 (model: hermes-agent)
2026-09-09 19:10:32,046 INFO gateway.run: ✓ api_server connected
2026-09-09 19:10:32,047 INFO gateway.run: Gateway running with 2 platform(s)
2026-09-09 19:10:32,052 INFO gateway.run: Channel directory built: 1 target(s)
2026-09-09 19:10:33,054 INFO gateway.run: Press Ctrl+C to stop
2026-09-09 19:10:33,060 INFO gateway.run: Cron ticker started (interval=60s)
2026-09-09 19:10:38,083 INFO gateway.run: kanban dispatcher: embedded in gateway (interval=60.0s)
2026-09-09 19:15:30,792 INFO gateway.run: Received SIGTERM as a planned --replace takeover — exiting cleanly
2026-09-09 19:15:30,792 WARNING gateway.run: Shutdown context: signal=SIGTERM under_systemd=yes parent_pid=1 parent_name=systemd loadavg_1m=0.00 parent_cmdline='/usr/lib/systemd/systemd --system --deserialize=75 vultr'
2026-09-09 19:15:30,793 INFO gateway.run: Stopping gateway...
2026-09-09 19:15:30,793 INFO gateway.run: Shutdown phase: notify_active_sessions done at +0.00s
2026-09-09 19:15:30,794 INFO gateway.run: Shutdown phase: drain done at +0.00s (drain took 0.00s, timed_out=False, active_at_start=0, active_now=0)
2026-09-09 19:15:35,356 INFO gateway.platforms.telegram: [Telegram] Disconnected from Telegram
2026-09-09 19:15:35,356 INFO gateway.run: ✓ telegram disconnected (4.56s)
2026-09-09 19:15:35,357 INFO gateway.platforms.api_server: [Api_Server] API server stopped
2026-09-09 19:15:35,358 INFO gateway.run: ✓ api_server disconnected (0.00s)
2026-09-09 19:15:35,358 INFO gateway.run: Shutdown phase: all adapters disconnected at +4.56s
2026-09-09 19:15:35,466 INFO gateway.run: Shutdown phase: final-cleanup tool kill done at +4.67s
2026-09-09 19:15:35,466 INFO gateway.run: Shutdown phase: SessionDB close done at +4.67s
2026-09-09 19:15:35,468 INFO gateway.run: Gateway stopped (total teardown 4.67s)
2026-09-09 19:15:35,468 INFO gateway.run: Cron ticker stopped
2026-09-09 19:15:35,968 INFO gateway.run: Starting Hermes Gateway...
2026-09-09 19:15:35,968 INFO gateway.run: Session storage: /home/hermes/.hermes/sessions
2026-09-09 19:15:35,977 INFO gateway.run: Agent budget: max_iterations=90 (agent.max_turns from config.yaml, or HERMES_MAX_ITERATIONS from .env, or default 90)
2026-09-09 19:15:35,978 INFO gateway.run: Secret redaction: ENABLED (tool output, logs, and chat responses are scrubbed before delivery)
2026-09-09 19:15:35,984 INFO gateway.run: Previous gateway exited cleanly — skipping session suspension
2026-09-09 19:15:36,087 INFO gateway.run: Connecting to telegram...
2026-09-09 19:15:36,172 INFO gateway.platforms.telegram: [Telegram] Auto-discovered Telegram fallback IPs: 149.154.166.110
2026-09-09 19:15:36,172 INFO gateway.platforms.telegram: [Telegram] Telegram fallback IPs active: 149.154.166.110
2026-09-09 19:15:37,306 INFO gateway.platforms.telegram: [Telegram] set_my_commands OK for scope BotCommandScopeDefault (30 cmds)
2026-09-09 19:15:37,583 INFO gateway.platforms.telegram: [Telegram] set_my_commands OK for scope BotCommandScopeAllPrivateChats (30 cmds)
2026-09-09 19:15:37,872 INFO gateway.platforms.telegram: [Telegram] set_my_commands OK for scope BotCommandScopeAllGroupChats (30 cmds)
2026-09-09 19:15:37,873 INFO gateway.platforms.telegram: [Telegram] Telegram menu: 30 commands registered, 71 hidden (over 30 limit). Use /commands for full list.
2026-09-09 19:15:37,874 INFO gateway.platforms.telegram: [Telegram] Connected to Telegram (polling mode)
2026-09-09 19:15:37,876 INFO gateway.run: ✓ telegram connected
2026-09-09 19:15:37,901 INFO gateway.run: Connecting to api_server...
2026-09-09 19:15:37,905 INFO gateway.platforms.api_server: [Api_Server] API server listening on http://0.0.0.0:8642 (model: hermes-agent)
2026-09-09 19:15:37,907 INFO gateway.run: ✓ api_server connected
2026-09-09 19:15:37,908 INFO gateway.run: Gateway running with 2 platform(s)
2026-09-09 19:15:37,913 INFO gateway.run: Channel directory built: 1 target(s)
2026-09-09 19:15:38,914 INFO gateway.run: Press Ctrl+C to stop
2026-09-09 19:15:38,922 INFO gateway.run: Cron ticker started (interval=60s)
2026-09-09 19:15:43,928 INFO gateway.run: kanban dispatcher: embedded in gateway (interval=60.0s)
2026-09-09 19:20:36,844 INFO gateway.run: Received SIGTERM as a planned --replace takeover — exiting cleanly
2026-09-09 19:20:36,844 WARNING gateway.run: Shutdown context: signal=SIGTERM under_systemd=yes parent_pid=109079 parent_name=systemd loadavg_1m=0.08 parent_cmdline='/usr/lib/systemd/systemd --user'
2026-09-09 19:20:36,845 INFO gateway.run: Stopping gateway...
2026-09-09 19:20:36,845 INFO gateway.run: Shutdown phase: notify_active_sessions done at +0.00s
2026-09-09 19:20:36,847 INFO gateway.run: Shutdown phase: drain done at +0.00s (drain took 0.00s, timed_out=False, active_at_start=0, active_now=0)
2026-09-09 19:20:37,361 INFO gateway.platforms.telegram: [Telegram] Disconnected from Telegram
2026-09-09 19:20:37,361 INFO gateway.run: ✓ telegram disconnected (0.51s)
2026-09-09 19:20:37,363 INFO gateway.platforms.api_server: [Api_Server] API server stopped
2026-09-09 19:20:37,363 INFO gateway.run: ✓ api_server disconnected (0.00s)
2026-09-09 19:20:37,363 INFO gateway.run: Shutdown phase: all adapters disconnected at +0.52s
2026-09-09 19:20:37,452 INFO gateway.run: Shutdown phase: final-cleanup tool kill done at +0.61s
2026-09-09 19:20:37,453 INFO gateway.run: Shutdown phase: SessionDB close done at +0.61s
2026-09-09 19:20:37,454 INFO gateway.run: Gateway stopped (total teardown 0.61s)
2026-09-09 19:20:37,454 INFO gateway.run: Cron ticker stopped
2026-09-09 19:20:38,034 INFO gateway.run: Starting Hermes Gateway...
2026-09-09 19:20:38,034 INFO gateway.run: Session storage: /home/hermes/.hermes/sessions
2026-09-09 19:20:38,044 INFO gateway.run: Agent budget: max_iterations=90 (agent.max_turns from config.yaml, or HERMES_MAX_ITERATIONS from .env, or default 90)
2026-09-09 19:20:38,045 INFO gateway.run: Secret redaction: ENABLED (tool output, logs, and chat responses are scrubbed before delivery)
2026-09-09 19:20:38,051 INFO gateway.run: Previous gateway exited cleanly — skipping session suspension
2026-09-09 19:20:38,151 INFO gateway.run: Connecting to telegram...
2026-09-09 19:20:38,231 INFO gateway.platforms.telegram: [Telegram] Auto-discovered Telegram fallback IPs: 149.154.166.110
2026-09-09 19:20:38,231 INFO gateway.platforms.telegram: [Telegram] Telegram fallback IPs active: 149.154.166.110
2026-09-09 19:20:39,419 INFO gateway.platforms.telegram: [Telegram] set_my_commands OK for scope BotCommandScopeDefault (30 cmds)
2026-09-09 19:20:39,705 INFO gateway.platforms.telegram: [Telegram] set_my_commands OK for scope BotCommandScopeAllPrivateChats (30 cmds)
2026-09-09 19:20:39,997 INFO gateway.platforms.telegram: [Telegram] set_my_commands OK for scope BotCommandScopeAllGroupChats (30 cmds)
2026-09-09 19:20:39,997 INFO gateway.platforms.telegram: [Telegram] Telegram menu: 30 commands registered, 71 hidden (over 30 limit). Use /commands for full list.
2026-09-09 19:20:39,998 INFO gateway.platforms.telegram: [Telegram] Connected to Telegram (polling mode)
2026-09-09 19:20:40,000 INFO gateway.run: ✓ telegram connected
2026-09-09 19:20:40,024 INFO gateway.run: Connecting to api_server...
2026-09-09 19:20:40,028 INFO gateway.platforms.api_server: [Api_Server] API server listening on http://0.0.0.0:8642 (model: hermes-agent)
2026-09-09 19:20:40,030 INFO gateway.run: ✓ api_server connected
2026-09-09 19:20:40,031 INFO gateway.run: Gateway running with 2 platform(s)
2026-09-09 19:20:40,035 INFO gateway.run: Channel directory built: 1 target(s)
2026-09-09 19:20:41,036 INFO gateway.run: Press Ctrl+C to stop
2026-09-09 19:20:41,042 INFO gateway.run: Cron ticker started (interval=60s)
2026-09-09 19:20:46,049 INFO gateway.run: kanban dispatcher: embedded in gateway (interval=60.0s)
2026-09-09 19:25:33,741 INFO gateway.platforms.telegram: [Telegram] Flushing text batch agent:main:telegram:dm:8944451892 (74 chars)
2026-09-09 19:25:33,758 INFO gateway.run: inbound message: platform=telegram user=Rob chat=8944451892 msg='O que vai ser o nosso cérebro? Um gbrain, supabase ou github? Ou obsidian?'
2026-09-09 19:25:38,804 INFO gateway.run: Received SIGTERM as a planned --replace takeover — exiting cleanly
2026-09-09 19:25:38,804 WARNING gateway.run: Shutdown context: signal=SIGTERM under_systemd=yes parent_pid=1 parent_name=systemd loadavg_1m=0.08 parent_cmdline='/usr/lib/systemd/systemd --system --deserialize=75 vultr'
2026-09-09 19:25:38,805 INFO gateway.run: Stopping gateway...
2026-09-09 19:25:38,805 INFO gateway.run: Shutdown phase: notify_active_sessions done at +0.00s
2026-09-09 19:25:49,490 INFO gateway.run: Starting Hermes Gateway...
2026-09-09 19:25:49,490 INFO gateway.run: Session storage: /home/hermes/.hermes/sessions
2026-09-09 19:25:49,497 INFO gateway.run: Agent budget: max_iterations=90 (agent.max_turns from config.yaml, or HERMES_MAX_ITERATIONS from .env, or default 90)
2026-09-09 19:25:49,498 INFO gateway.run: Secret redaction: ENABLED (tool output, logs, and chat responses are scrubbed before delivery)
2026-09-09 19:25:49,504 INFO gateway.run: Marked 1 in-flight session(s) as resumable from previous run
2026-09-09 19:25:49,603 INFO gateway.run: Connecting to telegram...
2026-09-09 19:25:49,680 INFO gateway.platforms.telegram: [Telegram] Auto-discovered Telegram fallback IPs: 149.154.166.110
2026-09-09 19:25:49,680 INFO gateway.platforms.telegram: [Telegram] Telegram fallback IPs active: 149.154.166.110
2026-09-09 19:25:50,956 INFO gateway.platforms.telegram: [Telegram] set_my_commands OK for scope BotCommandScopeDefault (30 cmds)
2026-09-09 19:25:51,266 INFO gateway.platforms.telegram: [Telegram] set_my_commands OK for scope BotCommandScopeAllPrivateChats (30 cmds)
2026-09-09 19:25:51,575 INFO gateway.platforms.telegram: [Telegram] set_my_commands OK for scope BotCommandScopeAllGroupChats (30 cmds)
2026-09-09 19:25:51,575 INFO gateway.platforms.telegram: [Telegram] Telegram menu: 30 commands registered, 71 hidden (over 30 limit). Use /commands for full list.
2026-09-09 19:25:51,576 INFO gateway.platforms.telegram: [Telegram] Connected to Telegram (polling mode)
2026-09-09 19:25:51,578 INFO gateway.run: ✓ telegram connected
2026-09-09 19:25:51,605 INFO gateway.run: Connecting to api_server...
2026-09-09 19:25:51,609 INFO gateway.platforms.api_server: [Api_Server] API server listening on http://0.0.0.0:8642 (model: hermes-agent)
2026-09-09 19:25:51,611 INFO gateway.run: ✓ api_server connected
2026-09-09 19:25:51,612 INFO gateway.run: Gateway running with 2 platform(s)
2026-09-09 19:25:51,616 INFO gateway.run: Channel directory built: 1 target(s)
2026-09-09 19:25:52,618 INFO gateway.run: Scheduled auto-resume for 1 restart-interrupted session(s)
2026-09-09 19:25:52,618 INFO gateway.run: Press Ctrl+C to stop
2026-09-09 19:25:52,625 INFO gateway.run: Cron ticker started (interval=60s)
2026-09-09 19:25:52,670 INFO gateway.run: inbound message: platform=telegram user=Rob chat=8944451892 msg=''
2026-09-09 19:25:57,650 INFO gateway.run: kanban dispatcher: embedded in gateway (interval=60.0s)
2026-09-09 19:26:06,210 INFO gateway.run: Suppressing normal final send for session agent:main:telegram:dm:8944451892: final delivery already confirmed (streamed=True previewed=False content_delivered=True).
2026-09-09 19:26:06,210 INFO gateway.run: response ready: platform=telegram chat=8944451892 time=13.5s api_calls=2 response=464 chars
2026-09-09 19:30:49,793 INFO gateway.run: Received SIGTERM as a planned --replace takeover — exiting cleanly
2026-09-09 19:30:49,793 WARNING gateway.run: Shutdown context: signal=SIGTERM under_systemd=yes parent_pid=109079 parent_name=systemd loadavg_1m=0.00 parent_cmdline='/usr/lib/systemd/systemd --user'
2026-09-09 19:30:49,794 INFO gateway.run: Stopping gateway...
2026-09-09 19:30:49,794 INFO gateway.run: Shutdown phase: notify_active_sessions done at +0.00s
2026-09-09 19:30:49,795 INFO gateway.run: Shutdown phase: drain done at +0.00s (drain took 0.00s, timed_out=False, active_at_start=0, active_now=0)
2026-09-09 19:30:50,314 INFO gateway.platforms.telegram: [Telegram] Disconnected from Telegram
2026-09-09 19:30:50,314 INFO gateway.run: ✓ telegram disconnected (0.52s)
2026-09-09 19:30:50,315 INFO gateway.platforms.api_server: [Api_Server] API server stopped
2026-09-09 19:30:50,315 INFO gateway.run: ✓ api_server disconnected (0.00s)
2026-09-09 19:30:50,315 INFO gateway.run: Shutdown phase: all adapters disconnected at +0.52s
2026-09-09 19:30:50,316 INFO gateway.run: Shutdown phase: final-cleanup tool kill done at +0.52s
2026-09-09 19:30:50,319 INFO gateway.run: Shutdown phase: SessionDB close done at +0.52s
2026-09-09 19:30:50,320 INFO gateway.run: Gateway stopped (total teardown 0.53s)
2026-09-09 19:30:50,320 INFO gateway.run: Cron ticker stopped
2026-09-09 19:30:51,972 INFO gateway.run: Starting Hermes Gateway...
2026-09-09 19:30:51,972 INFO gateway.run: Session storage: /home/hermes/.hermes/sessions
2026-09-09 19:30:51,982 INFO gateway.run: Agent budget: max_iterations=90 (agent.max_turns from config.yaml, or HERMES_MAX_ITERATIONS from .env, or default 90)
2026-09-09 19:30:51,983 INFO gateway.run: Secret redaction: ENABLED (tool output, logs, and chat responses are scrubbed before delivery)
2026-09-09 19:30:51,988 INFO gateway.run: Previous gateway exited cleanly — skipping session suspension
2026-09-09 19:30:52,088 INFO gateway.run: Connecting to telegram...
2026-09-09 19:30:52,180 INFO gateway.platforms.telegram: [Telegram] Auto-discovered Telegram fallback IPs: 149.154.166.110
2026-09-09 19:30:52,180 INFO gateway.platforms.telegram: [Telegram] Telegram fallback IPs active: 149.154.166.110
2026-09-09 19:30:53,418 INFO gateway.platforms.telegram: [Telegram] set_my_commands OK for scope BotCommandScopeDefault (30 cmds)
2026-09-09 19:30:53,724 INFO gateway.platforms.telegram: [Telegram] set_my_commands OK for scope BotCommandScopeAllPrivateChats (30 cmds)
2026-09-09 19:30:54,025 INFO gateway.platforms.telegram: [Telegram] set_my_commands OK for scope BotCommandScopeAllGroupChats (30 cmds)
2026-09-09 19:30:54,026 INFO gateway.platforms.telegram: [Telegram] Telegram menu: 30 commands registered, 71 hidden (over 30 limit). Use /commands for full list.
2026-09-09 19:30:54,027 INFO gateway.platforms.telegram: [Telegram] Connected to Telegram (polling mode)
2026-09-09 19:30:54,028 INFO gateway.run: ✓ telegram connected
2026-09-09 19:30:54,053 INFO gateway.run: Connecting to api_server...
2026-09-09 19:30:54,057 INFO gateway.platforms.api_server: [Api_Server] API server listening on http://0.0.0.0:8642 (model: hermes-agent)
2026-09-09 19:30:54,058 INFO gateway.run: ✓ api_server connected
2026-09-09 19:30:54,059 INFO gateway.run: Gateway running with 2 platform(s)
2026-09-09 19:30:54,063 INFO gateway.run: Channel directory built: 1 target(s)
2026-09-09 19:30:55,064 INFO gateway.run: Press Ctrl+C to stop
2026-09-09 19:30:55,071 INFO gateway.run: Cron ticker started (interval=60s)
2026-09-09 19:31:00,098 INFO gateway.run: kanban dispatcher: embedded in gateway (interval=60.0s)
2026-09-09 19:35:52,551 INFO gateway.run: Received SIGTERM as a planned --replace takeover — exiting cleanly
2026-09-09 19:35:52,552 WARNING gateway.run: Shutdown context: signal=SIGTERM under_systemd=yes parent_pid=1 parent_name=systemd loadavg_1m=0.00 parent_cmdline='/usr/lib/systemd/systemd --system --deserialize=75 vultr'
2026-09-09 19:35:52,553 INFO gateway.run: Stopping gateway...
2026-09-09 19:35:52,553 INFO gateway.run: Shutdown phase: notify_active_sessions done at +0.00s
2026-09-09 19:35:52,554 INFO gateway.run: Shutdown phase: drain done at +0.00s (drain took 0.00s, timed_out=False, active_at_start=0, active_now=0)
2026-09-09 19:35:53,047 INFO gateway.platforms.telegram: [Telegram] Disconnected from Telegram
2026-09-09 19:35:53,047 INFO gateway.run: ✓ telegram disconnected (0.49s)
2026-09-09 19:35:53,048 INFO gateway.platforms.api_server: [Api_Server] API server stopped
2026-09-09 19:35:53,049 INFO gateway.run: ✓ api_server disconnected (0.00s)
2026-09-09 19:35:53,049 INFO gateway.run: Shutdown phase: all adapters disconnected at +0.50s
2026-09-09 19:35:53,132 INFO gateway.run: Shutdown phase: final-cleanup tool kill done at +0.58s
2026-09-09 19:35:53,132 INFO gateway.run: Shutdown phase: SessionDB close done at +0.58s
2026-09-09 19:35:53,134 INFO gateway.run: Gateway stopped (total teardown 0.58s)
2026-09-09 19:35:53,134 INFO gateway.run: Cron ticker stopped
2026-09-09 19:35:53,724 INFO gateway.run: Starting Hermes Gateway...
2026-09-09 19:35:53,724 INFO gateway.run: Session storage: /home/hermes/.hermes/sessions
2026-09-09 19:35:53,732 INFO gateway.run: Agent budget: max_iterations=90 (agent.max_turns from config.yaml, or HERMES_MAX_ITERATIONS from .env, or default 90)
2026-09-09 19:35:53,732 INFO gateway.run: Secret redaction: ENABLED (tool output, logs, and chat responses are scrubbed before delivery)
2026-09-09 19:35:53,738 INFO gateway.run: Previous gateway exited cleanly — skipping session suspension
2026-09-09 19:35:53,841 INFO gateway.run: Connecting to telegram...
2026-09-09 19:35:53,927 INFO gateway.platforms.telegram: [Telegram] Auto-discovered Telegram fallback IPs: 149.154.166.110
2026-09-09 19:35:53,927 INFO gateway.platforms.telegram: [Telegram] Telegram fallback IPs active: 149.154.166.110
2026-09-09 19:35:55,072 INFO gateway.platforms.telegram: [Telegram] set_my_commands OK for scope BotCommandScopeDefault (30 cmds)
2026-09-09 19:35:55,775 INFO gateway.platforms.telegram: [Telegram] set_my_commands OK for scope BotCommandScopeAllPrivateChats (30 cmds)
2026-09-09 19:35:56,073 INFO gateway.platforms.telegram: [Telegram] set_my_commands OK for scope BotCommandScopeAllGroupChats (30 cmds)
2026-09-09 19:35:56,073 INFO gateway.platforms.telegram: [Telegram] Telegram menu: 30 commands registered, 71 hidden (over 30 limit). Use /commands for full list.
2026-09-09 19:35:56,075 INFO gateway.platforms.telegram: [Telegram] Connected to Telegram (polling mode)
2026-09-09 19:35:56,077 INFO gateway.run: ✓ telegram connected
2026-09-09 19:35:56,107 INFO gateway.run: Connecting to api_server...
2026-09-09 19:35:56,111 INFO gateway.platforms.api_server: [Api_Server] API server listening on http://0.0.0.0:8642 (model: hermes-agent)
2026-09-09 19:35:56,113 INFO gateway.run: ✓ api_server connected
2026-09-09 19:35:56,114 INFO gateway.run: Gateway running with 2 platform(s)
2026-09-09 19:35:56,119 INFO gateway.run: Channel directory built: 1 target(s)
2026-09-09 19:35:57,121 INFO gateway.run: Press Ctrl+C to stop
2026-09-09 19:35:57,130 INFO gateway.run: Cron ticker started (interval=60s)
2026-09-09 19:36:02,158 INFO gateway.run: kanban dispatcher: embedded in gateway (interval=60.0s)
2026-09-09 19:40:54,320 INFO gateway.run: Received SIGTERM as a planned --replace takeover — exiting cleanly
2026-09-09 19:40:54,320 WARNING gateway.run: Shutdown context: signal=SIGTERM under_systemd=yes parent_pid=109079 parent_name=systemd loadavg_1m=0.00 parent_cmdline='/usr/lib/systemd/systemd --user'
2026-09-09 19:40:54,322 INFO gateway.run: Stopping gateway...
2026-09-09 19:40:54,322 INFO gateway.run: Shutdown phase: notify_active_sessions done at +0.00s
2026-09-09 19:40:54,323 INFO gateway.run: Shutdown phase: drain done at +0.00s (drain took 0.00s, timed_out=False, active_at_start=0, active_now=0)
2026-09-09 19:40:54,810 INFO gateway.platforms.telegram: [Telegram] Disconnected from Telegram
2026-09-09 19:40:54,810 INFO gateway.run: ✓ telegram disconnected (0.49s)
2026-09-09 19:40:54,811 INFO gateway.platforms.api_server: [Api_Server] API server stopped
2026-09-09 19:40:54,811 INFO gateway.run: ✓ api_server disconnected (0.00s)
2026-09-09 19:40:54,811 INFO gateway.run: Shutdown phase: all adapters disconnected at +0.49s
2026-09-09 19:40:54,895 INFO gateway.run: Shutdown phase: final-cleanup tool kill done at +0.57s
2026-09-09 19:40:54,895 INFO gateway.run: Shutdown phase: SessionDB close done at +0.57s
2026-09-09 19:40:54,897 INFO gateway.run: Gateway stopped (total teardown 0.57s)
2026-09-09 19:40:54,897 INFO gateway.run: Cron ticker stopped
2026-09-09 19:40:55,491 INFO gateway.run: Starting Hermes Gateway...
2026-09-09 19:40:55,491 INFO gateway.run: Session storage: /home/hermes/.hermes/sessions
2026-09-09 19:40:55,501 INFO gateway.run: Agent budget: max_iterations=90 (agent.max_turns from config.yaml, or HERMES_MAX_ITERATIONS from .env, or default 90)
2026-09-09 19:40:55,502 INFO gateway.run: Secret redaction: ENABLED (tool output, logs, and chat responses are scrubbed before delivery)
2026-09-09 19:40:55,507 INFO gateway.run: Previous gateway exited cleanly — skipping session suspension
2026-09-09 19:40:55,606 INFO gateway.run: Connecting to telegram...
2026-09-09 19:40:55,675 INFO gateway.platforms.telegram: [Telegram] Auto-discovered Telegram fallback IPs: 149.154.166.110
2026-09-09 19:40:55,675 INFO gateway.platforms.telegram: [Telegram] Telegram fallback IPs active: 149.154.166.110
2026-09-09 19:40:56,823 INFO gateway.platforms.telegram: [Telegram] set_my_commands OK for scope BotCommandScopeDefault (30 cmds)
2026-09-09 19:40:57,106 INFO gateway.platforms.telegram: [Telegram] set_my_commands OK for scope BotCommandScopeAllPrivateChats (30 cmds)
2026-09-09 19:40:57,388 INFO gateway.platforms.telegram: [Telegram] set_my_commands OK for scope BotCommandScopeAllGroupChats (30 cmds)
2026-09-09 19:40:57,389 INFO gateway.platforms.telegram: [Telegram] Telegram menu: 30 commands registered, 71 hidden (over 30 limit). Use /commands for full list.
2026-09-09 19:40:57,390 INFO gateway.platforms.telegram: [Telegram] Connected to Telegram (polling mode)
2026-09-09 19:40:57,392 INFO gateway.run: ✓ telegram connected
2026-09-09 19:40:57,419 INFO gateway.run: Connecting to api_server...
2026-09-09 19:40:57,423 INFO gateway.platforms.api_server: [Api_Server] API server listening on http://0.0.0.0:8642 (model: hermes-agent)
2026-09-09 19:40:57,425 INFO gateway.run: ✓ api_server connected
2026-09-09 19:40:57,425 INFO gateway.run: Gateway running with 2 platform(s)
2026-09-09 19:40:57,430 INFO gateway.run: Channel directory built: 1 target(s)
2026-09-09 19:40:58,431 INFO gateway.run: Press Ctrl+C to stop
2026-09-09 19:40:58,437 INFO gateway.run: Cron ticker started (interval=60s)
2026-09-09 19:41:03,460 INFO gateway.run: kanban dispatcher: embedded in gateway (interval=60.0s)
2026-09-09 19:45:56,065 INFO gateway.run: Received SIGTERM as a planned --replace takeover — exiting cleanly
2026-09-09 19:45:56,065 WARNING gateway.run: Shutdown context: signal=SIGTERM under_systemd=yes parent_pid=1 parent_name=systemd loadavg_1m=0.00 parent_cmdline='/usr/lib/systemd/systemd --system --deserialize=75 vultr'
2026-09-09 19:45:56,066 INFO gateway.run: Stopping gateway...
2026-09-09 19:45:56,066 INFO gateway.run: Shutdown phase: notify_active_sessions done at +0.00s
2026-09-09 19:45:56,067 INFO gateway.run: Shutdown phase: drain done at +0.00s (drain took 0.00s, timed_out=False, active_at_start=0, active_now=0)
2026-09-09 19:45:56,526 INFO gateway.platforms.telegram: [Telegram] Disconnected from Telegram
2026-09-09 19:45:56,526 INFO gateway.run: ✓ telegram disconnected (0.46s)
2026-09-09 19:45:56,528 INFO gateway.platforms.api_server: [Api_Server] API server stopped
2026-09-09 19:45:56,528 INFO gateway.run: ✓ api_server disconnected (0.00s)
2026-09-09 19:45:56,528 INFO gateway.run: Shutdown phase: all adapters disconnected at +0.46s
2026-09-09 19:45:56,611 INFO gateway.run: Shutdown phase: final-cleanup tool kill done at +0.54s
2026-09-09 19:45:56,611 INFO gateway.run: Shutdown phase: SessionDB close done at +0.55s
2026-09-09 19:45:56,613 INFO gateway.run: Gateway stopped (total teardown 0.55s)
2026-09-09 19:45:56,613 INFO gateway.run: Cron ticker stopped
2026-09-09 19:45:57,239 INFO gateway.run: Starting Hermes Gateway...
2026-09-09 19:45:57,239 INFO gateway.run: Session storage: /home/hermes/.hermes/sessions
2026-09-09 19:45:57,247 INFO gateway.run: Agent budget: max_iterations=90 (agent.max_turns from config.yaml, or HERMES_MAX_ITERATIONS from .env, or default 90)
2026-09-09 19:45:57,247 INFO gateway.run: Secret redaction: ENABLED (tool output, logs, and chat responses are scrubbed before delivery)
2026-09-09 19:45:57,253 INFO gateway.run: Previous gateway exited cleanly — skipping session suspension
2026-09-09 19:45:57,358 INFO gateway.run: Connecting to telegram...
2026-09-09 19:45:57,443 INFO gateway.platforms.telegram: [Telegram] Auto-discovered Telegram fallback IPs: 149.154.166.110
2026-09-09 19:45:57,443 INFO gateway.platforms.telegram: [Telegram] Telegram fallback IPs active: 149.154.166.110
2026-09-09 19:45:58,729 INFO gateway.platforms.telegram: [Telegram] set_my_commands OK for scope BotCommandScopeDefault (30 cmds)
2026-09-09 19:45:59,034 INFO gateway.platforms.telegram: [Telegram] set_my_commands OK for scope BotCommandScopeAllPrivateChats (30 cmds)
2026-09-09 19:45:59,340 INFO gateway.platforms.telegram: [Telegram] set_my_commands OK for scope BotCommandScopeAllGroupChats (30 cmds)
2026-09-09 19:45:59,340 INFO gateway.platforms.telegram: [Telegram] Telegram menu: 30 commands registered, 71 hidden (over 30 limit). Use /commands for full list.
2026-09-09 19:45:59,341 INFO gateway.platforms.telegram: [Telegram] Connected to Telegram (polling mode)
2026-09-09 19:45:59,343 INFO gateway.run: ✓ telegram connected
2026-09-09 19:45:59,366 INFO gateway.run: Connecting to api_server...
2026-09-09 19:45:59,370 INFO gateway.platforms.api_server: [Api_Server] API server listening on http://0.0.0.0:8642 (model: hermes-agent)
2026-09-09 19:45:59,372 INFO gateway.run: ✓ api_server connected
2026-09-09 19:45:59,372 INFO gateway.run: Gateway running with 2 platform(s)
2026-09-09 19:45:59,376 INFO gateway.run: Channel directory built: 1 target(s)
2026-09-09 19:46:00,378 INFO gateway.run: Press Ctrl+C to stop
2026-09-09 19:46:00,384 INFO gateway.run: Cron ticker started (interval=60s)
2026-09-09 19:46:05,415 INFO gateway.run: kanban dispatcher: embedded in gateway (interval=60.0s)
2026-09-09 19:50:57,804 INFO gateway.run: Received SIGTERM as a planned --replace takeover — exiting cleanly
2026-09-09 19:50:57,805 WARNING gateway.run: Shutdown context: signal=SIGTERM under_systemd=yes parent_pid=109079 parent_name=systemd loadavg_1m=0.00 parent_cmdline='/usr/lib/systemd/systemd --user'
2026-09-09 19:50:57,806 INFO gateway.run: Stopping gateway...
2026-09-09 19:50:57,806 INFO gateway.run: Shutdown phase: notify_active_sessions done at +0.00s
2026-09-09 19:50:57,807 INFO gateway.run: Shutdown phase: drain done at +0.00s (drain took 0.00s, timed_out=False, active_at_start=0, active_now=0)
2026-09-09 19:50:58,256 INFO gateway.platforms.telegram: [Telegram] Disconnected from Telegram
2026-09-09 19:50:58,256 INFO gateway.run: ✓ telegram disconnected (0.45s)
2026-09-09 19:50:58,258 INFO gateway.platforms.api_server: [Api_Server] API server stopped
2026-09-09 19:50:58,258 INFO gateway.run: ✓ api_server disconnected (0.00s)
2026-09-09 19:50:58,258 INFO gateway.run: Shutdown phase: all adapters disconnected at +0.45s
2026-09-09 19:50:58,341 INFO gateway.run: Shutdown phase: final-cleanup tool kill done at +0.54s
2026-09-09 19:50:58,342 INFO gateway.run: Shutdown phase: SessionDB close done at +0.54s
2026-09-09 19:50:58,343 INFO gateway.run: Gateway stopped (total teardown 0.54s)
2026-09-09 19:50:58,343 INFO gateway.run: Cron ticker stopped
2026-09-09 19:50:58,984 INFO gateway.run: Starting Hermes Gateway...
2026-09-09 19:50:58,984 INFO gateway.run: Session storage: /home/hermes/.hermes/sessions
2026-09-09 19:50:58,995 INFO gateway.run: Agent budget: max_iterations=90 (agent.max_turns from config.yaml, or HERMES_MAX_ITERATIONS from .env, or default 90)
2026-09-09 19:50:58,996 INFO gateway.run: Secret redaction: ENABLED (tool output, logs, and chat responses are scrubbed before delivery)
2026-09-09 19:50:59,002 INFO gateway.run: Previous gateway exited cleanly — skipping session suspension
2026-09-09 19:50:59,104 INFO gateway.run: Connecting to telegram...
2026-09-09 19:50:59,187 INFO gateway.platforms.telegram: [Telegram] Auto-discovered Telegram fallback IPs: 149.154.166.110
2026-09-09 19:50:59,187 INFO gateway.platforms.telegram: [Telegram] Telegram fallback IPs active: 149.154.166.110
2026-09-09 19:51:00,369 INFO gateway.platforms.telegram: [Telegram] set_my_commands OK for scope BotCommandScopeDefault (30 cmds)
2026-09-09 19:51:00,655 INFO gateway.platforms.telegram: [Telegram] set_my_commands OK for scope BotCommandScopeAllPrivateChats (30 cmds)
2026-09-09 19:51:00,942 INFO gateway.platforms.telegram: [Telegram] set_my_commands OK for scope BotCommandScopeAllGroupChats (30 cmds)
2026-09-09 19:51:00,943 INFO gateway.platforms.telegram: [Telegram] Telegram menu: 30 commands registered, 71 hidden (over 30 limit). Use /commands for full list.
2026-09-09 19:51:00,944 INFO gateway.platforms.telegram: [Telegram] Connected to Telegram (polling mode)
2026-09-09 19:51:00,946 INFO gateway.run: ✓ telegram connected
2026-09-09 19:51:00,974 INFO gateway.run: Connecting to api_server...
2026-09-09 19:51:00,977 INFO gateway.platforms.api_server: [Api_Server] API server listening on http://0.0.0.0:8642 (model: hermes-agent)
2026-09-09 19:51:00,979 INFO gateway.run: ✓ api_server connected
2026-09-09 19:51:00,980 INFO gateway.run: Gateway running with 2 platform(s)
2026-09-09 19:51:00,985 INFO gateway.run: Channel directory built: 1 target(s)
2026-09-09 19:51:01,987 INFO gateway.run: Press Ctrl+C to stop
2026-09-09 19:51:01,994 INFO gateway.run: Cron ticker started (interval=60s)
2026-09-09 19:51:07,020 INFO gateway.run: kanban dispatcher: embedded in gateway (interval=60.0s)
2026-09-09 19:55:59,604 INFO gateway.run: Received SIGTERM as a planned --replace takeover — exiting cleanly
2026-09-09 19:55:59,604 WARNING gateway.run: Shutdown context: signal=SIGTERM under_systemd=yes parent_pid=1 parent_name=systemd loadavg_1m=0.00 parent_cmdline='/usr/lib/systemd/systemd --system --deserialize=75 vultr'
2026-09-09 19:55:59,606 INFO gateway.run: Stopping gateway...
2026-09-09 19:55:59,606 INFO gateway.run: Shutdown phase: notify_active_sessions done at +0.00s
2026-09-09 19:55:59,607 INFO gateway.run: Shutdown phase: drain done at +0.00s (drain took 0.00s, timed_out=False, active_at_start=0, active_now=0)
2026-09-09 19:56:01,152 INFO gateway.platforms.telegram: [Telegram] Disconnected from Telegram
2026-09-09 19:56:01,152 INFO gateway.run: ✓ telegram disconnected (1.54s)
2026-09-09 19:56:01,153 INFO gateway.platforms.api_server: [Api_Server] API server stopped
2026-09-09 19:56:01,153 INFO gateway.run: ✓ api_server disconnected (0.00s)
2026-09-09 19:56:01,154 INFO gateway.run: Shutdown phase: all adapters disconnected at +1.55s
2026-09-09 19:56:01,235 INFO gateway.run: Shutdown phase: final-cleanup tool kill done at +1.63s
2026-09-09 19:56:01,236 INFO gateway.run: Shutdown phase: SessionDB close done at +1.63s
2026-09-09 19:56:01,237 INFO gateway.run: Gateway stopped (total teardown 1.63s)
2026-09-09 19:56:01,237 INFO gateway.run: Cron ticker stopped
2026-09-09 19:56:01,777 INFO gateway.run: Starting Hermes Gateway...
2026-09-09 19:56:01,777 INFO gateway.run: Session storage: /home/hermes/.hermes/sessions
2026-09-09 19:56:01,785 INFO gateway.run: Agent budget: max_iterations=90 (agent.max_turns from config.yaml, or HERMES_MAX_ITERATIONS from .env, or default 90)
2026-09-09 19:56:01,785 INFO gateway.run: Secret redaction: ENABLED (tool output, logs, and chat responses are scrubbed before delivery)
2026-09-09 19:56:01,791 INFO gateway.run: Previous gateway exited cleanly — skipping session suspension
2026-09-09 19:56:01,890 INFO gateway.run: Connecting to telegram...
2026-09-09 19:56:02,053 INFO gateway.platforms.telegram: [Telegram] Auto-discovered Telegram fallback IPs: 149.154.166.110
2026-09-09 19:56:02,053 INFO gateway.platforms.telegram: [Telegram] Telegram fallback IPs active: 149.154.166.110
2026-09-09 19:56:03,231 INFO gateway.platforms.telegram: [Telegram] set_my_commands OK for scope BotCommandScopeDefault (30 cmds)
2026-09-09 19:56:03,515 INFO gateway.platforms.telegram: [Telegram] set_my_commands OK for scope BotCommandScopeAllPrivateChats (30 cmds)
2026-09-09 19:56:03,803 INFO gateway.platforms.telegram: [Telegram] set_my_commands OK for scope BotCommandScopeAllGroupChats (30 cmds)
2026-09-09 19:56:03,803 INFO gateway.platforms.telegram: [Telegram] Telegram menu: 30 commands registered, 71 hidden (over 30 limit). Use /commands for full list.
2026-09-09 19:56:03,805 INFO gateway.platforms.telegram: [Telegram] Connected to Telegram (polling mode)
2026-09-09 19:56:03,807 INFO gateway.run: ✓ telegram connected
2026-09-09 19:56:03,837 INFO gateway.run: Connecting to api_server...
2026-09-09 19:56:03,842 INFO gateway.platforms.api_server: [Api_Server] API server listening on http://0.0.0.0:8642 (model: hermes-agent)
2026-09-09 19:56:03,844 INFO gateway.run: ✓ api_server connected
2026-09-09 19:56:03,845 INFO gateway.run: Gateway running with 2 platform(s)
2026-09-09 19:56:03,851 INFO gateway.run: Channel directory built: 1 target(s)
2026-09-09 19:56:04,853 INFO gateway.run: Press Ctrl+C to stop
2026-09-09 19:56:04,859 INFO gateway.run: Cron ticker started (interval=60s)
2026-09-09 19:56:09,884 INFO gateway.run: kanban dispatcher: embedded in gateway (interval=60.0s)
2026-09-09 20:01:02,561 INFO gateway.run: Received SIGTERM as a planned --replace takeover — exiting cleanly
2026-09-09 20:01:02,561 WARNING gateway.run: Shutdown context: signal=SIGTERM under_systemd=yes parent_pid=109079 parent_name=systemd loadavg_1m=0.08 parent_cmdline='/usr/lib/systemd/systemd --user'
2026-09-09 20:01:02,562 INFO gateway.run: Stopping gateway...
2026-09-09 20:01:02,562 INFO gateway.run: Shutdown phase: notify_active_sessions done at +0.00s
2026-09-09 20:01:02,563 INFO gateway.run: Shutdown phase: drain done at +0.00s (drain took 0.00s, timed_out=False, active_at_start=0, active_now=0)
2026-09-09 20:01:03,038 INFO gateway.platforms.telegram: [Telegram] Disconnected from Telegram
2026-09-09 20:01:03,039 INFO gateway.run: ✓ telegram disconnected (0.48s)
2026-09-09 20:01:03,040 INFO gateway.platforms.api_server: [Api_Server] API server stopped
2026-09-09 20:01:03,040 INFO gateway.run: ✓ api_server disconnected (0.00s)
2026-09-09 20:01:03,040 INFO gateway.run: Shutdown phase: all adapters disconnected at +0.48s
2026-09-09 20:01:03,121 INFO gateway.run: Shutdown phase: final-cleanup tool kill done at +0.56s
2026-09-09 20:01:03,122 INFO gateway.run: Shutdown phase: SessionDB close done at +0.56s
2026-09-09 20:01:03,123 INFO gateway.run: Gateway stopped (total teardown 0.56s)
2026-09-09 20:01:03,123 INFO gateway.run: Cron ticker stopped
2026-09-09 20:01:03,740 INFO gateway.run: Starting Hermes Gateway...
2026-09-09 20:01:03,740 INFO gateway.run: Session storage: /home/hermes/.hermes/sessions
2026-09-09 20:01:03,750 INFO gateway.run: Agent budget: max_iterations=90 (agent.max_turns from config.yaml, or HERMES_MAX_ITERATIONS from .env, or default 90)
2026-09-09 20:01:03,750 INFO gateway.run: Secret redaction: ENABLED (tool output, logs, and chat responses are scrubbed before delivery)
2026-09-09 20:01:03,755 INFO gateway.run: Previous gateway exited cleanly — skipping session suspension
2026-09-09 20:01:03,855 INFO gateway.run: Connecting to telegram...
2026-09-09 20:01:03,925 INFO gateway.platforms.telegram: [Telegram] Auto-discovered Telegram fallback IPs: 149.154.166.110
2026-09-09 20:01:03,925 INFO gateway.platforms.telegram: [Telegram] Telegram fallback IPs active: 149.154.166.110
2026-09-09 20:01:05,283 INFO gateway.platforms.telegram: [Telegram] set_my_commands OK for scope BotCommandScopeDefault (30 cmds)
2026-09-09 20:01:05,608 INFO gateway.platforms.telegram: [Telegram] set_my_commands OK for scope BotCommandScopeAllPrivateChats (30 cmds)
2026-09-09 20:01:05,926 INFO gateway.platforms.telegram: [Telegram] set_my_commands OK for scope BotCommandScopeAllGroupChats (30 cmds)
2026-09-09 20:01:05,927 INFO gateway.platforms.telegram: [Telegram] Telegram menu: 30 commands registered, 71 hidden (over 30 limit). Use /commands for full list.
2026-09-09 20:01:05,928 INFO gateway.platforms.telegram: [Telegram] Connected to Telegram (polling mode)
2026-09-09 20:01:05,930 INFO gateway.run: ✓ telegram connected
2026-09-09 20:01:05,954 INFO gateway.run: Connecting to api_server...
2026-09-09 20:01:05,958 INFO gateway.platforms.api_server: [Api_Server] API server listening on http://0.0.0.0:8642 (model: hermes-agent)
2026-09-09 20:01:05,960 INFO gateway.run: ✓ api_server connected
2026-09-09 20:01:05,961 INFO gateway.run: Gateway running with 2 platform(s)
2026-09-09 20:01:05,965 INFO gateway.run: Channel directory built: 1 target(s)
2026-09-09 20:01:06,967 INFO gateway.run: Press Ctrl+C to stop
2026-09-09 20:01:06,973 INFO gateway.run: Cron ticker started (interval=60s)
2026-09-09 20:01:11,997 INFO gateway.run: kanban dispatcher: embedded in gateway (interval=60.0s)
2026-09-09 20:06:04,307 INFO gateway.run: Received SIGTERM as a planned --replace takeover — exiting cleanly
2026-09-09 20:06:04,307 WARNING gateway.run: Shutdown context: signal=SIGTERM under_systemd=yes parent_pid=1 parent_name=systemd loadavg_1m=0.00 parent_cmdline='/usr/lib/systemd/systemd --system --deserialize=75 vultr'
2026-09-09 20:06:04,309 INFO gateway.run: Stopping gateway...
2026-09-09 20:06:04,309 INFO gateway.run: Shutdown phase: notify_active_sessions done at +0.00s
2026-09-09 20:06:04,310 INFO gateway.run: Shutdown phase: drain done at +0.00s (drain took 0.00s, timed_out=False, active_at_start=0, active_now=0)
2026-09-09 20:06:05,847 INFO gateway.platforms.telegram: [Telegram] Disconnected from Telegram
2026-09-09 20:06:05,848 INFO gateway.run: ✓ telegram disconnected (1.54s)
2026-09-09 20:06:05,849 INFO gateway.platforms.api_server: [Api_Server] API server stopped
2026-09-09 20:06:05,849 INFO gateway.run: ✓ api_server disconnected (0.00s)
2026-09-09 20:06:05,849 INFO gateway.run: Shutdown phase: all adapters disconnected at +1.54s
2026-09-09 20:06:05,933 INFO gateway.run: Shutdown phase: final-cleanup tool kill done at +1.62s
2026-09-09 20:06:05,933 INFO gateway.run: Shutdown phase: SessionDB close done at +1.62s
2026-09-09 20:06:05,935 INFO gateway.run: Gateway stopped (total teardown 1.63s)
2026-09-09 20:06:05,935 INFO gateway.run: Cron ticker stopped
2026-09-09 20:06:06,497 INFO gateway.run: Starting Hermes Gateway...
2026-09-09 20:06:06,497 INFO gateway.run: Session storage: /home/hermes/.hermes/sessions
2026-09-09 20:06:06,505 INFO gateway.run: Agent budget: max_iterations=90 (agent.max_turns from config.yaml, or HERMES_MAX_ITERATIONS from .env, or default 90)
2026-09-09 20:06:06,505 INFO gateway.run: Secret redaction: ENABLED (tool output, logs, and chat responses are scrubbed before delivery)
2026-09-09 20:06:06,511 INFO gateway.run: Previous gateway exited cleanly — skipping session suspension
2026-09-09 20:06:06,611 INFO gateway.run: Connecting to telegram...
2026-09-09 20:06:06,685 INFO gateway.platforms.telegram: [Telegram] Auto-discovered Telegram fallback IPs: 149.154.166.110
2026-09-09 20:06:06,685 INFO gateway.platforms.telegram: [Telegram] Telegram fallback IPs active: 149.154.166.110
2026-09-09 20:06:08,389 INFO gateway.platforms.telegram: [Telegram] set_my_commands OK for scope BotCommandScopeDefault (30 cmds)
2026-09-09 20:06:08,679 INFO gateway.platforms.telegram: [Telegram] set_my_commands OK for scope BotCommandScopeAllPrivateChats (30 cmds)
2026-09-09 20:06:08,967 INFO gateway.platforms.telegram: [Telegram] set_my_commands OK for scope BotCommandScopeAllGroupChats (30 cmds)
2026-09-09 20:06:08,967 INFO gateway.platforms.telegram: [Telegram] Telegram menu: 30 commands registered, 71 hidden (over 30 limit). Use /commands for full list.
2026-09-09 20:06:08,969 INFO gateway.platforms.telegram: [Telegram] Connected to Telegram (polling mode)
2026-09-09 20:06:08,971 INFO gateway.run: ✓ telegram connected
2026-09-09 20:06:08,996 INFO gateway.run: Connecting to api_server...
2026-09-09 20:06:08,999 INFO gateway.platforms.api_server: [Api_Server] API server listening on http://0.0.0.0:8642 (model: hermes-agent)
2026-09-09 20:06:09,001 INFO gateway.run: ✓ api_server connected
2026-09-09 20:06:09,002 INFO gateway.run: Gateway running with 2 platform(s)
2026-09-09 20:06:09,007 INFO gateway.run: Channel directory built: 1 target(s)
2026-09-09 20:06:10,009 INFO gateway.run: Press Ctrl+C to stop
2026-09-09 20:06:10,018 INFO gateway.run: Cron ticker started (interval=60s)
2026-09-09 20:06:15,049 INFO gateway.run: kanban dispatcher: embedded in gateway (interval=60.0s)
2026-09-09 20:11:07,304 INFO gateway.run: Received SIGTERM as a planned --replace takeover — exiting cleanly
2026-09-09 20:11:07,304 WARNING gateway.run: Shutdown context: signal=SIGTERM under_systemd=yes parent_pid=109079 parent_name=systemd loadavg_1m=0.08 parent_cmdline='/usr/lib/systemd/systemd --user'
2026-09-09 20:11:07,305 INFO gateway.run: Stopping gateway...
2026-09-09 20:11:07,306 INFO gateway.run: Shutdown phase: notify_active_sessions done at +0.00s
2026-09-09 20:11:07,306 INFO gateway.run: Shutdown phase: drain done at +0.00s (drain took 0.00s, timed_out=False, active_at_start=0, active_now=0)
2026-09-09 20:11:07,734 INFO gateway.platforms.telegram: [Telegram] Disconnected from Telegram
2026-09-09 20:11:07,734 INFO gateway.run: ✓ telegram disconnected (0.43s)
2026-09-09 20:11:07,735 INFO gateway.platforms.api_server: [Api_Server] API server stopped
2026-09-09 20:11:07,735 INFO gateway.run: ✓ api_server disconnected (0.00s)
2026-09-09 20:11:07,735 INFO gateway.run: Shutdown phase: all adapters disconnected at +0.43s
2026-09-09 20:11:07,817 INFO gateway.run: Shutdown phase: final-cleanup tool kill done at +0.51s
2026-09-09 20:11:07,818 INFO gateway.run: Shutdown phase: SessionDB close done at +0.51s
2026-09-09 20:11:07,819 INFO gateway.run: Gateway stopped (total teardown 0.51s)
2026-09-09 20:11:07,820 INFO gateway.run: Cron ticker stopped
2026-09-09 20:11:08,480 INFO gateway.run: Starting Hermes Gateway...
2026-09-09 20:11:08,480 INFO gateway.run: Session storage: /home/hermes/.hermes/sessions
2026-09-09 20:11:08,490 INFO gateway.run: Agent budget: max_iterations=90 (agent.max_turns from config.yaml, or HERMES_MAX_ITERATIONS from .env, or default 90)
2026-09-09 20:11:08,490 INFO gateway.run: Secret redaction: ENABLED (tool output, logs, and chat responses are scrubbed before delivery)
2026-09-09 20:11:08,496 INFO gateway.run: Previous gateway exited cleanly — skipping session suspension
2026-09-09 20:11:08,599 INFO gateway.run: Connecting to telegram...
2026-09-09 20:11:08,681 INFO gateway.platforms.telegram: [Telegram] Auto-discovered Telegram fallback IPs: 149.154.166.110
2026-09-09 20:11:08,681 INFO gateway.platforms.telegram: [Telegram] Telegram fallback IPs active: 149.154.166.110
2026-09-09 20:11:09,849 INFO gateway.platforms.telegram: [Telegram] set_my_commands OK for scope BotCommandScopeDefault (30 cmds)
2026-09-09 20:11:10,137 INFO gateway.platforms.telegram: [Telegram] set_my_commands OK for scope BotCommandScopeAllPrivateChats (30 cmds)
2026-09-09 20:11:10,420 INFO gateway.platforms.telegram: [Telegram] set_my_commands OK for scope BotCommandScopeAllGroupChats (30 cmds)
2026-09-09 20:11:10,420 INFO gateway.platforms.telegram: [Telegram] Telegram menu: 30 commands registered, 71 hidden (over 30 limit). Use /commands for full list.
2026-09-09 20:11:10,421 INFO gateway.platforms.telegram: [Telegram] Connected to Telegram (polling mode)
2026-09-09 20:11:10,423 INFO gateway.run: ✓ telegram connected
2026-09-09 20:11:10,448 INFO gateway.run: Connecting to api_server...
2026-09-09 20:11:10,451 INFO gateway.platforms.api_server: [Api_Server] API server listening on http://0.0.0.0:8642 (model: hermes-agent)
2026-09-09 20:11:10,453 INFO gateway.run: ✓ api_server connected
2026-09-09 20:11:10,454 INFO gateway.run: Gateway running with 2 platform(s)
2026-09-09 20:11:10,458 INFO gateway.run: Channel directory built: 1 target(s)
2026-09-09 20:11:11,460 INFO gateway.run: Press Ctrl+C to stop
2026-09-09 20:11:11,466 INFO gateway.run: Cron ticker started (interval=60s)
2026-09-09 20:11:16,490 INFO gateway.run: kanban dispatcher: embedded in gateway (interval=60.0s)
2026-09-09 20:16:09,063 INFO gateway.run: Received SIGTERM as a planned --replace takeover — exiting cleanly
2026-09-09 20:16:09,063 WARNING gateway.run: Shutdown context: signal=SIGTERM under_systemd=yes parent_pid=1 parent_name=systemd loadavg_1m=0.00 parent_cmdline='/usr/lib/systemd/systemd --system --deserialize=75 vultr'
2026-09-09 20:16:09,064 INFO gateway.run: Stopping gateway...
2026-09-09 20:16:09,064 INFO gateway.run: Shutdown phase: notify_active_sessions done at +0.00s
2026-09-09 20:16:09,065 INFO gateway.run: Shutdown phase: drain done at +0.00s (drain took 0.00s, timed_out=False, active_at_start=0, active_now=0)
2026-09-09 20:16:09,577 INFO gateway.platforms.telegram: [Telegram] Disconnected from Telegram
2026-09-09 20:16:09,577 INFO gateway.run: ✓ telegram disconnected (0.51s)
2026-09-09 20:16:09,578 INFO gateway.platforms.api_server: [Api_Server] API server stopped
2026-09-09 20:16:09,578 INFO gateway.run: ✓ api_server disconnected (0.00s)
2026-09-09 20:16:09,579 INFO gateway.run: Shutdown phase: all adapters disconnected at +0.51s
2026-09-09 20:16:09,670 INFO gateway.run: Shutdown phase: final-cleanup tool kill done at +0.61s
2026-09-09 20:16:09,671 INFO gateway.run: Shutdown phase: SessionDB close done at +0.61s
2026-09-09 20:16:09,672 INFO gateway.run: Gateway stopped (total teardown 0.61s)
2026-09-09 20:16:09,672 INFO gateway.run: Cron ticker stopped
2026-09-09 20:16:10,240 INFO gateway.run: Starting Hermes Gateway...
2026-09-09 20:16:10,240 INFO gateway.run: Session storage: /home/hermes/.hermes/sessions
2026-09-09 20:16:10,248 INFO gateway.run: Agent budget: max_iterations=90 (agent.max_turns from config.yaml, or HERMES_MAX_ITERATIONS from .env, or default 90)
2026-09-09 20:16:10,249 INFO gateway.run: Secret redaction: ENABLED (tool output, logs, and chat responses are scrubbed before delivery)
2026-09-09 20:16:10,255 INFO gateway.run: Previous gateway exited cleanly — skipping session suspension
2026-09-09 20:16:10,354 INFO gateway.run: Connecting to telegram...
2026-09-09 20:16:10,423 INFO gateway.platforms.telegram: [Telegram] Auto-discovered Telegram fallback IPs: 149.154.166.110
2026-09-09 20:16:10,423 INFO gateway.platforms.telegram: [Telegram] Telegram fallback IPs active: 149.154.166.110
2026-09-09 20:16:11,565 INFO gateway.platforms.telegram: [Telegram] set_my_commands OK for scope BotCommandScopeDefault (30 cmds)
2026-09-09 20:16:11,844 INFO gateway.platforms.telegram: [Telegram] set_my_commands OK for scope BotCommandScopeAllPrivateChats (30 cmds)
2026-09-09 20:16:12,135 INFO gateway.platforms.telegram: [Telegram] set_my_commands OK for scope BotCommandScopeAllGroupChats (30 cmds)
2026-09-09 20:16:12,135 INFO gateway.platforms.telegram: [Telegram] Telegram menu: 30 commands registered, 71 hidden (over 30 limit). Use /commands for full list.
2026-09-09 20:16:12,136 INFO gateway.platforms.telegram: [Telegram] Connected to Telegram (polling mode)
2026-09-09 20:16:12,138 INFO gateway.run: ✓ telegram connected
2026-09-09 20:16:12,163 INFO gateway.run: Connecting to api_server...
2026-09-09 20:16:12,167 INFO gateway.platforms.api_server: [Api_Server] API server listening on http://0.0.0.0:8642 (model: hermes-agent)
2026-09-09 20:16:12,169 INFO gateway.run: ✓ api_server connected
2026-09-09 20:16:12,170 INFO gateway.run: Gateway running with 2 platform(s)
2026-09-09 20:16:12,174 INFO gateway.run: Channel directory built: 1 target(s)
2026-09-09 20:16:13,176 INFO gateway.run: Press Ctrl+C to stop
2026-09-09 20:16:13,182 INFO gateway.run: Cron ticker started (interval=60s)
2026-09-09 20:16:18,207 INFO gateway.run: kanban dispatcher: embedded in gateway (interval=60.0s)
2026-09-09 20:21:10,816 INFO gateway.run: Received SIGTERM as a planned --replace takeover — exiting cleanly
2026-09-09 20:21:10,816 WARNING gateway.run: Shutdown context: signal=SIGTERM under_systemd=yes parent_pid=109079 parent_name=systemd loadavg_1m=0.06 parent_cmdline='/usr/lib/systemd/systemd --user'
2026-09-09 20:21:10,817 INFO gateway.run: Stopping gateway...
2026-09-09 20:21:10,817 INFO gateway.run: Shutdown phase: notify_active_sessions done at +0.00s
2026-09-09 20:21:10,818 INFO gateway.run: Shutdown phase: drain done at +0.00s (drain took 0.00s, timed_out=False, active_at_start=0, active_now=0)
2026-09-09 20:21:11,829 INFO gateway.platforms.telegram: [Telegram] Disconnected from Telegram
2026-09-09 20:21:11,829 INFO gateway.run: ✓ telegram disconnected (1.01s)
2026-09-09 20:21:11,831 INFO gateway.platforms.api_server: [Api_Server] API server stopped
2026-09-09 20:21:11,831 INFO gateway.run: ✓ api_server disconnected (0.00s)
2026-09-09 20:21:11,831 INFO gateway.run: Shutdown phase: all adapters disconnected at +1.01s
2026-09-09 20:21:11,922 INFO gateway.run: Shutdown phase: final-cleanup tool kill done at +1.10s
2026-09-09 20:21:11,922 INFO gateway.run: Shutdown phase: SessionDB close done at +1.11s
2026-09-09 20:21:11,924 INFO gateway.run: Gateway stopped (total teardown 1.11s)
2026-09-09 20:21:11,924 INFO gateway.run: Cron ticker stopped
2026-09-09 20:21:12,506 INFO gateway.run: Starting Hermes Gateway...
2026-09-09 20:21:12,506 INFO gateway.run: Session storage: /home/hermes/.hermes/sessions
2026-09-09 20:21:12,516 INFO gateway.run: Agent budget: max_iterations=90 (agent.max_turns from config.yaml, or HERMES_MAX_ITERATIONS from .env, or default 90)
2026-09-09 20:21:12,516 INFO gateway.run: Secret redaction: ENABLED (tool output, logs, and chat responses are scrubbed before delivery)
2026-09-09 20:21:12,522 INFO gateway.run: Previous gateway exited cleanly — skipping session suspension
2026-09-09 20:21:12,620 INFO gateway.run: Connecting to telegram...
2026-09-09 20:21:12,703 INFO gateway.platforms.telegram: [Telegram] Auto-discovered Telegram fallback IPs: 149.154.166.110
2026-09-09 20:21:12,703 INFO gateway.platforms.telegram: [Telegram] Telegram fallback IPs active: 149.154.166.110
2026-09-09 20:21:14,614 INFO gateway.platforms.telegram: [Telegram] set_my_commands OK for scope BotCommandScopeDefault (30 cmds)
2026-09-09 20:21:15,106 INFO gateway.platforms.telegram: [Telegram] set_my_commands OK for scope BotCommandScopeAllPrivateChats (30 cmds)
2026-09-09 20:21:16,345 INFO gateway.platforms.telegram: [Telegram] set_my_commands OK for scope BotCommandScopeAllGroupChats (30 cmds)
2026-09-09 20:21:16,345 INFO gateway.platforms.telegram: [Telegram] Telegram menu: 30 commands registered, 71 hidden (over 30 limit). Use /commands for full list.
2026-09-09 20:21:16,347 INFO gateway.platforms.telegram: [Telegram] Connected to Telegram (polling mode)
2026-09-09 20:21:16,348 INFO gateway.run: ✓ telegram connected
2026-09-09 20:21:16,374 INFO gateway.run: Connecting to api_server...
2026-09-09 20:21:16,378 INFO gateway.platforms.api_server: [Api_Server] API server listening on http://0.0.0.0:8642 (model: hermes-agent)
2026-09-09 20:21:16,379 INFO gateway.run: ✓ api_server connected
2026-09-09 20:21:16,380 INFO gateway.run: Gateway running with 2 platform(s)
2026-09-09 20:21:16,386 INFO gateway.run: Channel directory built: 1 target(s)
2026-09-09 20:21:17,388 INFO gateway.run: Press Ctrl+C to stop
2026-09-09 20:21:17,394 INFO gateway.run: Cron ticker started (interval=60s)
2026-09-09 20:21:22,419 INFO gateway.run: kanban dispatcher: embedded in gateway (interval=60.0s)
2026-09-09 20:26:13,046 INFO gateway.run: Received SIGTERM as a planned --replace takeover — exiting cleanly
2026-09-09 20:26:13,046 WARNING gateway.run: Shutdown context: signal=SIGTERM under_systemd=yes parent_pid=1 parent_name=systemd loadavg_1m=0.08 parent_cmdline='/usr/lib/systemd/systemd --system --deserialize=75 vultr'
2026-09-09 20:26:13,047 INFO gateway.run: Stopping gateway...
2026-09-09 20:26:13,047 INFO gateway.run: Shutdown phase: notify_active_sessions done at +0.00s
2026-09-09 20:26:13,048 INFO gateway.run: Shutdown phase: drain done at +0.00s (drain took 0.00s, timed_out=False, active_at_start=0, active_now=0)
2026-09-09 20:26:14,438 INFO gateway.platforms.telegram: [Telegram] Disconnected from Telegram
2026-09-09 20:26:14,439 INFO gateway.run: ✓ telegram disconnected (1.39s)
2026-09-09 20:26:14,440 INFO gateway.platforms.api_server: [Api_Server] API server stopped
2026-09-09 20:26:14,440 INFO gateway.run: ✓ api_server disconnected (0.00s)
2026-09-09 20:26:14,440 INFO gateway.run: Shutdown phase: all adapters disconnected at +1.39s
2026-09-09 20:26:14,536 INFO gateway.run: Shutdown phase: final-cleanup tool kill done at +1.49s
2026-09-09 20:26:14,537 INFO gateway.run: Shutdown phase: SessionDB close done at +1.49s
2026-09-09 20:26:14,538 INFO gateway.run: Gateway stopped (total teardown 1.49s)
2026-09-09 20:26:14,538 INFO gateway.run: Cron ticker stopped
2026-09-09 20:26:15,228 INFO gateway.run: Starting Hermes Gateway...
2026-09-09 20:26:15,228 INFO gateway.run: Session storage: /home/hermes/.hermes/sessions
2026-09-09 20:26:15,236 INFO gateway.run: Agent budget: max_iterations=90 (agent.max_turns from config.yaml, or HERMES_MAX_ITERATIONS from .env, or default 90)
2026-09-09 20:26:15,236 INFO gateway.run: Secret redaction: ENABLED (tool output, logs, and chat responses are scrubbed before delivery)
2026-09-09 20:26:15,242 INFO gateway.run: Previous gateway exited cleanly — skipping session suspension
2026-09-09 20:26:15,344 INFO gateway.run: Connecting to telegram...
2026-09-09 20:26:15,417 INFO gateway.platforms.telegram: [Telegram] Auto-discovered Telegram fallback IPs: 149.154.166.110
2026-09-09 20:26:15,418 INFO gateway.platforms.telegram: [Telegram] Telegram fallback IPs active: 149.154.166.110
2026-09-09 20:26:17,368 INFO gateway.platforms.telegram: [Telegram] set_my_commands OK for scope BotCommandScopeDefault (30 cmds)
2026-09-09 20:26:17,664 INFO gateway.platforms.telegram: [Telegram] set_my_commands OK for scope BotCommandScopeAllPrivateChats (30 cmds)
2026-09-09 20:26:17,970 INFO gateway.platforms.telegram: [Telegram] set_my_commands OK for scope BotCommandScopeAllGroupChats (30 cmds)
2026-09-09 20:26:17,970 INFO gateway.platforms.telegram: [Telegram] Telegram menu: 30 commands registered, 71 hidden (over 30 limit). Use /commands for full list.
2026-09-09 20:26:17,971 INFO gateway.platforms.telegram: [Telegram] Connected to Telegram (polling mode)
2026-09-09 20:26:17,973 INFO gateway.run: ✓ telegram connected
2026-09-09 20:26:18,000 INFO gateway.run: Connecting to api_server...
2026-09-09 20:26:18,004 INFO gateway.platforms.api_server: [Api_Server] API server listening on http://0.0.0.0:8642 (model: hermes-agent)
2026-09-09 20:26:18,005 INFO gateway.run: ✓ api_server connected
2026-09-09 20:26:18,006 INFO gateway.run: Gateway running with 2 platform(s)
2026-09-09 20:26:18,010 INFO gateway.run: Channel directory built: 1 target(s)
2026-09-09 20:26:19,012 INFO gateway.run: Press Ctrl+C to stop
2026-09-09 20:26:19,019 INFO gateway.run: Cron ticker started (interval=60s)
2026-09-09 20:26:24,046 INFO gateway.run: kanban dispatcher: embedded in gateway (interval=60.0s)
2026-09-09 20:31:15,788 INFO gateway.run: Received SIGTERM as a planned --replace takeover — exiting cleanly
2026-09-09 20:31:15,788 WARNING gateway.run: Shutdown context: signal=SIGTERM under_systemd=yes parent_pid=109079 parent_name=systemd loadavg_1m=0.00 parent_cmdline='/usr/lib/systemd/systemd --user'
2026-09-09 20:31:15,789 INFO gateway.run: Stopping gateway...
2026-09-09 20:31:15,789 INFO gateway.run: Shutdown phase: notify_active_sessions done at +0.00s
2026-09-09 20:31:15,791 INFO gateway.run: Shutdown phase: drain done at +0.00s (drain took 0.00s, timed_out=False, active_at_start=0, active_now=0)
2026-09-09 20:31:16,574 INFO gateway.platforms.telegram: [Telegram] Disconnected from Telegram
2026-09-09 20:31:16,574 INFO gateway.run: ✓ telegram disconnected (0.78s)
2026-09-09 20:31:16,576 INFO gateway.platforms.api_server: [Api_Server] API server stopped
2026-09-09 20:31:16,576 INFO gateway.run: ✓ api_server disconnected (0.00s)
2026-09-09 20:31:16,576 INFO gateway.run: Shutdown phase: all adapters disconnected at +0.79s
2026-09-09 20:31:16,659 INFO gateway.run: Shutdown phase: final-cleanup tool kill done at +0.87s
2026-09-09 20:31:16,660 INFO gateway.run: Shutdown phase: SessionDB close done at +0.87s
2026-09-09 20:31:16,661 INFO gateway.run: Gateway stopped (total teardown 0.87s)
2026-09-09 20:31:16,661 INFO gateway.run: Cron ticker stopped
2026-09-09 20:31:17,459 INFO gateway.run: Starting Hermes Gateway...
2026-09-09 20:31:17,459 INFO gateway.run: Session storage: /home/hermes/.hermes/sessions
2026-09-09 20:31:17,469 INFO gateway.run: Agent budget: max_iterations=90 (agent.max_turns from config.yaml, or HERMES_MAX_ITERATIONS from .env, or default 90)
2026-09-09 20:31:17,470 INFO gateway.run: Secret redaction: ENABLED (tool output, logs, and chat responses are scrubbed before delivery)
2026-09-09 20:31:17,475 INFO gateway.run: Previous gateway exited cleanly — skipping session suspension
2026-09-09 20:31:17,575 INFO gateway.run: Connecting to telegram...
2026-09-09 20:31:17,661 INFO gateway.platforms.telegram: [Telegram] Auto-discovered Telegram fallback IPs: 149.154.166.110
2026-09-09 20:31:17,662 INFO gateway.platforms.telegram: [Telegram] Telegram fallback IPs active: 149.154.166.110
2026-09-09 20:31:19,110 INFO gateway.platforms.telegram: [Telegram] set_my_commands OK for scope BotCommandScopeDefault (30 cmds)
2026-09-09 20:31:19,408 INFO gateway.platforms.telegram: [Telegram] set_my_commands OK for scope BotCommandScopeAllPrivateChats (30 cmds)
2026-09-09 20:31:19,692 INFO gateway.platforms.telegram: [Telegram] set_my_commands OK for scope BotCommandScopeAllGroupChats (30 cmds)
2026-09-09 20:31:19,692 INFO gateway.platforms.telegram: [Telegram] Telegram menu: 30 commands registered, 71 hidden (over 30 limit). Use /commands for full list.
2026-09-09 20:31:19,694 INFO gateway.platforms.telegram: [Telegram] Connected to Telegram (polling mode)
2026-09-09 20:31:19,695 INFO gateway.run: ✓ telegram connected
2026-09-09 20:31:19,724 INFO gateway.run: Connecting to api_server...
2026-09-09 20:31:19,728 INFO gateway.platforms.api_server: [Api_Server] API server listening on http://0.0.0.0:8642 (model: hermes-agent)
2026-09-09 20:31:19,730 INFO gateway.run: ✓ api_server connected
2026-09-09 20:31:19,731 INFO gateway.run: Gateway running with 2 platform(s)
2026-09-09 20:31:19,735 INFO gateway.run: Channel directory built: 1 target(s)
2026-09-09 20:31:20,737 INFO gateway.run: Press Ctrl+C to stop
2026-09-09 20:31:20,743 INFO gateway.run: Cron ticker started (interval=60s)
2026-09-09 20:31:25,766 INFO gateway.run: kanban dispatcher: embedded in gateway (interval=60.0s)
2026-09-09 20:35:17,853 INFO gateway.platforms.telegram: [Telegram] Flushing text batch agent:main:telegram:dm:8944451892 (366 chars)
2026-09-09 20:35:17,871 INFO gateway.run: inbound message: platform=telegram user=Rob chat=8944451892 msg="ve o que vc acha aonde podemos usar isso : I'd like you to set up here.now: the "
2026-09-09 20:36:17,801 INFO gateway.run: Received SIGTERM as a planned --replace takeover — exiting cleanly
2026-09-09 20:36:17,801 WARNING gateway.run: Shutdown context: signal=SIGTERM under_systemd=yes parent_pid=1 parent_name=systemd loadavg_1m=0.26 parent_cmdline='/usr/lib/systemd/systemd --system --deserialize=75 vultr'
2026-09-09 20:36:17,803 INFO gateway.run: Stopping gateway...
2026-09-09 20:36:18,680 INFO gateway.run: Sent shutdown notification to active chat telegram:8944451892
2026-09-09 20:36:18,680 INFO gateway.run: Shutdown phase: notify_active_sessions done at +0.88s
2026-09-09 20:36:28,492 INFO gateway.run: Starting Hermes Gateway...
2026-09-09 20:36:28,492 INFO gateway.run: Session storage: /home/hermes/.hermes/sessions
2026-09-09 20:36:28,499 INFO gateway.run: Agent budget: max_iterations=90 (agent.max_turns from config.yaml, or HERMES_MAX_ITERATIONS from .env, or default 90)
2026-09-09 20:36:28,500 INFO gateway.run: Secret redaction: ENABLED (tool output, logs, and chat responses are scrubbed before delivery)
2026-09-09 20:36:28,611 INFO gateway.run: Connecting to telegram...
2026-09-09 20:36:28,696 INFO gateway.platforms.telegram: [Telegram] Auto-discovered Telegram fallback IPs: 149.154.166.110
2026-09-09 20:36:28,696 INFO gateway.platforms.telegram: [Telegram] Telegram fallback IPs active: 149.154.166.110
2026-09-09 20:36:30,320 INFO gateway.platforms.telegram: [Telegram] set_my_commands OK for scope BotCommandScopeDefault (30 cmds)
2026-09-09 20:36:30,651 INFO gateway.platforms.telegram: [Telegram] set_my_commands OK for scope BotCommandScopeAllPrivateChats (30 cmds)
2026-09-09 20:36:30,965 INFO gateway.platforms.telegram: [Telegram] set_my_commands OK for scope BotCommandScopeAllGroupChats (30 cmds)
2026-09-09 20:36:30,965 INFO gateway.platforms.telegram: [Telegram] Telegram menu: 30 commands registered, 71 hidden (over 30 limit). Use /commands for full list.
2026-09-09 20:36:30,966 INFO gateway.platforms.telegram: [Telegram] Connected to Telegram (polling mode)
2026-09-09 20:36:30,968 INFO gateway.run: ✓ telegram connected
2026-09-09 20:36:30,993 INFO gateway.run: Connecting to api_server...
2026-09-09 20:36:30,997 INFO gateway.platforms.api_server: [Api_Server] API server listening on http://0.0.0.0:8642 (model: hermes-agent)
2026-09-09 20:36:30,998 INFO gateway.run: ✓ api_server connected
2026-09-09 20:36:30,999 INFO gateway.run: Gateway running with 2 platform(s)
2026-09-09 20:36:31,003 INFO gateway.run: Channel directory built: 1 target(s)
2026-09-09 20:36:32,005 INFO gateway.run: Scheduled auto-resume for 1 restart-interrupted session(s)
2026-09-09 20:36:32,005 INFO gateway.run: Press Ctrl+C to stop
2026-09-09 20:36:32,013 INFO gateway.run: Cron ticker started (interval=60s)
2026-09-09 20:36:32,103 INFO gateway.run: inbound message: platform=telegram user=Rob chat=8944451892 msg=''
2026-09-09 20:36:37,045 INFO gateway.run: kanban dispatcher: embedded in gateway (interval=60.0s)
2026-09-09 20:37:00,554 INFO gateway.run: Suppressing normal final send for session agent:main:telegram:dm:8944451892: final delivery already confirmed (streamed=True previewed=False content_delivered=True).
2026-09-09 20:37:00,554 INFO gateway.run: response ready: platform=telegram chat=8944451892 time=28.5s api_calls=5 response=860 chars
2026-09-09 20:41:28,821 INFO gateway.run: Received SIGTERM as a planned --replace takeover — exiting cleanly
2026-09-09 20:41:28,821 WARNING gateway.run: Shutdown context: signal=SIGTERM under_systemd=yes parent_pid=109079 parent_name=systemd loadavg_1m=0.16 parent_cmdline='/usr/lib/systemd/systemd --user'
2026-09-09 20:41:28,823 INFO gateway.run: Stopping gateway...
2026-09-09 20:41:28,823 INFO gateway.run: Shutdown phase: notify_active_sessions done at +0.00s
2026-09-09 20:41:28,824 INFO gateway.run: Shutdown phase: drain done at +0.00s (drain took 0.00s, timed_out=False, active_at_start=0, active_now=0)
2026-09-09 20:41:29,319 INFO gateway.platforms.telegram: [Telegram] Disconnected from Telegram
2026-09-09 20:41:29,320 INFO gateway.run: ✓ telegram disconnected (0.49s)
2026-09-09 20:41:29,321 INFO gateway.platforms.api_server: [Api_Server] API server stopped
2026-09-09 20:41:29,321 INFO gateway.run: ✓ api_server disconnected (0.00s)
2026-09-09 20:41:29,321 INFO gateway.run: Shutdown phase: all adapters disconnected at +0.50s
2026-09-09 20:41:29,322 INFO gateway.run: Shutdown phase: final-cleanup tool kill done at +0.50s
2026-09-09 20:41:29,325 INFO gateway.run: Shutdown phase: SessionDB close done at +0.50s
2026-09-09 20:41:29,326 INFO gateway.run: Gateway stopped (total teardown 0.50s)
2026-09-09 20:41:29,326 INFO gateway.run: Cron ticker stopped
2026-09-09 20:41:29,993 INFO gateway.run: Starting Hermes Gateway...
2026-09-09 20:41:29,994 INFO gateway.run: Session storage: /home/hermes/.hermes/sessions
2026-09-09 20:41:30,004 INFO gateway.run: Agent budget: max_iterations=90 (agent.max_turns from config.yaml, or HERMES_MAX_ITERATIONS from .env, or default 90)
2026-09-09 20:41:30,004 INFO gateway.run: Secret redaction: ENABLED (tool output, logs, and chat responses are scrubbed before delivery)
2026-09-09 20:41:30,010 INFO gateway.run: Previous gateway exited cleanly — skipping session suspension
2026-09-09 20:41:30,108 INFO gateway.run: Connecting to telegram...
2026-09-09 20:41:30,176 INFO gateway.platforms.telegram: [Telegram] Auto-discovered Telegram fallback IPs: 149.154.166.110
2026-09-09 20:41:30,176 INFO gateway.platforms.telegram: [Telegram] Telegram fallback IPs active: 149.154.166.110
2026-09-09 20:41:31,404 INFO gateway.platforms.telegram: [Telegram] set_my_commands OK for scope BotCommandScopeDefault (30 cmds)
2026-09-09 20:41:31,698 INFO gateway.platforms.telegram: [Telegram] set_my_commands OK for scope BotCommandScopeAllPrivateChats (30 cmds)
2026-09-09 20:41:31,992 INFO gateway.platforms.telegram: [Telegram] set_my_commands OK for scope BotCommandScopeAllGroupChats (30 cmds)
2026-09-09 20:41:31,992 INFO gateway.platforms.telegram: [Telegram] Telegram menu: 30 commands registered, 71 hidden (over 30 limit). Use /commands for full list.
2026-09-09 20:41:31,993 INFO gateway.platforms.telegram: [Telegram] Connected to Telegram (polling mode)
2026-09-09 20:41:31,995 INFO gateway.run: ✓ telegram connected
2026-09-09 20:41:32,020 INFO gateway.run: Connecting to api_server...
2026-09-09 20:41:32,024 INFO gateway.platforms.api_server: [Api_Server] API server listening on http://0.0.0.0:8642 (model: hermes-agent)
2026-09-09 20:41:32,025 INFO gateway.run: ✓ api_server connected
2026-09-09 20:41:32,026 INFO gateway.run: Gateway running with 2 platform(s)
2026-09-09 20:41:32,030 INFO gateway.run: Channel directory built: 1 target(s)
2026-09-09 20:41:33,032 INFO gateway.run: Press Ctrl+C to stop
2026-09-09 20:41:33,038 INFO gateway.run: Cron ticker started (interval=60s)
2026-09-09 20:41:38,061 INFO gateway.run: kanban dispatcher: embedded in gateway (interval=60.0s)
2026-09-09 20:46:30,865 INFO gateway.run: Received SIGTERM as a planned --replace takeover — exiting cleanly
2026-09-09 20:46:30,865 WARNING gateway.run: Shutdown context: signal=SIGTERM under_systemd=yes parent_pid=1 parent_name=systemd loadavg_1m=0.03 parent_cmdline='/usr/lib/systemd/systemd --system --deserialize=75 vultr'
2026-09-09 20:46:30,866 INFO gateway.run: Stopping gateway...
2026-09-09 20:46:30,867 INFO gateway.run: Shutdown phase: notify_active_sessions done at +0.00s
2026-09-09 20:46:30,868 INFO gateway.run: Shutdown phase: drain done at +0.00s (drain took 0.00s, timed_out=False, active_at_start=0, active_now=0)
2026-09-09 20:46:32,331 INFO gateway.platforms.telegram: [Telegram] Disconnected from Telegram
2026-09-09 20:46:32,332 INFO gateway.run: ✓ telegram disconnected (1.46s)
2026-09-09 20:46:32,333 INFO gateway.platforms.api_server: [Api_Server] API server stopped
2026-09-09 20:46:32,333 INFO gateway.run: ✓ api_server disconnected (0.00s)
2026-09-09 20:46:32,334 INFO gateway.run: Shutdown phase: all adapters disconnected at +1.47s
2026-09-09 20:46:32,425 INFO gateway.run: Shutdown phase: final-cleanup tool kill done at +1.56s
2026-09-09 20:46:32,425 INFO gateway.run: Shutdown phase: SessionDB close done at +1.56s
2026-09-09 20:46:32,426 INFO gateway.run: Gateway stopped (total teardown 1.56s)
2026-09-09 20:46:32,427 INFO gateway.run: Cron ticker stopped
2026-09-09 20:46:33,045 INFO gateway.run: Starting Hermes Gateway...
2026-09-09 20:46:33,045 INFO gateway.run: Session storage: /home/hermes/.hermes/sessions
2026-09-09 20:46:33,053 INFO gateway.run: Agent budget: max_iterations=90 (agent.max_turns from config.yaml, or HERMES_MAX_ITERATIONS from .env, or default 90)
2026-09-09 20:46:33,053 INFO gateway.run: Secret redaction: ENABLED (tool output, logs, and chat responses are scrubbed before delivery)
2026-09-09 20:46:33,060 INFO gateway.run: Previous gateway exited cleanly — skipping session suspension
2026-09-09 20:46:33,169 INFO gateway.run: Connecting to telegram...
2026-09-09 20:46:33,238 INFO gateway.platforms.telegram: [Telegram] Auto-discovered Telegram fallback IPs: 149.154.166.110
2026-09-09 20:46:33,239 INFO gateway.platforms.telegram: [Telegram] Telegram fallback IPs active: 149.154.166.110
2026-09-09 20:46:34,388 INFO gateway.platforms.telegram: [Telegram] set_my_commands OK for scope BotCommandScopeDefault (30 cmds)
2026-09-09 20:46:34,668 INFO gateway.platforms.telegram: [Telegram] set_my_commands OK for scope BotCommandScopeAllPrivateChats (30 cmds)
2026-09-09 20:46:34,946 INFO gateway.platforms.telegram: [Telegram] set_my_commands OK for scope BotCommandScopeAllGroupChats (30 cmds)
2026-09-09 20:46:34,946 INFO gateway.platforms.telegram: [Telegram] Telegram menu: 30 commands registered, 71 hidden (over 30 limit). Use /commands for full list.
2026-09-09 20:46:34,947 INFO gateway.platforms.telegram: [Telegram] Connected to Telegram (polling mode)
2026-09-09 20:46:34,950 INFO gateway.run: ✓ telegram connected
2026-09-09 20:46:34,977 INFO gateway.run: Connecting to api_server...
2026-09-09 20:46:34,981 INFO gateway.platforms.api_server: [Api_Server] API server listening on http://0.0.0.0:8642 (model: hermes-agent)
2026-09-09 20:46:34,983 INFO gateway.run: ✓ api_server connected
2026-09-09 20:46:34,984 INFO gateway.run: Gateway running with 2 platform(s)
2026-09-09 20:46:34,990 INFO gateway.run: Channel directory built: 1 target(s)
2026-09-09 20:46:35,992 INFO gateway.run: Press Ctrl+C to stop
2026-09-09 20:46:35,998 INFO gateway.run: Cron ticker started (interval=60s)
2026-09-09 20:46:41,019 INFO gateway.run: kanban dispatcher: embedded in gateway (interval=60.0s)
2026-09-09 20:51:33,832 INFO gateway.run: Received SIGTERM as a planned --replace takeover — exiting cleanly
2026-09-09 20:51:33,833 WARNING gateway.run: Shutdown context: signal=SIGTERM under_systemd=yes parent_pid=109079 parent_name=systemd loadavg_1m=0.00 parent_cmdline='/usr/lib/systemd/systemd --user'
2026-09-09 20:51:33,834 INFO gateway.run: Stopping gateway...
2026-09-09 20:51:33,834 INFO gateway.run: Shutdown phase: notify_active_sessions done at +0.00s
2026-09-09 20:51:33,835 INFO gateway.run: Shutdown phase: drain done at +0.00s (drain took 0.00s, timed_out=False, active_at_start=0, active_now=0)
2026-09-09 20:51:39,055 INFO gateway.platforms.telegram: [Telegram] Disconnected from Telegram
2026-09-09 20:51:39,055 INFO gateway.run: ✓ telegram disconnected (5.22s)
2026-09-09 20:51:39,057 INFO gateway.platforms.api_server: [Api_Server] API server stopped
2026-09-09 20:51:39,057 INFO gateway.run: ✓ api_server disconnected (0.00s)
2026-09-09 20:51:39,057 INFO gateway.run: Shutdown phase: all adapters disconnected at +5.22s
2026-09-09 20:51:39,144 INFO gateway.run: Shutdown phase: final-cleanup tool kill done at +5.31s
2026-09-09 20:51:39,145 INFO gateway.run: Shutdown phase: SessionDB close done at +5.31s
2026-09-09 20:51:39,146 INFO gateway.run: Gateway stopped (total teardown 5.31s)
2026-09-09 20:51:39,147 INFO gateway.run: Cron ticker stopped
2026-09-09 20:51:39,515 INFO gateway.run: Starting Hermes Gateway...
2026-09-09 20:51:39,516 INFO gateway.run: Session storage: /home/hermes/.hermes/sessions
2026-09-09 20:51:39,529 INFO gateway.run: Agent budget: max_iterations=90 (agent.max_turns from config.yaml, or HERMES_MAX_ITERATIONS from .env, or default 90)
2026-09-09 20:51:39,529 INFO gateway.run: Secret redaction: ENABLED (tool output, logs, and chat responses are scrubbed before delivery)
2026-09-09 20:51:39,537 INFO gateway.run: Previous gateway exited cleanly — skipping session suspension
2026-09-09 20:51:39,652 INFO gateway.run: Connecting to telegram...
2026-09-09 20:51:39,724 INFO gateway.platforms.telegram: [Telegram] Auto-discovered Telegram fallback IPs: 149.154.166.110
2026-09-09 20:51:39,724 INFO gateway.platforms.telegram: [Telegram] Telegram fallback IPs active: 149.154.166.110
2026-09-09 20:51:41,230 INFO gateway.platforms.telegram: [Telegram] set_my_commands OK for scope BotCommandScopeDefault (30 cmds)
2026-09-09 20:51:41,510 INFO gateway.platforms.telegram: [Telegram] set_my_commands OK for scope BotCommandScopeAllPrivateChats (30 cmds)
2026-09-09 20:51:41,934 INFO gateway.platforms.telegram: [Telegram] set_my_commands OK for scope BotCommandScopeAllGroupChats (30 cmds)
2026-09-09 20:51:41,935 INFO gateway.platforms.telegram: [Telegram] Telegram menu: 30 commands registered, 71 hidden (over 30 limit). Use /commands for full list.
2026-09-09 20:51:41,936 INFO gateway.platforms.telegram: [Telegram] Connected to Telegram (polling mode)
2026-09-09 20:51:41,937 INFO gateway.run: ✓ telegram connected
2026-09-09 20:51:41,962 INFO gateway.run: Connecting to api_server...
2026-09-09 20:51:41,966 INFO gateway.platforms.api_server: [Api_Server] API server listening on http://0.0.0.0:8642 (model: hermes-agent)
2026-09-09 20:51:41,968 INFO gateway.run: ✓ api_server connected
2026-09-09 20:51:41,969 INFO gateway.run: Gateway running with 2 platform(s)
2026-09-09 20:51:41,973 INFO gateway.run: Channel directory built: 1 target(s)
2026-09-09 20:51:42,975 INFO gateway.run: Press Ctrl+C to stop
2026-09-09 20:51:42,981 INFO gateway.run: Cron ticker started (interval=60s)
2026-09-09 20:51:48,006 INFO gateway.run: kanban dispatcher: embedded in gateway (interval=60.0s)
2026-09-09 20:56:40,313 INFO gateway.run: Received SIGTERM as a planned --replace takeover — exiting cleanly
2026-09-09 20:56:40,313 WARNING gateway.run: Shutdown context: signal=SIGTERM under_systemd=yes parent_pid=1 parent_name=systemd loadavg_1m=0.00 parent_cmdline='/usr/lib/systemd/systemd --system --deserialize=75 vultr'
2026-09-09 20:56:40,315 INFO gateway.run: Stopping gateway...
2026-09-09 20:56:40,315 INFO gateway.run: Shutdown phase: notify_active_sessions done at +0.00s
2026-09-09 20:56:40,316 INFO gateway.run: Shutdown phase: drain done at +0.00s (drain took 0.00s, timed_out=False, active_at_start=0, active_now=0)
2026-09-09 20:56:40,782 INFO gateway.platforms.telegram: [Telegram] Disconnected from Telegram
2026-09-09 20:56:40,782 INFO gateway.run: ✓ telegram disconnected (0.47s)
2026-09-09 20:56:40,783 INFO gateway.platforms.api_server: [Api_Server] API server stopped
2026-09-09 20:56:40,783 INFO gateway.run: ✓ api_server disconnected (0.00s)
2026-09-09 20:56:40,784 INFO gateway.run: Shutdown phase: all adapters disconnected at +0.47s
2026-09-09 20:56:40,869 INFO gateway.run: Shutdown phase: final-cleanup tool kill done at +0.55s
2026-09-09 20:56:40,869 INFO gateway.run: Shutdown phase: SessionDB close done at +0.55s
2026-09-09 20:56:40,871 INFO gateway.run: Gateway stopped (total teardown 0.56s)
2026-09-09 20:56:40,871 INFO gateway.run: Cron ticker stopped
2026-09-09 20:56:41,504 INFO gateway.run: Starting Hermes Gateway...
2026-09-09 20:56:41,504 INFO gateway.run: Session storage: /home/hermes/.hermes/sessions
2026-09-09 20:56:41,513 INFO gateway.run: Agent budget: max_iterations=90 (agent.max_turns from config.yaml, or HERMES_MAX_ITERATIONS from .env, or default 90)
2026-09-09 20:56:41,513 INFO gateway.run: Secret redaction: ENABLED (tool output, logs, and chat responses are scrubbed before delivery)
2026-09-09 20:56:41,520 INFO gateway.run: Previous gateway exited cleanly — skipping session suspension
2026-09-09 20:56:41,628 INFO gateway.run: Connecting to telegram...
2026-09-09 20:56:41,711 INFO gateway.platforms.telegram: [Telegram] Auto-discovered Telegram fallback IPs: 149.154.166.110
2026-09-09 20:56:41,711 INFO gateway.platforms.telegram: [Telegram] Telegram fallback IPs active: 149.154.166.110
2026-09-09 20:56:42,848 INFO gateway.platforms.telegram: [Telegram] set_my_commands OK for scope BotCommandScopeDefault (30 cmds)
2026-09-09 20:56:43,134 INFO gateway.platforms.telegram: [Telegram] set_my_commands OK for scope BotCommandScopeAllPrivateChats (30 cmds)
2026-09-09 20:56:43,412 INFO gateway.platforms.telegram: [Telegram] set_my_commands OK for scope BotCommandScopeAllGroupChats (30 cmds)
2026-09-09 20:56:43,413 INFO gateway.platforms.telegram: [Telegram] Telegram menu: 30 commands registered, 71 hidden (over 30 limit). Use /commands for full list.
2026-09-09 20:56:43,414 INFO gateway.platforms.telegram: [Telegram] Connected to Telegram (polling mode)
2026-09-09 20:56:43,416 INFO gateway.run: ✓ telegram connected
2026-09-09 20:56:43,443 INFO gateway.run: Connecting to api_server...
2026-09-09 20:56:43,447 INFO gateway.platforms.api_server: [Api_Server] API server listening on http://0.0.0.0:8642 (model: hermes-agent)
2026-09-09 20:56:43,449 INFO gateway.run: ✓ api_server connected
2026-09-09 20:56:43,450 INFO gateway.run: Gateway running with 2 platform(s)
2026-09-09 20:56:43,454 INFO gateway.run: Channel directory built: 1 target(s)
2026-09-09 20:56:44,456 INFO gateway.run: Press Ctrl+C to stop
2026-09-09 20:56:44,463 INFO gateway.run: Cron ticker started (interval=60s)
2026-09-09 20:56:49,471 INFO gateway.run: kanban dispatcher: embedded in gateway (interval=60.0s)
2026-09-09 21:01:42,078 INFO gateway.run: Received SIGTERM as a planned --replace takeover — exiting cleanly
2026-09-09 21:01:42,078 WARNING gateway.run: Shutdown context: signal=SIGTERM under_systemd=yes parent_pid=109079 parent_name=systemd loadavg_1m=0.00 parent_cmdline='/usr/lib/systemd/systemd --user'
2026-09-09 21:01:42,079 INFO gateway.run: Stopping gateway...
2026-09-09 21:01:42,079 INFO gateway.run: Shutdown phase: notify_active_sessions done at +0.00s
2026-09-09 21:01:42,081 INFO gateway.run: Shutdown phase: drain done at +0.00s (drain took 0.00s, timed_out=False, active_at_start=0, active_now=0)
2026-09-09 21:01:43,077 INFO gateway.platforms.telegram: [Telegram] Disconnected from Telegram
2026-09-09 21:01:43,077 INFO gateway.run: ✓ telegram disconnected (1.00s)
2026-09-09 21:01:43,079 INFO gateway.platforms.api_server: [Api_Server] API server stopped
2026-09-09 21:01:43,079 INFO gateway.run: ✓ api_server disconnected (0.00s)
2026-09-09 21:01:43,079 INFO gateway.run: Shutdown phase: all adapters disconnected at +1.00s
2026-09-09 21:01:43,170 INFO gateway.run: Shutdown phase: final-cleanup tool kill done at +1.09s
2026-09-09 21:01:43,171 INFO gateway.run: Shutdown phase: SessionDB close done at +1.09s
2026-09-09 21:01:43,172 INFO gateway.run: Gateway stopped (total teardown 1.09s)
2026-09-09 21:01:43,172 INFO gateway.run: Cron ticker stopped
2026-09-09 21:01:43,751 INFO gateway.run: Starting Hermes Gateway...
2026-09-09 21:01:43,751 INFO gateway.run: Session storage: /home/hermes/.hermes/sessions
2026-09-09 21:01:43,761 INFO gateway.run: Agent budget: max_iterations=90 (agent.max_turns from config.yaml, or HERMES_MAX_ITERATIONS from .env, or default 90)
2026-09-09 21:01:43,761 INFO gateway.run: Secret redaction: ENABLED (tool output, logs, and chat responses are scrubbed before delivery)
2026-09-09 21:01:43,767 INFO gateway.run: Previous gateway exited cleanly — skipping session suspension
2026-09-09 21:01:43,864 INFO gateway.run: Connecting to telegram...
2026-09-09 21:01:43,937 INFO gateway.platforms.telegram: [Telegram] Auto-discovered Telegram fallback IPs: 149.154.166.110
2026-09-09 21:01:43,937 INFO gateway.platforms.telegram: [Telegram] Telegram fallback IPs active: 149.154.166.110
2026-09-09 21:01:45,357 INFO gateway.platforms.telegram: [Telegram] set_my_commands OK for scope BotCommandScopeDefault (30 cmds)
2026-09-09 21:01:45,650 INFO gateway.platforms.telegram: [Telegram] set_my_commands OK for scope BotCommandScopeAllPrivateChats (30 cmds)
2026-09-09 21:01:45,941 INFO gateway.platforms.telegram: [Telegram] set_my_commands OK for scope BotCommandScopeAllGroupChats (30 cmds)
2026-09-09 21:01:45,941 INFO gateway.platforms.telegram: [Telegram] Telegram menu: 30 commands registered, 71 hidden (over 30 limit). Use /commands for full list.
2026-09-09 21:01:45,942 INFO gateway.platforms.telegram: [Telegram] Connected to Telegram (polling mode)
2026-09-09 21:01:45,944 INFO gateway.run: ✓ telegram connected
2026-09-09 21:01:45,969 INFO gateway.run: Connecting to api_server...
2026-09-09 21:01:45,973 INFO gateway.platforms.api_server: [Api_Server] API server listening on http://0.0.0.0:8642 (model: hermes-agent)
2026-09-09 21:01:45,975 INFO gateway.run: ✓ api_server connected
2026-09-09 21:01:45,975 INFO gateway.run: Gateway running with 2 platform(s)
2026-09-09 21:01:45,980 INFO gateway.run: Channel directory built: 1 target(s)
2026-09-09 21:01:46,982 INFO gateway.run: Press Ctrl+C to stop
2026-09-09 21:01:46,988 INFO gateway.run: Cron ticker started (interval=60s)
2026-09-09 21:01:52,012 INFO gateway.run: kanban dispatcher: embedded in gateway (interval=60.0s)
2026-09-09 21:06:44,553 INFO gateway.run: Received SIGTERM as a planned --replace takeover — exiting cleanly
2026-09-09 21:06:44,553 WARNING gateway.run: Shutdown context: signal=SIGTERM under_systemd=yes parent_pid=1 parent_name=systemd loadavg_1m=0.13 parent_cmdline='/usr/lib/systemd/systemd --system --deserialize=75 vultr'
2026-09-09 21:06:44,555 INFO gateway.run: Stopping gateway...
2026-09-09 21:06:44,555 INFO gateway.run: Shutdown phase: notify_active_sessions done at +0.00s
2026-09-09 21:06:44,556 INFO gateway.run: Shutdown phase: drain done at +0.00s (drain took 0.00s, timed_out=False, active_at_start=0, active_now=0)
2026-09-09 21:06:45,085 INFO gateway.platforms.telegram: [Telegram] Disconnected from Telegram
2026-09-09 21:06:45,085 INFO gateway.run: ✓ telegram disconnected (0.53s)
2026-09-09 21:06:45,086 INFO gateway.platforms.api_server: [Api_Server] API server stopped
2026-09-09 21:06:45,086 INFO gateway.run: ✓ api_server disconnected (0.00s)
2026-09-09 21:06:45,086 INFO gateway.run: Shutdown phase: all adapters disconnected at +0.53s
2026-09-09 21:06:45,176 INFO gateway.run: Shutdown phase: final-cleanup tool kill done at +0.62s
2026-09-09 21:06:45,177 INFO gateway.run: Shutdown phase: SessionDB close done at +0.62s
2026-09-09 21:06:45,178 INFO gateway.run: Gateway stopped (total teardown 0.62s)
2026-09-09 21:06:45,179 INFO gateway.run: Cron ticker stopped
2026-09-09 21:06:45,728 INFO gateway.run: Starting Hermes Gateway...
2026-09-09 21:06:45,728 INFO gateway.run: Session storage: /home/hermes/.hermes/sessions
2026-09-09 21:06:45,736 INFO gateway.run: Agent budget: max_iterations=90 (agent.max_turns from config.yaml, or HERMES_MAX_ITERATIONS from .env, or default 90)
2026-09-09 21:06:45,736 INFO gateway.run: Secret redaction: ENABLED (tool output, logs, and chat responses are scrubbed before delivery)
2026-09-09 21:06:45,743 INFO gateway.run: Previous gateway exited cleanly — skipping session suspension
2026-09-09 21:06:45,843 INFO gateway.run: Connecting to telegram...
2026-09-09 21:06:45,913 INFO gateway.platforms.telegram: [Telegram] Auto-discovered Telegram fallback IPs: 149.154.166.110
2026-09-09 21:06:45,914 INFO gateway.platforms.telegram: [Telegram] Telegram fallback IPs active: 149.154.166.110
2026-09-09 21:06:47,028 INFO gateway.platforms.telegram: [Telegram] set_my_commands OK for scope BotCommandScopeDefault (30 cmds)
2026-09-09 21:06:47,302 INFO gateway.platforms.telegram: [Telegram] set_my_commands OK for scope BotCommandScopeAllPrivateChats (30 cmds)
2026-09-09 21:06:47,592 INFO gateway.platforms.telegram: [Telegram] set_my_commands OK for scope BotCommandScopeAllGroupChats (30 cmds)
2026-09-09 21:06:47,593 INFO gateway.platforms.telegram: [Telegram] Telegram menu: 30 commands registered, 71 hidden (over 30 limit). Use /commands for full list.
2026-09-09 21:06:47,594 INFO gateway.platforms.telegram: [Telegram] Connected to Telegram (polling mode)
2026-09-09 21:06:47,596 INFO gateway.run: ✓ telegram connected
2026-09-09 21:06:47,624 INFO gateway.run: Connecting to api_server...
2026-09-09 21:06:47,628 INFO gateway.platforms.api_server: [Api_Server] API server listening on http://0.0.0.0:8642 (model: hermes-agent)
2026-09-09 21:06:47,629 INFO gateway.run: ✓ api_server connected
2026-09-09 21:06:47,630 INFO gateway.run: Gateway running with 2 platform(s)
2026-09-09 21:06:47,634 INFO gateway.run: Channel directory built: 1 target(s)
2026-09-09 21:06:48,636 INFO gateway.run: Press Ctrl+C to stop
2026-09-09 21:06:48,643 INFO gateway.run: Cron ticker started (interval=60s)
2026-09-09 21:06:53,651 INFO gateway.run: kanban dispatcher: embedded in gateway (interval=60.0s)
2026-09-09 21:11:46,539 INFO gateway.run: Received SIGTERM as a planned --replace takeover — exiting cleanly
2026-09-09 21:11:46,539 WARNING gateway.run: Shutdown context: signal=SIGTERM under_systemd=yes parent_pid=109079 parent_name=systemd loadavg_1m=0.01 parent_cmdline='/usr/lib/systemd/systemd --user'
2026-09-09 21:11:46,540 INFO gateway.run: Stopping gateway...
2026-09-09 21:11:46,540 INFO gateway.run: Shutdown phase: notify_active_sessions done at +0.00s
2026-09-09 21:11:46,541 INFO gateway.run: Shutdown phase: drain done at +0.00s (drain took 0.00s, timed_out=False, active_at_start=0, active_now=0)
2026-09-09 21:11:47,069 INFO gateway.platforms.telegram: [Telegram] Disconnected from Telegram
2026-09-09 21:11:47,069 INFO gateway.run: ✓ telegram disconnected (0.53s)
2026-09-09 21:11:47,070 INFO gateway.platforms.api_server: [Api_Server] API server stopped
2026-09-09 21:11:47,070 INFO gateway.run: ✓ api_server disconnected (0.00s)
2026-09-09 21:11:47,070 INFO gateway.run: Shutdown phase: all adapters disconnected at +0.53s
2026-09-09 21:11:47,152 INFO gateway.run: Shutdown phase: final-cleanup tool kill done at +0.61s
2026-09-09 21:11:47,152 INFO gateway.run: Shutdown phase: SessionDB close done at +0.61s
2026-09-09 21:11:47,153 INFO gateway.run: Gateway stopped (total teardown 0.61s)
2026-09-09 21:11:47,153 INFO gateway.run: Cron ticker stopped
2026-09-09 21:11:47,710 INFO gateway.run: Starting Hermes Gateway...
2026-09-09 21:11:47,710 INFO gateway.run: Session storage: /home/hermes/.hermes/sessions
2026-09-09 21:11:47,720 INFO gateway.run: Agent budget: max_iterations=90 (agent.max_turns from config.yaml, or HERMES_MAX_ITERATIONS from .env, or default 90)
2026-09-09 21:11:47,720 INFO gateway.run: Secret redaction: ENABLED (tool output, logs, and chat responses are scrubbed before delivery)
2026-09-09 21:11:47,726 INFO gateway.run: Previous gateway exited cleanly — skipping session suspension
2026-09-09 21:11:47,825 INFO gateway.run: Connecting to telegram...
2026-09-09 21:11:47,892 INFO gateway.platforms.telegram: [Telegram] Auto-discovered Telegram fallback IPs: 149.154.166.110
2026-09-09 21:11:47,892 INFO gateway.platforms.telegram: [Telegram] Telegram fallback IPs active: 149.154.166.110
2026-09-09 21:11:49,121 INFO gateway.platforms.telegram: [Telegram] set_my_commands OK for scope BotCommandScopeDefault (30 cmds)
2026-09-09 21:11:49,414 INFO gateway.platforms.telegram: [Telegram] set_my_commands OK for scope BotCommandScopeAllPrivateChats (30 cmds)
2026-09-09 21:11:49,707 INFO gateway.platforms.telegram: [Telegram] set_my_commands OK for scope BotCommandScopeAllGroupChats (30 cmds)
2026-09-09 21:11:49,707 INFO gateway.platforms.telegram: [Telegram] Telegram menu: 30 commands registered, 71 hidden (over 30 limit). Use /commands for full list.
2026-09-09 21:11:49,709 INFO gateway.platforms.telegram: [Telegram] Connected to Telegram (polling mode)
2026-09-09 21:11:49,710 INFO gateway.run: ✓ telegram connected
2026-09-09 21:11:49,737 INFO gateway.run: Connecting to api_server...
2026-09-09 21:11:49,742 INFO gateway.platforms.api_server: [Api_Server] API server listening on http://0.0.0.0:8642 (model: hermes-agent)
2026-09-09 21:11:49,743 INFO gateway.run: ✓ api_server connected
2026-09-09 21:11:49,745 INFO gateway.run: Gateway running with 2 platform(s)
2026-09-09 21:11:49,750 INFO gateway.run: Channel directory built: 1 target(s)
2026-09-09 21:11:50,752 INFO gateway.run: Press Ctrl+C to stop
2026-09-09 21:11:50,759 INFO gateway.run: Cron ticker started (interval=60s)
2026-09-09 21:11:55,785 INFO gateway.run: kanban dispatcher: embedded in gateway (interval=60.0s)
2026-09-09 21:16:32,551 INFO gateway.platforms.telegram: [Telegram] Cached user photo at /home/hermes/.hermes/image_cache/img_ac40024eb67a.jpg
2026-09-09 21:16:33,352 INFO gateway.platforms.telegram: [Telegram] Flushing photo batch agent:main:telegram:dm:8944451892:photo-burst with 1 image(s)
2026-09-09 21:16:33,369 INFO gateway.run: inbound message: platform=telegram user=Rob chat=8944451892 msg='qual destes eu escolho para conectar voce no app do hermes no meu mac?'
2026-09-09 21:16:35,732 INFO gateway.run: Image routing: text (mode=text). Pre-analyzing 1 image(s) via vision_analyze.
2026-09-09 21:16:48,313 INFO gateway.run: Received SIGTERM as a planned --replace takeover — exiting cleanly
2026-09-09 21:16:48,313 WARNING gateway.run: Shutdown context: signal=SIGTERM under_systemd=yes parent_pid=1 parent_name=systemd loadavg_1m=0.15 parent_cmdline='/usr/lib/systemd/systemd --system --deserialize=75 vultr'
2026-09-09 21:16:48,315 INFO gateway.run: Stopping gateway...
2026-09-09 21:16:48,315 INFO gateway.run: Shutdown phase: notify_active_sessions done at +0.00s
2026-09-09 21:16:58,996 INFO gateway.run: Starting Hermes Gateway...
2026-09-09 21:16:58,996 INFO gateway.run: Session storage: /home/hermes/.hermes/sessions
2026-09-09 21:16:59,005 INFO gateway.run: Agent budget: max_iterations=90 (agent.max_turns from config.yaml, or HERMES_MAX_ITERATIONS from .env, or default 90)
2026-09-09 21:16:59,005 INFO gateway.run: Secret redaction: ENABLED (tool output, logs, and chat responses are scrubbed before delivery)
2026-09-09 21:16:59,013 INFO gateway.run: Marked 1 in-flight session(s) as resumable from previous run
2026-09-09 21:16:59,118 INFO gateway.run: Connecting to telegram...
2026-09-09 21:16:59,190 INFO gateway.platforms.telegram: [Telegram] Auto-discovered Telegram fallback IPs: 149.154.166.110
2026-09-09 21:16:59,190 INFO gateway.platforms.telegram: [Telegram] Telegram fallback IPs active: 149.154.166.110
2026-09-09 21:17:00,641 INFO gateway.platforms.telegram: [Telegram] set_my_commands OK for scope BotCommandScopeDefault (30 cmds)
2026-09-09 21:17:01,137 INFO gateway.platforms.telegram: [Telegram] set_my_commands OK for scope BotCommandScopeAllPrivateChats (30 cmds)
2026-09-09 21:17:01,436 INFO gateway.platforms.telegram: [Telegram] set_my_commands OK for scope BotCommandScopeAllGroupChats (30 cmds)
2026-09-09 21:17:01,437 INFO gateway.platforms.telegram: [Telegram] Telegram menu: 30 commands registered, 71 hidden (over 30 limit). Use /commands for full list.
2026-09-09 21:17:01,438 INFO gateway.platforms.telegram: [Telegram] Connected to Telegram (polling mode)
2026-09-09 21:17:01,440 INFO gateway.run: ✓ telegram connected
2026-09-09 21:17:01,470 INFO gateway.run: Connecting to api_server...
2026-09-09 21:17:01,474 INFO gateway.platforms.api_server: [Api_Server] API server listening on http://0.0.0.0:8642 (model: hermes-agent)
2026-09-09 21:17:01,475 INFO gateway.run: ✓ api_server connected
2026-09-09 21:17:01,476 INFO gateway.run: Gateway running with 2 platform(s)
2026-09-09 21:17:01,481 INFO gateway.run: Channel directory built: 1 target(s)
2026-09-09 21:17:02,482 INFO gateway.run: Scheduled auto-resume for 1 restart-interrupted session(s)
2026-09-09 21:17:02,482 INFO gateway.run: Press Ctrl+C to stop
2026-09-09 21:17:02,488 INFO gateway.run: Cron ticker started (interval=60s)
2026-09-09 21:17:02,534 INFO gateway.run: inbound message: platform=telegram user=Rob chat=8944451892 msg=''
2026-09-09 21:17:17,212 INFO gateway.run: kanban dispatcher: embedded in gateway (interval=60.0s)
2026-09-09 21:17:32,019 INFO gateway.run: Suppressing normal final send for session agent:main:telegram:dm:8944451892: final delivery already confirmed (streamed=True previewed=False content_delivered=True).
2026-09-09 21:17:32,020 INFO gateway.run: response ready: platform=telegram chat=8944451892 time=29.5s api_calls=2 response=382 chars
2026-09-09 21:18:16,387 INFO gateway.platforms.telegram: [Telegram] Flushing text batch agent:main:telegram:dm:8944451892 (1 chars)
2026-09-09 21:18:16,388 INFO gateway.run: inbound message: platform=telegram user=Rob chat=8944451892 msg='?'
2026-09-09 21:19:17,418 INFO gateway.platforms.telegram: Telegram button resolved 1 approval(s) for session agent:main:telegram:dm:8944451892 (choice=always, user=Rob)
2026-09-09 21:20:07,915 INFO gateway.platforms.telegram: Telegram button resolved 1 approval(s) for session agent:main:telegram:dm:8944451892 (choice=always, user=Rob)
2026-09-09 21:21:59,341 INFO gateway.run: Received SIGTERM as a planned --replace takeover — exiting cleanly
2026-09-09 21:21:59,341 WARNING gateway.run: Shutdown context: signal=SIGTERM under_systemd=yes parent_pid=109079 parent_name=systemd loadavg_1m=0.01 parent_cmdline='/usr/lib/systemd/systemd --user'
2026-09-09 21:21:59,344 INFO gateway.run: Stopping gateway...
2026-09-09 21:21:59,921 INFO gateway.run: Sent shutdown notification to active chat telegram:8944451892
2026-09-09 21:21:59,921 INFO gateway.run: Shutdown phase: notify_active_sessions done at +0.58s
2026-09-09 21:22:10,016 INFO gateway.run: Starting Hermes Gateway...
2026-09-09 21:22:10,016 INFO gateway.run: Session storage: /home/hermes/.hermes/sessions
2026-09-09 21:22:10,026 INFO gateway.run: Agent budget: max_iterations=90 (agent.max_turns from config.yaml, or HERMES_MAX_ITERATIONS from .env, or default 90)
2026-09-09 21:22:10,027 INFO gateway.run: Secret redaction: ENABLED (tool output, logs, and chat responses are scrubbed before delivery)
2026-09-09 21:22:10,132 INFO gateway.run: Connecting to telegram...
2026-09-09 21:22:10,214 INFO gateway.platforms.telegram: [Telegram] Auto-discovered Telegram fallback IPs: 149.154.166.110
2026-09-09 21:22:10,214 INFO gateway.platforms.telegram: [Telegram] Telegram fallback IPs active: 149.154.166.110
2026-09-09 21:22:11,911 INFO gateway.platforms.telegram: [Telegram] set_my_commands OK for scope BotCommandScopeDefault (30 cmds)
2026-09-09 21:22:12,189 INFO gateway.platforms.telegram: [Telegram] set_my_commands OK for scope BotCommandScopeAllPrivateChats (30 cmds)
2026-09-09 21:22:12,462 INFO gateway.platforms.telegram: [Telegram] set_my_commands OK for scope BotCommandScopeAllGroupChats (30 cmds)
2026-09-09 21:22:12,462 INFO gateway.platforms.telegram: [Telegram] Telegram menu: 30 commands registered, 71 hidden (over 30 limit). Use /commands for full list.
2026-09-09 21:22:12,463 INFO gateway.platforms.telegram: [Telegram] Connected to Telegram (polling mode)
2026-09-09 21:22:12,465 INFO gateway.run: ✓ telegram connected
2026-09-09 21:22:12,489 INFO gateway.run: Connecting to api_server...
2026-09-09 21:22:12,492 INFO gateway.platforms.api_server: [Api_Server] API server listening on http://0.0.0.0:8642 (model: hermes-agent)
2026-09-09 21:22:12,494 INFO gateway.run: ✓ api_server connected
2026-09-09 21:22:12,495 INFO gateway.run: Gateway running with 2 platform(s)
2026-09-09 21:22:12,499 INFO gateway.run: Channel directory built: 1 target(s)
2026-09-09 21:22:13,500 INFO gateway.run: Scheduled auto-resume for 1 restart-interrupted session(s)
2026-09-09 21:22:13,500 INFO gateway.run: Press Ctrl+C to stop
2026-09-09 21:22:13,507 INFO gateway.run: Cron ticker started (interval=60s)
2026-09-09 21:22:13,585 INFO gateway.run: inbound message: platform=telegram user=Rob chat=8944451892 msg=''
2026-09-09 21:22:20,416 INFO gateway.run: kanban dispatcher: embedded in gateway (interval=60.0s)
2026-09-09 21:25:51,076 INFO gateway.run: response ready: platform=telegram chat=8944451892 time=217.5s api_calls=1 response=66 chars
2026-09-09 21:25:51,078 INFO gateway.run: Transient agent failure in session 20260909_182813_373926 — persisting user message so conversation context is preserved on retry.
2026-09-09 21:25:51,089 INFO gateway.platforms.base: [Telegram] Sending response (120 chars) to 8944451892
2026-09-09 21:27:10,598 INFO gateway.run: Received SIGTERM as a planned --replace takeover — exiting cleanly
2026-09-09 21:27:10,598 WARNING gateway.run: Shutdown context: signal=SIGTERM under_systemd=yes parent_pid=1 parent_name=systemd loadavg_1m=0.23 parent_cmdline='/usr/lib/systemd/systemd --system --deserialize=75 vultr'
2026-09-09 21:27:10,599 INFO gateway.run: Stopping gateway...
2026-09-09 21:27:10,599 INFO gateway.run: Shutdown phase: notify_active_sessions done at +0.00s
2026-09-09 21:27:10,602 INFO gateway.run: Shutdown phase: drain done at +0.00s (drain took 0.00s, timed_out=False, active_at_start=0, active_now=0)
2026-09-09 21:27:14,086 INFO gateway.platforms.telegram: [Telegram] Disconnected from Telegram
2026-09-09 21:27:14,086 INFO gateway.run: ✓ telegram disconnected (3.48s)
2026-09-09 21:27:14,087 INFO gateway.platforms.api_server: [Api_Server] API server stopped
2026-09-09 21:27:14,087 INFO gateway.run: ✓ api_server disconnected (0.00s)
2026-09-09 21:27:14,087 INFO gateway.run: Shutdown phase: all adapters disconnected at +3.49s
2026-09-09 21:27:14,088 INFO gateway.run: Shutdown phase: final-cleanup tool kill done at +3.49s
2026-09-09 21:27:14,089 INFO gateway.run: Shutdown phase: SessionDB close done at +3.49s
2026-09-09 21:27:14,090 INFO gateway.run: Gateway stopped (total teardown 3.49s)
2026-09-09 21:27:14,090 INFO gateway.run: Cron ticker stopped
2026-09-09 21:27:14,771 INFO gateway.run: Starting Hermes Gateway...
2026-09-09 21:27:14,772 INFO gateway.run: Session storage: /home/hermes/.hermes/sessions
2026-09-09 21:27:14,783 INFO gateway.run: Agent budget: max_iterations=90 (agent.max_turns from config.yaml, or HERMES_MAX_ITERATIONS from .env, or default 90)
2026-09-09 21:27:14,784 INFO gateway.run: Secret redaction: ENABLED (tool output, logs, and chat responses are scrubbed before delivery)
2026-09-09 21:27:14,790 INFO gateway.run: Previous gateway exited cleanly — skipping session suspension
2026-09-09 21:27:14,888 INFO gateway.run: Connecting to telegram...
2026-09-09 21:27:14,965 INFO gateway.platforms.telegram: [Telegram] Auto-discovered Telegram fallback IPs: 149.154.166.110
2026-09-09 21:27:14,965 INFO gateway.platforms.telegram: [Telegram] Telegram fallback IPs active: 149.154.166.110
2026-09-09 21:27:16,309 INFO gateway.platforms.telegram: [Telegram] set_my_commands OK for scope BotCommandScopeDefault (30 cmds)
2026-09-09 21:27:16,622 INFO gateway.platforms.telegram: [Telegram] set_my_commands OK for scope BotCommandScopeAllPrivateChats (30 cmds)
2026-09-09 21:27:16,938 INFO gateway.platforms.telegram: [Telegram] set_my_commands OK for scope BotCommandScopeAllGroupChats (30 cmds)
2026-09-09 21:27:16,938 INFO gateway.platforms.telegram: [Telegram] Telegram menu: 30 commands registered, 71 hidden (over 30 limit). Use /commands for full list.
2026-09-09 21:27:16,939 INFO gateway.platforms.telegram: [Telegram] Connected to Telegram (polling mode)
2026-09-09 21:27:16,942 INFO gateway.run: ✓ telegram connected
2026-09-09 21:27:16,967 INFO gateway.run: Connecting to api_server...
2026-09-09 21:27:16,971 INFO gateway.platforms.api_server: [Api_Server] API server listening on http://0.0.0.0:8642 (model: hermes-agent)
2026-09-09 21:27:16,972 INFO gateway.run: ✓ api_server connected
2026-09-09 21:27:16,973 INFO gateway.run: Gateway running with 2 platform(s)
2026-09-09 21:27:16,977 INFO gateway.run: Channel directory built: 1 target(s)
2026-09-09 21:27:17,979 INFO gateway.run: Scheduled auto-resume for 1 restart-interrupted session(s)
2026-09-09 21:27:17,980 INFO gateway.run: Press Ctrl+C to stop
2026-09-09 21:27:17,986 INFO gateway.run: Cron ticker started (interval=60s)
2026-09-09 21:27:18,072 INFO gateway.run: inbound message: platform=telegram user=Rob chat=8944451892 msg=''
2026-09-09 21:27:22,994 INFO gateway.run: kanban dispatcher: embedded in gateway (interval=60.0s)
2026-09-09 21:27:31,546 INFO gateway.run: Suppressing normal final send for session agent:main:telegram:dm:8944451892: final delivery already confirmed (streamed=True previewed=False content_delivered=True).
2026-09-09 21:27:31,547 INFO gateway.run: response ready: platform=telegram chat=8944451892 time=13.5s api_calls=3 response=229 chars
2026-09-09 21:32:15,601 INFO gateway.run: Received SIGTERM as a planned --replace takeover — exiting cleanly
2026-09-09 21:32:15,601 WARNING gateway.run: Shutdown context: signal=SIGTERM under_systemd=yes parent_pid=109079 parent_name=systemd loadavg_1m=0.00 parent_cmdline='/usr/lib/systemd/systemd --user'
2026-09-09 21:32:15,603 INFO gateway.run: Stopping gateway...
2026-09-09 21:32:15,603 INFO gateway.run: Shutdown phase: notify_active_sessions done at +0.00s
2026-09-09 21:32:15,606 INFO gateway.run: Shutdown phase: drain done at +0.00s (drain took 0.00s, timed_out=False, active_at_start=0, active_now=0)
2026-09-09 21:32:16,111 INFO gateway.platforms.telegram: [Telegram] Disconnected from Telegram
2026-09-09 21:32:16,111 INFO gateway.run: ✓ telegram disconnected (0.50s)
2026-09-09 21:32:16,113 INFO gateway.platforms.api_server: [Api_Server] API server stopped
2026-09-09 21:32:16,113 INFO gateway.run: ✓ api_server disconnected (0.00s)
2026-09-09 21:32:16,113 INFO gateway.run: Shutdown phase: all adapters disconnected at +0.51s
2026-09-09 21:32:16,114 INFO gateway.run: Shutdown phase: final-cleanup tool kill done at +0.51s
2026-09-09 21:32:16,117 INFO gateway.run: Shutdown phase: SessionDB close done at +0.51s
2026-09-09 21:32:16,119 INFO gateway.run: Gateway stopped (total teardown 0.52s)
2026-09-09 21:32:16,119 INFO gateway.run: Cron ticker stopped
2026-09-09 21:32:17,778 INFO gateway.run: Starting Hermes Gateway...
2026-09-09 21:32:17,779 INFO gateway.run: Session storage: /home/hermes/.hermes/sessions
2026-09-09 21:32:17,789 INFO gateway.run: Agent budget: max_iterations=90 (agent.max_turns from config.yaml, or HERMES_MAX_ITERATIONS from .env, or default 90)
2026-09-09 21:32:17,789 INFO gateway.run: Secret redaction: ENABLED (tool output, logs, and chat responses are scrubbed before delivery)
2026-09-09 21:32:17,795 INFO gateway.run: Previous gateway exited cleanly — skipping session suspension
2026-09-09 21:32:17,896 INFO gateway.run: Connecting to telegram...
2026-09-09 21:32:18,001 INFO gateway.platforms.telegram: [Telegram] Auto-discovered Telegram fallback IPs: 149.154.166.110
2026-09-09 21:32:18,001 INFO gateway.platforms.telegram: [Telegram] Telegram fallback IPs active: 149.154.166.110
2026-09-09 21:32:19,074 INFO gateway.platforms.telegram: [Telegram] set_my_commands OK for scope BotCommandScopeDefault (30 cmds)
2026-09-09 21:32:19,340 INFO gateway.platforms.telegram: [Telegram] set_my_commands OK for scope BotCommandScopeAllPrivateChats (30 cmds)
2026-09-09 21:32:19,609 INFO gateway.platforms.telegram: [Telegram] set_my_commands OK for scope BotCommandScopeAllGroupChats (30 cmds)
2026-09-09 21:32:19,609 INFO gateway.platforms.telegram: [Telegram] Telegram menu: 30 commands registered, 71 hidden (over 30 limit). Use /commands for full list.
2026-09-09 21:32:19,611 INFO gateway.platforms.telegram: [Telegram] Connected to Telegram (polling mode)
2026-09-09 21:32:19,613 INFO gateway.run: ✓ telegram connected
2026-09-09 21:32:19,639 INFO gateway.run: Connecting to api_server...
2026-09-09 21:32:19,643 INFO gateway.platforms.api_server: [Api_Server] API server listening on http://0.0.0.0:8642 (model: hermes-agent)
2026-09-09 21:32:19,645 INFO gateway.run: ✓ api_server connected
2026-09-09 21:32:19,646 INFO gateway.run: Gateway running with 2 platform(s)
2026-09-09 21:32:19,651 INFO gateway.run: Channel directory built: 1 target(s)
2026-09-09 21:32:20,653 INFO gateway.run: Press Ctrl+C to stop
2026-09-09 21:32:20,659 INFO gateway.run: Cron ticker started (interval=60s)
2026-09-09 21:32:25,686 INFO gateway.run: kanban dispatcher: embedded in gateway (interval=60.0s)
2026-09-09 21:37:18,333 INFO gateway.run: Received SIGTERM as a planned --replace takeover — exiting cleanly
2026-09-09 21:37:18,333 WARNING gateway.run: Shutdown context: signal=SIGTERM under_systemd=yes parent_pid=1 parent_name=systemd loadavg_1m=0.26 parent_cmdline='/usr/lib/systemd/systemd --system --deserialize=75 vultr'
2026-09-09 21:37:18,335 INFO gateway.run: Stopping gateway...
2026-09-09 21:37:18,335 INFO gateway.run: Shutdown phase: notify_active_sessions done at +0.00s
2026-09-09 21:37:18,336 INFO gateway.run: Shutdown phase: drain done at +0.00s (drain took 0.00s, timed_out=False, active_at_start=0, active_now=0)
2026-09-09 21:37:21,849 INFO gateway.platforms.telegram: [Telegram] Disconnected from Telegram
2026-09-09 21:37:21,849 INFO gateway.run: ✓ telegram disconnected (3.51s)
2026-09-09 21:37:21,850 INFO gateway.platforms.api_server: [Api_Server] API server stopped
2026-09-09 21:37:21,850 INFO gateway.run: ✓ api_server disconnected (0.00s)
2026-09-09 21:37:21,850 INFO gateway.run: Shutdown phase: all adapters disconnected at +3.52s
2026-09-09 21:37:21,937 INFO gateway.run: Shutdown phase: final-cleanup tool kill done at +3.60s
2026-09-09 21:37:21,938 INFO gateway.run: Shutdown phase: SessionDB close done at +3.60s
2026-09-09 21:37:21,939 INFO gateway.run: Gateway stopped (total teardown 3.60s)
2026-09-09 21:37:21,939 INFO gateway.run: Cron ticker stopped
2026-09-09 21:37:22,509 INFO gateway.run: Starting Hermes Gateway...
2026-09-09 21:37:22,509 INFO gateway.run: Session storage: /home/hermes/.hermes/sessions
2026-09-09 21:37:22,517 INFO gateway.run: Agent budget: max_iterations=90 (agent.max_turns from config.yaml, or HERMES_MAX_ITERATIONS from .env, or default 90)
2026-09-09 21:37:22,517 INFO gateway.run: Secret redaction: ENABLED (tool output, logs, and chat responses are scrubbed before delivery)
2026-09-09 21:37:22,523 INFO gateway.run: Previous gateway exited cleanly — skipping session suspension
2026-09-09 21:37:22,622 INFO gateway.run: Connecting to telegram...
2026-09-09 21:37:22,701 INFO gateway.platforms.telegram: [Telegram] Auto-discovered Telegram fallback IPs: 149.154.166.110
2026-09-09 21:37:22,702 INFO gateway.platforms.telegram: [Telegram] Telegram fallback IPs active: 149.154.166.110
2026-09-09 21:37:28,596 INFO gateway.platforms.telegram: [Telegram] set_my_commands OK for scope BotCommandScopeDefault (30 cmds)
2026-09-09 21:37:29,056 INFO gateway.platforms.telegram: [Telegram] set_my_commands OK for scope BotCommandScopeAllPrivateChats (30 cmds)
2026-09-09 21:37:29,357 INFO gateway.platforms.telegram: [Telegram] set_my_commands OK for scope BotCommandScopeAllGroupChats (30 cmds)
2026-09-09 21:37:29,357 INFO gateway.platforms.telegram: [Telegram] Telegram menu: 30 commands registered, 71 hidden (over 30 limit). Use /commands for full list.
2026-09-09 21:37:29,359 INFO gateway.platforms.telegram: [Telegram] Connected to Telegram (polling mode)
2026-09-09 21:37:29,360 INFO gateway.run: ✓ telegram connected
2026-09-09 21:37:29,386 INFO gateway.run: Connecting to api_server...
2026-09-09 21:37:29,389 INFO gateway.platforms.api_server: [Api_Server] API server listening on http://0.0.0.0:8642 (model: hermes-agent)
2026-09-09 21:37:29,391 INFO gateway.run: ✓ api_server connected
2026-09-09 21:37:29,392 INFO gateway.run: Gateway running with 2 platform(s)
2026-09-09 21:37:29,396 INFO gateway.run: Channel directory built: 1 target(s)
2026-09-09 21:37:30,397 INFO gateway.run: Press Ctrl+C to stop
2026-09-09 21:37:30,404 INFO gateway.run: Cron ticker started (interval=60s)
2026-09-09 21:37:35,429 INFO gateway.run: kanban dispatcher: embedded in gateway (interval=60.0s)
2026-09-09 21:42:23,324 INFO gateway.run: Received SIGTERM as a planned --replace takeover — exiting cleanly
2026-09-09 21:42:23,324 WARNING gateway.run: Shutdown context: signal=SIGTERM under_systemd=yes parent_pid=109079 parent_name=systemd loadavg_1m=0.28 parent_cmdline='/usr/lib/systemd/systemd --user'
2026-09-09 21:42:23,326 INFO gateway.run: Stopping gateway...
2026-09-09 21:42:23,326 INFO gateway.run: Shutdown phase: notify_active_sessions done at +0.00s
2026-09-09 21:42:23,328 INFO gateway.run: Shutdown phase: drain done at +0.00s (drain took 0.00s, timed_out=False, active_at_start=0, active_now=0)
2026-09-09 21:42:23,844 INFO gateway.platforms.telegram: [Telegram] Disconnected from Telegram
2026-09-09 21:42:23,845 INFO gateway.run: ✓ telegram disconnected (0.52s)
2026-09-09 21:42:23,846 INFO gateway.platforms.api_server: [Api_Server] API server stopped
2026-09-09 21:42:23,846 INFO gateway.run: ✓ api_server disconnected (0.00s)
2026-09-09 21:42:23,846 INFO gateway.run: Shutdown phase: all adapters disconnected at +0.52s
2026-09-09 21:42:23,927 INFO gateway.run: Shutdown phase: final-cleanup tool kill done at +0.60s
2026-09-09 21:42:23,928 INFO gateway.run: Shutdown phase: SessionDB close done at +0.60s
2026-09-09 21:42:23,929 INFO gateway.run: Gateway stopped (total teardown 0.60s)
2026-09-09 21:42:23,929 INFO gateway.run: Cron ticker stopped
2026-09-09 21:42:24,494 INFO gateway.run: Starting Hermes Gateway...
2026-09-09 21:42:24,494 INFO gateway.run: Session storage: /home/hermes/.hermes/sessions
2026-09-09 21:42:24,505 INFO gateway.run: Agent budget: max_iterations=90 (agent.max_turns from config.yaml, or HERMES_MAX_ITERATIONS from .env, or default 90)
2026-09-09 21:42:24,505 INFO gateway.run: Secret redaction: ENABLED (tool output, logs, and chat responses are scrubbed before delivery)
2026-09-09 21:42:24,511 INFO gateway.run: Previous gateway exited cleanly — skipping session suspension
2026-09-09 21:42:24,608 INFO gateway.run: Connecting to telegram...
2026-09-09 21:42:24,682 INFO gateway.platforms.telegram: [Telegram] Auto-discovered Telegram fallback IPs: 149.154.166.110
2026-09-09 21:42:24,682 INFO gateway.platforms.telegram: [Telegram] Telegram fallback IPs active: 149.154.166.110
2026-09-09 21:42:25,830 INFO gateway.platforms.telegram: [Telegram] set_my_commands OK for scope BotCommandScopeDefault (30 cmds)
2026-09-09 21:42:26,110 INFO gateway.platforms.telegram: [Telegram] set_my_commands OK for scope BotCommandScopeAllPrivateChats (30 cmds)
2026-09-09 21:42:26,389 INFO gateway.platforms.telegram: [Telegram] set_my_commands OK for scope BotCommandScopeAllGroupChats (30 cmds)
2026-09-09 21:42:26,390 INFO gateway.platforms.telegram: [Telegram] Telegram menu: 30 commands registered, 71 hidden (over 30 limit). Use /commands for full list.
2026-09-09 21:42:26,391 INFO gateway.platforms.telegram: [Telegram] Connected to Telegram (polling mode)
2026-09-09 21:42:26,392 INFO gateway.run: ✓ telegram connected
2026-09-09 21:42:26,418 INFO gateway.run: Connecting to api_server...
2026-09-09 21:42:26,422 INFO gateway.platforms.api_server: [Api_Server] API server listening on http://0.0.0.0:8642 (model: hermes-agent)
2026-09-09 21:42:26,424 INFO gateway.run: ✓ api_server connected
2026-09-09 21:42:26,424 INFO gateway.run: Gateway running with 2 platform(s)
2026-09-09 21:42:26,428 INFO gateway.run: Channel directory built: 1 target(s)
2026-09-09 21:42:27,431 INFO gateway.run: Press Ctrl+C to stop
2026-09-09 21:42:27,437 INFO gateway.run: Cron ticker started (interval=60s)
2026-09-09 21:42:32,461 INFO gateway.run: kanban dispatcher: embedded in gateway (interval=60.0s)
2026-09-09 21:47:25,089 INFO gateway.run: Received SIGTERM as a planned --replace takeover — exiting cleanly
2026-09-09 21:47:25,090 WARNING gateway.run: Shutdown context: signal=SIGTERM under_systemd=yes parent_pid=1 parent_name=systemd loadavg_1m=0.22 parent_cmdline='/usr/lib/systemd/systemd --system --deserialize=75 vultr'
2026-09-09 21:47:25,091 INFO gateway.run: Stopping gateway...
2026-09-09 21:47:25,091 INFO gateway.run: Shutdown phase: notify_active_sessions done at +0.00s
2026-09-09 21:47:25,092 INFO gateway.run: Shutdown phase: drain done at +0.00s (drain took 0.00s, timed_out=False, active_at_start=0, active_now=0)
2026-09-09 21:47:25,650 INFO gateway.platforms.telegram: [Telegram] Disconnected from Telegram
2026-09-09 21:47:25,650 INFO gateway.run: ✓ telegram disconnected (0.56s)
2026-09-09 21:47:25,651 INFO gateway.platforms.api_server: [Api_Server] API server stopped
2026-09-09 21:47:25,652 INFO gateway.run: ✓ api_server disconnected (0.00s)
2026-09-09 21:47:25,652 INFO gateway.run: Shutdown phase: all adapters disconnected at +0.56s
2026-09-09 21:47:25,757 INFO gateway.run: Shutdown phase: final-cleanup tool kill done at +0.67s
2026-09-09 21:47:25,757 INFO gateway.run: Shutdown phase: SessionDB close done at +0.67s
2026-09-09 21:47:25,759 INFO gateway.run: Gateway stopped (total teardown 0.67s)
2026-09-09 21:47:25,759 INFO gateway.run: Cron ticker stopped
2026-09-09 21:47:26,266 INFO gateway.run: Starting Hermes Gateway...
2026-09-09 21:47:26,266 INFO gateway.run: Session storage: /home/hermes/.hermes/sessions
2026-09-09 21:47:26,274 INFO gateway.run: Agent budget: max_iterations=90 (agent.max_turns from config.yaml, or HERMES_MAX_ITERATIONS from .env, or default 90)
2026-09-09 21:47:26,274 INFO gateway.run: Secret redaction: ENABLED (tool output, logs, and chat responses are scrubbed before delivery)
2026-09-09 21:47:26,280 INFO gateway.run: Previous gateway exited cleanly — skipping session suspension
2026-09-09 21:47:26,381 INFO gateway.run: Connecting to telegram...
2026-09-09 21:47:26,478 INFO gateway.platforms.telegram: [Telegram] Auto-discovered Telegram fallback IPs: 149.154.166.110
2026-09-09 21:47:26,478 INFO gateway.platforms.telegram: [Telegram] Telegram fallback IPs active: 149.154.166.110
2026-09-09 21:47:27,687 INFO gateway.platforms.telegram: [Telegram] set_my_commands OK for scope BotCommandScopeDefault (30 cmds)
2026-09-09 21:47:28,035 INFO gateway.platforms.telegram: [Telegram] set_my_commands OK for scope BotCommandScopeAllPrivateChats (30 cmds)
2026-09-09 21:47:28,386 INFO gateway.platforms.telegram: [Telegram] set_my_commands OK for scope BotCommandScopeAllGroupChats (30 cmds)
2026-09-09 21:47:28,387 INFO gateway.platforms.telegram: [Telegram] Telegram menu: 30 commands registered, 71 hidden (over 30 limit). Use /commands for full list.
2026-09-09 21:47:28,388 INFO gateway.platforms.telegram: [Telegram] Connected to Telegram (polling mode)
2026-09-09 21:47:28,390 INFO gateway.run: ✓ telegram connected
2026-09-09 21:47:28,415 INFO gateway.run: Connecting to api_server...
2026-09-09 21:47:28,420 INFO gateway.platforms.api_server: [Api_Server] API server listening on http://0.0.0.0:8642 (model: hermes-agent)
2026-09-09 21:47:28,421 INFO gateway.run: ✓ api_server connected
2026-09-09 21:47:28,422 INFO gateway.run: Gateway running with 2 platform(s)
2026-09-09 21:47:28,427 INFO gateway.run: Channel directory built: 1 target(s)
2026-09-09 21:47:29,429 INFO gateway.run: Press Ctrl+C to stop
2026-09-09 21:47:29,435 INFO gateway.run: Cron ticker started (interval=60s)
2026-09-09 21:47:34,460 INFO gateway.run: kanban dispatcher: embedded in gateway (interval=60.0s)
2026-09-09 21:52:27,118 INFO gateway.run: Received SIGTERM as a planned --replace takeover — exiting cleanly
2026-09-09 21:52:27,119 WARNING gateway.run: Shutdown context: signal=SIGTERM under_systemd=yes parent_pid=109079 parent_name=systemd loadavg_1m=0.00 parent_cmdline='/usr/lib/systemd/systemd --user'
2026-09-09 21:52:27,120 INFO gateway.run: Stopping gateway...
2026-09-09 21:52:27,120 INFO gateway.run: Shutdown phase: notify_active_sessions done at +0.00s
2026-09-09 21:52:27,121 INFO gateway.run: Shutdown phase: drain done at +0.00s (drain took 0.00s, timed_out=False, active_at_start=0, active_now=0)
2026-09-09 21:52:27,836 INFO gateway.platforms.telegram: [Telegram] Disconnected from Telegram
2026-09-09 21:52:27,837 INFO gateway.run: ✓ telegram disconnected (0.71s)
2026-09-09 21:52:27,838 INFO gateway.platforms.api_server: [Api_Server] API server stopped
2026-09-09 21:52:27,838 INFO gateway.run: ✓ api_server disconnected (0.00s)
2026-09-09 21:52:27,838 INFO gateway.run: Shutdown phase: all adapters disconnected at +0.72s
2026-09-09 21:52:27,928 INFO gateway.run: Shutdown phase: final-cleanup tool kill done at +0.81s
2026-09-09 21:52:27,928 INFO gateway.run: Shutdown phase: SessionDB close done at +0.81s
2026-09-09 21:52:27,930 INFO gateway.run: Gateway stopped (total teardown 0.81s)
2026-09-09 21:52:27,930 INFO gateway.run: Cron ticker stopped
2026-09-09 21:52:28,293 INFO gateway.run: Starting Hermes Gateway...
2026-09-09 21:52:28,293 INFO gateway.run: Session storage: /home/hermes/.hermes/sessions
2026-09-09 21:52:28,304 INFO gateway.run: Agent budget: max_iterations=90 (agent.max_turns from config.yaml, or HERMES_MAX_ITERATIONS from .env, or default 90)
2026-09-09 21:52:28,304 INFO gateway.run: Secret redaction: ENABLED (tool output, logs, and chat responses are scrubbed before delivery)
2026-09-09 21:52:28,310 INFO gateway.run: Previous gateway exited cleanly — skipping session suspension
2026-09-09 21:52:28,421 INFO gateway.run: Connecting to telegram...
2026-09-09 21:52:28,503 INFO gateway.platforms.telegram: [Telegram] Auto-discovered Telegram fallback IPs: 149.154.166.110
2026-09-09 21:52:28,503 INFO gateway.platforms.telegram: [Telegram] Telegram fallback IPs active: 149.154.166.110
2026-09-09 21:52:30,035 INFO gateway.platforms.telegram: [Telegram] set_my_commands OK for scope BotCommandScopeDefault (30 cmds)
2026-09-09 21:52:30,341 INFO gateway.platforms.telegram: [Telegram] set_my_commands OK for scope BotCommandScopeAllPrivateChats (30 cmds)
2026-09-09 21:52:31,267 INFO gateway.platforms.telegram: [Telegram] set_my_commands OK for scope BotCommandScopeAllGroupChats (30 cmds)
2026-09-09 21:52:31,267 INFO gateway.platforms.telegram: [Telegram] Telegram menu: 30 commands registered, 71 hidden (over 30 limit). Use /commands for full list.
2026-09-09 21:52:31,269 INFO gateway.platforms.telegram: [Telegram] Connected to Telegram (polling mode)
2026-09-09 21:52:31,271 INFO gateway.run: ✓ telegram connected
2026-09-09 21:52:31,296 INFO gateway.run: Connecting to api_server...
2026-09-09 21:52:31,300 INFO gateway.platforms.api_server: [Api_Server] API server listening on http://0.0.0.0:8642 (model: hermes-agent)
2026-09-09 21:52:31,302 INFO gateway.run: ✓ api_server connected
2026-09-09 21:52:31,303 INFO gateway.run: Gateway running with 2 platform(s)
2026-09-09 21:52:31,307 INFO gateway.run: Channel directory built: 1 target(s)
2026-09-09 21:52:32,309 INFO gateway.run: Press Ctrl+C to stop
2026-09-09 21:52:32,316 INFO gateway.run: Cron ticker started (interval=60s)
2026-09-09 21:52:37,340 INFO gateway.run: kanban dispatcher: embedded in gateway (interval=60.0s)
2026-09-09 21:57:29,378 INFO gateway.run: Received SIGTERM as a planned --replace takeover — exiting cleanly
2026-09-09 21:57:29,378 WARNING gateway.run: Shutdown context: signal=SIGTERM under_systemd=yes parent_pid=1 parent_name=systemd loadavg_1m=0.29 parent_cmdline='/usr/lib/systemd/systemd --system --deserialize=75 vultr'
2026-09-09 21:57:29,379 INFO gateway.run: Stopping gateway...
2026-09-09 21:57:29,379 INFO gateway.run: Shutdown phase: notify_active_sessions done at +0.00s
2026-09-09 21:57:29,380 INFO gateway.run: Shutdown phase: drain done at +0.00s (drain took 0.00s, timed_out=False, active_at_start=0, active_now=0)
2026-09-09 21:57:29,851 INFO gateway.platforms.telegram: [Telegram] Disconnected from Telegram
2026-09-09 21:57:29,851 INFO gateway.run: ✓ telegram disconnected (0.47s)
2026-09-09 21:57:29,853 INFO gateway.platforms.api_server: [Api_Server] API server stopped
2026-09-09 21:57:29,853 INFO gateway.run: ✓ api_server disconnected (0.00s)
2026-09-09 21:57:29,853 INFO gateway.run: Shutdown phase: all adapters disconnected at +0.47s
2026-09-09 21:57:29,939 INFO gateway.run: Shutdown phase: final-cleanup tool kill done at +0.56s
2026-09-09 21:57:29,940 INFO gateway.run: Shutdown phase: SessionDB close done at +0.56s
2026-09-09 21:57:29,941 INFO gateway.run: Gateway stopped (total teardown 0.56s)
2026-09-09 21:57:29,941 INFO gateway.run: Cron ticker stopped
2026-09-09 21:57:30,553 INFO gateway.run: Starting Hermes Gateway...
2026-09-09 21:57:30,553 INFO gateway.run: Session storage: /home/hermes/.hermes/sessions
2026-09-09 21:57:30,561 INFO gateway.run: Agent budget: max_iterations=90 (agent.max_turns from config.yaml, or HERMES_MAX_ITERATIONS from .env, or default 90)
2026-09-09 21:57:30,561 INFO gateway.run: Secret redaction: ENABLED (tool output, logs, and chat responses are scrubbed before delivery)
2026-09-09 21:57:30,568 INFO gateway.run: Previous gateway exited cleanly — skipping session suspension
2026-09-09 21:57:30,670 INFO gateway.run: Connecting to telegram...
2026-09-09 21:57:30,739 INFO gateway.platforms.telegram: [Telegram] Auto-discovered Telegram fallback IPs: 149.154.166.110
2026-09-09 21:57:30,739 INFO gateway.platforms.telegram: [Telegram] Telegram fallback IPs active: 149.154.166.110
2026-09-09 21:57:31,918 INFO gateway.platforms.telegram: [Telegram] set_my_commands OK for scope BotCommandScopeDefault (30 cmds)
2026-09-09 21:57:32,203 INFO gateway.platforms.telegram: [Telegram] set_my_commands OK for scope BotCommandScopeAllPrivateChats (30 cmds)
2026-09-09 21:57:32,490 INFO gateway.platforms.telegram: [Telegram] set_my_commands OK for scope BotCommandScopeAllGroupChats (30 cmds)
2026-09-09 21:57:32,490 INFO gateway.platforms.telegram: [Telegram] Telegram menu: 30 commands registered, 71 hidden (over 30 limit). Use /commands for full list.
2026-09-09 21:57:32,492 INFO gateway.platforms.telegram: [Telegram] Connected to Telegram (polling mode)
2026-09-09 21:57:32,493 INFO gateway.run: ✓ telegram connected
2026-09-09 21:57:32,518 INFO gateway.run: Connecting to api_server...
2026-09-09 21:57:32,522 INFO gateway.platforms.api_server: [Api_Server] API server listening on http://0.0.0.0:8642 (model: hermes-agent)
2026-09-09 21:57:32,524 INFO gateway.run: ✓ api_server connected
2026-09-09 21:57:32,525 INFO gateway.run: Gateway running with 2 platform(s)
2026-09-09 21:57:32,529 INFO gateway.run: Channel directory built: 1 target(s)
2026-09-09 21:57:33,531 INFO gateway.run: Press Ctrl+C to stop
2026-09-09 21:57:33,538 INFO gateway.run: Cron ticker started (interval=60s)
2026-09-09 21:57:38,563 INFO gateway.run: kanban dispatcher: embedded in gateway (interval=60.0s)
2026-09-09 22:02:31,340 INFO gateway.run: Received SIGTERM as a planned --replace takeover — exiting cleanly
2026-09-09 22:02:31,340 WARNING gateway.run: Shutdown context: signal=SIGTERM under_systemd=yes parent_pid=109079 parent_name=systemd loadavg_1m=0.00 parent_cmdline='/usr/lib/systemd/systemd --user'
2026-09-09 22:02:31,342 INFO gateway.run: Stopping gateway...
2026-09-09 22:02:31,342 INFO gateway.run: Shutdown phase: notify_active_sessions done at +0.00s
2026-09-09 22:02:31,346 INFO gateway.run: Shutdown phase: drain done at +0.00s (drain took 0.00s, timed_out=False, active_at_start=0, active_now=0)
2026-09-09 22:02:32,221 INFO gateway.platforms.telegram: [Telegram] Disconnected from Telegram
2026-09-09 22:02:32,221 INFO gateway.run: ✓ telegram disconnected (0.87s)
2026-09-09 22:02:32,222 INFO gateway.platforms.api_server: [Api_Server] API server stopped
2026-09-09 22:02:32,223 INFO gateway.run: ✓ api_server disconnected (0.00s)
2026-09-09 22:02:32,223 INFO gateway.run: Shutdown phase: all adapters disconnected at +0.88s
2026-09-09 22:02:32,310 INFO gateway.run: Shutdown phase: final-cleanup tool kill done at +0.97s
2026-09-09 22:02:32,311 INFO gateway.run: Shutdown phase: SessionDB close done at +0.97s
2026-09-09 22:02:32,312 INFO gateway.run: Gateway stopped (total teardown 0.97s)
2026-09-09 22:02:32,313 INFO gateway.run: Cron ticker stopped
2026-09-09 22:02:33,014 INFO gateway.run: Starting Hermes Gateway...
2026-09-09 22:02:33,014 INFO gateway.run: Session storage: /home/hermes/.hermes/sessions
2026-09-09 22:02:33,024 INFO gateway.run: Agent budget: max_iterations=90 (agent.max_turns from config.yaml, or HERMES_MAX_ITERATIONS from .env, or default 90)
2026-09-09 22:02:33,025 INFO gateway.run: Secret redaction: ENABLED (tool output, logs, and chat responses are scrubbed before delivery)
2026-09-09 22:02:33,031 INFO gateway.run: Previous gateway exited cleanly — skipping session suspension
2026-09-09 22:02:33,129 INFO gateway.run: Connecting to telegram...
2026-09-09 22:02:33,214 INFO gateway.platforms.telegram: [Telegram] Auto-discovered Telegram fallback IPs: 149.154.166.110
2026-09-09 22:02:33,214 INFO gateway.platforms.telegram: [Telegram] Telegram fallback IPs active: 149.154.166.110
2026-09-09 22:02:34,344 INFO gateway.platforms.telegram: [Telegram] set_my_commands OK for scope BotCommandScopeDefault (30 cmds)
2026-09-09 22:02:34,631 INFO gateway.platforms.telegram: [Telegram] set_my_commands OK for scope BotCommandScopeAllPrivateChats (30 cmds)
2026-09-09 22:02:34,905 INFO gateway.platforms.telegram: [Telegram] set_my_commands OK for scope BotCommandScopeAllGroupChats (30 cmds)
2026-09-09 22:02:34,905 INFO gateway.platforms.telegram: [Telegram] Telegram menu: 30 commands registered, 71 hidden (over 30 limit). Use /commands for full list.
2026-09-09 22:02:34,907 INFO gateway.platforms.telegram: [Telegram] Connected to Telegram (polling mode)
2026-09-09 22:02:34,909 INFO gateway.run: ✓ telegram connected
2026-09-09 22:02:34,934 INFO gateway.run: Connecting to api_server...
2026-09-09 22:02:34,938 INFO gateway.platforms.api_server: [Api_Server] API server listening on http://0.0.0.0:8642 (model: hermes-agent)
2026-09-09 22:02:34,940 INFO gateway.run: ✓ api_server connected
2026-09-09 22:02:34,940 INFO gateway.run: Gateway running with 2 platform(s)
2026-09-09 22:02:34,944 INFO gateway.run: Channel directory built: 1 target(s)
2026-09-09 22:02:35,946 INFO gateway.run: Press Ctrl+C to stop
2026-09-09 22:02:35,953 INFO gateway.run: Cron ticker started (interval=60s)
2026-09-09 22:02:40,975 INFO gateway.run: kanban dispatcher: embedded in gateway (interval=60.0s)
2026-09-09 22:07:33,620 INFO gateway.run: Received SIGTERM as a planned --replace takeover — exiting cleanly
2026-09-09 22:07:33,620 WARNING gateway.run: Shutdown context: signal=SIGTERM under_systemd=yes parent_pid=1 parent_name=systemd loadavg_1m=0.28 parent_cmdline='/usr/lib/systemd/systemd --system --deserialize=75 vultr'
2026-09-09 22:07:33,622 INFO gateway.run: Stopping gateway...
2026-09-09 22:07:33,622 INFO gateway.run: Shutdown phase: notify_active_sessions done at +0.00s
2026-09-09 22:07:33,623 INFO gateway.run: Shutdown phase: drain done at +0.00s (drain took 0.00s, timed_out=False, active_at_start=0, active_now=0)
2026-09-09 22:07:37,117 INFO gateway.platforms.telegram: [Telegram] Disconnected from Telegram
2026-09-09 22:07:37,117 INFO gateway.run: ✓ telegram disconnected (3.49s)
2026-09-09 22:07:37,118 INFO gateway.platforms.api_server: [Api_Server] API server stopped
2026-09-09 22:07:37,118 INFO gateway.run: ✓ api_server disconnected (0.00s)
2026-09-09 22:07:37,118 INFO gateway.run: Shutdown phase: all adapters disconnected at +3.50s
2026-09-09 22:07:37,201 INFO gateway.run: Shutdown phase: final-cleanup tool kill done at +3.58s
2026-09-09 22:07:37,201 INFO gateway.run: Shutdown phase: SessionDB close done at +3.58s
2026-09-09 22:07:37,203 INFO gateway.run: Gateway stopped (total teardown 3.58s)
2026-09-09 22:07:37,203 INFO gateway.run: Cron ticker stopped
2026-09-09 22:07:37,804 INFO gateway.run: Starting Hermes Gateway...
2026-09-09 22:07:37,804 INFO gateway.run: Session storage: /home/hermes/.hermes/sessions
2026-09-09 22:07:37,812 INFO gateway.run: Agent budget: max_iterations=90 (agent.max_turns from config.yaml, or HERMES_MAX_ITERATIONS from .env, or default 90)
2026-09-09 22:07:37,812 INFO gateway.run: Secret redaction: ENABLED (tool output, logs, and chat responses are scrubbed before delivery)
2026-09-09 22:07:37,818 INFO gateway.run: Previous gateway exited cleanly — skipping session suspension
2026-09-09 22:07:37,916 INFO gateway.run: Connecting to telegram...
2026-09-09 22:07:37,986 INFO gateway.platforms.telegram: [Telegram] Auto-discovered Telegram fallback IPs: 149.154.166.110
2026-09-09 22:07:37,986 INFO gateway.platforms.telegram: [Telegram] Telegram fallback IPs active: 149.154.166.110
2026-09-09 22:07:39,297 INFO gateway.platforms.telegram: [Telegram] set_my_commands OK for scope BotCommandScopeDefault (30 cmds)
2026-09-09 22:07:39,602 INFO gateway.platforms.telegram: [Telegram] set_my_commands OK for scope BotCommandScopeAllPrivateChats (30 cmds)
2026-09-09 22:07:39,907 INFO gateway.platforms.telegram: [Telegram] set_my_commands OK for scope BotCommandScopeAllGroupChats (30 cmds)
2026-09-09 22:07:39,907 INFO gateway.platforms.telegram: [Telegram] Telegram menu: 30 commands registered, 71 hidden (over 30 limit). Use /commands for full list.
2026-09-09 22:07:39,909 INFO gateway.platforms.telegram: [Telegram] Connected to Telegram (polling mode)
2026-09-09 22:07:39,910 INFO gateway.run: ✓ telegram connected
2026-09-09 22:07:39,936 INFO gateway.run: Connecting to api_server...
2026-09-09 22:07:39,940 INFO gateway.platforms.api_server: [Api_Server] API server listening on http://0.0.0.0:8642 (model: hermes-agent)
2026-09-09 22:07:39,941 INFO gateway.run: ✓ api_server connected
2026-09-09 22:07:39,942 INFO gateway.run: Gateway running with 2 platform(s)
2026-09-09 22:07:39,946 INFO gateway.run: Channel directory built: 1 target(s)
2026-09-09 22:07:40,948 INFO gateway.run: Press Ctrl+C to stop
2026-09-09 22:07:40,954 INFO gateway.run: Cron ticker started (interval=60s)
2026-09-09 22:07:45,978 INFO gateway.run: kanban dispatcher: embedded in gateway (interval=60.0s)
2026-09-09 22:12:38,606 INFO gateway.run: Received SIGTERM as a planned --replace takeover — exiting cleanly
2026-09-09 22:12:38,606 WARNING gateway.run: Shutdown context: signal=SIGTERM under_systemd=yes parent_pid=109079 parent_name=systemd loadavg_1m=0.16 parent_cmdline='/usr/lib/systemd/systemd --user'
2026-09-09 22:12:38,608 INFO gateway.run: Stopping gateway...
2026-09-09 22:12:38,609 INFO gateway.run: Shutdown phase: notify_active_sessions done at +0.00s
2026-09-09 22:12:38,610 INFO gateway.run: Shutdown phase: drain done at +0.00s (drain took 0.00s, timed_out=False, active_at_start=0, active_now=0)
2026-09-09 22:12:39,122 INFO gateway.platforms.telegram: [Telegram] Disconnected from Telegram
2026-09-09 22:12:39,122 INFO gateway.run: ✓ telegram disconnected (0.51s)
2026-09-09 22:12:39,124 INFO gateway.platforms.api_server: [Api_Server] API server stopped
2026-09-09 22:12:39,124 INFO gateway.run: ✓ api_server disconnected (0.00s)
2026-09-09 22:12:39,124 INFO gateway.run: Shutdown phase: all adapters disconnected at +0.52s
2026-09-09 22:12:39,211 INFO gateway.run: Shutdown phase: final-cleanup tool kill done at +0.60s
2026-09-09 22:12:39,212 INFO gateway.run: Shutdown phase: SessionDB close done at +0.60s
2026-09-09 22:12:39,213 INFO gateway.run: Gateway stopped (total teardown 0.60s)
2026-09-09 22:12:39,213 INFO gateway.run: Cron ticker stopped
2026-09-09 22:12:39,779 INFO gateway.run: Starting Hermes Gateway...
2026-09-09 22:12:39,779 INFO gateway.run: Session storage: /home/hermes/.hermes/sessions
2026-09-09 22:12:39,789 INFO gateway.run: Agent budget: max_iterations=90 (agent.max_turns from config.yaml, or HERMES_MAX_ITERATIONS from .env, or default 90)
2026-09-09 22:12:39,790 INFO gateway.run: Secret redaction: ENABLED (tool output, logs, and chat responses are scrubbed before delivery)
2026-09-09 22:12:39,796 INFO gateway.run: Previous gateway exited cleanly — skipping session suspension
2026-09-09 22:12:39,893 INFO gateway.run: Connecting to telegram...
2026-09-09 22:12:39,961 INFO gateway.platforms.telegram: [Telegram] Auto-discovered Telegram fallback IPs: 149.154.166.110
2026-09-09 22:12:39,961 INFO gateway.platforms.telegram: [Telegram] Telegram fallback IPs active: 149.154.166.110
2026-09-09 22:12:41,089 INFO gateway.platforms.telegram: [Telegram] set_my_commands OK for scope BotCommandScopeDefault (30 cmds)
2026-09-09 22:12:41,369 INFO gateway.platforms.telegram: [Telegram] set_my_commands OK for scope BotCommandScopeAllPrivateChats (30 cmds)
2026-09-09 22:12:41,642 INFO gateway.platforms.telegram: [Telegram] set_my_commands OK for scope BotCommandScopeAllGroupChats (30 cmds)
2026-09-09 22:12:41,643 INFO gateway.platforms.telegram: [Telegram] Telegram menu: 30 commands registered, 71 hidden (over 30 limit). Use /commands for full list.
2026-09-09 22:12:41,644 INFO gateway.platforms.telegram: [Telegram] Connected to Telegram (polling mode)
2026-09-09 22:12:41,646 INFO gateway.run: ✓ telegram connected
2026-09-09 22:12:41,670 INFO gateway.run: Connecting to api_server...
2026-09-09 22:12:41,673 INFO gateway.platforms.api_server: [Api_Server] API server listening on http://0.0.0.0:8642 (model: hermes-agent)
2026-09-09 22:12:41,675 INFO gateway.run: ✓ api_server connected
2026-09-09 22:12:41,675 INFO gateway.run: Gateway running with 2 platform(s)
2026-09-09 22:12:41,679 INFO gateway.run: Channel directory built: 1 target(s)
2026-09-09 22:12:42,681 INFO gateway.run: Press Ctrl+C to stop
2026-09-09 22:12:42,688 INFO gateway.run: Cron ticker started (interval=60s)
2026-09-09 22:12:47,713 INFO gateway.run: kanban dispatcher: embedded in gateway (interval=60.0s)
2026-09-09 22:17:40,595 INFO gateway.run: Received SIGTERM as a planned --replace takeover — exiting cleanly
2026-09-09 22:17:40,595 WARNING gateway.run: Shutdown context: signal=SIGTERM under_systemd=yes parent_pid=1 parent_name=systemd loadavg_1m=0.11 parent_cmdline='/usr/lib/systemd/systemd --system --deserialize=75 vultr'
2026-09-09 22:17:40,596 INFO gateway.run: Stopping gateway...
2026-09-09 22:17:40,597 INFO gateway.run: Shutdown phase: notify_active_sessions done at +0.00s
2026-09-09 22:17:40,597 INFO gateway.run: Shutdown phase: drain done at +0.00s (drain took 0.00s, timed_out=False, active_at_start=0, active_now=0)
2026-09-09 22:17:41,057 INFO gateway.platforms.telegram: [Telegram] Disconnected from Telegram
2026-09-09 22:17:41,057 INFO gateway.run: ✓ telegram disconnected (0.46s)
2026-09-09 22:17:41,058 INFO gateway.platforms.api_server: [Api_Server] API server stopped
2026-09-09 22:17:41,058 INFO gateway.run: ✓ api_server disconnected (0.00s)
2026-09-09 22:17:41,058 INFO gateway.run: Shutdown phase: all adapters disconnected at +0.46s
2026-09-09 22:17:41,144 INFO gateway.run: Shutdown phase: final-cleanup tool kill done at +0.55s
2026-09-09 22:17:41,145 INFO gateway.run: Shutdown phase: SessionDB close done at +0.55s
2026-09-09 22:17:41,146 INFO gateway.run: Gateway stopped (total teardown 0.55s)
2026-09-09 22:17:41,147 INFO gateway.run: Cron ticker stopped
2026-09-09 22:17:41,769 INFO gateway.run: Starting Hermes Gateway...
2026-09-09 22:17:41,769 INFO gateway.run: Session storage: /home/hermes/.hermes/sessions
2026-09-09 22:17:41,777 INFO gateway.run: Agent budget: max_iterations=90 (agent.max_turns from config.yaml, or HERMES_MAX_ITERATIONS from .env, or default 90)
2026-09-09 22:17:41,778 INFO gateway.run: Secret redaction: ENABLED (tool output, logs, and chat responses are scrubbed before delivery)
2026-09-09 22:17:41,784 INFO gateway.run: Previous gateway exited cleanly — skipping session suspension
2026-09-09 22:17:41,887 INFO gateway.run: Connecting to telegram...
2026-09-09 22:17:41,966 INFO gateway.platforms.telegram: [Telegram] Auto-discovered Telegram fallback IPs: 149.154.166.110
2026-09-09 22:17:41,966 INFO gateway.platforms.telegram: [Telegram] Telegram fallback IPs active: 149.154.166.110
2026-09-09 22:17:43,721 INFO gateway.platforms.telegram: [Telegram] set_my_commands OK for scope BotCommandScopeDefault (30 cmds)
2026-09-09 22:17:44,007 INFO gateway.platforms.telegram: [Telegram] set_my_commands OK for scope BotCommandScopeAllPrivateChats (30 cmds)
2026-09-09 22:17:44,299 INFO gateway.platforms.telegram: [Telegram] set_my_commands OK for scope BotCommandScopeAllGroupChats (30 cmds)
2026-09-09 22:17:44,299 INFO gateway.platforms.telegram: [Telegram] Telegram menu: 30 commands registered, 71 hidden (over 30 limit). Use /commands for full list.
2026-09-09 22:17:44,300 INFO gateway.platforms.telegram: [Telegram] Connected to Telegram (polling mode)
2026-09-09 22:17:44,302 INFO gateway.run: ✓ telegram connected
2026-09-09 22:17:44,326 INFO gateway.run: Connecting to api_server...
2026-09-09 22:17:44,330 INFO gateway.platforms.api_server: [Api_Server] API server listening on http://0.0.0.0:8642 (model: hermes-agent)
2026-09-09 22:17:44,332 INFO gateway.run: ✓ api_server connected
2026-09-09 22:17:44,333 INFO gateway.run: Gateway running with 2 platform(s)
2026-09-09 22:17:44,337 INFO gateway.run: Channel directory built: 1 target(s)
2026-09-09 22:17:45,339 INFO gateway.run: Press Ctrl+C to stop
2026-09-09 22:17:45,345 INFO gateway.run: Cron ticker started (interval=60s)
2026-09-09 22:17:50,373 INFO gateway.run: kanban dispatcher: embedded in gateway (interval=60.0s)
2026-09-09 22:22:42,348 INFO gateway.run: Received SIGTERM as a planned --replace takeover — exiting cleanly
2026-09-09 22:22:42,348 WARNING gateway.run: Shutdown context: signal=SIGTERM under_systemd=yes parent_pid=109079 parent_name=systemd loadavg_1m=0.01 parent_cmdline='/usr/lib/systemd/systemd --user'
2026-09-09 22:22:42,351 INFO gateway.run: Stopping gateway...
2026-09-09 22:22:42,351 INFO gateway.run: Shutdown phase: notify_active_sessions done at +0.00s
2026-09-09 22:22:42,354 INFO gateway.run: Shutdown phase: drain done at +0.00s (drain took 0.00s, timed_out=False, active_at_start=0, active_now=0)
2026-09-09 22:22:45,875 INFO gateway.platforms.telegram: [Telegram] Disconnected from Telegram
2026-09-09 22:22:45,876 INFO gateway.run: ✓ telegram disconnected (3.52s)
2026-09-09 22:22:45,877 INFO gateway.platforms.api_server: [Api_Server] API server stopped
2026-09-09 22:22:45,877 INFO gateway.run: ✓ api_server disconnected (0.00s)
2026-09-09 22:22:45,877 INFO gateway.run: Shutdown phase: all adapters disconnected at +3.53s
2026-09-09 22:22:45,967 INFO gateway.run: Shutdown phase: final-cleanup tool kill done at +3.62s
2026-09-09 22:22:45,968 INFO gateway.run: Shutdown phase: SessionDB close done at +3.62s
2026-09-09 22:22:45,969 INFO gateway.run: Gateway stopped (total teardown 3.62s)
2026-09-09 22:22:45,969 INFO gateway.run: Cron ticker stopped
2026-09-09 22:22:46,524 INFO gateway.run: Starting Hermes Gateway...
2026-09-09 22:22:46,525 INFO gateway.run: Session storage: /home/hermes/.hermes/sessions
2026-09-09 22:22:46,535 INFO gateway.run: Agent budget: max_iterations=90 (agent.max_turns from config.yaml, or HERMES_MAX_ITERATIONS from .env, or default 90)
2026-09-09 22:22:46,535 INFO gateway.run: Secret redaction: ENABLED (tool output, logs, and chat responses are scrubbed before delivery)
2026-09-09 22:22:46,542 INFO gateway.run: Previous gateway exited cleanly — skipping session suspension
2026-09-09 22:22:46,641 INFO gateway.run: Connecting to telegram...
2026-09-09 22:22:46,708 INFO gateway.platforms.telegram: [Telegram] Auto-discovered Telegram fallback IPs: 149.154.166.110
2026-09-09 22:22:46,709 INFO gateway.platforms.telegram: [Telegram] Telegram fallback IPs active: 149.154.166.110
2026-09-09 22:22:47,947 INFO gateway.platforms.telegram: [Telegram] set_my_commands OK for scope BotCommandScopeDefault (30 cmds)
2026-09-09 22:22:48,244 INFO gateway.platforms.telegram: [Telegram] set_my_commands OK for scope BotCommandScopeAllPrivateChats (30 cmds)
2026-09-09 22:22:48,537 INFO gateway.platforms.telegram: [Telegram] set_my_commands OK for scope BotCommandScopeAllGroupChats (30 cmds)
2026-09-09 22:22:48,537 INFO gateway.platforms.telegram: [Telegram] Telegram menu: 30 commands registered, 71 hidden (over 30 limit). Use /commands for full list.
2026-09-09 22:22:48,539 INFO gateway.platforms.telegram: [Telegram] Connected to Telegram (polling mode)
2026-09-09 22:22:48,541 INFO gateway.run: ✓ telegram connected
2026-09-09 22:22:48,566 INFO gateway.run: Connecting to api_server...
2026-09-09 22:22:48,569 INFO gateway.platforms.api_server: [Api_Server] API server listening on http://0.0.0.0:8642 (model: hermes-agent)
2026-09-09 22:22:48,571 INFO gateway.run: ✓ api_server connected
2026-09-09 22:22:48,572 INFO gateway.run: Gateway running with 2 platform(s)
2026-09-09 22:22:48,576 INFO gateway.run: Channel directory built: 1 target(s)
2026-09-09 22:22:49,577 INFO gateway.run: Press Ctrl+C to stop
2026-09-09 22:22:49,584 INFO gateway.run: Cron ticker started (interval=60s)
2026-09-09 22:22:54,610 INFO gateway.run: kanban dispatcher: embedded in gateway (interval=60.0s)
2026-09-09 22:27:47,344 INFO gateway.run: Received SIGTERM as a planned --replace takeover — exiting cleanly
2026-09-09 22:27:47,345 WARNING gateway.run: Shutdown context: signal=SIGTERM under_systemd=yes parent_pid=1 parent_name=systemd loadavg_1m=0.21 parent_cmdline='/usr/lib/systemd/systemd --system --deserialize=75 vultr'
2026-09-09 22:27:47,347 INFO gateway.run: Stopping gateway...
2026-09-09 22:27:47,347 INFO gateway.run: Shutdown phase: notify_active_sessions done at +0.00s
2026-09-09 22:27:47,351 INFO gateway.run: Shutdown phase: drain done at +0.00s (drain took 0.00s, timed_out=False, active_at_start=0, active_now=0)
2026-09-09 22:27:47,844 INFO gateway.platforms.telegram: [Telegram] Disconnected from Telegram
2026-09-09 22:27:47,844 INFO gateway.run: ✓ telegram disconnected (0.49s)
2026-09-09 22:27:47,845 INFO gateway.platforms.api_server: [Api_Server] API server stopped
2026-09-09 22:27:47,845 INFO gateway.run: ✓ api_server disconnected (0.00s)
2026-09-09 22:27:47,845 INFO gateway.run: Shutdown phase: all adapters disconnected at +0.50s
2026-09-09 22:27:47,928 INFO gateway.run: Shutdown phase: final-cleanup tool kill done at +0.58s
2026-09-09 22:27:47,928 INFO gateway.run: Shutdown phase: SessionDB close done at +0.58s
2026-09-09 22:27:47,929 INFO gateway.run: Gateway stopped (total teardown 0.58s)
2026-09-09 22:27:47,930 INFO gateway.run: Cron ticker stopped
2026-09-09 22:27:48,526 INFO gateway.run: Starting Hermes Gateway...
2026-09-09 22:27:48,526 INFO gateway.run: Session storage: /home/hermes/.hermes/sessions
2026-09-09 22:27:48,534 INFO gateway.run: Agent budget: max_iterations=90 (agent.max_turns from config.yaml, or HERMES_MAX_ITERATIONS from .env, or default 90)
2026-09-09 22:27:48,535 INFO gateway.run: Secret redaction: ENABLED (tool output, logs, and chat responses are scrubbed before delivery)
2026-09-09 22:27:48,540 INFO gateway.run: Previous gateway exited cleanly — skipping session suspension
2026-09-09 22:27:48,641 INFO gateway.run: Connecting to telegram...
2026-09-09 22:27:48,709 INFO gateway.platforms.telegram: [Telegram] Auto-discovered Telegram fallback IPs: 149.154.166.110
2026-09-09 22:27:48,709 INFO gateway.platforms.telegram: [Telegram] Telegram fallback IPs active: 149.154.166.110
2026-09-09 22:27:50,268 INFO gateway.platforms.telegram: [Telegram] set_my_commands OK for scope BotCommandScopeDefault (30 cmds)
2026-09-09 22:27:50,557 INFO gateway.platforms.telegram: [Telegram] set_my_commands OK for scope BotCommandScopeAllPrivateChats (30 cmds)
2026-09-09 22:27:51,199 INFO gateway.platforms.telegram: [Telegram] set_my_commands OK for scope BotCommandScopeAllGroupChats (30 cmds)
2026-09-09 22:27:51,200 INFO gateway.platforms.telegram: [Telegram] Telegram menu: 30 commands registered, 71 hidden (over 30 limit). Use /commands for full list.
2026-09-09 22:27:51,201 INFO gateway.platforms.telegram: [Telegram] Connected to Telegram (polling mode)
2026-09-09 22:27:51,203 INFO gateway.run: ✓ telegram connected
2026-09-09 22:27:51,228 INFO gateway.run: Connecting to api_server...
2026-09-09 22:27:51,232 INFO gateway.platforms.api_server: [Api_Server] API server listening on http://0.0.0.0:8642 (model: hermes-agent)
2026-09-09 22:27:51,233 INFO gateway.run: ✓ api_server connected
2026-09-09 22:27:51,234 INFO gateway.run: Gateway running with 2 platform(s)
2026-09-09 22:27:51,238 INFO gateway.run: Channel directory built: 1 target(s)
2026-09-09 22:27:52,240 INFO gateway.run: Press Ctrl+C to stop
2026-09-09 22:27:52,246 INFO gateway.run: Cron ticker started (interval=60s)
2026-09-09 22:27:57,269 INFO gateway.run: kanban dispatcher: embedded in gateway (interval=60.0s)
2026-09-09 22:32:49,094 INFO gateway.run: Received SIGTERM as a planned --replace takeover — exiting cleanly
2026-09-09 22:32:49,095 WARNING gateway.run: Shutdown context: signal=SIGTERM under_systemd=yes parent_pid=109079 parent_name=systemd loadavg_1m=0.16 parent_cmdline='/usr/lib/systemd/systemd --user'
2026-09-09 22:32:49,096 INFO gateway.run: Stopping gateway...
2026-09-09 22:32:49,096 INFO gateway.run: Shutdown phase: notify_active_sessions done at +0.00s
2026-09-09 22:32:49,099 INFO gateway.run: Shutdown phase: drain done at +0.00s (drain took 0.00s, timed_out=False, active_at_start=0, active_now=0)
2026-09-09 22:32:50,665 INFO gateway.platforms.telegram: [Telegram] Disconnected from Telegram
2026-09-09 22:32:50,665 INFO gateway.run: ✓ telegram disconnected (1.57s)
2026-09-09 22:32:50,666 INFO gateway.platforms.api_server: [Api_Server] API server stopped
2026-09-09 22:32:50,667 INFO gateway.run: ✓ api_server disconnected (0.00s)
2026-09-09 22:32:50,667 INFO gateway.run: Shutdown phase: all adapters disconnected at +1.57s
2026-09-09 22:32:50,749 INFO gateway.run: Shutdown phase: final-cleanup tool kill done at +1.65s
2026-09-09 22:32:50,749 INFO gateway.run: Shutdown phase: SessionDB close done at +1.65s
2026-09-09 22:32:50,751 INFO gateway.run: Gateway stopped (total teardown 1.65s)
2026-09-09 22:32:50,751 INFO gateway.run: Cron ticker stopped
2026-09-09 22:32:51,277 INFO gateway.run: Starting Hermes Gateway...
2026-09-09 22:32:51,277 INFO gateway.run: Session storage: /home/hermes/.hermes/sessions
2026-09-09 22:32:51,287 INFO gateway.run: Agent budget: max_iterations=90 (agent.max_turns from config.yaml, or HERMES_MAX_ITERATIONS from .env, or default 90)
2026-09-09 22:32:51,287 INFO gateway.run: Secret redaction: ENABLED (tool output, logs, and chat responses are scrubbed before delivery)
2026-09-09 22:32:51,293 INFO gateway.run: Previous gateway exited cleanly — skipping session suspension
2026-09-09 22:32:51,399 INFO gateway.run: Connecting to telegram...
2026-09-09 22:32:51,473 INFO gateway.platforms.telegram: [Telegram] Auto-discovered Telegram fallback IPs: 149.154.166.110
2026-09-09 22:32:51,473 INFO gateway.platforms.telegram: [Telegram] Telegram fallback IPs active: 149.154.166.110
2026-09-09 22:32:52,791 INFO gateway.platforms.telegram: [Telegram] set_my_commands OK for scope BotCommandScopeDefault (30 cmds)
2026-09-09 22:32:53,100 INFO gateway.platforms.telegram: [Telegram] set_my_commands OK for scope BotCommandScopeAllPrivateChats (30 cmds)
2026-09-09 22:32:53,411 INFO gateway.platforms.telegram: [Telegram] set_my_commands OK for scope BotCommandScopeAllGroupChats (30 cmds)
2026-09-09 22:32:53,411 INFO gateway.platforms.telegram: [Telegram] Telegram menu: 30 commands registered, 71 hidden (over 30 limit). Use /commands for full list.
2026-09-09 22:32:53,412 INFO gateway.platforms.telegram: [Telegram] Connected to Telegram (polling mode)
2026-09-09 22:32:53,414 INFO gateway.run: ✓ telegram connected
2026-09-09 22:32:53,439 INFO gateway.run: Connecting to api_server...
2026-09-09 22:32:53,443 INFO gateway.platforms.api_server: [Api_Server] API server listening on http://0.0.0.0:8642 (model: hermes-agent)
2026-09-09 22:32:53,445 INFO gateway.run: ✓ api_server connected
2026-09-09 22:32:53,446 INFO gateway.run: Gateway running with 2 platform(s)
2026-09-09 22:32:53,450 INFO gateway.run: Channel directory built: 1 target(s)
2026-09-09 22:32:54,452 INFO gateway.run: Press Ctrl+C to stop
2026-09-09 22:32:54,459 INFO gateway.run: Cron ticker started (interval=60s)
2026-09-09 22:32:59,484 INFO gateway.run: kanban dispatcher: embedded in gateway (interval=60.0s)
2026-09-09 22:37:52,126 INFO gateway.run: Received SIGTERM as a planned --replace takeover — exiting cleanly
2026-09-09 22:37:52,127 WARNING gateway.run: Shutdown context: signal=SIGTERM under_systemd=yes parent_pid=1 parent_name=systemd loadavg_1m=0.19 parent_cmdline='/usr/lib/systemd/systemd --system --deserialize=75 vultr'
2026-09-09 22:37:52,128 INFO gateway.run: Stopping gateway...
2026-09-09 22:37:52,128 INFO gateway.run: Shutdown phase: notify_active_sessions done at +0.00s
2026-09-09 22:37:52,129 INFO gateway.run: Shutdown phase: drain done at +0.00s (drain took 0.00s, timed_out=False, active_at_start=0, active_now=0)
2026-09-09 22:37:53,645 INFO gateway.platforms.telegram: [Telegram] Disconnected from Telegram
2026-09-09 22:37:53,645 INFO gateway.run: ✓ telegram disconnected (1.52s)
2026-09-09 22:37:53,646 INFO gateway.platforms.api_server: [Api_Server] API server stopped
2026-09-09 22:37:53,646 INFO gateway.run: ✓ api_server disconnected (0.00s)
2026-09-09 22:37:53,647 INFO gateway.run: Shutdown phase: all adapters disconnected at +1.52s
2026-09-09 22:37:53,739 INFO gateway.run: Shutdown phase: final-cleanup tool kill done at +1.61s
2026-09-09 22:37:53,739 INFO gateway.run: Shutdown phase: SessionDB close done at +1.61s
2026-09-09 22:37:53,740 INFO gateway.run: Gateway stopped (total teardown 1.61s)
2026-09-09 22:37:53,741 INFO gateway.run: Cron ticker stopped
2026-09-09 22:37:54,314 INFO gateway.run: Starting Hermes Gateway...
2026-09-09 22:37:54,314 INFO gateway.run: Session storage: /home/hermes/.hermes/sessions
2026-09-09 22:37:54,323 INFO gateway.run: Agent budget: max_iterations=90 (agent.max_turns from config.yaml, or HERMES_MAX_ITERATIONS from .env, or default 90)
2026-09-09 22:37:54,323 INFO gateway.run: Secret redaction: ENABLED (tool output, logs, and chat responses are scrubbed before delivery)
2026-09-09 22:37:54,329 INFO gateway.run: Previous gateway exited cleanly — skipping session suspension
2026-09-09 22:37:54,428 INFO gateway.run: Connecting to telegram...
2026-09-09 22:37:54,497 INFO gateway.platforms.telegram: [Telegram] Auto-discovered Telegram fallback IPs: 149.154.166.110
2026-09-09 22:37:54,497 INFO gateway.platforms.telegram: [Telegram] Telegram fallback IPs active: 149.154.166.110
2026-09-09 22:37:55,728 INFO gateway.platforms.telegram: [Telegram] set_my_commands OK for scope BotCommandScopeDefault (30 cmds)
2026-09-09 22:37:56,022 INFO gateway.platforms.telegram: [Telegram] set_my_commands OK for scope BotCommandScopeAllPrivateChats (30 cmds)
2026-09-09 22:37:56,323 INFO gateway.platforms.telegram: [Telegram] set_my_commands OK for scope BotCommandScopeAllGroupChats (30 cmds)
2026-09-09 22:37:56,324 INFO gateway.platforms.telegram: [Telegram] Telegram menu: 30 commands registered, 71 hidden (over 30 limit). Use /commands for full list.
2026-09-09 22:37:56,325 INFO gateway.platforms.telegram: [Telegram] Connected to Telegram (polling mode)
2026-09-09 22:37:56,327 INFO gateway.run: ✓ telegram connected
2026-09-09 22:37:56,352 INFO gateway.run: Connecting to api_server...
2026-09-09 22:37:56,356 INFO gateway.platforms.api_server: [Api_Server] API server listening on http://0.0.0.0:8642 (model: hermes-agent)
2026-09-09 22:37:56,358 INFO gateway.run: ✓ api_server connected
2026-09-09 22:37:56,359 INFO gateway.run: Gateway running with 2 platform(s)
2026-09-09 22:37:56,363 INFO gateway.run: Channel directory built: 1 target(s)
2026-09-09 22:37:57,365 INFO gateway.run: Press Ctrl+C to stop
2026-09-09 22:37:57,371 INFO gateway.run: Cron ticker started (interval=60s)
2026-09-09 22:38:02,395 INFO gateway.run: kanban dispatcher: embedded in gateway (interval=60.0s)
2026-09-09 22:38:40,087 INFO gateway.platforms.telegram: [Telegram] Flushing text batch agent:main:telegram:dm:8944451892 (1 chars)
2026-09-09 22:38:40,104 INFO gateway.run: inbound message: platform=telegram user=Rob chat=8944451892 msg='?'
2026-09-09 22:42:55,105 INFO gateway.run: Received SIGTERM as a planned --replace takeover — exiting cleanly
2026-09-09 22:42:55,105 WARNING gateway.run: Shutdown context: signal=SIGTERM under_systemd=yes parent_pid=109079 parent_name=systemd loadavg_1m=0.00 parent_cmdline='/usr/lib/systemd/systemd --user'
2026-09-09 22:42:55,107 INFO gateway.run: Stopping gateway...
2026-09-09 22:42:55,950 INFO gateway.run: Sent shutdown notification to active chat telegram:8944451892
2026-09-09 22:42:55,951 INFO gateway.run: Shutdown phase: notify_active_sessions done at +0.84s
2026-09-09 22:43:05,791 INFO gateway.run: Starting Hermes Gateway...
2026-09-09 22:43:05,791 INFO gateway.run: Session storage: /home/hermes/.hermes/sessions
2026-09-09 22:43:05,803 INFO gateway.run: Agent budget: max_iterations=90 (agent.max_turns from config.yaml, or HERMES_MAX_ITERATIONS from .env, or default 90)
2026-09-09 22:43:05,803 INFO gateway.run: Secret redaction: ENABLED (tool output, logs, and chat responses are scrubbed before delivery)
2026-09-09 22:43:05,908 INFO gateway.run: Connecting to telegram...
2026-09-09 22:43:05,987 INFO gateway.platforms.telegram: [Telegram] Auto-discovered Telegram fallback IPs: 149.154.166.110
2026-09-09 22:43:05,987 INFO gateway.platforms.telegram: [Telegram] Telegram fallback IPs active: 149.154.166.110
2026-09-09 22:43:07,259 INFO gateway.platforms.telegram: [Telegram] set_my_commands OK for scope BotCommandScopeDefault (30 cmds)
2026-09-09 22:43:07,547 INFO gateway.platforms.telegram: [Telegram] set_my_commands OK for scope BotCommandScopeAllPrivateChats (30 cmds)
2026-09-09 22:43:08,017 INFO gateway.platforms.telegram: [Telegram] set_my_commands OK for scope BotCommandScopeAllGroupChats (30 cmds)
2026-09-09 22:43:08,017 INFO gateway.platforms.telegram: [Telegram] Telegram menu: 30 commands registered, 71 hidden (over 30 limit). Use /commands for full list.
2026-09-09 22:43:08,020 INFO gateway.platforms.telegram: [Telegram] Connected to Telegram (polling mode)
2026-09-09 22:43:08,021 INFO gateway.run: ✓ telegram connected
2026-09-09 22:43:08,046 INFO gateway.run: Connecting to api_server...
2026-09-09 22:43:08,049 INFO gateway.platforms.api_server: [Api_Server] API server listening on http://0.0.0.0:8642 (model: hermes-agent)
2026-09-09 22:43:08,051 INFO gateway.run: ✓ api_server connected
2026-09-09 22:43:08,052 INFO gateway.run: Gateway running with 2 platform(s)
2026-09-09 22:43:08,056 INFO gateway.run: Channel directory built: 1 target(s)
2026-09-09 22:43:09,057 INFO gateway.run: Scheduled auto-resume for 1 restart-interrupted session(s)
2026-09-09 22:43:09,058 INFO gateway.run: Press Ctrl+C to stop
2026-09-09 22:43:09,064 INFO gateway.run: Cron ticker started (interval=60s)
2026-09-09 22:43:09,153 INFO gateway.run: inbound message: platform=telegram user=Rob chat=8944451892 msg=''
2026-09-09 22:43:14,088 INFO gateway.run: kanban dispatcher: embedded in gateway (interval=60.0s)
2026-09-09 22:43:22,207 INFO gateway.run: Suppressing normal final send for session agent:main:telegram:dm:8944451892: final delivery already confirmed (streamed=True previewed=False content_delivered=True).
2026-09-09 22:43:22,208 INFO gateway.run: response ready: platform=telegram chat=8944451892 time=13.1s api_calls=2 response=276 chars
2026-09-09 22:44:21,641 INFO gateway.platforms.telegram: [Telegram] Flushing text batch agent:main:telegram:dm:8944451892 (147 chars)
2026-09-09 22:44:21,642 INFO gateway.run: inbound message: platform=telegram user=Rob chat=8944451892 msg='Eu acho que você está reiniciando por causa de algum respositorio que instalamos'
2026-09-09 22:44:40,162 INFO gateway.platforms.telegram: Telegram button resolved 1 approval(s) for session agent:main:telegram:dm:8944451892 (choice=always, user=Rob)
2026-09-09 22:47:44,143 INFO gateway.run: Suppressing normal final send for session agent:main:telegram:dm:8944451892: final delivery already confirmed (streamed=True previewed=False content_delivered=True).
2026-09-09 22:47:44,144 INFO gateway.run: response ready: platform=telegram chat=8944451892 time=202.5s api_calls=18 response=2707 chars
2026-09-09 22:48:06,402 INFO gateway.run: Received SIGTERM as a planned --replace takeover — exiting cleanly
2026-09-09 22:48:06,402 WARNING gateway.run: Shutdown context: signal=SIGTERM under_systemd=yes parent_pid=1 parent_name=systemd loadavg_1m=0.63 parent_cmdline='/usr/lib/systemd/systemd --system --deserialize=75 vultr'
2026-09-09 22:48:06,404 INFO gateway.run: Stopping gateway...
2026-09-09 22:48:06,404 INFO gateway.run: Shutdown phase: notify_active_sessions done at +0.00s
2026-09-09 22:48:06,415 INFO gateway.run: Shutdown phase: drain done at +0.01s (drain took 0.01s, timed_out=False, active_at_start=0, active_now=0)
2026-09-09 22:48:06,928 INFO gateway.platforms.telegram: [Telegram] Disconnected from Telegram
2026-09-09 22:48:06,928 INFO gateway.run: ✓ telegram disconnected (0.51s)
2026-09-09 22:48:06,930 INFO gateway.platforms.api_server: [Api_Server] API server stopped
2026-09-09 22:48:06,930 INFO gateway.run: ✓ api_server disconnected (0.00s)
2026-09-09 22:48:06,930 INFO gateway.run: Shutdown phase: all adapters disconnected at +0.53s
2026-09-09 22:48:06,935 INFO gateway.run: Shutdown (final-cleanup): killed 1 tool subprocess(es)
2026-09-09 22:48:06,936 INFO gateway.run: Shutdown phase: final-cleanup tool kill done at +0.53s
2026-09-09 22:48:06,948 INFO gateway.run: Shutdown phase: SessionDB close done at +0.54s
2026-09-09 22:48:06,949 INFO gateway.run: Gateway stopped (total teardown 0.54s)
2026-09-09 22:48:06,949 INFO gateway.run: Cron ticker stopped
2026-09-09 22:48:08,075 INFO gateway.run: Starting Hermes Gateway...
2026-09-09 22:48:08,075 INFO gateway.run: Session storage: /home/hermes/.hermes/sessions
2026-09-09 22:48:08,083 INFO gateway.run: Agent budget: max_iterations=90 (agent.max_turns from config.yaml, or HERMES_MAX_ITERATIONS from .env, or default 90)
2026-09-09 22:48:08,084 INFO gateway.run: Secret redaction: ENABLED (tool output, logs, and chat responses are scrubbed before delivery)
2026-09-09 22:48:08,089 INFO gateway.run: Previous gateway exited cleanly — skipping session suspension
2026-09-09 22:48:08,191 INFO gateway.run: Connecting to telegram...
2026-09-09 22:48:08,275 INFO gateway.platforms.telegram: [Telegram] Auto-discovered Telegram fallback IPs: 149.154.166.110
2026-09-09 22:48:08,275 INFO gateway.platforms.telegram: [Telegram] Telegram fallback IPs active: 149.154.166.110
2026-09-09 22:48:09,527 INFO gateway.platforms.telegram: [Telegram] set_my_commands OK for scope BotCommandScopeDefault (30 cmds)
2026-09-09 22:48:09,828 INFO gateway.platforms.telegram: [Telegram] set_my_commands OK for scope BotCommandScopeAllPrivateChats (30 cmds)
2026-09-09 22:48:10,125 INFO gateway.platforms.telegram: [Telegram] set_my_commands OK for scope BotCommandScopeAllGroupChats (30 cmds)
2026-09-09 22:48:10,125 INFO gateway.platforms.telegram: [Telegram] Telegram menu: 30 commands registered, 71 hidden (over 30 limit). Use /commands for full list.
2026-09-09 22:48:10,126 INFO gateway.platforms.telegram: [Telegram] Connected to Telegram (polling mode)
2026-09-09 22:48:10,128 INFO gateway.run: ✓ telegram connected
2026-09-09 22:48:10,153 INFO gateway.run: Connecting to api_server...
2026-09-09 22:48:10,156 INFO gateway.platforms.api_server: [Api_Server] API server listening on http://0.0.0.0:8642 (model: hermes-agent)
2026-09-09 22:48:10,157 INFO gateway.run: ✓ api_server connected
2026-09-09 22:48:10,158 INFO gateway.run: Gateway running with 2 platform(s)
2026-09-09 22:48:10,162 INFO gateway.run: Channel directory built: 1 target(s)
2026-09-09 22:48:11,163 INFO gateway.run: Press Ctrl+C to stop
2026-09-09 22:48:11,169 INFO gateway.run: Cron ticker started (interval=60s)
2026-09-09 22:48:16,192 INFO gateway.run: kanban dispatcher: embedded in gateway (interval=60.0s)
2026-09-09 22:53:08,626 INFO gateway.run: Received SIGTERM as a planned --replace takeover — exiting cleanly
2026-09-09 22:53:08,626 WARNING gateway.run: Shutdown context: signal=SIGTERM under_systemd=yes parent_pid=109079 parent_name=systemd loadavg_1m=0.00 parent_cmdline='/usr/lib/systemd/systemd --user'
2026-09-09 22:53:08,627 INFO gateway.run: Stopping gateway...
2026-09-09 22:53:08,627 INFO gateway.run: Shutdown phase: notify_active_sessions done at +0.00s
2026-09-09 22:53:08,629 INFO gateway.run: Shutdown phase: drain done at +0.00s (drain took 0.00s, timed_out=False, active_at_start=0, active_now=0)
2026-09-09 22:53:09,167 INFO gateway.platforms.telegram: [Telegram] Disconnected from Telegram
2026-09-09 22:53:09,167 INFO gateway.run: ✓ telegram disconnected (0.54s)
2026-09-09 22:53:09,168 INFO gateway.platforms.api_server: [Api_Server] API server stopped
2026-09-09 22:53:09,169 INFO gateway.run: ✓ api_server disconnected (0.00s)
2026-09-09 22:53:09,169 INFO gateway.run: Shutdown phase: all adapters disconnected at +0.54s
2026-09-09 22:53:09,255 INFO gateway.run: Shutdown phase: final-cleanup tool kill done at +0.63s
2026-09-09 22:53:09,255 INFO gateway.run: Shutdown phase: SessionDB close done at +0.63s
2026-09-09 22:53:09,256 INFO gateway.run: Gateway stopped (total teardown 0.63s)
2026-09-09 22:53:09,257 INFO gateway.run: Cron ticker stopped
2026-09-09 22:53:09,806 INFO gateway.run: Starting Hermes Gateway...
2026-09-09 22:53:09,806 INFO gateway.run: Session storage: /home/hermes/.hermes/sessions
2026-09-09 22:53:09,818 INFO gateway.run: Agent budget: max_iterations=90 (agent.max_turns from config.yaml, or HERMES_MAX_ITERATIONS from .env, or default 90)
2026-09-09 22:53:09,819 INFO gateway.run: Secret redaction: ENABLED (tool output, logs, and chat responses are scrubbed before delivery)
2026-09-09 22:53:09,824 INFO gateway.run: Previous gateway exited cleanly — skipping session suspension
2026-09-09 22:53:09,924 INFO gateway.run: Connecting to telegram...
2026-09-09 22:53:10,007 INFO gateway.platforms.telegram: [Telegram] Auto-discovered Telegram fallback IPs: 149.154.166.110
2026-09-09 22:53:10,007 INFO gateway.platforms.telegram: [Telegram] Telegram fallback IPs active: 149.154.166.110
2026-09-09 22:53:11,262 INFO gateway.platforms.telegram: [Telegram] set_my_commands OK for scope BotCommandScopeDefault (30 cmds)
2026-09-09 22:53:11,572 INFO gateway.platforms.telegram: [Telegram] set_my_commands OK for scope BotCommandScopeAllPrivateChats (30 cmds)
2026-09-09 22:53:11,868 INFO gateway.platforms.telegram: [Telegram] set_my_commands OK for scope BotCommandScopeAllGroupChats (30 cmds)
2026-09-09 22:53:11,869 INFO gateway.platforms.telegram: [Telegram] Telegram menu: 30 commands registered, 71 hidden (over 30 limit). Use /commands for full list.
2026-09-09 22:53:11,870 INFO gateway.platforms.telegram: [Telegram] Connected to Telegram (polling mode)
2026-09-09 22:53:11,872 INFO gateway.run: ✓ telegram connected
2026-09-09 22:53:11,896 INFO gateway.run: Connecting to api_server...
2026-09-09 22:53:11,900 INFO gateway.platforms.api_server: [Api_Server] API server listening on http://0.0.0.0:8642 (model: hermes-agent)
2026-09-09 22:53:11,902 INFO gateway.run: ✓ api_server connected
2026-09-09 22:53:11,903 INFO gateway.run: Gateway running with 2 platform(s)
2026-09-09 22:53:11,907 INFO gateway.run: Channel directory built: 1 target(s)
2026-09-09 22:53:12,908 INFO gateway.run: Press Ctrl+C to stop
2026-09-09 22:53:12,915 INFO gateway.run: Cron ticker started (interval=60s)
2026-09-09 22:53:17,939 INFO gateway.run: kanban dispatcher: embedded in gateway (interval=60.0s)
2026-09-09 22:58:10,589 INFO gateway.run: Received SIGTERM as a planned --replace takeover — exiting cleanly
2026-09-09 22:58:10,589 WARNING gateway.run: Shutdown context: signal=SIGTERM under_systemd=yes parent_pid=1 parent_name=systemd loadavg_1m=0.20 parent_cmdline='/usr/lib/systemd/systemd --system --deserialize=75 vultr'
2026-09-09 22:58:10,590 INFO gateway.run: Stopping gateway...
2026-09-09 22:58:10,590 INFO gateway.run: Shutdown phase: notify_active_sessions done at +0.00s
2026-09-09 22:58:10,592 INFO gateway.run: Shutdown phase: drain done at +0.00s (drain took 0.00s, timed_out=False, active_at_start=0, active_now=0)
2026-09-09 22:58:11,054 INFO gateway.platforms.telegram: [Telegram] Disconnected from Telegram
2026-09-09 22:58:11,054 INFO gateway.run: ✓ telegram disconnected (0.46s)
2026-09-09 22:58:11,055 INFO gateway.platforms.api_server: [Api_Server] API server stopped
2026-09-09 22:58:11,056 INFO gateway.run: ✓ api_server disconnected (0.00s)
2026-09-09 22:58:11,056 INFO gateway.run: Shutdown phase: all adapters disconnected at +0.47s
2026-09-09 22:58:11,140 INFO gateway.run: Shutdown phase: final-cleanup tool kill done at +0.55s
2026-09-09 22:58:11,141 INFO gateway.run: Shutdown phase: SessionDB close done at +0.55s
2026-09-09 22:58:11,142 INFO gateway.run: Gateway stopped (total teardown 0.55s)
2026-09-09 22:58:11,143 INFO gateway.run: Cron ticker stopped
2026-09-09 22:58:11,762 INFO gateway.run: Starting Hermes Gateway...
2026-09-09 22:58:11,762 INFO gateway.run: Session storage: /home/hermes/.hermes/sessions
2026-09-09 22:58:11,771 INFO gateway.run: Agent budget: max_iterations=90 (agent.max_turns from config.yaml, or HERMES_MAX_ITERATIONS from .env, or default 90)
2026-09-09 22:58:11,771 INFO gateway.run: Secret redaction: ENABLED (tool output, logs, and chat responses are scrubbed before delivery)
2026-09-09 22:58:11,777 INFO gateway.run: Previous gateway exited cleanly — skipping session suspension
2026-09-09 22:58:11,876 INFO gateway.run: Connecting to telegram...
2026-09-09 22:58:11,944 INFO gateway.platforms.telegram: [Telegram] Auto-discovered Telegram fallback IPs: 149.154.166.110
2026-09-09 22:58:11,944 INFO gateway.platforms.telegram: [Telegram] Telegram fallback IPs active: 149.154.166.110
2026-09-09 22:58:13,174 INFO gateway.platforms.telegram: [Telegram] set_my_commands OK for scope BotCommandScopeDefault (30 cmds)
2026-09-09 22:58:13,467 INFO gateway.platforms.telegram: [Telegram] set_my_commands OK for scope BotCommandScopeAllPrivateChats (30 cmds)
2026-09-09 22:58:13,765 INFO gateway.platforms.telegram: [Telegram] set_my_commands OK for scope BotCommandScopeAllGroupChats (30 cmds)
2026-09-09 22:58:13,765 INFO gateway.platforms.telegram: [Telegram] Telegram menu: 30 commands registered, 71 hidden (over 30 limit). Use /commands for full list.
2026-09-09 22:58:13,767 INFO gateway.platforms.telegram: [Telegram] Connected to Telegram (polling mode)
2026-09-09 22:58:13,769 INFO gateway.run: ✓ telegram connected
2026-09-09 22:58:13,794 INFO gateway.run: Connecting to api_server...
2026-09-09 22:58:13,798 INFO gateway.platforms.api_server: [Api_Server] API server listening on http://0.0.0.0:8642 (model: hermes-agent)
2026-09-09 22:58:13,800 INFO gateway.run: ✓ api_server connected
2026-09-09 22:58:13,801 INFO gateway.run: Gateway running with 2 platform(s)
2026-09-09 22:58:13,805 INFO gateway.run: Channel directory built: 1 target(s)
2026-09-09 22:58:14,807 INFO gateway.run: Press Ctrl+C to stop
2026-09-09 22:58:14,814 INFO gateway.run: Cron ticker started (interval=60s)
2026-09-09 22:58:19,838 INFO gateway.run: kanban dispatcher: embedded in gateway (interval=60.0s)
2026-09-09 23:03:12,329 INFO gateway.run: Received SIGTERM as a planned --replace takeover — exiting cleanly
2026-09-09 23:03:12,329 WARNING gateway.run: Shutdown context: signal=SIGTERM under_systemd=yes parent_pid=109079 parent_name=systemd loadavg_1m=0.00 parent_cmdline='/usr/lib/systemd/systemd --user'
2026-09-09 23:03:12,330 INFO gateway.run: Stopping gateway...
2026-09-09 23:03:12,331 INFO gateway.run: Shutdown phase: notify_active_sessions done at +0.00s
2026-09-09 23:03:12,333 INFO gateway.run: Shutdown phase: drain done at +0.00s (drain took 0.00s, timed_out=False, active_at_start=0, active_now=0)
2026-09-09 23:03:12,847 INFO gateway.platforms.telegram: [Telegram] Disconnected from Telegram
2026-09-09 23:03:12,847 INFO gateway.run: ✓ telegram disconnected (0.51s)
2026-09-09 23:03:12,848 INFO gateway.platforms.api_server: [Api_Server] API server stopped
2026-09-09 23:03:12,848 INFO gateway.run: ✓ api_server disconnected (0.00s)
2026-09-09 23:03:12,848 INFO gateway.run: Shutdown phase: all adapters disconnected at +0.52s
2026-09-09 23:03:12,931 INFO gateway.run: Shutdown phase: final-cleanup tool kill done at +0.60s
2026-09-09 23:03:12,932 INFO gateway.run: Shutdown phase: SessionDB close done at +0.60s
2026-09-09 23:03:12,933 INFO gateway.run: Gateway stopped (total teardown 0.60s)
2026-09-09 23:03:12,933 INFO gateway.run: Cron ticker stopped
2026-09-09 23:03:13,505 INFO gateway.run: Starting Hermes Gateway...
2026-09-09 23:03:13,505 INFO gateway.run: Session storage: /home/hermes/.hermes/sessions
2026-09-09 23:03:13,515 INFO gateway.run: Agent budget: max_iterations=90 (agent.max_turns from config.yaml, or HERMES_MAX_ITERATIONS from .env, or default 90)
2026-09-09 23:03:13,516 INFO gateway.run: Secret redaction: ENABLED (tool output, logs, and chat responses are scrubbed before delivery)
2026-09-09 23:03:13,521 INFO gateway.run: Previous gateway exited cleanly — skipping session suspension
2026-09-09 23:03:13,619 INFO gateway.run: Connecting to telegram...
2026-09-09 23:03:13,699 INFO gateway.platforms.telegram: [Telegram] Auto-discovered Telegram fallback IPs: 149.154.166.110
2026-09-09 23:03:13,699 INFO gateway.platforms.telegram: [Telegram] Telegram fallback IPs active: 149.154.166.110
2026-09-09 23:03:14,902 INFO gateway.platforms.telegram: [Telegram] set_my_commands OK for scope BotCommandScopeDefault (30 cmds)
2026-09-09 23:03:15,198 INFO gateway.platforms.telegram: [Telegram] set_my_commands OK for scope BotCommandScopeAllPrivateChats (30 cmds)
2026-09-09 23:03:15,488 INFO gateway.platforms.telegram: [Telegram] set_my_commands OK for scope BotCommandScopeAllGroupChats (30 cmds)
2026-09-09 23:03:15,488 INFO gateway.platforms.telegram: [Telegram] Telegram menu: 30 commands registered, 71 hidden (over 30 limit). Use /commands for full list.
2026-09-09 23:03:15,490 INFO gateway.platforms.telegram: [Telegram] Connected to Telegram (polling mode)
2026-09-09 23:03:15,491 INFO gateway.run: ✓ telegram connected
2026-09-09 23:03:15,517 INFO gateway.run: Connecting to api_server...
2026-09-09 23:03:15,521 INFO gateway.platforms.api_server: [Api_Server] API server listening on http://0.0.0.0:8642 (model: hermes-agent)
2026-09-09 23:03:15,522 INFO gateway.run: ✓ api_server connected
2026-09-09 23:03:15,523 INFO gateway.run: Gateway running with 2 platform(s)
2026-09-09 23:03:15,527 INFO gateway.run: Channel directory built: 1 target(s)
2026-09-09 23:03:16,529 INFO gateway.run: Press Ctrl+C to stop
2026-09-09 23:03:16,535 INFO gateway.run: Cron ticker started (interval=60s)
2026-09-09 23:03:21,559 INFO gateway.run: kanban dispatcher: embedded in gateway (interval=60.0s)
2026-09-09 23:08:14,328 INFO gateway.run: Received SIGTERM as a planned --replace takeover — exiting cleanly
2026-09-09 23:08:14,328 WARNING gateway.run: Shutdown context: signal=SIGTERM under_systemd=yes parent_pid=1 parent_name=systemd loadavg_1m=0.35 parent_cmdline='/usr/lib/systemd/systemd --system --deserialize=75 vultr'
2026-09-09 23:08:14,329 INFO gateway.run: Stopping gateway...
2026-09-09 23:08:14,329 INFO gateway.run: Shutdown phase: notify_active_sessions done at +0.00s
2026-09-09 23:08:14,330 INFO gateway.run: Shutdown phase: drain done at +0.00s (drain took 0.00s, timed_out=False, active_at_start=0, active_now=0)
2026-09-09 23:08:14,775 INFO gateway.platforms.telegram: [Telegram] Disconnected from Telegram
2026-09-09 23:08:14,775 INFO gateway.run: ✓ telegram disconnected (0.44s)
2026-09-09 23:08:14,776 INFO gateway.platforms.api_server: [Api_Server] API server stopped
2026-09-09 23:08:14,776 INFO gateway.run: ✓ api_server disconnected (0.00s)
2026-09-09 23:08:14,776 INFO gateway.run: Shutdown phase: all adapters disconnected at +0.45s
2026-09-09 23:08:14,858 INFO gateway.run: Shutdown phase: final-cleanup tool kill done at +0.53s
2026-09-09 23:08:14,859 INFO gateway.run: Shutdown phase: SessionDB close done at +0.53s
2026-09-09 23:08:14,860 INFO gateway.run: Gateway stopped (total teardown 0.53s)
2026-09-09 23:08:14,860 INFO gateway.run: Cron ticker stopped
2026-09-09 23:08:15,501 INFO gateway.run: Starting Hermes Gateway...
2026-09-09 23:08:15,502 INFO gateway.run: Session storage: /home/hermes/.hermes/sessions
2026-09-09 23:08:15,510 INFO gateway.run: Agent budget: max_iterations=90 (agent.max_turns from config.yaml, or HERMES_MAX_ITERATIONS from .env, or default 90)
2026-09-09 23:08:15,510 INFO gateway.run: Secret redaction: ENABLED (tool output, logs, and chat responses are scrubbed before delivery)
2026-09-09 23:08:15,516 INFO gateway.run: Previous gateway exited cleanly — skipping session suspension
2026-09-09 23:08:15,614 INFO gateway.run: Connecting to telegram...
2026-09-09 23:08:15,683 INFO gateway.platforms.telegram: [Telegram] Auto-discovered Telegram fallback IPs: 149.154.166.110
2026-09-09 23:08:15,683 INFO gateway.platforms.telegram: [Telegram] Telegram fallback IPs active: 149.154.166.110
2026-09-09 23:08:16,882 INFO gateway.platforms.telegram: [Telegram] set_my_commands OK for scope BotCommandScopeDefault (30 cmds)
2026-09-09 23:08:17,174 INFO gateway.platforms.telegram: [Telegram] set_my_commands OK for scope BotCommandScopeAllPrivateChats (30 cmds)
2026-09-09 23:08:17,983 INFO gateway.platforms.telegram: [Telegram] set_my_commands OK for scope BotCommandScopeAllGroupChats (30 cmds)
2026-09-09 23:08:17,983 INFO gateway.platforms.telegram: [Telegram] Telegram menu: 30 commands registered, 71 hidden (over 30 limit). Use /commands for full list.
2026-09-09 23:08:17,985 INFO gateway.platforms.telegram: [Telegram] Connected to Telegram (polling mode)
2026-09-09 23:08:17,986 INFO gateway.run: ✓ telegram connected
2026-09-09 23:08:18,015 INFO gateway.run: Connecting to api_server...
2026-09-09 23:08:18,019 INFO gateway.platforms.api_server: [Api_Server] API server listening on http://0.0.0.0:8642 (model: hermes-agent)
2026-09-09 23:08:18,021 INFO gateway.run: ✓ api_server connected
2026-09-09 23:08:18,022 INFO gateway.run: Gateway running with 2 platform(s)
2026-09-09 23:08:18,027 INFO gateway.run: Channel directory built: 1 target(s)
2026-09-09 23:08:19,029 INFO gateway.run: Press Ctrl+C to stop
2026-09-09 23:08:19,035 INFO gateway.run: Cron ticker started (interval=60s)
2026-09-09 23:08:24,059 INFO gateway.run: kanban dispatcher: embedded in gateway (interval=60.0s)
2026-09-09 23:13:16,096 INFO gateway.run: Received SIGTERM as a planned --replace takeover — exiting cleanly
2026-09-09 23:13:16,096 WARNING gateway.run: Shutdown context: signal=SIGTERM under_systemd=yes parent_pid=109079 parent_name=systemd loadavg_1m=0.00 parent_cmdline='/usr/lib/systemd/systemd --user'
2026-09-09 23:13:16,097 INFO gateway.run: Stopping gateway...
2026-09-09 23:13:16,098 INFO gateway.run: Shutdown phase: notify_active_sessions done at +0.00s
2026-09-09 23:13:16,102 INFO gateway.run: Shutdown phase: drain done at +0.00s (drain took 0.00s, timed_out=False, active_at_start=0, active_now=0)
2026-09-09 23:13:16,811 INFO gateway.platforms.telegram: [Telegram] Disconnected from Telegram
2026-09-09 23:13:16,811 INFO gateway.run: ✓ telegram disconnected (0.71s)
2026-09-09 23:13:16,813 INFO gateway.platforms.api_server: [Api_Server] API server stopped
2026-09-09 23:13:16,813 INFO gateway.run: ✓ api_server disconnected (0.00s)
2026-09-09 23:13:16,813 INFO gateway.run: Shutdown phase: all adapters disconnected at +0.72s
2026-09-09 23:13:16,897 INFO gateway.run: Shutdown phase: final-cleanup tool kill done at +0.80s
2026-09-09 23:13:16,898 INFO gateway.run: Shutdown phase: SessionDB close done at +0.80s
2026-09-09 23:13:16,899 INFO gateway.run: Gateway stopped (total teardown 0.80s)
2026-09-09 23:13:16,900 INFO gateway.run: Cron ticker stopped
2026-09-09 23:13:17,270 INFO gateway.run: Starting Hermes Gateway...
2026-09-09 23:13:17,271 INFO gateway.run: Session storage: /home/hermes/.hermes/sessions
2026-09-09 23:13:17,281 INFO gateway.run: Agent budget: max_iterations=90 (agent.max_turns from config.yaml, or HERMES_MAX_ITERATIONS from .env, or default 90)
2026-09-09 23:13:17,281 INFO gateway.run: Secret redaction: ENABLED (tool output, logs, and chat responses are scrubbed before delivery)
2026-09-09 23:13:17,287 INFO gateway.run: Previous gateway exited cleanly — skipping session suspension
2026-09-09 23:13:17,387 INFO gateway.run: Connecting to telegram...
2026-09-09 23:13:17,457 INFO gateway.platforms.telegram: [Telegram] Auto-discovered Telegram fallback IPs: 149.154.166.110
2026-09-09 23:13:17,457 INFO gateway.platforms.telegram: [Telegram] Telegram fallback IPs active: 149.154.166.110
2026-09-09 23:13:18,755 INFO gateway.platforms.telegram: [Telegram] set_my_commands OK for scope BotCommandScopeDefault (30 cmds)
2026-09-09 23:13:19,060 INFO gateway.platforms.telegram: [Telegram] set_my_commands OK for scope BotCommandScopeAllPrivateChats (30 cmds)
2026-09-09 23:13:19,365 INFO gateway.platforms.telegram: [Telegram] set_my_commands OK for scope BotCommandScopeAllGroupChats (30 cmds)
2026-09-09 23:13:19,366 INFO gateway.platforms.telegram: [Telegram] Telegram menu: 30 commands registered, 71 hidden (over 30 limit). Use /commands for full list.
2026-09-09 23:13:19,367 INFO gateway.platforms.telegram: [Telegram] Connected to Telegram (polling mode)
2026-09-09 23:13:19,369 INFO gateway.run: ✓ telegram connected
2026-09-09 23:13:19,393 INFO gateway.run: Connecting to api_server...
2026-09-09 23:13:19,397 INFO gateway.platforms.api_server: [Api_Server] API server listening on http://0.0.0.0:8642 (model: hermes-agent)
2026-09-09 23:13:19,398 INFO gateway.run: ✓ api_server connected
2026-09-09 23:13:19,399 INFO gateway.run: Gateway running with 2 platform(s)
2026-09-09 23:13:19,403 INFO gateway.run: Channel directory built: 1 target(s)
2026-09-09 23:13:20,405 INFO gateway.run: Press Ctrl+C to stop
2026-09-09 23:13:20,412 INFO gateway.run: Cron ticker started (interval=60s)
2026-09-09 23:13:25,439 INFO gateway.run: kanban dispatcher: embedded in gateway (interval=60.0s)
2026-09-09 23:18:18,138 INFO gateway.run: Received SIGTERM as a planned --replace takeover — exiting cleanly
2026-09-09 23:18:18,138 WARNING gateway.run: Shutdown context: signal=SIGTERM under_systemd=yes parent_pid=1 parent_name=systemd loadavg_1m=0.25 parent_cmdline='/usr/lib/systemd/systemd --system --deserialize=75 vultr'
2026-09-09 23:18:18,139 INFO gateway.run: Stopping gateway...
2026-09-09 23:18:18,139 INFO gateway.run: Shutdown phase: notify_active_sessions done at +0.00s
2026-09-09 23:18:18,140 INFO gateway.run: Shutdown phase: drain done at +0.00s (drain took 0.00s, timed_out=False, active_at_start=0, active_now=0)
2026-09-09 23:18:18,587 INFO gateway.platforms.telegram: [Telegram] Disconnected from Telegram
2026-09-09 23:18:18,587 INFO gateway.run: ✓ telegram disconnected (0.45s)
2026-09-09 23:18:18,589 INFO gateway.platforms.api_server: [Api_Server] API server stopped
2026-09-09 23:18:18,589 INFO gateway.run: ✓ api_server disconnected (0.00s)
2026-09-09 23:18:18,589 INFO gateway.run: Shutdown phase: all adapters disconnected at +0.45s
2026-09-09 23:18:18,682 INFO gateway.run: Shutdown phase: final-cleanup tool kill done at +0.54s
2026-09-09 23:18:18,682 INFO gateway.run: Shutdown phase: SessionDB close done at +0.54s
2026-09-09 23:18:18,684 INFO gateway.run: Gateway stopped (total teardown 0.54s)
2026-09-09 23:18:18,684 INFO gateway.run: Cron ticker stopped
2026-09-09 23:18:19,321 INFO gateway.run: Starting Hermes Gateway...
2026-09-09 23:18:19,321 INFO gateway.run: Session storage: /home/hermes/.hermes/sessions
2026-09-09 23:18:19,330 INFO gateway.run: Agent budget: max_iterations=90 (agent.max_turns from config.yaml, or HERMES_MAX_ITERATIONS from .env, or default 90)
2026-09-09 23:18:19,330 INFO gateway.run: Secret redaction: ENABLED (tool output, logs, and chat responses are scrubbed before delivery)
2026-09-09 23:18:19,337 INFO gateway.run: Previous gateway exited cleanly — skipping session suspension
2026-09-09 23:18:19,446 INFO gateway.run: Connecting to telegram...
2026-09-09 23:18:19,518 INFO gateway.platforms.telegram: [Telegram] Auto-discovered Telegram fallback IPs: 149.154.166.110
2026-09-09 23:18:19,519 INFO gateway.platforms.telegram: [Telegram] Telegram fallback IPs active: 149.154.166.110
2026-09-09 23:18:20,696 INFO gateway.platforms.telegram: [Telegram] set_my_commands OK for scope BotCommandScopeDefault (30 cmds)
2026-09-09 23:18:20,981 INFO gateway.platforms.telegram: [Telegram] set_my_commands OK for scope BotCommandScopeAllPrivateChats (30 cmds)
2026-09-09 23:18:21,266 INFO gateway.platforms.telegram: [Telegram] set_my_commands OK for scope BotCommandScopeAllGroupChats (30 cmds)
2026-09-09 23:18:21,266 INFO gateway.platforms.telegram: [Telegram] Telegram menu: 30 commands registered, 71 hidden (over 30 limit). Use /commands for full list.
2026-09-09 23:18:21,268 INFO gateway.platforms.telegram: [Telegram] Connected to Telegram (polling mode)
2026-09-09 23:18:21,269 INFO gateway.run: ✓ telegram connected
2026-09-09 23:18:21,296 INFO gateway.run: Connecting to api_server...
2026-09-09 23:18:21,300 INFO gateway.platforms.api_server: [Api_Server] API server listening on http://0.0.0.0:8642 (model: hermes-agent)
2026-09-09 23:18:21,302 INFO gateway.run: ✓ api_server connected
2026-09-09 23:18:21,303 INFO gateway.run: Gateway running with 2 platform(s)
2026-09-09 23:18:21,309 INFO gateway.run: Channel directory built: 1 target(s)
2026-09-09 23:18:22,310 INFO gateway.run: Press Ctrl+C to stop
2026-09-09 23:18:22,317 INFO gateway.run: Cron ticker started (interval=60s)
2026-09-09 23:18:27,341 INFO gateway.run: kanban dispatcher: embedded in gateway (interval=60.0s)
2026-09-09 23:23:20,164 INFO gateway.run: Received SIGTERM as a planned --replace takeover — exiting cleanly
2026-09-09 23:23:20,165 WARNING gateway.run: Shutdown context: signal=SIGTERM under_systemd=yes parent_pid=109079 parent_name=systemd loadavg_1m=0.16 parent_cmdline='/usr/lib/systemd/systemd --user'
2026-09-09 23:23:20,166 INFO gateway.run: Stopping gateway...
2026-09-09 23:23:20,167 INFO gateway.run: Shutdown phase: notify_active_sessions done at +0.00s
2026-09-09 23:23:20,168 INFO gateway.run: Shutdown phase: drain done at +0.00s (drain took 0.00s, timed_out=False, active_at_start=0, active_now=0)
2026-09-09 23:23:20,660 INFO gateway.platforms.telegram: [Telegram] Disconnected from Telegram
2026-09-09 23:23:20,660 INFO gateway.run: ✓ telegram disconnected (0.49s)
2026-09-09 23:23:20,661 INFO gateway.platforms.api_server: [Api_Server] API server stopped
2026-09-09 23:23:20,661 INFO gateway.run: ✓ api_server disconnected (0.00s)
2026-09-09 23:23:20,661 INFO gateway.run: Shutdown phase: all adapters disconnected at +0.49s
2026-09-09 23:23:20,743 INFO gateway.run: Shutdown phase: final-cleanup tool kill done at +0.58s
2026-09-09 23:23:20,744 INFO gateway.run: Shutdown phase: SessionDB close done at +0.58s
2026-09-09 23:23:20,745 INFO gateway.run: Gateway stopped (total teardown 0.58s)
2026-09-09 23:23:20,745 INFO gateway.run: Cron ticker stopped
2026-09-09 23:23:21,342 INFO gateway.run: Starting Hermes Gateway...
2026-09-09 23:23:21,342 INFO gateway.run: Session storage: /home/hermes/.hermes/sessions
2026-09-09 23:23:21,353 INFO gateway.run: Agent budget: max_iterations=90 (agent.max_turns from config.yaml, or HERMES_MAX_ITERATIONS from .env, or default 90)
2026-09-09 23:23:21,353 INFO gateway.run: Secret redaction: ENABLED (tool output, logs, and chat responses are scrubbed before delivery)
2026-09-09 23:23:21,359 INFO gateway.run: Previous gateway exited cleanly — skipping session suspension
2026-09-09 23:23:21,459 INFO gateway.run: Connecting to telegram...
2026-09-09 23:23:21,531 INFO gateway.platforms.telegram: [Telegram] Auto-discovered Telegram fallback IPs: 149.154.166.110
2026-09-09 23:23:21,531 INFO gateway.platforms.telegram: [Telegram] Telegram fallback IPs active: 149.154.166.110
2026-09-09 23:23:22,733 INFO gateway.platforms.telegram: [Telegram] set_my_commands OK for scope BotCommandScopeDefault (30 cmds)
2026-09-09 23:23:23,022 INFO gateway.platforms.telegram: [Telegram] set_my_commands OK for scope BotCommandScopeAllPrivateChats (30 cmds)
2026-09-09 23:23:23,312 INFO gateway.platforms.telegram: [Telegram] set_my_commands OK for scope BotCommandScopeAllGroupChats (30 cmds)
2026-09-09 23:23:23,312 INFO gateway.platforms.telegram: [Telegram] Telegram menu: 30 commands registered, 71 hidden (over 30 limit). Use /commands for full list.
2026-09-09 23:23:23,313 INFO gateway.platforms.telegram: [Telegram] Connected to Telegram (polling mode)
2026-09-09 23:23:23,315 INFO gateway.run: ✓ telegram connected
2026-09-09 23:23:23,339 INFO gateway.run: Connecting to api_server...
2026-09-09 23:23:23,343 INFO gateway.platforms.api_server: [Api_Server] API server listening on http://0.0.0.0:8642 (model: hermes-agent)
2026-09-09 23:23:23,345 INFO gateway.run: ✓ api_server connected
2026-09-09 23:23:23,346 INFO gateway.run: Gateway running with 2 platform(s)
2026-09-09 23:23:23,349 INFO gateway.run: Channel directory built: 1 target(s)
2026-09-09 23:23:24,351 INFO gateway.run: Press Ctrl+C to stop
2026-09-09 23:23:24,357 INFO gateway.run: Cron ticker started (interval=60s)
2026-09-09 23:23:29,381 INFO gateway.run: kanban dispatcher: embedded in gateway (interval=60.0s)
2026-09-09 23:28:22,093 INFO gateway.run: Received SIGTERM as a planned --replace takeover — exiting cleanly
2026-09-09 23:28:22,093 WARNING gateway.run: Shutdown context: signal=SIGTERM under_systemd=yes parent_pid=1 parent_name=systemd loadavg_1m=0.35 parent_cmdline='/usr/lib/systemd/systemd --system --deserialize=75 vultr'
2026-09-09 23:28:22,094 INFO gateway.run: Stopping gateway...
2026-09-09 23:28:22,095 INFO gateway.run: Shutdown phase: notify_active_sessions done at +0.00s
2026-09-09 23:28:22,095 INFO gateway.run: Shutdown phase: drain done at +0.00s (drain took 0.00s, timed_out=False, active_at_start=0, active_now=0)
2026-09-09 23:28:22,581 INFO gateway.platforms.telegram: [Telegram] Disconnected from Telegram
2026-09-09 23:28:22,581 INFO gateway.run: ✓ telegram disconnected (0.49s)
2026-09-09 23:28:22,582 INFO gateway.platforms.api_server: [Api_Server] API server stopped
2026-09-09 23:28:22,582 INFO gateway.run: ✓ api_server disconnected (0.00s)
2026-09-09 23:28:22,582 INFO gateway.run: Shutdown phase: all adapters disconnected at +0.49s
2026-09-09 23:28:22,667 INFO gateway.run: Shutdown phase: final-cleanup tool kill done at +0.57s
2026-09-09 23:28:22,667 INFO gateway.run: Shutdown phase: SessionDB close done at +0.57s
2026-09-09 23:28:22,669 INFO gateway.run: Gateway stopped (total teardown 0.57s)
2026-09-09 23:28:22,669 INFO gateway.run: Cron ticker stopped
2026-09-09 23:28:23,277 INFO gateway.run: Starting Hermes Gateway...
2026-09-09 23:28:23,277 INFO gateway.run: Session storage: /home/hermes/.hermes/sessions
2026-09-09 23:28:23,285 INFO gateway.run: Agent budget: max_iterations=90 (agent.max_turns from config.yaml, or HERMES_MAX_ITERATIONS from .env, or default 90)
2026-09-09 23:28:23,285 INFO gateway.run: Secret redaction: ENABLED (tool output, logs, and chat responses are scrubbed before delivery)
2026-09-09 23:28:23,291 INFO gateway.run: Previous gateway exited cleanly — skipping session suspension
2026-09-09 23:28:23,400 INFO gateway.run: Connecting to telegram...
2026-09-09 23:28:23,469 INFO gateway.platforms.telegram: [Telegram] Auto-discovered Telegram fallback IPs: 149.154.166.110
2026-09-09 23:28:23,469 INFO gateway.platforms.telegram: [Telegram] Telegram fallback IPs active: 149.154.166.110
2026-09-09 23:28:24,697 INFO gateway.platforms.telegram: [Telegram] set_my_commands OK for scope BotCommandScopeDefault (30 cmds)
2026-09-09 23:28:24,994 INFO gateway.platforms.telegram: [Telegram] set_my_commands OK for scope BotCommandScopeAllPrivateChats (30 cmds)
2026-09-09 23:28:25,289 INFO gateway.platforms.telegram: [Telegram] set_my_commands OK for scope BotCommandScopeAllGroupChats (30 cmds)
2026-09-09 23:28:25,289 INFO gateway.platforms.telegram: [Telegram] Telegram menu: 30 commands registered, 71 hidden (over 30 limit). Use /commands for full list.
2026-09-09 23:28:25,291 INFO gateway.platforms.telegram: [Telegram] Connected to Telegram (polling mode)
2026-09-09 23:28:25,292 INFO gateway.run: ✓ telegram connected
2026-09-09 23:28:25,317 INFO gateway.run: Connecting to api_server...
2026-09-09 23:28:25,320 INFO gateway.platforms.api_server: [Api_Server] API server listening on http://0.0.0.0:8642 (model: hermes-agent)
2026-09-09 23:28:25,322 INFO gateway.run: ✓ api_server connected
2026-09-09 23:28:25,323 INFO gateway.run: Gateway running with 2 platform(s)
2026-09-09 23:28:25,328 INFO gateway.run: Channel directory built: 1 target(s)
2026-09-09 23:28:26,329 INFO gateway.run: Press Ctrl+C to stop
2026-09-09 23:28:26,336 INFO gateway.run: Cron ticker started (interval=60s)
2026-09-09 23:28:31,356 INFO gateway.run: kanban dispatcher: embedded in gateway (interval=60.0s)
2026-09-09 23:33:23,901 INFO gateway.run: Received SIGTERM as a planned --replace takeover — exiting cleanly
2026-09-09 23:33:23,901 WARNING gateway.run: Shutdown context: signal=SIGTERM under_systemd=yes parent_pid=109079 parent_name=systemd loadavg_1m=0.00 parent_cmdline='/usr/lib/systemd/systemd --user'
2026-09-09 23:33:23,904 INFO gateway.run: Stopping gateway...
2026-09-09 23:33:23,905 INFO gateway.run: Shutdown phase: notify_active_sessions done at +0.00s
2026-09-09 23:33:23,906 INFO gateway.run: Shutdown phase: drain done at +0.00s (drain took 0.00s, timed_out=False, active_at_start=0, active_now=0)
2026-09-09 23:33:24,424 INFO gateway.platforms.telegram: [Telegram] Disconnected from Telegram
2026-09-09 23:33:24,424 INFO gateway.run: ✓ telegram disconnected (0.52s)
2026-09-09 23:33:24,425 INFO gateway.platforms.api_server: [Api_Server] API server stopped
2026-09-09 23:33:24,425 INFO gateway.run: ✓ api_server disconnected (0.00s)
2026-09-09 23:33:24,425 INFO gateway.run: Shutdown phase: all adapters disconnected at +0.52s
2026-09-09 23:33:24,508 INFO gateway.run: Shutdown phase: final-cleanup tool kill done at +0.60s
2026-09-09 23:33:24,508 INFO gateway.run: Shutdown phase: SessionDB close done at +0.60s
2026-09-09 23:33:24,510 INFO gateway.run: Gateway stopped (total teardown 0.60s)
2026-09-09 23:33:24,510 INFO gateway.run: Cron ticker stopped
2026-09-09 23:33:25,080 INFO gateway.run: Starting Hermes Gateway...
2026-09-09 23:33:25,080 INFO gateway.run: Session storage: /home/hermes/.hermes/sessions
2026-09-09 23:33:25,090 INFO gateway.run: Agent budget: max_iterations=90 (agent.max_turns from config.yaml, or HERMES_MAX_ITERATIONS from .env, or default 90)
2026-09-09 23:33:25,091 INFO gateway.run: Secret redaction: ENABLED (tool output, logs, and chat responses are scrubbed before delivery)
2026-09-09 23:33:25,097 INFO gateway.run: Previous gateway exited cleanly — skipping session suspension
2026-09-09 23:33:25,196 INFO gateway.run: Connecting to telegram...
2026-09-09 23:33:25,269 INFO gateway.platforms.telegram: [Telegram] Auto-discovered Telegram fallback IPs: 149.154.166.110
2026-09-09 23:33:25,269 INFO gateway.platforms.telegram: [Telegram] Telegram fallback IPs active: 149.154.166.110
2026-09-09 23:33:26,479 INFO gateway.platforms.telegram: [Telegram] set_my_commands OK for scope BotCommandScopeDefault (30 cmds)
2026-09-09 23:33:26,775 INFO gateway.platforms.telegram: [Telegram] set_my_commands OK for scope BotCommandScopeAllPrivateChats (30 cmds)
2026-09-09 23:33:27,063 INFO gateway.platforms.telegram: [Telegram] set_my_commands OK for scope BotCommandScopeAllGroupChats (30 cmds)
2026-09-09 23:33:27,064 INFO gateway.platforms.telegram: [Telegram] Telegram menu: 30 commands registered, 71 hidden (over 30 limit). Use /commands for full list.
2026-09-09 23:33:27,065 INFO gateway.platforms.telegram: [Telegram] Connected to Telegram (polling mode)
2026-09-09 23:33:27,067 INFO gateway.run: ✓ telegram connected
2026-09-09 23:33:27,090 INFO gateway.run: Connecting to api_server...
2026-09-09 23:33:27,094 INFO gateway.platforms.api_server: [Api_Server] API server listening on http://0.0.0.0:8642 (model: hermes-agent)
2026-09-09 23:33:27,096 INFO gateway.run: ✓ api_server connected
2026-09-09 23:33:27,096 INFO gateway.run: Gateway running with 2 platform(s)
2026-09-09 23:33:27,100 INFO gateway.run: Channel directory built: 1 target(s)
2026-09-09 23:33:28,102 INFO gateway.run: Press Ctrl+C to stop
2026-09-09 23:33:28,108 INFO gateway.run: Cron ticker started (interval=60s)
2026-09-09 23:33:33,131 INFO gateway.run: kanban dispatcher: embedded in gateway (interval=60.0s)
2026-09-09 23:38:25,846 INFO gateway.run: Received SIGTERM as a planned --replace takeover — exiting cleanly
2026-09-09 23:38:25,847 WARNING gateway.run: Shutdown context: signal=SIGTERM under_systemd=yes parent_pid=1 parent_name=systemd loadavg_1m=0.20 parent_cmdline='/usr/lib/systemd/systemd --system --deserialize=75 vultr'
2026-09-09 23:38:25,848 INFO gateway.run: Stopping gateway...
2026-09-09 23:38:25,848 INFO gateway.run: Shutdown phase: notify_active_sessions done at +0.00s
2026-09-09 23:38:25,849 INFO gateway.run: Shutdown phase: drain done at +0.00s (drain took 0.00s, timed_out=False, active_at_start=0, active_now=0)
2026-09-09 23:38:26,332 INFO gateway.platforms.telegram: [Telegram] Disconnected from Telegram
2026-09-09 23:38:26,332 INFO gateway.run: ✓ telegram disconnected (0.48s)
2026-09-09 23:38:26,334 INFO gateway.platforms.api_server: [Api_Server] API server stopped
2026-09-09 23:38:26,334 INFO gateway.run: ✓ api_server disconnected (0.00s)
2026-09-09 23:38:26,334 INFO gateway.run: Shutdown phase: all adapters disconnected at +0.49s
2026-09-09 23:38:26,420 INFO gateway.run: Shutdown phase: final-cleanup tool kill done at +0.57s
2026-09-09 23:38:26,420 INFO gateway.run: Shutdown phase: SessionDB close done at +0.57s
2026-09-09 23:38:26,422 INFO gateway.run: Gateway stopped (total teardown 0.57s)
2026-09-09 23:38:26,422 INFO gateway.run: Cron ticker stopped
2026-09-09 23:38:27,025 INFO gateway.run: Starting Hermes Gateway...
2026-09-09 23:38:27,026 INFO gateway.run: Session storage: /home/hermes/.hermes/sessions
2026-09-09 23:38:27,034 INFO gateway.run: Agent budget: max_iterations=90 (agent.max_turns from config.yaml, or HERMES_MAX_ITERATIONS from .env, or default 90)
2026-09-09 23:38:27,034 INFO gateway.run: Secret redaction: ENABLED (tool output, logs, and chat responses are scrubbed before delivery)
2026-09-09 23:38:27,040 INFO gateway.run: Previous gateway exited cleanly — skipping session suspension
2026-09-09 23:38:27,144 INFO gateway.run: Connecting to telegram...
2026-09-09 23:38:27,215 INFO gateway.platforms.telegram: [Telegram] Auto-discovered Telegram fallback IPs: 149.154.166.110
2026-09-09 23:38:27,215 INFO gateway.platforms.telegram: [Telegram] Telegram fallback IPs active: 149.154.166.110
2026-09-09 23:38:28,416 INFO gateway.platforms.telegram: [Telegram] set_my_commands OK for scope BotCommandScopeDefault (30 cmds)
2026-09-09 23:38:28,706 INFO gateway.platforms.telegram: [Telegram] set_my_commands OK for scope BotCommandScopeAllPrivateChats (30 cmds)
2026-09-09 23:38:29,068 INFO gateway.platforms.telegram: [Telegram] set_my_commands OK for scope BotCommandScopeAllGroupChats (30 cmds)
2026-09-09 23:38:29,068 INFO gateway.platforms.telegram: [Telegram] Telegram menu: 30 commands registered, 71 hidden (over 30 limit). Use /commands for full list.
2026-09-09 23:38:29,070 INFO gateway.platforms.telegram: [Telegram] Connected to Telegram (polling mode)
2026-09-09 23:38:29,072 INFO gateway.run: ✓ telegram connected
2026-09-09 23:38:29,097 INFO gateway.run: Connecting to api_server...
2026-09-09 23:38:29,101 INFO gateway.platforms.api_server: [Api_Server] API server listening on http://0.0.0.0:8642 (model: hermes-agent)
2026-09-09 23:38:29,103 INFO gateway.run: ✓ api_server connected
2026-09-09 23:38:29,104 INFO gateway.run: Gateway running with 2 platform(s)
2026-09-09 23:38:29,108 INFO gateway.run: Channel directory built: 1 target(s)
2026-09-09 23:38:30,110 INFO gateway.run: Press Ctrl+C to stop
2026-09-09 23:38:30,117 INFO gateway.run: Cron ticker started (interval=60s)
2026-09-09 23:38:35,141 INFO gateway.run: kanban dispatcher: embedded in gateway (interval=60.0s)
2026-09-09 23:43:27,628 INFO gateway.run: Received SIGTERM as a planned --replace takeover — exiting cleanly
2026-09-09 23:43:27,628 WARNING gateway.run: Shutdown context: signal=SIGTERM under_systemd=yes parent_pid=109079 parent_name=systemd loadavg_1m=0.00 parent_cmdline='/usr/lib/systemd/systemd --user'
2026-09-09 23:43:27,629 INFO gateway.run: Stopping gateway...
2026-09-09 23:43:27,629 INFO gateway.run: Shutdown phase: notify_active_sessions done at +0.00s
2026-09-09 23:43:27,632 INFO gateway.run: Shutdown phase: drain done at +0.00s (drain took 0.00s, timed_out=False, active_at_start=0, active_now=0)
2026-09-09 23:43:28,115 INFO gateway.platforms.telegram: [Telegram] Disconnected from Telegram
2026-09-09 23:43:28,115 INFO gateway.run: ✓ telegram disconnected (0.48s)
2026-09-09 23:43:28,116 INFO gateway.platforms.api_server: [Api_Server] API server stopped
2026-09-09 23:43:28,116 INFO gateway.run: ✓ api_server disconnected (0.00s)
2026-09-09 23:43:28,116 INFO gateway.run: Shutdown phase: all adapters disconnected at +0.49s
2026-09-09 23:43:28,201 INFO gateway.run: Shutdown phase: final-cleanup tool kill done at +0.57s
2026-09-09 23:43:28,201 INFO gateway.run: Shutdown phase: SessionDB close done at +0.57s
2026-09-09 23:43:28,202 INFO gateway.run: Gateway stopped (total teardown 0.57s)
2026-09-09 23:43:28,203 INFO gateway.run: Cron ticker stopped
2026-09-09 23:43:28,816 INFO gateway.run: Starting Hermes Gateway...
2026-09-09 23:43:28,817 INFO gateway.run: Session storage: /home/hermes/.hermes/sessions
2026-09-09 23:43:28,827 INFO gateway.run: Agent budget: max_iterations=90 (agent.max_turns from config.yaml, or HERMES_MAX_ITERATIONS from .env, or default 90)
2026-09-09 23:43:28,827 INFO gateway.run: Secret redaction: ENABLED (tool output, logs, and chat responses are scrubbed before delivery)
2026-09-09 23:43:28,833 INFO gateway.run: Previous gateway exited cleanly — skipping session suspension
2026-09-09 23:43:28,939 INFO gateway.run: Connecting to telegram...
2026-09-09 23:43:29,009 INFO gateway.platforms.telegram: [Telegram] Auto-discovered Telegram fallback IPs: 149.154.166.110
2026-09-09 23:43:29,009 INFO gateway.platforms.telegram: [Telegram] Telegram fallback IPs active: 149.154.166.110
2026-09-09 23:43:30,153 INFO gateway.platforms.telegram: [Telegram] set_my_commands OK for scope BotCommandScopeDefault (30 cmds)
2026-09-09 23:43:30,433 INFO gateway.platforms.telegram: [Telegram] set_my_commands OK for scope BotCommandScopeAllPrivateChats (30 cmds)
2026-09-09 23:43:30,711 INFO gateway.platforms.telegram: [Telegram] set_my_commands OK for scope BotCommandScopeAllGroupChats (30 cmds)
2026-09-09 23:43:30,712 INFO gateway.platforms.telegram: [Telegram] Telegram menu: 30 commands registered, 71 hidden (over 30 limit). Use /commands for full list.
2026-09-09 23:43:30,713 INFO gateway.platforms.telegram: [Telegram] Connected to Telegram (polling mode)
2026-09-09 23:43:30,715 INFO gateway.run: ✓ telegram connected
2026-09-09 23:43:30,742 INFO gateway.run: Connecting to api_server...
2026-09-09 23:43:30,746 INFO gateway.platforms.api_server: [Api_Server] API server listening on http://0.0.0.0:8642 (model: hermes-agent)
2026-09-09 23:43:30,747 INFO gateway.run: ✓ api_server connected
2026-09-09 23:43:30,748 INFO gateway.run: Gateway running with 2 platform(s)
2026-09-09 23:43:30,752 INFO gateway.run: Channel directory built: 1 target(s)
2026-09-09 23:43:31,754 INFO gateway.run: Press Ctrl+C to stop
2026-09-09 23:43:31,764 INFO gateway.run: Cron ticker started (interval=60s)
2026-09-09 23:43:36,768 INFO gateway.run: kanban dispatcher: embedded in gateway (interval=60.0s)
2026-09-09 23:48:29,592 INFO gateway.run: Received SIGTERM as a planned --replace takeover — exiting cleanly
2026-09-09 23:48:29,593 WARNING gateway.run: Shutdown context: signal=SIGTERM under_systemd=yes parent_pid=1 parent_name=systemd loadavg_1m=0.23 parent_cmdline='/usr/lib/systemd/systemd --system --deserialize=75 vultr'
2026-09-09 23:48:29,594 INFO gateway.run: Stopping gateway...
2026-09-09 23:48:29,594 INFO gateway.run: Shutdown phase: notify_active_sessions done at +0.00s
2026-09-09 23:48:29,595 INFO gateway.run: Shutdown phase: drain done at +0.00s (drain took 0.00s, timed_out=False, active_at_start=0, active_now=0)
2026-09-09 23:48:30,110 INFO gateway.platforms.telegram: [Telegram] Disconnected from Telegram
2026-09-09 23:48:30,110 INFO gateway.run: ✓ telegram disconnected (0.52s)
2026-09-09 23:48:30,112 INFO gateway.platforms.api_server: [Api_Server] API server stopped
2026-09-09 23:48:30,112 INFO gateway.run: ✓ api_server disconnected (0.00s)
2026-09-09 23:48:30,112 INFO gateway.run: Shutdown phase: all adapters disconnected at +0.52s
2026-09-09 23:48:30,198 INFO gateway.run: Shutdown phase: final-cleanup tool kill done at +0.60s
2026-09-09 23:48:30,198 INFO gateway.run: Shutdown phase: SessionDB close done at +0.60s
2026-09-09 23:48:30,200 INFO gateway.run: Gateway stopped (total teardown 0.61s)
2026-09-09 23:48:30,200 INFO gateway.run: Cron ticker stopped
2026-09-09 23:48:30,765 INFO gateway.run: Starting Hermes Gateway...
2026-09-09 23:48:30,765 INFO gateway.run: Session storage: /home/hermes/.hermes/sessions
2026-09-09 23:48:30,773 INFO gateway.run: Agent budget: max_iterations=90 (agent.max_turns from config.yaml, or HERMES_MAX_ITERATIONS from .env, or default 90)
2026-09-09 23:48:30,773 INFO gateway.run: Secret redaction: ENABLED (tool output, logs, and chat responses are scrubbed before delivery)
2026-09-09 23:48:30,779 INFO gateway.run: Previous gateway exited cleanly — skipping session suspension
2026-09-09 23:48:30,878 INFO gateway.run: Connecting to telegram...
2026-09-09 23:48:30,947 INFO gateway.platforms.telegram: [Telegram] Auto-discovered Telegram fallback IPs: 149.154.166.110
2026-09-09 23:48:30,947 INFO gateway.platforms.telegram: [Telegram] Telegram fallback IPs active: 149.154.166.110
2026-09-09 23:48:32,123 INFO gateway.platforms.telegram: [Telegram] set_my_commands OK for scope BotCommandScopeDefault (30 cmds)
2026-09-09 23:48:32,412 INFO gateway.platforms.telegram: [Telegram] set_my_commands OK for scope BotCommandScopeAllPrivateChats (30 cmds)
2026-09-09 23:48:32,698 INFO gateway.platforms.telegram: [Telegram] set_my_commands OK for scope BotCommandScopeAllGroupChats (30 cmds)
2026-09-09 23:48:32,698 INFO gateway.platforms.telegram: [Telegram] Telegram menu: 30 commands registered, 71 hidden (over 30 limit). Use /commands for full list.
2026-09-09 23:48:32,700 INFO gateway.platforms.telegram: [Telegram] Connected to Telegram (polling mode)
2026-09-09 23:48:32,702 INFO gateway.run: ✓ telegram connected
2026-09-09 23:48:32,727 INFO gateway.run: Connecting to api_server...
2026-09-09 23:48:32,730 INFO gateway.platforms.api_server: [Api_Server] API server listening on http://0.0.0.0:8642 (model: hermes-agent)
2026-09-09 23:48:32,732 INFO gateway.run: ✓ api_server connected
2026-09-09 23:48:32,732 INFO gateway.run: Gateway running with 2 platform(s)
2026-09-09 23:48:32,736 INFO gateway.run: Channel directory built: 1 target(s)
2026-09-09 23:48:33,738 INFO gateway.run: Press Ctrl+C to stop
2026-09-09 23:48:33,745 INFO gateway.run: Cron ticker started (interval=60s)
2026-09-09 23:48:38,751 INFO gateway.run: kanban dispatcher: embedded in gateway (interval=60.0s)
2026-09-09 23:53:31,605 INFO gateway.run: Received SIGTERM as a planned --replace takeover — exiting cleanly
2026-09-09 23:53:31,605 WARNING gateway.run: Shutdown context: signal=SIGTERM under_systemd=yes parent_pid=109079 parent_name=systemd loadavg_1m=0.00 parent_cmdline='/usr/lib/systemd/systemd --user'
2026-09-09 23:53:31,607 INFO gateway.run: Stopping gateway...
2026-09-09 23:53:31,607 INFO gateway.run: Shutdown phase: notify_active_sessions done at +0.00s
2026-09-09 23:53:31,609 INFO gateway.run: Shutdown phase: drain done at +0.00s (drain took 0.00s, timed_out=False, active_at_start=0, active_now=0)
2026-09-09 23:53:32,177 INFO gateway.platforms.telegram: [Telegram] Disconnected from Telegram
2026-09-09 23:53:32,177 INFO gateway.run: ✓ telegram disconnected (0.57s)
2026-09-09 23:53:32,178 INFO gateway.platforms.api_server: [Api_Server] API server stopped
2026-09-09 23:53:32,178 INFO gateway.run: ✓ api_server disconnected (0.00s)
2026-09-09 23:53:32,178 INFO gateway.run: Shutdown phase: all adapters disconnected at +0.57s
2026-09-09 23:53:32,260 INFO gateway.run: Shutdown phase: final-cleanup tool kill done at +0.65s
2026-09-09 23:53:32,261 INFO gateway.run: Shutdown phase: SessionDB close done at +0.65s
2026-09-09 23:53:32,262 INFO gateway.run: Gateway stopped (total teardown 0.66s)
2026-09-09 23:53:32,262 INFO gateway.run: Cron ticker stopped
2026-09-09 23:53:32,787 INFO gateway.run: Starting Hermes Gateway...
2026-09-09 23:53:32,787 INFO gateway.run: Session storage: /home/hermes/.hermes/sessions
2026-09-09 23:53:32,798 INFO gateway.run: Agent budget: max_iterations=90 (agent.max_turns from config.yaml, or HERMES_MAX_ITERATIONS from .env, or default 90)
2026-09-09 23:53:32,798 INFO gateway.run: Secret redaction: ENABLED (tool output, logs, and chat responses are scrubbed before delivery)
2026-09-09 23:53:32,804 INFO gateway.run: Previous gateway exited cleanly — skipping session suspension
2026-09-09 23:53:32,903 INFO gateway.run: Connecting to telegram...
2026-09-09 23:53:32,973 INFO gateway.platforms.telegram: [Telegram] Auto-discovered Telegram fallback IPs: 149.154.166.110
2026-09-09 23:53:32,974 INFO gateway.platforms.telegram: [Telegram] Telegram fallback IPs active: 149.154.166.110
2026-09-09 23:53:34,408 INFO gateway.platforms.telegram: [Telegram] set_my_commands OK for scope BotCommandScopeDefault (30 cmds)
2026-09-09 23:53:34,722 INFO gateway.platforms.telegram: [Telegram] set_my_commands OK for scope BotCommandScopeAllPrivateChats (30 cmds)
2026-09-09 23:53:35,037 INFO gateway.platforms.telegram: [Telegram] set_my_commands OK for scope BotCommandScopeAllGroupChats (30 cmds)
2026-09-09 23:53:35,037 INFO gateway.platforms.telegram: [Telegram] Telegram menu: 30 commands registered, 71 hidden (over 30 limit). Use /commands for full list.
2026-09-09 23:53:35,039 INFO gateway.platforms.telegram: [Telegram] Connected to Telegram (polling mode)
2026-09-09 23:53:35,041 INFO gateway.run: ✓ telegram connected
2026-09-09 23:53:35,065 INFO gateway.run: Connecting to api_server...
2026-09-09 23:53:35,069 INFO gateway.platforms.api_server: [Api_Server] API server listening on http://0.0.0.0:8642 (model: hermes-agent)
2026-09-09 23:53:35,071 INFO gateway.run: ✓ api_server connected
2026-09-09 23:53:35,072 INFO gateway.run: Gateway running with 2 platform(s)
2026-09-09 23:53:35,076 INFO gateway.run: Channel directory built: 1 target(s)
2026-09-09 23:53:36,078 INFO gateway.run: Press Ctrl+C to stop
2026-09-09 23:53:36,084 INFO gateway.run: Cron ticker started (interval=60s)
2026-09-09 23:53:41,108 INFO gateway.run: kanban dispatcher: embedded in gateway (interval=60.0s)
2026-09-09 23:58:33,600 INFO gateway.run: Received SIGTERM as a planned --replace takeover — exiting cleanly
2026-09-09 23:58:33,601 WARNING gateway.run: Shutdown context: signal=SIGTERM under_systemd=yes parent_pid=1 parent_name=systemd loadavg_1m=0.25 parent_cmdline='/usr/lib/systemd/systemd --system --deserialize=75 vultr'
2026-09-09 23:58:33,602 INFO gateway.run: Stopping gateway...
2026-09-09 23:58:33,602 INFO gateway.run: Shutdown phase: notify_active_sessions done at +0.00s
2026-09-09 23:58:33,603 INFO gateway.run: Shutdown phase: drain done at +0.00s (drain took 0.00s, timed_out=False, active_at_start=0, active_now=0)
2026-09-09 23:58:34,117 INFO gateway.platforms.telegram: [Telegram] Disconnected from Telegram
2026-09-09 23:58:34,117 INFO gateway.run: ✓ telegram disconnected (0.51s)
2026-09-09 23:58:34,118 INFO gateway.platforms.api_server: [Api_Server] API server stopped
2026-09-09 23:58:34,119 INFO gateway.run: ✓ api_server disconnected (0.00s)
2026-09-09 23:58:34,119 INFO gateway.run: Shutdown phase: all adapters disconnected at +0.52s
2026-09-09 23:58:34,201 INFO gateway.run: Shutdown phase: final-cleanup tool kill done at +0.60s
2026-09-09 23:58:34,202 INFO gateway.run: Shutdown phase: SessionDB close done at +0.60s
2026-09-09 23:58:34,203 INFO gateway.run: Gateway stopped (total teardown 0.60s)
2026-09-09 23:58:34,203 INFO gateway.run: Cron ticker stopped
2026-09-09 23:58:34,780 INFO gateway.run: Starting Hermes Gateway...
2026-09-09 23:58:34,780 INFO gateway.run: Session storage: /home/hermes/.hermes/sessions
2026-09-09 23:58:34,788 INFO gateway.run: Agent budget: max_iterations=90 (agent.max_turns from config.yaml, or HERMES_MAX_ITERATIONS from .env, or default 90)
2026-09-09 23:58:34,788 INFO gateway.run: Secret redaction: ENABLED (tool output, logs, and chat responses are scrubbed before delivery)
2026-09-09 23:58:34,795 INFO gateway.run: Previous gateway exited cleanly — skipping session suspension
2026-09-09 23:58:34,901 INFO gateway.run: Connecting to telegram...
2026-09-09 23:58:34,970 INFO gateway.platforms.telegram: [Telegram] Auto-discovered Telegram fallback IPs: 149.154.166.110
2026-09-09 23:58:34,970 INFO gateway.platforms.telegram: [Telegram] Telegram fallback IPs active: 149.154.166.110
2026-09-09 23:58:36,250 INFO gateway.platforms.telegram: [Telegram] set_my_commands OK for scope BotCommandScopeDefault (30 cmds)
2026-09-09 23:58:36,556 INFO gateway.platforms.telegram: [Telegram] set_my_commands OK for scope BotCommandScopeAllPrivateChats (30 cmds)
2026-09-09 23:58:36,861 INFO gateway.platforms.telegram: [Telegram] set_my_commands OK for scope BotCommandScopeAllGroupChats (30 cmds)
2026-09-09 23:58:36,861 INFO gateway.platforms.telegram: [Telegram] Telegram menu: 30 commands registered, 71 hidden (over 30 limit). Use /commands for full list.
2026-09-09 23:58:36,863 INFO gateway.platforms.telegram: [Telegram] Connected to Telegram (polling mode)
2026-09-09 23:58:36,865 INFO gateway.run: ✓ telegram connected
2026-09-09 23:58:36,890 INFO gateway.run: Connecting to api_server...
2026-09-09 23:58:36,894 INFO gateway.platforms.api_server: [Api_Server] API server listening on http://0.0.0.0:8642 (model: hermes-agent)
2026-09-09 23:58:36,896 INFO gateway.run: ✓ api_server connected
2026-09-09 23:58:36,896 INFO gateway.run: Gateway running with 2 platform(s)
2026-09-09 23:58:36,901 INFO gateway.run: Channel directory built: 1 target(s)
2026-09-09 23:58:37,903 INFO gateway.run: Press Ctrl+C to stop
2026-09-09 23:58:37,910 INFO gateway.run: Cron ticker started (interval=60s)
2026-09-09 23:58:42,937 INFO gateway.run: kanban dispatcher: embedded in gateway (interval=60.0s)
2026-09-10 00:03:35,462 INFO gateway.run: Received SIGTERM as a planned --replace takeover — exiting cleanly
2026-09-10 00:03:35,462 WARNING gateway.run: Shutdown context: signal=SIGTERM under_systemd=yes parent_pid=109079 parent_name=systemd loadavg_1m=0.16 parent_cmdline='/usr/lib/systemd/systemd --user'
2026-09-10 00:03:35,463 INFO gateway.run: Stopping gateway...
2026-09-10 00:03:35,463 INFO gateway.run: Shutdown phase: notify_active_sessions done at +0.00s
2026-09-10 00:03:35,466 INFO gateway.run: Shutdown phase: drain done at +0.00s (drain took 0.00s, timed_out=False, active_at_start=0, active_now=0)
2026-09-10 00:03:35,956 INFO gateway.platforms.telegram: [Telegram] Disconnected from Telegram
2026-09-10 00:03:35,956 INFO gateway.run: ✓ telegram disconnected (0.49s)
2026-09-10 00:03:35,958 INFO gateway.platforms.api_server: [Api_Server] API server stopped
2026-09-10 00:03:35,958 INFO gateway.run: ✓ api_server disconnected (0.00s)
2026-09-10 00:03:35,958 INFO gateway.run: Shutdown phase: all adapters disconnected at +0.49s
2026-09-10 00:03:36,043 INFO gateway.run: Shutdown phase: final-cleanup tool kill done at +0.58s
2026-09-10 00:03:36,043 INFO gateway.run: Shutdown phase: SessionDB close done at +0.58s
2026-09-10 00:03:36,045 INFO gateway.run: Gateway stopped (total teardown 0.58s)
2026-09-10 00:03:36,045 INFO gateway.run: Cron ticker stopped
2026-09-10 00:03:36,654 INFO gateway.run: Starting Hermes Gateway...
2026-09-10 00:03:36,654 INFO gateway.run: Session storage: /home/hermes/.hermes/sessions
2026-09-10 00:03:36,664 INFO gateway.run: Agent budget: max_iterations=90 (agent.max_turns from config.yaml, or HERMES_MAX_ITERATIONS from .env, or default 90)
2026-09-10 00:03:36,664 INFO gateway.run: Secret redaction: ENABLED (tool output, logs, and chat responses are scrubbed before delivery)
2026-09-10 00:03:36,671 INFO gateway.run: Previous gateway exited cleanly — skipping session suspension
2026-09-10 00:03:36,775 INFO gateway.run: Connecting to telegram...
2026-09-10 00:03:36,855 INFO gateway.platforms.telegram: [Telegram] Auto-discovered Telegram fallback IPs: 149.154.166.110
2026-09-10 00:03:36,855 INFO gateway.platforms.telegram: [Telegram] Telegram fallback IPs active: 149.154.166.110
2026-09-10 00:03:38,053 INFO gateway.platforms.telegram: [Telegram] set_my_commands OK for scope BotCommandScopeDefault (30 cmds)
2026-09-10 00:03:38,343 INFO gateway.platforms.telegram: [Telegram] set_my_commands OK for scope BotCommandScopeAllPrivateChats (30 cmds)
2026-09-10 00:03:38,632 INFO gateway.platforms.telegram: [Telegram] set_my_commands OK for scope BotCommandScopeAllGroupChats (30 cmds)
2026-09-10 00:03:38,632 INFO gateway.platforms.telegram: [Telegram] Telegram menu: 30 commands registered, 71 hidden (over 30 limit). Use /commands for full list.
2026-09-10 00:03:38,633 INFO gateway.platforms.telegram: [Telegram] Connected to Telegram (polling mode)
2026-09-10 00:03:38,635 INFO gateway.run: ✓ telegram connected
2026-09-10 00:03:38,664 INFO gateway.run: Connecting to api_server...
2026-09-10 00:03:38,668 INFO gateway.platforms.api_server: [Api_Server] API server listening on http://0.0.0.0:8642 (model: hermes-agent)
2026-09-10 00:03:38,670 INFO gateway.run: ✓ api_server connected
2026-09-10 00:03:38,671 INFO gateway.run: Gateway running with 2 platform(s)
2026-09-10 00:03:38,676 INFO gateway.run: Channel directory built: 1 target(s)
2026-09-10 00:03:39,677 INFO gateway.run: Press Ctrl+C to stop
2026-09-10 00:03:39,683 INFO gateway.run: Cron ticker started (interval=60s)
2026-09-10 00:03:44,710 INFO gateway.run: kanban dispatcher: embedded in gateway (interval=60.0s)
2026-09-10 00:08:37,384 INFO gateway.run: Received SIGTERM as a planned --replace takeover — exiting cleanly
2026-09-10 00:08:37,384 WARNING gateway.run: Shutdown context: signal=SIGTERM under_systemd=yes parent_pid=1 parent_name=systemd loadavg_1m=0.15 parent_cmdline='/usr/lib/systemd/systemd --system --deserialize=75 vultr'
2026-09-10 00:08:37,386 INFO gateway.run: Stopping gateway...
2026-09-10 00:08:37,386 INFO gateway.run: Shutdown phase: notify_active_sessions done at +0.00s
2026-09-10 00:08:37,387 INFO gateway.run: Shutdown phase: drain done at +0.00s (drain took 0.00s, timed_out=False, active_at_start=0, active_now=0)
2026-09-10 00:08:37,854 INFO gateway.platforms.telegram: [Telegram] Disconnected from Telegram
2026-09-10 00:08:37,854 INFO gateway.run: ✓ telegram disconnected (0.47s)
2026-09-10 00:08:37,856 INFO gateway.platforms.api_server: [Api_Server] API server stopped
2026-09-10 00:08:37,856 INFO gateway.run: ✓ api_server disconnected (0.00s)
2026-09-10 00:08:37,856 INFO gateway.run: Shutdown phase: all adapters disconnected at +0.47s
2026-09-10 00:08:37,940 INFO gateway.run: Shutdown phase: final-cleanup tool kill done at +0.55s
2026-09-10 00:08:37,940 INFO gateway.run: Shutdown phase: SessionDB close done at +0.55s
2026-09-10 00:08:37,942 INFO gateway.run: Gateway stopped (total teardown 0.56s)
2026-09-10 00:08:37,942 INFO gateway.run: Cron ticker stopped
2026-09-10 00:08:38,569 INFO gateway.run: Starting Hermes Gateway...
2026-09-10 00:08:38,570 INFO gateway.run: Session storage: /home/hermes/.hermes/sessions
2026-09-10 00:08:38,578 INFO gateway.run: Agent budget: max_iterations=90 (agent.max_turns from config.yaml, or HERMES_MAX_ITERATIONS from .env, or default 90)
2026-09-10 00:08:38,578 INFO gateway.run: Secret redaction: ENABLED (tool output, logs, and chat responses are scrubbed before delivery)
2026-09-10 00:08:38,584 INFO gateway.run: Previous gateway exited cleanly — skipping session suspension
2026-09-10 00:08:38,685 INFO gateway.run: Connecting to telegram...
2026-09-10 00:08:38,751 INFO gateway.platforms.telegram: [Telegram] Auto-discovered Telegram fallback IPs: 149.154.166.110
2026-09-10 00:08:38,751 INFO gateway.platforms.telegram: [Telegram] Telegram fallback IPs active: 149.154.166.110
2026-09-10 00:08:39,913 INFO gateway.platforms.telegram: [Telegram] set_my_commands OK for scope BotCommandScopeDefault (30 cmds)
2026-09-10 00:08:40,202 INFO gateway.platforms.telegram: [Telegram] set_my_commands OK for scope BotCommandScopeAllPrivateChats (30 cmds)
2026-09-10 00:08:40,483 INFO gateway.platforms.telegram: [Telegram] set_my_commands OK for scope BotCommandScopeAllGroupChats (30 cmds)
2026-09-10 00:08:40,483 INFO gateway.platforms.telegram: [Telegram] Telegram menu: 30 commands registered, 71 hidden (over 30 limit). Use /commands for full list.
2026-09-10 00:08:40,484 INFO gateway.platforms.telegram: [Telegram] Connected to Telegram (polling mode)
2026-09-10 00:08:40,486 INFO gateway.run: ✓ telegram connected
2026-09-10 00:08:40,511 INFO gateway.run: Connecting to api_server...
2026-09-10 00:08:40,515 INFO gateway.platforms.api_server: [Api_Server] API server listening on http://0.0.0.0:8642 (model: hermes-agent)
2026-09-10 00:08:40,516 INFO gateway.run: ✓ api_server connected
2026-09-10 00:08:40,517 INFO gateway.run: Gateway running with 2 platform(s)
2026-09-10 00:08:40,521 INFO gateway.run: Channel directory built: 1 target(s)
2026-09-10 00:08:41,523 INFO gateway.run: Press Ctrl+C to stop
2026-09-10 00:08:41,530 INFO gateway.run: Cron ticker started (interval=60s)
2026-09-10 00:08:46,554 INFO gateway.run: kanban dispatcher: embedded in gateway (interval=60.0s)
2026-09-10 00:13:39,346 INFO gateway.run: Received SIGTERM as a planned --replace takeover — exiting cleanly
2026-09-10 00:13:39,346 WARNING gateway.run: Shutdown context: signal=SIGTERM under_systemd=yes parent_pid=109079 parent_name=systemd loadavg_1m=0.00 parent_cmdline='/usr/lib/systemd/systemd --user'
2026-09-10 00:13:39,348 INFO gateway.run: Stopping gateway...
2026-09-10 00:13:39,349 INFO gateway.run: Shutdown phase: notify_active_sessions done at +0.00s
2026-09-10 00:13:39,350 INFO gateway.run: Shutdown phase: drain done at +0.00s (drain took 0.00s, timed_out=False, active_at_start=0, active_now=0)
2026-09-10 00:13:39,862 INFO gateway.platforms.telegram: [Telegram] Disconnected from Telegram
2026-09-10 00:13:39,862 INFO gateway.run: ✓ telegram disconnected (0.51s)
2026-09-10 00:13:39,863 INFO gateway.platforms.api_server: [Api_Server] API server stopped
2026-09-10 00:13:39,863 INFO gateway.run: ✓ api_server disconnected (0.00s)
2026-09-10 00:13:39,863 INFO gateway.run: Shutdown phase: all adapters disconnected at +0.51s
2026-09-10 00:13:39,951 INFO gateway.run: Shutdown phase: final-cleanup tool kill done at +0.60s
2026-09-10 00:13:39,952 INFO gateway.run: Shutdown phase: SessionDB close done at +0.60s
2026-09-10 00:13:39,954 INFO gateway.run: Gateway stopped (total teardown 0.60s)
2026-09-10 00:13:39,954 INFO gateway.run: Cron ticker stopped
2026-09-10 00:13:40,525 INFO gateway.run: Starting Hermes Gateway...
2026-09-10 00:13:40,525 INFO gateway.run: Session storage: /home/hermes/.hermes/sessions
2026-09-10 00:13:40,535 INFO gateway.run: Agent budget: max_iterations=90 (agent.max_turns from config.yaml, or HERMES_MAX_ITERATIONS from .env, or default 90)
2026-09-10 00:13:40,535 INFO gateway.run: Secret redaction: ENABLED (tool output, logs, and chat responses are scrubbed before delivery)
2026-09-10 00:13:40,541 INFO gateway.run: Previous gateway exited cleanly — skipping session suspension
2026-09-10 00:13:40,642 INFO gateway.run: Connecting to telegram...
2026-09-10 00:13:40,739 INFO gateway.platforms.telegram: [Telegram] Auto-discovered Telegram fallback IPs: 149.154.166.110
2026-09-10 00:13:40,740 INFO gateway.platforms.telegram: [Telegram] Telegram fallback IPs active: 149.154.166.110
2026-09-10 00:13:42,045 INFO gateway.platforms.telegram: [Telegram] set_my_commands OK for scope BotCommandScopeDefault (30 cmds)
2026-09-10 00:13:42,372 INFO gateway.platforms.telegram: [Telegram] set_my_commands OK for scope BotCommandScopeAllPrivateChats (30 cmds)
2026-09-10 00:13:42,683 INFO gateway.platforms.telegram: [Telegram] set_my_commands OK for scope BotCommandScopeAllGroupChats (30 cmds)
2026-09-10 00:13:42,683 INFO gateway.platforms.telegram: [Telegram] Telegram menu: 30 commands registered, 71 hidden (over 30 limit). Use /commands for full list.
2026-09-10 00:13:42,685 INFO gateway.platforms.telegram: [Telegram] Connected to Telegram (polling mode)
2026-09-10 00:13:42,687 INFO gateway.run: ✓ telegram connected
2026-09-10 00:13:42,711 INFO gateway.run: Connecting to api_server...
2026-09-10 00:13:42,714 INFO gateway.platforms.api_server: [Api_Server] API server listening on http://0.0.0.0:8642 (model: hermes-agent)
2026-09-10 00:13:42,716 INFO gateway.run: ✓ api_server connected
2026-09-10 00:13:42,717 INFO gateway.run: Gateway running with 2 platform(s)
2026-09-10 00:13:42,721 INFO gateway.run: Channel directory built: 1 target(s)
2026-09-10 00:13:43,722 INFO gateway.run: Press Ctrl+C to stop
2026-09-10 00:13:43,729 INFO gateway.run: Cron ticker started (interval=60s)
2026-09-10 00:13:48,753 INFO gateway.run: kanban dispatcher: embedded in gateway (interval=60.0s)
2026-09-10 00:18:40,845 INFO gateway.platforms.telegram: [Telegram] Flushing text batch agent:main:telegram:dm:8944451892 (10 chars)
2026-09-10 00:18:40,864 INFO gateway.run: inbound message: platform=telegram user=Rob chat=8944451892 msg='Eai? Nada?'
2026-09-10 00:18:43,633 INFO gateway.run: Received SIGTERM as a planned --replace takeover — exiting cleanly
2026-09-10 00:18:43,633 WARNING gateway.run: Shutdown context: signal=SIGTERM under_systemd=yes parent_pid=1 parent_name=systemd loadavg_1m=0.22 parent_cmdline='/usr/lib/systemd/systemd --system --deserialize=75 vultr'
2026-09-10 00:18:43,635 INFO gateway.run: Stopping gateway...
2026-09-10 00:18:43,635 INFO gateway.run: Shutdown phase: notify_active_sessions done at +0.00s
2026-09-10 00:18:52,089 INFO gateway.run: Starting Hermes Gateway...
2026-09-10 00:18:52,089 INFO gateway.run: Session storage: /home/hermes/.hermes/sessions
2026-09-10 00:18:52,097 INFO gateway.run: Agent budget: max_iterations=90 (agent.max_turns from config.yaml, or HERMES_MAX_ITERATIONS from .env, or default 90)
2026-09-10 00:18:52,097 INFO gateway.run: Secret redaction: ENABLED (tool output, logs, and chat responses are scrubbed before delivery)
2026-09-10 00:18:52,104 INFO gateway.run: Marked 1 in-flight session(s) as resumable from previous run
2026-09-10 00:18:52,206 INFO gateway.run: Connecting to telegram...
2026-09-10 00:18:52,281 INFO gateway.platforms.telegram: [Telegram] Auto-discovered Telegram fallback IPs: 149.154.166.110
2026-09-10 00:18:52,281 INFO gateway.platforms.telegram: [Telegram] Telegram fallback IPs active: 149.154.166.110
2026-09-10 00:18:53,667 INFO gateway.platforms.telegram: [Telegram] set_my_commands OK for scope BotCommandScopeDefault (30 cmds)
2026-09-10 00:18:53,989 INFO gateway.platforms.telegram: [Telegram] set_my_commands OK for scope BotCommandScopeAllPrivateChats (30 cmds)
2026-09-10 00:18:54,311 INFO gateway.platforms.telegram: [Telegram] set_my_commands OK for scope BotCommandScopeAllGroupChats (30 cmds)
2026-09-10 00:18:54,311 INFO gateway.platforms.telegram: [Telegram] Telegram menu: 30 commands registered, 71 hidden (over 30 limit). Use /commands for full list.
2026-09-10 00:18:54,312 INFO gateway.platforms.telegram: [Telegram] Connected to Telegram (polling mode)
2026-09-10 00:18:54,314 INFO gateway.run: ✓ telegram connected
2026-09-10 00:18:54,338 INFO gateway.run: Connecting to api_server...
2026-09-10 00:18:54,342 INFO gateway.platforms.api_server: [Api_Server] API server listening on http://0.0.0.0:8642 (model: hermes-agent)
2026-09-10 00:18:54,344 INFO gateway.run: ✓ api_server connected
2026-09-10 00:18:54,345 INFO gateway.run: Gateway running with 2 platform(s)
2026-09-10 00:18:54,349 INFO gateway.run: Channel directory built: 1 target(s)
2026-09-10 00:18:55,351 INFO gateway.run: Scheduled auto-resume for 1 restart-interrupted session(s)
2026-09-10 00:18:55,351 INFO gateway.run: Press Ctrl+C to stop
2026-09-10 00:18:55,359 INFO gateway.run: Cron ticker started (interval=60s)
2026-09-10 00:18:55,452 INFO gateway.run: inbound message: platform=telegram user=Rob chat=8944451892 msg=''
2026-09-10 00:19:00,361 INFO gateway.run: kanban dispatcher: embedded in gateway (interval=60.0s)
2026-09-10 00:23:52,604 INFO gateway.run: Received SIGTERM as a planned --replace takeover — exiting cleanly
2026-09-10 00:23:52,605 WARNING gateway.run: Shutdown context: signal=SIGTERM under_systemd=yes parent_pid=109079 parent_name=systemd loadavg_1m=0.00 parent_cmdline='/usr/lib/systemd/systemd --user'
2026-09-10 00:23:52,607 INFO gateway.run: Stopping gateway...
2026-09-10 00:23:53,264 INFO gateway.run: Sent shutdown notification to active chat telegram:8944451892
2026-09-10 00:23:53,265 INFO gateway.run: Shutdown phase: notify_active_sessions done at +0.66s
2026-09-10 00:24:03,291 INFO gateway.run: Starting Hermes Gateway...
2026-09-10 00:24:03,292 INFO gateway.run: Session storage: /home/hermes/.hermes/sessions
2026-09-10 00:24:03,302 INFO gateway.run: Agent budget: max_iterations=90 (agent.max_turns from config.yaml, or HERMES_MAX_ITERATIONS from .env, or default 90)
2026-09-10 00:24:03,302 INFO gateway.run: Secret redaction: ENABLED (tool output, logs, and chat responses are scrubbed before delivery)
2026-09-10 00:24:03,409 INFO gateway.run: Connecting to telegram...
2026-09-10 00:24:03,480 INFO gateway.platforms.telegram: [Telegram] Auto-discovered Telegram fallback IPs: 149.154.166.110
2026-09-10 00:24:03,480 INFO gateway.platforms.telegram: [Telegram] Telegram fallback IPs active: 149.154.166.110
2026-09-10 00:24:04,654 INFO gateway.platforms.telegram: [Telegram] set_my_commands OK for scope BotCommandScopeDefault (30 cmds)
2026-09-10 00:24:04,937 INFO gateway.platforms.telegram: [Telegram] set_my_commands OK for scope BotCommandScopeAllPrivateChats (30 cmds)
2026-09-10 00:24:05,222 INFO gateway.platforms.telegram: [Telegram] set_my_commands OK for scope BotCommandScopeAllGroupChats (30 cmds)
2026-09-10 00:24:05,222 INFO gateway.platforms.telegram: [Telegram] Telegram menu: 30 commands registered, 71 hidden (over 30 limit). Use /commands for full list.
2026-09-10 00:24:05,223 INFO gateway.platforms.telegram: [Telegram] Connected to Telegram (polling mode)
2026-09-10 00:24:05,225 INFO gateway.run: ✓ telegram connected
2026-09-10 00:24:05,250 INFO gateway.run: Connecting to api_server...
2026-09-10 00:24:05,253 INFO gateway.platforms.api_server: [Api_Server] API server listening on http://0.0.0.0:8642 (model: hermes-agent)
2026-09-10 00:24:05,255 INFO gateway.run: ✓ api_server connected
2026-09-10 00:24:05,256 INFO gateway.run: Gateway running with 2 platform(s)
2026-09-10 00:24:05,260 INFO gateway.run: Channel directory built: 1 target(s)
2026-09-10 00:24:06,261 INFO gateway.run: Scheduled auto-resume for 1 restart-interrupted session(s)
2026-09-10 00:24:06,262 INFO gateway.run: Press Ctrl+C to stop
2026-09-10 00:24:06,268 INFO gateway.run: Cron ticker started (interval=60s)
2026-09-10 00:24:06,307 INFO gateway.run: inbound message: platform=telegram user=Rob chat=8944451892 msg=''
2026-09-10 00:24:11,291 INFO gateway.run: kanban dispatcher: embedded in gateway (interval=60.0s)
2026-09-10 00:26:15,407 INFO gateway.platforms.telegram: Telegram button resolved 1 approval(s) for session agent:main:telegram:dm:8944451892 (choice=always, user=Rob)
2026-09-10 00:26:33,978 INFO gateway.platforms.telegram: Telegram button resolved 1 approval(s) for session agent:main:telegram:dm:8944451892 (choice=always, user=Rob)
2026-09-10 00:29:03,858 INFO gateway.run: Received SIGTERM as a planned --replace takeover — exiting cleanly
2026-09-10 00:29:03,858 WARNING gateway.run: Shutdown context: signal=SIGTERM under_systemd=yes parent_pid=1 parent_name=systemd loadavg_1m=0.22 parent_cmdline='/usr/lib/systemd/systemd --system --deserialize=75 vultr'
2026-09-10 00:29:03,861 INFO gateway.run: Stopping gateway...
2026-09-10 00:29:04,775 INFO gateway.run: Sent shutdown notification to active chat telegram:8944451892
2026-09-10 00:29:04,775 INFO gateway.run: Shutdown phase: notify_active_sessions done at +0.91s
2026-09-10 00:29:14,547 INFO gateway.run: Starting Hermes Gateway...
2026-09-10 00:29:14,547 INFO gateway.run: Session storage: /home/hermes/.hermes/sessions
2026-09-10 00:29:14,555 INFO gateway.run: Agent budget: max_iterations=90 (agent.max_turns from config.yaml, or HERMES_MAX_ITERATIONS from .env, or default 90)
2026-09-10 00:29:14,556 INFO gateway.run: Secret redaction: ENABLED (tool output, logs, and chat responses are scrubbed before delivery)
2026-09-10 00:29:14,666 INFO gateway.run: Connecting to telegram...
2026-09-10 00:29:14,744 INFO gateway.platforms.telegram: [Telegram] Auto-discovered Telegram fallback IPs: 149.154.166.110
2026-09-10 00:29:14,745 INFO gateway.platforms.telegram: [Telegram] Telegram fallback IPs active: 149.154.166.110
2026-09-10 00:29:15,870 INFO gateway.platforms.telegram: [Telegram] set_my_commands OK for scope BotCommandScopeDefault (30 cmds)
2026-09-10 00:29:16,206 INFO gateway.platforms.telegram: [Telegram] set_my_commands OK for scope BotCommandScopeAllPrivateChats (30 cmds)
2026-09-10 00:29:16,480 INFO gateway.platforms.telegram: [Telegram] set_my_commands OK for scope BotCommandScopeAllGroupChats (30 cmds)
2026-09-10 00:29:16,481 INFO gateway.platforms.telegram: [Telegram] Telegram menu: 30 commands registered, 71 hidden (over 30 limit). Use /commands for full list.
2026-09-10 00:29:16,482 INFO gateway.platforms.telegram: [Telegram] Connected to Telegram (polling mode)
2026-09-10 00:29:16,484 INFO gateway.run: ✓ telegram connected
2026-09-10 00:29:16,507 INFO gateway.run: Connecting to api_server...
2026-09-10 00:29:16,511 INFO gateway.platforms.api_server: [Api_Server] API server listening on http://0.0.0.0:8642 (model: hermes-agent)
2026-09-10 00:29:16,512 INFO gateway.run: ✓ api_server connected
2026-09-10 00:29:16,513 INFO gateway.run: Gateway running with 2 platform(s)
2026-09-10 00:29:16,517 INFO gateway.run: Channel directory built: 1 target(s)
2026-09-10 00:29:17,518 INFO gateway.run: Scheduled auto-resume for 1 restart-interrupted session(s)
2026-09-10 00:29:17,518 INFO gateway.run: Press Ctrl+C to stop
2026-09-10 00:29:17,525 INFO gateway.run: Cron ticker started (interval=60s)
2026-09-10 00:29:17,605 INFO gateway.run: inbound message: platform=telegram user=Rob chat=8944451892 msg=''
2026-09-10 00:29:22,529 INFO gateway.run: kanban dispatcher: embedded in gateway (interval=60.0s)
2026-09-10 00:34:15,136 INFO gateway.run: Received SIGTERM as a planned --replace takeover — exiting cleanly
2026-09-10 00:34:15,136 WARNING gateway.run: Shutdown context: signal=SIGTERM under_systemd=yes parent_pid=109079 parent_name=systemd loadavg_1m=0.26 parent_cmdline='/usr/lib/systemd/systemd --user'
2026-09-10 00:34:15,138 INFO gateway.run: Stopping gateway...
2026-09-10 00:34:16,009 INFO gateway.run: Sent shutdown notification to active chat telegram:8944451892
2026-09-10 00:34:16,009 INFO gateway.run: Shutdown phase: notify_active_sessions done at +0.87s
2026-09-10 00:34:25,822 INFO gateway.run: Starting Hermes Gateway...
2026-09-10 00:34:25,822 INFO gateway.run: Session storage: /home/hermes/.hermes/sessions
2026-09-10 00:34:25,833 INFO gateway.run: Agent budget: max_iterations=90 (agent.max_turns from config.yaml, or HERMES_MAX_ITERATIONS from .env, or default 90)
2026-09-10 00:34:25,833 INFO gateway.run: Secret redaction: ENABLED (tool output, logs, and chat responses are scrubbed before delivery)
2026-09-10 00:34:25,942 INFO gateway.run: Connecting to telegram...
2026-09-10 00:34:26,021 INFO gateway.platforms.telegram: [Telegram] Auto-discovered Telegram fallback IPs: 149.154.166.110
2026-09-10 00:34:26,021 INFO gateway.platforms.telegram: [Telegram] Telegram fallback IPs active: 149.154.166.110
2026-09-10 00:34:27,168 INFO gateway.platforms.telegram: [Telegram] set_my_commands OK for scope BotCommandScopeDefault (30 cmds)
2026-09-10 00:34:27,446 INFO gateway.platforms.telegram: [Telegram] set_my_commands OK for scope BotCommandScopeAllPrivateChats (30 cmds)
2026-09-10 00:34:27,724 INFO gateway.platforms.telegram: [Telegram] set_my_commands OK for scope BotCommandScopeAllGroupChats (30 cmds)
2026-09-10 00:34:27,725 INFO gateway.platforms.telegram: [Telegram] Telegram menu: 30 commands registered, 71 hidden (over 30 limit). Use /commands for full list.
2026-09-10 00:34:27,726 INFO gateway.platforms.telegram: [Telegram] Connected to Telegram (polling mode)
2026-09-10 00:34:27,728 INFO gateway.run: ✓ telegram connected
2026-09-10 00:34:27,759 INFO gateway.run: Connecting to api_server...
2026-09-10 00:34:27,763 INFO gateway.platforms.api_server: [Api_Server] API server listening on http://0.0.0.0:8642 (model: hermes-agent)
2026-09-10 00:34:27,765 INFO gateway.run: ✓ api_server connected
2026-09-10 00:34:27,766 INFO gateway.run: Gateway running with 2 platform(s)
2026-09-10 00:34:27,770 INFO gateway.run: Channel directory built: 1 target(s)
2026-09-10 00:34:28,771 INFO gateway.run: Scheduled auto-resume for 1 restart-interrupted session(s)
2026-09-10 00:34:28,772 INFO gateway.run: Press Ctrl+C to stop
2026-09-10 00:34:28,778 INFO gateway.run: Cron ticker started (interval=60s)
2026-09-10 00:34:28,857 INFO gateway.run: inbound message: platform=telegram user=Rob chat=8944451892 msg=''
2026-09-10 00:34:33,802 INFO gateway.run: kanban dispatcher: embedded in gateway (interval=60.0s)
2026-09-10 00:38:17,335 INFO gateway.platforms.telegram: Telegram button resolved 1 approval(s) for session agent:main:telegram:dm:8944451892 (choice=always, user=Rob)
2026-09-10 00:39:07,574 INFO [20260909_182813_373926] gateway.run: Session split detected: 20260909_182813_373926 → 20260910_003507_4b49a5 (compression)
2026-09-10 00:39:08,543 INFO gateway.run: Suppressing normal final send for session agent:main:telegram:dm:8944451892: final delivery already confirmed (streamed=True previewed=False content_delivered=True).
2026-09-10 00:39:08,543 INFO gateway.run: response ready: platform=telegram chat=8944451892 time=279.7s api_calls=9 response=945 chars
2026-09-10 00:40:16,972 INFO gateway.platforms.telegram: [Telegram] Flushing text batch agent:main:telegram:dm:8944451892 (58 chars)
2026-09-10 00:40:16,973 INFO gateway.run: inbound message: platform=telegram user=Rob chat=8944451892 msg='Mas eu nem conectei o Hermes no Mac ainda, não faz sentido'
2026-09-10 00:42:06,204 INFO gateway.platforms.telegram: [Telegram] Flushing text batch agent:main:telegram:dm:8944451892 (36 chars)
2026-09-10 00:42:33,191 INFO gateway.run: Queued follow-up for session agent:main:telegram:dm:8944451892: final stream delivery not confirmed; sending first response before continuing.
2026-09-10 00:43:31,260 INFO gateway.run: Received SIGTERM — initiating shutdown
2026-09-10 00:43:31,260 WARNING gateway.run: Shutdown context: signal=SIGTERM under_systemd=yes parent_pid=1 parent_name=systemd loadavg_1m=0.22 parent_cmdline='/usr/lib/systemd/systemd --system --deserialize=75 vultr'
2026-09-10 00:43:31,262 INFO gateway.run: Stopping gateway...
2026-09-10 00:43:32,125 INFO gateway.run: Sent shutdown notification to active chat telegram:8944451892
2026-09-10 00:43:32,125 INFO gateway.run: Shutdown phase: notify_active_sessions done at +0.86s
2026-09-10 00:43:35,271 INFO gateway.run: Received SIGTERM — initiating shutdown
2026-09-10 00:43:35,271 WARNING gateway.run: Shutdown context: signal=SIGTERM under_systemd=yes parent_pid=1 parent_name=systemd loadavg_1m=0.20 parent_cmdline='/usr/lib/systemd/systemd --system --deserialize=75 vultr'
2026-09-10 00:44:27,808 INFO gateway.run: Starting Hermes Gateway...
2026-09-10 00:44:27,808 INFO gateway.run: Session storage: /home/hermes/.hermes/sessions
2026-09-10 00:44:27,818 INFO gateway.run: Agent budget: max_iterations=90 (agent.max_turns from config.yaml, or HERMES_MAX_ITERATIONS from .env, or default 90)
2026-09-10 00:44:27,819 INFO gateway.run: Secret redaction: ENABLED (tool output, logs, and chat responses are scrubbed before delivery)
2026-09-10 00:44:27,935 INFO gateway.run: Connecting to telegram...
2026-09-10 00:44:28,012 INFO gateway.platforms.telegram: [Telegram] Auto-discovered Telegram fallback IPs: 149.154.166.110
2026-09-10 00:44:28,012 INFO gateway.platforms.telegram: [Telegram] Telegram fallback IPs active: 149.154.166.110
2026-09-10 00:44:29,341 INFO gateway.platforms.telegram: [Telegram] set_my_commands OK for scope BotCommandScopeDefault (30 cmds)
2026-09-10 00:44:29,651 INFO gateway.platforms.telegram: [Telegram] set_my_commands OK for scope BotCommandScopeAllPrivateChats (30 cmds)
2026-09-10 00:44:29,963 INFO gateway.platforms.telegram: [Telegram] set_my_commands OK for scope BotCommandScopeAllGroupChats (30 cmds)
2026-09-10 00:44:29,964 INFO gateway.platforms.telegram: [Telegram] Telegram menu: 30 commands registered, 71 hidden (over 30 limit). Use /commands for full list.
2026-09-10 00:44:29,965 INFO gateway.platforms.telegram: [Telegram] Connected to Telegram (polling mode)
2026-09-10 00:44:29,967 INFO gateway.run: ✓ telegram connected
2026-09-10 00:44:29,995 INFO gateway.run: Connecting to api_server...
2026-09-10 00:44:29,999 INFO gateway.platforms.api_server: [Api_Server] API server listening on http://0.0.0.0:8642 (model: hermes-agent)
2026-09-10 00:44:30,001 INFO gateway.run: ✓ api_server connected
2026-09-10 00:44:30,002 INFO gateway.run: Gateway running with 2 platform(s)
2026-09-10 00:44:30,007 INFO gateway.run: Channel directory built: 1 target(s)
2026-09-10 00:44:31,008 INFO gateway.run: Scheduled auto-resume for 1 restart-interrupted session(s)
2026-09-10 00:44:31,008 INFO gateway.run: Press Ctrl+C to stop
2026-09-10 00:44:31,015 INFO gateway.run: Cron ticker started (interval=60s)
2026-09-10 00:44:31,055 INFO gateway.run: inbound message: platform=telegram user=Rob chat=8944451892 msg=''
2026-09-10 00:44:36,038 INFO gateway.run: kanban dispatcher: embedded in gateway (interval=60.0s)
2026-09-10 00:48:18,355 INFO gateway.run: response ready: platform=telegram chat=8944451892 time=227.3s api_calls=9 response=60 chars
2026-09-10 00:48:18,370 INFO gateway.platforms.base: [Telegram] Sending response (60 chars) to 8944451892
2026-09-10 00:48:39,350 INFO gateway.run: Received SIGTERM as a planned --replace takeover — exiting cleanly
2026-09-10 00:48:39,350 WARNING gateway.run: Shutdown context: signal=SIGTERM under_systemd=yes parent_pid=109079 parent_name=systemd loadavg_1m=0.00 parent_cmdline='/usr/lib/systemd/systemd --user'
2026-09-10 00:48:39,352 INFO gateway.run: Stopping gateway...
2026-09-10 00:48:39,352 INFO gateway.run: Shutdown phase: notify_active_sessions done at +0.00s
2026-09-10 00:48:39,354 INFO gateway.run: Shutdown phase: drain done at +0.00s (drain took 0.00s, timed_out=False, active_at_start=0, active_now=0)
2026-09-10 00:48:39,825 INFO gateway.platforms.telegram: [Telegram] Disconnected from Telegram
2026-09-10 00:48:39,825 INFO gateway.run: ✓ telegram disconnected (0.47s)
2026-09-10 00:48:39,827 INFO gateway.platforms.api_server: [Api_Server] API server stopped
2026-09-10 00:48:39,827 INFO gateway.run: ✓ api_server disconnected (0.00s)
2026-09-10 00:48:39,827 INFO gateway.run: Shutdown phase: all adapters disconnected at +0.47s
2026-09-10 00:48:39,828 INFO gateway.run: Shutdown phase: final-cleanup tool kill done at +0.48s
2026-09-10 00:48:39,831 INFO gateway.run: Shutdown phase: SessionDB close done at +0.48s
2026-09-10 00:48:39,833 INFO gateway.run: Gateway stopped (total teardown 0.48s)
2026-09-10 00:48:39,833 INFO gateway.run: Cron ticker stopped
2026-09-10 00:48:41,039 INFO gateway.run: Starting Hermes Gateway...
2026-09-10 00:48:41,039 INFO gateway.run: Session storage: /home/hermes/.hermes/sessions
2026-09-10 00:48:41,049 INFO gateway.run: Agent budget: max_iterations=90 (agent.max_turns from config.yaml, or HERMES_MAX_ITERATIONS from .env, or default 90)
2026-09-10 00:48:41,049 INFO gateway.run: Secret redaction: ENABLED (tool output, logs, and chat responses are scrubbed before delivery)
2026-09-10 00:48:41,055 INFO gateway.run: Previous gateway exited cleanly — skipping session suspension
2026-09-10 00:48:41,155 INFO gateway.run: Connecting to telegram...
2026-09-10 00:48:41,239 INFO gateway.platforms.telegram: [Telegram] Auto-discovered Telegram fallback IPs: 149.154.166.110
2026-09-10 00:48:41,240 INFO gateway.platforms.telegram: [Telegram] Telegram fallback IPs active: 149.154.166.110
2026-09-10 00:48:42,483 INFO gateway.platforms.telegram: [Telegram] set_my_commands OK for scope BotCommandScopeDefault (30 cmds)
2026-09-10 00:48:42,779 INFO gateway.platforms.telegram: [Telegram] set_my_commands OK for scope BotCommandScopeAllPrivateChats (30 cmds)
2026-09-10 00:48:43,072 INFO gateway.platforms.telegram: [Telegram] set_my_commands OK for scope BotCommandScopeAllGroupChats (30 cmds)
2026-09-10 00:48:43,072 INFO gateway.platforms.telegram: [Telegram] Telegram menu: 30 commands registered, 71 hidden (over 30 limit). Use /commands for full list.
2026-09-10 00:48:43,074 INFO gateway.platforms.telegram: [Telegram] Connected to Telegram (polling mode)
2026-09-10 00:48:43,075 INFO gateway.run: ✓ telegram connected
2026-09-10 00:48:43,099 INFO gateway.run: Connecting to api_server...
2026-09-10 00:48:43,102 INFO gateway.platforms.api_server: [Api_Server] API server listening on http://0.0.0.0:8642 (model: hermes-agent)
2026-09-10 00:48:43,104 INFO gateway.run: ✓ api_server connected
2026-09-10 00:48:43,105 INFO gateway.run: Gateway running with 2 platform(s)
2026-09-10 00:48:43,109 INFO gateway.run: Channel directory built: 1 target(s)
2026-09-10 00:48:44,110 INFO gateway.run: Scheduled auto-resume for 1 restart-interrupted session(s)
2026-09-10 00:48:44,111 INFO gateway.run: Press Ctrl+C to stop
2026-09-10 00:48:44,117 INFO gateway.run: Cron ticker started (interval=60s)
2026-09-10 00:48:44,194 INFO gateway.run: inbound message: platform=telegram user=Rob chat=8944451892 msg=''
2026-09-10 00:48:49,140 INFO gateway.run: kanban dispatcher: embedded in gateway (interval=60.0s)
2026-09-10 00:48:53,128 INFO gateway.run: Received SIGTERM as a planned --replace takeover — exiting cleanly
2026-09-10 00:48:53,128 WARNING gateway.run: Shutdown context: signal=SIGTERM under_systemd=yes parent_pid=1 parent_name=systemd loadavg_1m=0.14 parent_cmdline='/usr/lib/systemd/systemd --system --deserialize=75 vultr'
2026-09-10 00:48:53,130 INFO gateway.run: Stopping gateway...
2026-09-10 00:48:53,719 INFO gateway.run: Sent shutdown notification to active chat telegram:8944451892
2026-09-10 00:48:53,720 INFO gateway.run: Shutdown phase: notify_active_sessions done at +0.59s
2026-09-10 00:49:03,813 INFO gateway.run: Starting Hermes Gateway...
2026-09-10 00:49:03,813 INFO gateway.run: Session storage: /home/hermes/.hermes/sessions
2026-09-10 00:49:03,822 INFO gateway.run: Agent budget: max_iterations=90 (agent.max_turns from config.yaml, or HERMES_MAX_ITERATIONS from .env, or default 90)
2026-09-10 00:49:03,822 INFO gateway.run: Secret redaction: ENABLED (tool output, logs, and chat responses are scrubbed before delivery)
2026-09-10 00:49:03,929 INFO gateway.run: Connecting to telegram...
2026-09-10 00:49:04,005 INFO gateway.platforms.telegram: [Telegram] Auto-discovered Telegram fallback IPs: 149.154.166.110
2026-09-10 00:49:04,005 INFO gateway.platforms.telegram: [Telegram] Telegram fallback IPs active: 149.154.166.110
2026-09-10 00:49:05,384 INFO gateway.platforms.telegram: [Telegram] set_my_commands OK for scope BotCommandScopeDefault (30 cmds)
2026-09-10 00:49:05,701 INFO gateway.platforms.telegram: [Telegram] set_my_commands OK for scope BotCommandScopeAllPrivateChats (30 cmds)
2026-09-10 00:49:06,024 INFO gateway.platforms.telegram: [Telegram] set_my_commands OK for scope BotCommandScopeAllGroupChats (30 cmds)
2026-09-10 00:49:06,024 INFO gateway.platforms.telegram: [Telegram] Telegram menu: 30 commands registered, 71 hidden (over 30 limit). Use /commands for full list.
2026-09-10 00:49:06,026 INFO gateway.platforms.telegram: [Telegram] Connected to Telegram (polling mode)
2026-09-10 00:49:06,028 INFO gateway.run: ✓ telegram connected
2026-09-10 00:49:06,054 INFO gateway.run: Connecting to api_server...
2026-09-10 00:49:06,058 INFO gateway.platforms.api_server: [Api_Server] API server listening on http://0.0.0.0:8642 (model: hermes-agent)
2026-09-10 00:49:06,060 INFO gateway.run: ✓ api_server connected
2026-09-10 00:49:06,061 INFO gateway.run: Gateway running with 2 platform(s)
2026-09-10 00:49:06,065 INFO gateway.run: Channel directory built: 1 target(s)
2026-09-10 00:49:07,066 INFO gateway.run: Scheduled auto-resume for 1 restart-interrupted session(s)
2026-09-10 00:49:07,067 INFO gateway.run: Press Ctrl+C to stop
2026-09-10 00:49:07,073 INFO gateway.run: Cron ticker started (interval=60s)
2026-09-10 00:49:07,167 INFO gateway.run: inbound message: platform=telegram user=Rob chat=8944451892 msg=''
2026-09-10 00:49:13,901 INFO gateway.run: kanban dispatcher: embedded in gateway (interval=60.0s)
2026-09-10 00:49:54,738 INFO gateway.run: Suppressing normal final send for session agent:main:telegram:dm:8944451892: final delivery already confirmed (streamed=True previewed=False content_delivered=True).
2026-09-10 00:49:54,739 INFO gateway.run: response ready: platform=telegram chat=8944451892 time=47.6s api_calls=2 response=1285 chars
2026-09-10 00:54:04,338 INFO gateway.run: Received SIGTERM as a planned --replace takeover — exiting cleanly
2026-09-10 00:54:04,338 WARNING gateway.run: Shutdown context: signal=SIGTERM under_systemd=yes parent_pid=109079 parent_name=systemd loadavg_1m=0.00 parent_cmdline='/usr/lib/systemd/systemd --user'
2026-09-10 00:54:04,339 INFO gateway.run: Stopping gateway...
2026-09-10 00:54:04,339 INFO gateway.run: Shutdown phase: notify_active_sessions done at +0.00s
2026-09-10 00:54:04,342 INFO gateway.run: Shutdown phase: drain done at +0.00s (drain took 0.00s, timed_out=False, active_at_start=0, active_now=0)
2026-09-10 00:54:04,836 INFO gateway.platforms.telegram: [Telegram] Disconnected from Telegram
2026-09-10 00:54:04,836 INFO gateway.run: ✓ telegram disconnected (0.49s)
2026-09-10 00:54:04,837 INFO gateway.platforms.api_server: [Api_Server] API server stopped
2026-09-10 00:54:04,837 INFO gateway.run: ✓ api_server disconnected (0.00s)
2026-09-10 00:54:04,838 INFO gateway.run: Shutdown phase: all adapters disconnected at +0.50s
2026-09-10 00:54:04,838 INFO gateway.run: Shutdown phase: final-cleanup tool kill done at +0.50s
2026-09-10 00:54:04,839 INFO gateway.run: Shutdown phase: SessionDB close done at +0.50s
2026-09-10 00:54:04,841 INFO gateway.run: Gateway stopped (total teardown 0.50s)
2026-09-10 00:54:04,841 INFO gateway.run: Cron ticker stopped
2026-09-10 00:54:05,517 INFO gateway.run: Starting Hermes Gateway...
2026-09-10 00:54:05,517 INFO gateway.run: Session storage: /home/hermes/.hermes/sessions
2026-09-10 00:54:05,527 INFO gateway.run: Agent budget: max_iterations=90 (agent.max_turns from config.yaml, or HERMES_MAX_ITERATIONS from .env, or default 90)
2026-09-10 00:54:05,527 INFO gateway.run: Secret redaction: ENABLED (tool output, logs, and chat responses are scrubbed before delivery)
2026-09-10 00:54:05,534 INFO gateway.run: Previous gateway exited cleanly — skipping session suspension
2026-09-10 00:54:05,633 INFO gateway.run: Connecting to telegram...
2026-09-10 00:54:05,715 INFO gateway.platforms.telegram: [Telegram] Auto-discovered Telegram fallback IPs: 149.154.166.110
2026-09-10 00:54:05,715 INFO gateway.platforms.telegram: [Telegram] Telegram fallback IPs active: 149.154.166.110
2026-09-10 00:54:06,954 INFO gateway.platforms.telegram: [Telegram] set_my_commands OK for scope BotCommandScopeDefault (30 cmds)
2026-09-10 00:54:07,250 INFO gateway.platforms.telegram: [Telegram] set_my_commands OK for scope BotCommandScopeAllPrivateChats (30 cmds)
2026-09-10 00:54:07,544 INFO gateway.platforms.telegram: [Telegram] set_my_commands OK for scope BotCommandScopeAllGroupChats (30 cmds)
2026-09-10 00:54:07,544 INFO gateway.platforms.telegram: [Telegram] Telegram menu: 30 commands registered, 71 hidden (over 30 limit). Use /commands for full list.
2026-09-10 00:54:07,546 INFO gateway.platforms.telegram: [Telegram] Connected to Telegram (polling mode)
2026-09-10 00:54:07,547 INFO gateway.run: ✓ telegram connected
2026-09-10 00:54:07,572 INFO gateway.run: Connecting to api_server...
2026-09-10 00:54:07,576 INFO gateway.platforms.api_server: [Api_Server] API server listening on http://0.0.0.0:8642 (model: hermes-agent)
2026-09-10 00:54:07,578 INFO gateway.run: ✓ api_server connected
2026-09-10 00:54:07,578 INFO gateway.run: Gateway running with 2 platform(s)
2026-09-10 00:54:07,582 INFO gateway.run: Channel directory built: 1 target(s)
2026-09-10 00:54:08,584 INFO gateway.run: Press Ctrl+C to stop
2026-09-10 00:54:08,590 INFO gateway.run: Cron ticker started (interval=60s)
2026-09-10 00:54:13,614 INFO gateway.run: kanban dispatcher: embedded in gateway (interval=60.0s)
2026-09-10 00:54:28,360 INFO gateway.platforms.telegram: [Telegram] Flushing text batch agent:main:telegram:dm:8944451892 (27 chars)
2026-09-10 00:54:28,412 INFO gateway.run: inbound message: platform=telegram user=Rob chat=8944451892 msg='Não estou usando no momento'
2026-09-10 00:54:32,094 INFO gateway.run: Received SIGTERM as a planned --replace takeover — exiting cleanly
2026-09-10 00:54:32,094 WARNING gateway.run: Shutdown context: signal=SIGTERM under_systemd=yes parent_pid=1 parent_name=systemd loadavg_1m=0.19 parent_cmdline='/usr/lib/systemd/systemd --system --deserialize=75 vultr'
2026-09-10 00:54:32,095 INFO gateway.run: Stopping gateway...
2026-09-10 00:54:32,095 INFO gateway.run: Shutdown phase: notify_active_sessions done at +0.00s
2026-09-10 00:54:42,781 INFO gateway.run: Starting Hermes Gateway...
2026-09-10 00:54:42,781 INFO gateway.run: Session storage: /home/hermes/.hermes/sessions
2026-09-10 00:54:42,789 INFO gateway.run: Agent budget: max_iterations=90 (agent.max_turns from config.yaml, or HERMES_MAX_ITERATIONS from .env, or default 90)
2026-09-10 00:54:42,789 INFO gateway.run: Secret redaction: ENABLED (tool output, logs, and chat responses are scrubbed before delivery)
2026-09-10 00:54:42,796 INFO gateway.run: Marked 1 in-flight session(s) as resumable from previous run
2026-09-10 00:54:42,900 INFO gateway.run: Connecting to telegram...
2026-09-10 00:54:42,981 INFO gateway.platforms.telegram: [Telegram] Auto-discovered Telegram fallback IPs: 149.154.166.110
2026-09-10 00:54:42,981 INFO gateway.platforms.telegram: [Telegram] Telegram fallback IPs active: 149.154.166.110
2026-09-10 00:54:44,247 INFO gateway.platforms.telegram: [Telegram] set_my_commands OK for scope BotCommandScopeDefault (30 cmds)
2026-09-10 00:54:44,545 INFO gateway.platforms.telegram: [Telegram] set_my_commands OK for scope BotCommandScopeAllPrivateChats (30 cmds)
2026-09-10 00:54:44,843 INFO gateway.platforms.telegram: [Telegram] set_my_commands OK for scope BotCommandScopeAllGroupChats (30 cmds)
2026-09-10 00:54:44,844 INFO gateway.platforms.telegram: [Telegram] Telegram menu: 30 commands registered, 71 hidden (over 30 limit). Use /commands for full list.
2026-09-10 00:54:44,845 INFO gateway.platforms.telegram: [Telegram] Connected to Telegram (polling mode)
2026-09-10 00:54:44,847 INFO gateway.run: ✓ telegram connected
2026-09-10 00:54:44,871 INFO gateway.run: Connecting to api_server...
2026-09-10 00:54:44,874 INFO gateway.platforms.api_server: [Api_Server] API server listening on http://0.0.0.0:8642 (model: hermes-agent)
2026-09-10 00:54:44,876 INFO gateway.run: ✓ api_server connected
2026-09-10 00:54:44,876 INFO gateway.run: Gateway running with 2 platform(s)
2026-09-10 00:54:44,880 INFO gateway.run: Channel directory built: 1 target(s)
2026-09-10 00:54:45,882 INFO gateway.run: Scheduled auto-resume for 1 restart-interrupted session(s)
2026-09-10 00:54:45,882 INFO gateway.run: Press Ctrl+C to stop
2026-09-10 00:54:45,890 INFO gateway.run: Cron ticker started (interval=60s)
2026-09-10 00:54:45,984 INFO gateway.run: inbound message: platform=telegram user=Rob chat=8944451892 msg=''
2026-09-10 00:54:50,894 INFO gateway.run: kanban dispatcher: embedded in gateway (interval=60.0s)
2026-09-10 00:56:21,152 INFO gateway.run: Suppressing normal final send for session agent:main:telegram:dm:8944451892: final delivery already confirmed (streamed=True previewed=False content_delivered=True).
2026-09-10 00:56:21,152 INFO gateway.run: response ready: platform=telegram chat=8944451892 time=95.2s api_calls=8 response=887 chars
2026-09-10 00:59:43,303 INFO gateway.run: Received SIGTERM — initiating shutdown
2026-09-10 00:59:43,303 WARNING gateway.run: Shutdown context: signal=SIGTERM under_systemd=yes parent_pid=109079 parent_name=systemd loadavg_1m=0.01 parent_cmdline='/usr/lib/systemd/systemd --user'
2026-09-10 00:59:43,305 INFO gateway.run: Stopping gateway...
2026-09-10 00:59:43,305 INFO gateway.run: Shutdown phase: notify_active_sessions done at +0.00s
2026-09-10 00:59:43,307 INFO gateway.run: Shutdown phase: drain done at +0.00s (drain took 0.00s, timed_out=False, active_at_start=0, active_now=0)
2026-09-10 00:59:43,529 INFO gateway.run: Received SIGTERM as a planned --replace takeover — exiting cleanly
2026-09-10 00:59:43,529 WARNING gateway.run: Shutdown context: signal=SIGTERM under_systemd=yes parent_pid=109079 parent_name=systemd loadavg_1m=0.01 parent_cmdline='/usr/lib/systemd/systemd --user'
2026-09-10 00:59:43,747 INFO gateway.platforms.telegram: [Telegram] Disconnected from Telegram
2026-09-10 00:59:43,747 INFO gateway.run: ✓ telegram disconnected (0.44s)
2026-09-10 00:59:43,749 INFO gateway.platforms.api_server: [Api_Server] API server stopped
2026-09-10 00:59:43,749 INFO gateway.run: ✓ api_server disconnected (0.00s)
2026-09-10 00:59:43,749 INFO gateway.run: Shutdown phase: all adapters disconnected at +0.44s
2026-09-10 00:59:43,750 INFO gateway.run: Shutdown phase: final-cleanup tool kill done at +0.44s
2026-09-10 00:59:43,763 INFO gateway.run: Shutdown phase: SessionDB close done at +0.46s
2026-09-10 00:59:43,764 INFO gateway.run: Gateway stopped (total teardown 0.46s)
2026-09-10 00:59:43,764 INFO gateway.run: Cron ticker stopped
2026-09-10 00:59:43,765 INFO gateway.run: Exiting with code 1 (signal-initiated shutdown without restart request) so systemd Restart=on-failure can revive the gateway.
2026-09-10 00:59:45,211 INFO gateway.run: Starting Hermes Gateway...
2026-09-10 00:59:45,212 INFO gateway.run: Session storage: /home/hermes/.hermes/sessions
2026-09-10 00:59:45,222 INFO gateway.run: Agent budget: max_iterations=90 (agent.max_turns from config.yaml, or HERMES_MAX_ITERATIONS from .env, or default 90)
2026-09-10 00:59:45,222 INFO gateway.run: Secret redaction: ENABLED (tool output, logs, and chat responses are scrubbed before delivery)
2026-09-10 00:59:45,229 INFO gateway.run: Previous gateway exited cleanly — skipping session suspension
2026-09-10 00:59:45,335 INFO gateway.run: Connecting to telegram...
2026-09-10 00:59:45,404 INFO gateway.platforms.telegram: [Telegram] Auto-discovered Telegram fallback IPs: 149.154.166.110
2026-09-10 00:59:45,405 INFO gateway.platforms.telegram: [Telegram] Telegram fallback IPs active: 149.154.166.110
2026-09-10 00:59:45,700 INFO gateway.run: Received SIGTERM as a planned --replace takeover — exiting cleanly
2026-09-10 00:59:45,701 WARNING gateway.run: Shutdown context: signal=SIGTERM under_systemd=yes parent_pid=1 parent_name=systemd loadavg_1m=0.17 parent_cmdline='/usr/lib/systemd/systemd --system --deserialize=75 vultr'
2026-09-10 00:59:45,702 INFO gateway.run: Stopping gateway...
2026-09-10 00:59:45,702 INFO gateway.run: Shutdown phase: notify_active_sessions done at +0.00s
2026-09-10 00:59:45,706 INFO gateway.run: Shutdown phase: drain done at +0.00s (drain took 0.00s, timed_out=False, active_at_start=0, active_now=0)
2026-09-10 00:59:45,706 INFO gateway.run: Shutdown phase: all adapters disconnected at +0.00s
2026-09-10 00:59:45,793 INFO gateway.run: Shutdown phase: final-cleanup tool kill done at +0.09s
2026-09-10 00:59:45,793 INFO gateway.run: Shutdown phase: SessionDB close done at +0.09s
2026-09-10 00:59:45,795 INFO gateway.run: Gateway stopped (total teardown 0.09s)
2026-09-10 00:59:46,611 INFO gateway.platforms.telegram: [Telegram] set_my_commands OK for scope BotCommandScopeDefault (30 cmds)
2026-09-10 00:59:46,895 INFO gateway.platforms.telegram: [Telegram] set_my_commands OK for scope BotCommandScopeAllPrivateChats (30 cmds)
2026-09-10 00:59:47,181 INFO gateway.platforms.telegram: [Telegram] set_my_commands OK for scope BotCommandScopeAllGroupChats (30 cmds)
2026-09-10 00:59:47,181 INFO gateway.platforms.telegram: [Telegram] Telegram menu: 30 commands registered, 71 hidden (over 30 limit). Use /commands for full list.
2026-09-10 00:59:47,183 INFO gateway.platforms.telegram: [Telegram] Connected to Telegram (polling mode)
2026-09-10 00:59:47,184 INFO gateway.run: ✓ telegram connected
2026-09-10 00:59:47,211 INFO gateway.run: Connecting to api_server...
2026-09-10 00:59:47,215 INFO gateway.platforms.api_server: [Api_Server] API server listening on http://0.0.0.0:8642 (model: hermes-agent)
2026-09-10 00:59:47,217 INFO gateway.run: ✓ api_server connected
2026-09-10 00:59:47,217 INFO gateway.run: Gateway running with 2 platform(s)
2026-09-10 00:59:47,221 INFO gateway.run: Channel directory built: 1 target(s)
2026-09-10 00:59:48,223 INFO gateway.run: Press Ctrl+C to stop
2026-09-10 00:59:48,270 INFO gateway.run: Cron ticker started (interval=60s)
2026-09-10 00:59:48,271 INFO gateway.run: Cron ticker stopped
2026-09-10 00:59:48,890 INFO gateway.run: Starting Hermes Gateway...
2026-09-10 00:59:48,890 INFO gateway.run: Session storage: /home/hermes/.hermes/sessions
2026-09-10 00:59:48,900 INFO gateway.run: Agent budget: max_iterations=90 (agent.max_turns from config.yaml, or HERMES_MAX_ITERATIONS from .env, or default 90)
2026-09-10 00:59:48,900 INFO gateway.run: Secret redaction: ENABLED (tool output, logs, and chat responses are scrubbed before delivery)
2026-09-10 00:59:48,907 INFO gateway.run: Previous gateway exited cleanly — skipping session suspension
2026-09-10 00:59:49,015 INFO gateway.run: Connecting to telegram...
2026-09-10 00:59:49,097 INFO gateway.platforms.telegram: [Telegram] Auto-discovered Telegram fallback IPs: 149.154.166.110
2026-09-10 00:59:49,097 INFO gateway.platforms.telegram: [Telegram] Telegram fallback IPs active: 149.154.166.110
2026-09-10 00:59:50,351 INFO gateway.platforms.telegram: [Telegram] set_my_commands OK for scope BotCommandScopeDefault (30 cmds)
2026-09-10 00:59:50,651 INFO gateway.platforms.telegram: [Telegram] set_my_commands OK for scope BotCommandScopeAllPrivateChats (30 cmds)
2026-09-10 00:59:50,947 INFO gateway.platforms.telegram: [Telegram] set_my_commands OK for scope BotCommandScopeAllGroupChats (30 cmds)
2026-09-10 00:59:50,947 INFO gateway.platforms.telegram: [Telegram] Telegram menu: 30 commands registered, 71 hidden (over 30 limit). Use /commands for full list.
2026-09-10 00:59:50,949 INFO gateway.platforms.telegram: [Telegram] Connected to Telegram (polling mode)
2026-09-10 00:59:50,950 INFO gateway.run: ✓ telegram connected
2026-09-10 00:59:50,975 INFO gateway.run: Connecting to api_server...
2026-09-10 00:59:50,979 INFO gateway.platforms.api_server: [Api_Server] API server listening on http://0.0.0.0:8642 (model: hermes-agent)
2026-09-10 00:59:50,981 INFO gateway.run: ✓ api_server connected
2026-09-10 00:59:50,982 INFO gateway.run: Gateway running with 2 platform(s)
2026-09-10 00:59:50,986 INFO gateway.run: Channel directory built: 1 target(s)
2026-09-10 00:59:51,988 INFO gateway.run: Press Ctrl+C to stop
2026-09-10 00:59:51,995 INFO gateway.run: Cron ticker started (interval=60s)
2026-09-10 00:59:57,023 INFO gateway.run: kanban dispatcher: embedded in gateway (interval=60.0s)
2026-09-10 01:04:49,581 INFO gateway.run: Received SIGTERM as a planned --replace takeover — exiting cleanly
2026-09-10 01:04:49,581 WARNING gateway.run: Shutdown context: signal=SIGTERM under_systemd=yes parent_pid=109079 parent_name=systemd loadavg_1m=0.03 parent_cmdline='/usr/lib/systemd/systemd --user'
2026-09-10 01:04:49,582 INFO gateway.run: Stopping gateway...
2026-09-10 01:04:49,582 INFO gateway.run: Shutdown phase: notify_active_sessions done at +0.00s
2026-09-10 01:04:49,583 INFO gateway.run: Shutdown phase: drain done at +0.00s (drain took 0.00s, timed_out=False, active_at_start=0, active_now=0)
2026-09-10 01:04:50,049 INFO gateway.platforms.telegram: [Telegram] Disconnected from Telegram
2026-09-10 01:04:50,049 INFO gateway.run: ✓ telegram disconnected (0.47s)
2026-09-10 01:04:50,050 INFO gateway.platforms.api_server: [Api_Server] API server stopped
2026-09-10 01:04:50,050 INFO gateway.run: ✓ api_server disconnected (0.00s)
2026-09-10 01:04:50,051 INFO gateway.run: Shutdown phase: all adapters disconnected at +0.47s
2026-09-10 01:04:50,136 INFO gateway.run: Shutdown phase: final-cleanup tool kill done at +0.55s
2026-09-10 01:04:50,137 INFO gateway.run: Shutdown phase: SessionDB close done at +0.55s
2026-09-10 01:04:50,138 INFO gateway.run: Gateway stopped (total teardown 0.56s)
2026-09-10 01:04:50,138 INFO gateway.run: Cron ticker stopped
2026-09-10 01:04:50,767 INFO gateway.run: Starting Hermes Gateway...
2026-09-10 01:04:50,767 INFO gateway.run: Session storage: /home/hermes/.hermes/sessions
2026-09-10 01:04:50,778 INFO gateway.run: Agent budget: max_iterations=90 (agent.max_turns from config.yaml, or HERMES_MAX_ITERATIONS from .env, or default 90)
2026-09-10 01:04:50,778 INFO gateway.run: Secret redaction: ENABLED (tool output, logs, and chat responses are scrubbed before delivery)
2026-09-10 01:04:50,784 INFO gateway.run: Previous gateway exited cleanly — skipping session suspension
2026-09-10 01:04:50,884 INFO gateway.run: Connecting to telegram...
2026-09-10 01:04:50,967 INFO gateway.platforms.telegram: [Telegram] Auto-discovered Telegram fallback IPs: 149.154.166.110
2026-09-10 01:04:50,967 INFO gateway.platforms.telegram: [Telegram] Telegram fallback IPs active: 149.154.166.110
2026-09-10 01:04:52,256 INFO gateway.platforms.telegram: [Telegram] set_my_commands OK for scope BotCommandScopeDefault (30 cmds)
2026-09-10 01:04:52,567 INFO gateway.platforms.telegram: [Telegram] set_my_commands OK for scope BotCommandScopeAllPrivateChats (30 cmds)
2026-09-10 01:04:52,913 INFO gateway.platforms.telegram: [Telegram] set_my_commands OK for scope BotCommandScopeAllGroupChats (30 cmds)
2026-09-10 01:04:52,913 INFO gateway.platforms.telegram: [Telegram] Telegram menu: 30 commands registered, 71 hidden (over 30 limit). Use /commands for full list.
2026-09-10 01:04:52,914 INFO gateway.platforms.telegram: [Telegram] Connected to Telegram (polling mode)
2026-09-10 01:04:52,916 INFO gateway.run: ✓ telegram connected
2026-09-10 01:04:52,941 INFO gateway.run: Connecting to api_server...
2026-09-10 01:04:52,945 INFO gateway.platforms.api_server: [Api_Server] API server listening on http://0.0.0.0:8642 (model: hermes-agent)
2026-09-10 01:04:52,946 INFO gateway.run: ✓ api_server connected
2026-09-10 01:04:52,947 INFO gateway.run: Gateway running with 2 platform(s)
2026-09-10 01:04:52,951 INFO gateway.run: Channel directory built: 1 target(s)
2026-09-10 01:04:53,953 INFO gateway.run: Press Ctrl+C to stop
2026-09-10 01:04:53,960 INFO gateway.run: Cron ticker started (interval=60s)
2026-09-10 01:04:56,373 INFO gateway.run: Received SIGTERM as a planned --replace takeover — exiting cleanly
2026-09-10 01:04:56,374 WARNING gateway.run: Shutdown context: signal=SIGTERM under_systemd=yes parent_pid=1 parent_name=systemd loadavg_1m=0.11 parent_cmdline='/usr/lib/systemd/systemd --system --deserialize=75 vultr'
2026-09-10 01:04:56,375 INFO gateway.run: Stopping gateway...
2026-09-10 01:04:56,375 INFO gateway.run: Shutdown phase: notify_active_sessions done at +0.00s
2026-09-10 01:04:56,376 INFO gateway.run: Shutdown phase: drain done at +0.00s (drain took 0.00s, timed_out=False, active_at_start=0, active_now=0)
2026-09-10 01:04:56,916 INFO gateway.platforms.telegram: [Telegram] Disconnected from Telegram
2026-09-10 01:04:56,916 INFO gateway.run: ✓ telegram disconnected (0.54s)
2026-09-10 01:04:56,918 INFO gateway.platforms.api_server: [Api_Server] API server stopped
2026-09-10 01:04:56,918 INFO gateway.run: ✓ api_server disconnected (0.00s)
2026-09-10 01:04:56,918 INFO gateway.run: Shutdown phase: all adapters disconnected at +0.54s
2026-09-10 01:04:57,054 INFO gateway.run: Shutdown phase: final-cleanup tool kill done at +0.68s
2026-09-10 01:04:57,054 INFO gateway.run: Shutdown phase: SessionDB close done at +0.68s
2026-09-10 01:04:57,056 INFO gateway.run: Gateway stopped (total teardown 0.68s)
2026-09-10 01:04:57,056 INFO gateway.run: Cron ticker stopped
2026-09-10 01:04:57,546 INFO gateway.run: Starting Hermes Gateway...
2026-09-10 01:04:57,546 INFO gateway.run: Session storage: /home/hermes/.hermes/sessions
2026-09-10 01:04:57,554 INFO gateway.run: Agent budget: max_iterations=90 (agent.max_turns from config.yaml, or HERMES_MAX_ITERATIONS from .env, or default 90)
2026-09-10 01:04:57,554 INFO gateway.run: Secret redaction: ENABLED (tool output, logs, and chat responses are scrubbed before delivery)
2026-09-10 01:04:57,561 INFO gateway.run: Previous gateway exited cleanly — skipping session suspension
2026-09-10 01:04:57,667 INFO gateway.run: Connecting to telegram...
2026-09-10 01:04:57,760 INFO gateway.platforms.telegram: [Telegram] Auto-discovered Telegram fallback IPs: 149.154.166.110
2026-09-10 01:04:57,760 INFO gateway.platforms.telegram: [Telegram] Telegram fallback IPs active: 149.154.166.110
2026-09-10 01:04:59,162 INFO gateway.platforms.telegram: [Telegram] set_my_commands OK for scope BotCommandScopeDefault (30 cmds)
2026-09-10 01:04:59,486 INFO gateway.platforms.telegram: [Telegram] set_my_commands OK for scope BotCommandScopeAllPrivateChats (30 cmds)
2026-09-10 01:04:59,807 INFO gateway.platforms.telegram: [Telegram] set_my_commands OK for scope BotCommandScopeAllGroupChats (30 cmds)
2026-09-10 01:04:59,808 INFO gateway.platforms.telegram: [Telegram] Telegram menu: 30 commands registered, 71 hidden (over 30 limit). Use /commands for full list.
2026-09-10 01:04:59,809 INFO gateway.platforms.telegram: [Telegram] Connected to Telegram (polling mode)
2026-09-10 01:04:59,811 INFO gateway.run: ✓ telegram connected
2026-09-10 01:04:59,835 INFO gateway.run: Connecting to api_server...
2026-09-10 01:04:59,839 INFO gateway.platforms.api_server: [Api_Server] API server listening on http://0.0.0.0:8642 (model: hermes-agent)
2026-09-10 01:04:59,841 INFO gateway.run: ✓ api_server connected
2026-09-10 01:04:59,842 INFO gateway.run: Gateway running with 2 platform(s)
2026-09-10 01:04:59,848 INFO gateway.run: Channel directory built: 1 target(s)
2026-09-10 01:05:00,850 INFO gateway.run: Press Ctrl+C to stop
2026-09-10 01:05:00,857 INFO gateway.run: Cron ticker started (interval=60s)
2026-09-10 01:05:05,883 INFO gateway.run: kanban dispatcher: embedded in gateway (interval=60.0s)
2026-09-10 01:09:58,360 INFO gateway.run: Received SIGTERM as a planned --replace takeover — exiting cleanly
2026-09-10 01:09:58,360 WARNING gateway.run: Shutdown context: signal=SIGTERM under_systemd=yes parent_pid=109079 parent_name=systemd loadavg_1m=0.00 parent_cmdline='/usr/lib/systemd/systemd --user'
2026-09-10 01:09:58,361 INFO gateway.run: Stopping gateway...
2026-09-10 01:09:58,362 INFO gateway.run: Shutdown phase: notify_active_sessions done at +0.00s
2026-09-10 01:09:58,363 INFO gateway.run: Shutdown phase: drain done at +0.00s (drain took 0.00s, timed_out=False, active_at_start=0, active_now=0)
2026-09-10 01:09:58,940 INFO gateway.platforms.telegram: [Telegram] Disconnected from Telegram
2026-09-10 01:09:58,941 INFO gateway.run: ✓ telegram disconnected (0.58s)
2026-09-10 01:09:58,942 INFO gateway.platforms.api_server: [Api_Server] API server stopped
2026-09-10 01:09:58,942 INFO gateway.run: ✓ api_server disconnected (0.00s)
2026-09-10 01:09:58,942 INFO gateway.run: Shutdown phase: all adapters disconnected at +0.58s
2026-09-10 01:09:59,030 INFO gateway.run: Shutdown phase: final-cleanup tool kill done at +0.67s
2026-09-10 01:09:59,031 INFO gateway.run: Shutdown phase: SessionDB close done at +0.67s
2026-09-10 01:09:59,032 INFO gateway.run: Gateway stopped (total teardown 0.67s)
2026-09-10 01:09:59,032 INFO gateway.run: Cron ticker stopped
2026-09-10 01:09:59,538 INFO gateway.run: Starting Hermes Gateway...
2026-09-10 01:09:59,538 INFO gateway.run: Session storage: /home/hermes/.hermes/sessions
2026-09-10 01:09:59,549 INFO gateway.run: Agent budget: max_iterations=90 (agent.max_turns from config.yaml, or HERMES_MAX_ITERATIONS from .env, or default 90)
2026-09-10 01:09:59,549 INFO gateway.run: Secret redaction: ENABLED (tool output, logs, and chat responses are scrubbed before delivery)
2026-09-10 01:09:59,555 INFO gateway.run: Previous gateway exited cleanly — skipping session suspension
2026-09-10 01:09:59,667 INFO gateway.run: Connecting to telegram...
2026-09-10 01:09:59,744 INFO gateway.platforms.telegram: [Telegram] Auto-discovered Telegram fallback IPs: 149.154.166.110
2026-09-10 01:09:59,744 INFO gateway.platforms.telegram: [Telegram] Telegram fallback IPs active: 149.154.166.110
2026-09-10 01:10:00,898 INFO gateway.platforms.telegram: [Telegram] set_my_commands OK for scope BotCommandScopeDefault (30 cmds)
2026-09-10 01:10:01,225 INFO gateway.platforms.telegram: [Telegram] set_my_commands OK for scope BotCommandScopeAllPrivateChats (30 cmds)
2026-09-10 01:10:01,530 INFO gateway.platforms.telegram: [Telegram] set_my_commands OK for scope BotCommandScopeAllGroupChats (30 cmds)
2026-09-10 01:10:01,530 INFO gateway.platforms.telegram: [Telegram] Telegram menu: 30 commands registered, 71 hidden (over 30 limit). Use /commands for full list.
2026-09-10 01:10:01,532 INFO gateway.platforms.telegram: [Telegram] Connected to Telegram (polling mode)
2026-09-10 01:10:01,534 INFO gateway.run: ✓ telegram connected
2026-09-10 01:10:01,564 INFO gateway.run: Connecting to api_server...
2026-09-10 01:10:01,569 INFO gateway.platforms.api_server: [Api_Server] API server listening on http://0.0.0.0:8642 (model: hermes-agent)
2026-09-10 01:10:01,571 INFO gateway.run: ✓ api_server connected
2026-09-10 01:10:01,572 INFO gateway.run: Gateway running with 2 platform(s)
2026-09-10 01:10:01,577 INFO gateway.run: Channel directory built: 1 target(s)
2026-09-10 01:10:02,579 INFO gateway.run: Press Ctrl+C to stop
2026-09-10 01:10:02,586 INFO gateway.run: Cron ticker started (interval=60s)
2026-09-10 01:10:07,611 INFO gateway.run: kanban dispatcher: embedded in gateway (interval=60.0s)
2026-09-10 01:10:11,604 INFO gateway.run: Received SIGTERM as a planned --replace takeover — exiting cleanly
2026-09-10 01:10:11,604 WARNING gateway.run: Shutdown context: signal=SIGTERM under_systemd=yes parent_pid=1 parent_name=systemd loadavg_1m=0.07 parent_cmdline='/usr/lib/systemd/systemd --system --deserialize=75 vultr'
2026-09-10 01:10:11,605 INFO gateway.run: Stopping gateway...
2026-09-10 01:10:11,605 INFO gateway.run: Shutdown phase: notify_active_sessions done at +0.00s
2026-09-10 01:10:11,606 INFO gateway.run: Shutdown phase: drain done at +0.00s (drain took 0.00s, timed_out=False, active_at_start=0, active_now=0)
2026-09-10 01:10:15,163 INFO gateway.platforms.telegram: [Telegram] Disconnected from Telegram
2026-09-10 01:10:15,163 INFO gateway.run: ✓ telegram disconnected (3.56s)
2026-09-10 01:10:15,164 INFO gateway.platforms.api_server: [Api_Server] API server stopped
2026-09-10 01:10:15,164 INFO gateway.run: ✓ api_server disconnected (0.00s)
2026-09-10 01:10:15,164 INFO gateway.run: Shutdown phase: all adapters disconnected at +3.56s
2026-09-10 01:10:15,247 INFO gateway.run: Shutdown phase: final-cleanup tool kill done at +3.64s
2026-09-10 01:10:15,248 INFO gateway.run: Shutdown phase: SessionDB close done at +3.64s
2026-09-10 01:10:15,249 INFO gateway.run: Gateway stopped (total teardown 3.64s)
2026-09-10 01:10:15,249 INFO gateway.run: Cron ticker stopped
2026-09-10 01:10:15,782 INFO gateway.run: Starting Hermes Gateway...
2026-09-10 01:10:15,782 INFO gateway.run: Session storage: /home/hermes/.hermes/sessions
2026-09-10 01:10:15,791 INFO gateway.run: Agent budget: max_iterations=90 (agent.max_turns from config.yaml, or HERMES_MAX_ITERATIONS from .env, or default 90)
2026-09-10 01:10:15,792 INFO gateway.run: Secret redaction: ENABLED (tool output, logs, and chat responses are scrubbed before delivery)
2026-09-10 01:10:15,798 INFO gateway.run: Previous gateway exited cleanly — skipping session suspension
2026-09-10 01:10:15,897 INFO gateway.run: Connecting to telegram...
2026-09-10 01:10:15,983 INFO gateway.platforms.telegram: [Telegram] Auto-discovered Telegram fallback IPs: 149.154.166.110
2026-09-10 01:10:15,983 INFO gateway.platforms.telegram: [Telegram] Telegram fallback IPs active: 149.154.166.110
2026-09-10 01:10:17,137 INFO gateway.platforms.telegram: [Telegram] set_my_commands OK for scope BotCommandScopeDefault (30 cmds)
2026-09-10 01:10:17,421 INFO gateway.platforms.telegram: [Telegram] set_my_commands OK for scope BotCommandScopeAllPrivateChats (30 cmds)
2026-09-10 01:10:17,707 INFO gateway.platforms.telegram: [Telegram] set_my_commands OK for scope BotCommandScopeAllGroupChats (30 cmds)
2026-09-10 01:10:17,707 INFO gateway.platforms.telegram: [Telegram] Telegram menu: 30 commands registered, 71 hidden (over 30 limit). Use /commands for full list.
2026-09-10 01:10:17,709 INFO gateway.platforms.telegram: [Telegram] Connected to Telegram (polling mode)
2026-09-10 01:10:17,711 INFO gateway.run: ✓ telegram connected
2026-09-10 01:10:17,738 INFO gateway.run: Connecting to api_server...
2026-09-10 01:10:17,742 INFO gateway.platforms.api_server: [Api_Server] API server listening on http://0.0.0.0:8642 (model: hermes-agent)
2026-09-10 01:10:17,744 INFO gateway.run: ✓ api_server connected
2026-09-10 01:10:17,745 INFO gateway.run: Gateway running with 2 platform(s)
2026-09-10 01:10:17,749 INFO gateway.run: Channel directory built: 1 target(s)
2026-09-10 01:10:18,751 INFO gateway.run: Press Ctrl+C to stop
2026-09-10 01:10:18,757 INFO gateway.run: Cron ticker started (interval=60s)
2026-09-10 01:10:23,783 INFO gateway.run: kanban dispatcher: embedded in gateway (interval=60.0s)
2026-09-10 01:15:16,644 INFO gateway.run: Received SIGTERM as a planned --replace takeover — exiting cleanly
2026-09-10 01:15:16,644 WARNING gateway.run: Shutdown context: signal=SIGTERM under_systemd=yes parent_pid=109079 parent_name=systemd loadavg_1m=0.16 parent_cmdline='/usr/lib/systemd/systemd --user'
2026-09-10 01:15:16,645 INFO gateway.run: Stopping gateway...
2026-09-10 01:15:16,645 INFO gateway.run: Shutdown phase: notify_active_sessions done at +0.00s
2026-09-10 01:15:16,647 INFO gateway.run: Shutdown phase: drain done at +0.00s (drain took 0.00s, timed_out=False, active_at_start=0, active_now=0)
2026-09-10 01:15:17,141 INFO gateway.platforms.telegram: [Telegram] Disconnected from Telegram
2026-09-10 01:15:17,141 INFO gateway.run: ✓ telegram disconnected (0.49s)
2026-09-10 01:15:17,143 INFO gateway.platforms.api_server: [Api_Server] API server stopped
2026-09-10 01:15:17,143 INFO gateway.run: ✓ api_server disconnected (0.00s)
2026-09-10 01:15:17,143 INFO gateway.run: Shutdown phase: all adapters disconnected at +0.50s
2026-09-10 01:15:17,236 INFO gateway.run: Shutdown phase: final-cleanup tool kill done at +0.59s
2026-09-10 01:15:17,237 INFO gateway.run: Shutdown phase: SessionDB close done at +0.59s
2026-09-10 01:15:17,238 INFO gateway.run: Gateway stopped (total teardown 0.59s)
2026-09-10 01:15:17,238 INFO gateway.run: Cron ticker stopped
2026-09-10 01:15:17,823 INFO gateway.run: Starting Hermes Gateway...
2026-09-10 01:15:17,823 INFO gateway.run: Session storage: /home/hermes/.hermes/sessions
2026-09-10 01:15:17,834 INFO gateway.run: Agent budget: max_iterations=90 (agent.max_turns from config.yaml, or HERMES_MAX_ITERATIONS from .env, or default 90)
2026-09-10 01:15:17,834 INFO gateway.run: Secret redaction: ENABLED (tool output, logs, and chat responses are scrubbed before delivery)
2026-09-10 01:15:17,840 INFO gateway.run: Previous gateway exited cleanly — skipping session suspension
2026-09-10 01:15:17,941 INFO gateway.run: Connecting to telegram...
2026-09-10 01:15:18,010 INFO gateway.platforms.telegram: [Telegram] Auto-discovered Telegram fallback IPs: 149.154.166.110
2026-09-10 01:15:18,010 INFO gateway.platforms.telegram: [Telegram] Telegram fallback IPs active: 149.154.166.110
2026-09-10 01:15:19,313 INFO gateway.platforms.telegram: [Telegram] set_my_commands OK for scope BotCommandScopeDefault (30 cmds)
2026-09-10 01:15:19,616 INFO gateway.platforms.telegram: [Telegram] set_my_commands OK for scope BotCommandScopeAllPrivateChats (30 cmds)
2026-09-10 01:15:19,920 INFO gateway.platforms.telegram: [Telegram] set_my_commands OK for scope BotCommandScopeAllGroupChats (30 cmds)
2026-09-10 01:15:19,921 INFO gateway.platforms.telegram: [Telegram] Telegram menu: 30 commands registered, 71 hidden (over 30 limit). Use /commands for full list.
2026-09-10 01:15:19,922 INFO gateway.platforms.telegram: [Telegram] Connected to Telegram (polling mode)
2026-09-10 01:15:19,924 INFO gateway.run: ✓ telegram connected
2026-09-10 01:15:19,951 INFO gateway.run: Connecting to api_server...
2026-09-10 01:15:19,955 INFO gateway.platforms.api_server: [Api_Server] API server listening on http://0.0.0.0:8642 (model: hermes-agent)
2026-09-10 01:15:19,957 INFO gateway.run: ✓ api_server connected
2026-09-10 01:15:19,958 INFO gateway.run: Gateway running with 2 platform(s)
2026-09-10 01:15:19,963 INFO gateway.run: Channel directory built: 1 target(s)
2026-09-10 01:15:20,965 INFO gateway.run: Press Ctrl+C to stop
2026-09-10 01:15:20,972 INFO gateway.run: Cron ticker started (interval=60s)
2026-09-10 01:15:25,997 INFO gateway.run: kanban dispatcher: embedded in gateway (interval=60.0s)
2026-09-10 01:15:44,368 INFO gateway.run: Received SIGTERM as a planned --replace takeover — exiting cleanly
2026-09-10 01:15:44,368 WARNING gateway.run: Shutdown context: signal=SIGTERM under_systemd=yes parent_pid=1 parent_name=systemd loadavg_1m=0.10 parent_cmdline='/usr/lib/systemd/systemd --system --deserialize=75 vultr'
2026-09-10 01:15:44,370 INFO gateway.run: Stopping gateway...
2026-09-10 01:15:44,370 INFO gateway.run: Shutdown phase: notify_active_sessions done at +0.00s
2026-09-10 01:15:44,371 INFO gateway.run: Shutdown phase: drain done at +0.00s (drain took 0.00s, timed_out=False, active_at_start=0, active_now=0)
2026-09-10 01:15:44,884 INFO gateway.platforms.telegram: [Telegram] Disconnected from Telegram
2026-09-10 01:15:44,885 INFO gateway.run: ✓ telegram disconnected (0.51s)
2026-09-10 01:15:44,886 INFO gateway.platforms.api_server: [Api_Server] API server stopped
2026-09-10 01:15:44,886 INFO gateway.run: ✓ api_server disconnected (0.00s)
2026-09-10 01:15:44,886 INFO gateway.run: Shutdown phase: all adapters disconnected at +0.52s
2026-09-10 01:15:44,976 INFO gateway.run: Shutdown phase: final-cleanup tool kill done at +0.61s
2026-09-10 01:15:44,977 INFO gateway.run: Shutdown phase: SessionDB close done at +0.61s
2026-09-10 01:15:44,978 INFO gateway.run: Gateway stopped (total teardown 0.61s)
2026-09-10 01:15:44,978 INFO gateway.run: Cron ticker stopped
2026-09-10 01:15:45,564 INFO gateway.run: Starting Hermes Gateway...
2026-09-10 01:15:45,565 INFO gateway.run: Session storage: /home/hermes/.hermes/sessions
2026-09-10 01:15:45,573 INFO gateway.run: Agent budget: max_iterations=90 (agent.max_turns from config.yaml, or HERMES_MAX_ITERATIONS from .env, or default 90)
2026-09-10 01:15:45,573 INFO gateway.run: Secret redaction: ENABLED (tool output, logs, and chat responses are scrubbed before delivery)
2026-09-10 01:15:45,579 INFO gateway.run: Previous gateway exited cleanly — skipping session suspension
2026-09-10 01:15:45,685 INFO gateway.run: Connecting to telegram...
2026-09-10 01:15:45,768 INFO gateway.platforms.telegram: [Telegram] Auto-discovered Telegram fallback IPs: 149.154.166.110
2026-09-10 01:15:45,768 INFO gateway.platforms.telegram: [Telegram] Telegram fallback IPs active: 149.154.166.110
2026-09-10 01:15:47,071 INFO gateway.platforms.telegram: [Telegram] set_my_commands OK for scope BotCommandScopeDefault (30 cmds)
2026-09-10 01:15:47,379 INFO gateway.platforms.telegram: [Telegram] set_my_commands OK for scope BotCommandScopeAllPrivateChats (30 cmds)
2026-09-10 01:15:47,687 INFO gateway.platforms.telegram: [Telegram] set_my_commands OK for scope BotCommandScopeAllGroupChats (30 cmds)
2026-09-10 01:15:47,688 INFO gateway.platforms.telegram: [Telegram] Telegram menu: 30 commands registered, 71 hidden (over 30 limit). Use /commands for full list.
2026-09-10 01:15:47,689 INFO gateway.platforms.telegram: [Telegram] Connected to Telegram (polling mode)
2026-09-10 01:15:47,691 INFO gateway.run: ✓ telegram connected
2026-09-10 01:15:47,717 INFO gateway.run: Connecting to api_server...
2026-09-10 01:15:47,720 INFO gateway.platforms.api_server: [Api_Server] API server listening on http://0.0.0.0:8642 (model: hermes-agent)
2026-09-10 01:15:47,722 INFO gateway.run: ✓ api_server connected
2026-09-10 01:15:47,723 INFO gateway.run: Gateway running with 2 platform(s)
2026-09-10 01:15:47,727 INFO gateway.run: Channel directory built: 1 target(s)
2026-09-10 01:15:48,728 INFO gateway.run: Press Ctrl+C to stop
2026-09-10 01:15:48,735 INFO gateway.run: Cron ticker started (interval=60s)
2026-09-10 01:15:53,759 INFO gateway.run: kanban dispatcher: embedded in gateway (interval=60.0s)
2026-09-10 01:20:46,365 INFO gateway.run: Received SIGTERM as a planned --replace takeover — exiting cleanly
2026-09-10 01:20:46,365 WARNING gateway.run: Shutdown context: signal=SIGTERM under_systemd=yes parent_pid=109079 parent_name=systemd loadavg_1m=0.08 parent_cmdline='/usr/lib/systemd/systemd --user'
2026-09-10 01:20:46,366 INFO gateway.run: Stopping gateway...
2026-09-10 01:20:46,366 INFO gateway.run: Shutdown phase: notify_active_sessions done at +0.00s
2026-09-10 01:20:46,367 INFO gateway.run: Shutdown phase: drain done at +0.00s (drain took 0.00s, timed_out=False, active_at_start=0, active_now=0)
2026-09-10 01:20:46,826 INFO gateway.platforms.telegram: [Telegram] Disconnected from Telegram
2026-09-10 01:20:46,826 INFO gateway.run: ✓ telegram disconnected (0.46s)
2026-09-10 01:20:46,828 INFO gateway.platforms.api_server: [Api_Server] API server stopped
2026-09-10 01:20:46,828 INFO gateway.run: ✓ api_server disconnected (0.00s)
2026-09-10 01:20:46,828 INFO gateway.run: Shutdown phase: all adapters disconnected at +0.46s
2026-09-10 01:20:46,915 INFO gateway.run: Shutdown phase: final-cleanup tool kill done at +0.55s
2026-09-10 01:20:46,915 INFO gateway.run: Shutdown phase: SessionDB close done at +0.55s
2026-09-10 01:20:46,917 INFO gateway.run: Gateway stopped (total teardown 0.55s)
2026-09-10 01:20:46,917 INFO gateway.run: Cron ticker stopped
2026-09-10 01:20:47,542 INFO gateway.run: Starting Hermes Gateway...
2026-09-10 01:20:47,542 INFO gateway.run: Session storage: /home/hermes/.hermes/sessions
2026-09-10 01:20:47,553 INFO gateway.run: Agent budget: max_iterations=90 (agent.max_turns from config.yaml, or HERMES_MAX_ITERATIONS from .env, or default 90)
2026-09-10 01:20:47,553 INFO gateway.run: Secret redaction: ENABLED (tool output, logs, and chat responses are scrubbed before delivery)
2026-09-10 01:20:47,559 INFO gateway.run: Previous gateway exited cleanly — skipping session suspension
2026-09-10 01:20:47,661 INFO gateway.run: Connecting to telegram...
2026-09-10 01:20:47,745 INFO gateway.platforms.telegram: [Telegram] Auto-discovered Telegram fallback IPs: 149.154.166.110
2026-09-10 01:20:47,746 INFO gateway.platforms.telegram: [Telegram] Telegram fallback IPs active: 149.154.166.110
2026-09-10 01:20:48,939 INFO gateway.platforms.telegram: [Telegram] set_my_commands OK for scope BotCommandScopeDefault (30 cmds)
2026-09-10 01:20:49,222 INFO gateway.platforms.telegram: [Telegram] set_my_commands OK for scope BotCommandScopeAllPrivateChats (30 cmds)
2026-09-10 01:20:49,507 INFO gateway.platforms.telegram: [Telegram] set_my_commands OK for scope BotCommandScopeAllGroupChats (30 cmds)
2026-09-10 01:20:49,507 INFO gateway.platforms.telegram: [Telegram] Telegram menu: 30 commands registered, 71 hidden (over 30 limit). Use /commands for full list.
2026-09-10 01:20:49,509 INFO gateway.platforms.telegram: [Telegram] Connected to Telegram (polling mode)
2026-09-10 01:20:49,510 INFO gateway.run: ✓ telegram connected
2026-09-10 01:20:49,534 INFO gateway.run: Connecting to api_server...
2026-09-10 01:20:49,538 INFO gateway.platforms.api_server: [Api_Server] API server listening on http://0.0.0.0:8642 (model: hermes-agent)
2026-09-10 01:20:49,540 INFO gateway.run: ✓ api_server connected
2026-09-10 01:20:49,541 INFO gateway.run: Gateway running with 2 platform(s)
2026-09-10 01:20:49,545 INFO gateway.run: Channel directory built: 1 target(s)
2026-09-10 01:20:50,547 INFO gateway.run: Press Ctrl+C to stop
2026-09-10 01:20:50,553 INFO gateway.run: Cron ticker started (interval=60s)
2026-09-10 01:20:55,578 INFO gateway.run: kanban dispatcher: embedded in gateway (interval=60.0s)
2026-09-10 01:21:46,582 INFO gateway.run: Received SIGTERM as a planned --replace takeover — exiting cleanly
2026-09-10 01:21:46,583 WARNING gateway.run: Shutdown context: signal=SIGTERM under_systemd=yes parent_pid=1 parent_name=systemd loadavg_1m=0.11 parent_cmdline='/usr/lib/systemd/systemd --system --deserialize=75 vultr'
2026-09-10 01:21:46,583 INFO gateway.run: Stopping gateway...
2026-09-10 01:21:46,584 INFO gateway.run: Shutdown phase: notify_active_sessions done at +0.00s
2026-09-10 01:21:46,584 INFO gateway.run: Shutdown phase: drain done at +0.00s (drain took 0.00s, timed_out=False, active_at_start=0, active_now=0)
2026-09-10 01:21:46,988 INFO gateway.platforms.telegram: [Telegram] Disconnected from Telegram
2026-09-10 01:21:46,988 INFO gateway.run: ✓ telegram disconnected (0.40s)
2026-09-10 01:21:46,990 INFO gateway.platforms.api_server: [Api_Server] API server stopped
2026-09-10 01:21:46,990 INFO gateway.run: ✓ api_server disconnected (0.00s)
2026-09-10 01:21:46,990 INFO gateway.run: Shutdown phase: all adapters disconnected at +0.41s
2026-09-10 01:21:47,074 INFO gateway.run: Shutdown phase: final-cleanup tool kill done at +0.49s
2026-09-10 01:21:47,074 INFO gateway.run: Shutdown phase: SessionDB close done at +0.49s
2026-09-10 01:21:47,076 INFO gateway.run: Gateway stopped (total teardown 0.49s)
2026-09-10 01:21:47,076 INFO gateway.run: Cron ticker stopped
2026-09-10 01:21:47,756 INFO gateway.run: Starting Hermes Gateway...
2026-09-10 01:21:47,756 INFO gateway.run: Session storage: /home/hermes/.hermes/sessions
2026-09-10 01:21:47,764 INFO gateway.run: Agent budget: max_iterations=90 (agent.max_turns from config.yaml, or HERMES_MAX_ITERATIONS from .env, or default 90)
2026-09-10 01:21:47,764 INFO gateway.run: Secret redaction: ENABLED (tool output, logs, and chat responses are scrubbed before delivery)
2026-09-10 01:21:47,770 INFO gateway.run: Previous gateway exited cleanly — skipping session suspension
2026-09-10 01:21:47,871 INFO gateway.run: Connecting to telegram...
2026-09-10 01:21:47,941 INFO gateway.platforms.telegram: [Telegram] Auto-discovered Telegram fallback IPs: 149.154.166.110
2026-09-10 01:21:47,941 INFO gateway.platforms.telegram: [Telegram] Telegram fallback IPs active: 149.154.166.110
2026-09-10 01:21:49,119 INFO gateway.platforms.telegram: [Telegram] set_my_commands OK for scope BotCommandScopeDefault (30 cmds)
2026-09-10 01:21:49,402 INFO gateway.platforms.telegram: [Telegram] set_my_commands OK for scope BotCommandScopeAllPrivateChats (30 cmds)
2026-09-10 01:21:49,694 INFO gateway.platforms.telegram: [Telegram] set_my_commands OK for scope BotCommandScopeAllGroupChats (30 cmds)
2026-09-10 01:21:49,694 INFO gateway.platforms.telegram: [Telegram] Telegram menu: 30 commands registered, 71 hidden (over 30 limit). Use /commands for full list.
2026-09-10 01:21:49,695 INFO gateway.platforms.telegram: [Telegram] Connected to Telegram (polling mode)
2026-09-10 01:21:49,697 INFO gateway.run: ✓ telegram connected
2026-09-10 01:21:49,721 INFO gateway.run: Connecting to api_server...
2026-09-10 01:21:49,725 INFO gateway.platforms.api_server: [Api_Server] API server listening on http://0.0.0.0:8642 (model: hermes-agent)
2026-09-10 01:21:49,726 INFO gateway.run: ✓ api_server connected
2026-09-10 01:21:49,727 INFO gateway.run: Gateway running with 2 platform(s)
2026-09-10 01:21:49,731 INFO gateway.run: Channel directory built: 1 target(s)
2026-09-10 01:21:50,733 INFO gateway.run: Press Ctrl+C to stop
2026-09-10 01:21:50,739 INFO gateway.run: Cron ticker started (interval=60s)
2026-09-10 01:21:55,763 INFO gateway.run: kanban dispatcher: embedded in gateway (interval=60.0s)
2026-09-10 01:26:48,362 INFO gateway.run: Received SIGTERM as a planned --replace takeover — exiting cleanly
2026-09-10 01:26:48,363 WARNING gateway.run: Shutdown context: signal=SIGTERM under_systemd=yes parent_pid=109079 parent_name=systemd loadavg_1m=0.02 parent_cmdline='/usr/lib/systemd/systemd --user'
2026-09-10 01:26:48,364 INFO gateway.run: Stopping gateway...
2026-09-10 01:26:48,364 INFO gateway.run: Shutdown phase: notify_active_sessions done at +0.00s
2026-09-10 01:26:48,365 INFO gateway.run: Shutdown phase: drain done at +0.00s (drain took 0.00s, timed_out=False, active_at_start=0, active_now=0)
2026-09-10 01:26:48,904 INFO gateway.platforms.telegram: [Telegram] Disconnected from Telegram
2026-09-10 01:26:48,904 INFO gateway.run: ✓ telegram disconnected (0.54s)
2026-09-10 01:26:48,906 INFO gateway.platforms.api_server: [Api_Server] API server stopped
2026-09-10 01:26:48,906 INFO gateway.run: ✓ api_server disconnected (0.00s)
2026-09-10 01:26:48,906 INFO gateway.run: Shutdown phase: all adapters disconnected at +0.54s
2026-09-10 01:26:48,992 INFO gateway.run: Shutdown phase: final-cleanup tool kill done at +0.63s
2026-09-10 01:26:48,993 INFO gateway.run: Shutdown phase: SessionDB close done at +0.63s
2026-09-10 01:26:48,994 INFO gateway.run: Gateway stopped (total teardown 0.63s)
2026-09-10 01:26:48,995 INFO gateway.run: Cron ticker stopped
2026-09-10 01:26:49,542 INFO gateway.run: Starting Hermes Gateway...
2026-09-10 01:26:49,542 INFO gateway.run: Session storage: /home/hermes/.hermes/sessions
2026-09-10 01:26:49,552 INFO gateway.run: Agent budget: max_iterations=90 (agent.max_turns from config.yaml, or HERMES_MAX_ITERATIONS from .env, or default 90)
2026-09-10 01:26:49,552 INFO gateway.run: Secret redaction: ENABLED (tool output, logs, and chat responses are scrubbed before delivery)
2026-09-10 01:26:49,559 INFO gateway.run: Previous gateway exited cleanly — skipping session suspension
2026-09-10 01:26:49,659 INFO gateway.run: Connecting to telegram...
2026-09-10 01:26:49,730 INFO gateway.platforms.telegram: [Telegram] Auto-discovered Telegram fallback IPs: 149.154.166.110
2026-09-10 01:26:49,730 INFO gateway.platforms.telegram: [Telegram] Telegram fallback IPs active: 149.154.166.110
2026-09-10 01:26:50,967 INFO gateway.platforms.telegram: [Telegram] set_my_commands OK for scope BotCommandScopeDefault (30 cmds)
2026-09-10 01:26:51,264 INFO gateway.platforms.telegram: [Telegram] set_my_commands OK for scope BotCommandScopeAllPrivateChats (30 cmds)
2026-09-10 01:26:51,569 INFO gateway.platforms.telegram: [Telegram] set_my_commands OK for scope BotCommandScopeAllGroupChats (30 cmds)
2026-09-10 01:26:51,570 INFO gateway.platforms.telegram: [Telegram] Telegram menu: 30 commands registered, 71 hidden (over 30 limit). Use /commands for full list.
2026-09-10 01:26:51,571 INFO gateway.platforms.telegram: [Telegram] Connected to Telegram (polling mode)
2026-09-10 01:26:51,573 INFO gateway.run: ✓ telegram connected
2026-09-10 01:26:51,600 INFO gateway.run: Connecting to api_server...
2026-09-10 01:26:51,604 INFO gateway.platforms.api_server: [Api_Server] API server listening on http://0.0.0.0:8642 (model: hermes-agent)
2026-09-10 01:26:51,606 INFO gateway.run: ✓ api_server connected
2026-09-10 01:26:51,607 INFO gateway.run: Gateway running with 2 platform(s)
2026-09-10 01:26:51,611 INFO gateway.run: Channel directory built: 1 target(s)
2026-09-10 01:26:52,613 INFO gateway.run: Press Ctrl+C to stop
2026-09-10 01:26:52,619 INFO gateway.run: Cron ticker started (interval=60s)
2026-09-10 01:26:57,643 INFO gateway.run: kanban dispatcher: embedded in gateway (interval=60.0s)
2026-09-10 01:29:02,610 INFO gateway.run: Received SIGTERM as a planned --replace takeover — exiting cleanly
2026-09-10 01:29:02,610 WARNING gateway.run: Shutdown context: signal=SIGTERM under_systemd=yes parent_pid=1 parent_name=systemd loadavg_1m=0.00 parent_cmdline='/usr/lib/systemd/systemd --system --deserialize=75 vultr'
2026-09-10 01:29:02,612 INFO gateway.run: Stopping gateway...
2026-09-10 01:29:02,612 INFO gateway.run: Shutdown phase: notify_active_sessions done at +0.00s
2026-09-10 01:29:02,612 INFO gateway.run: Shutdown phase: drain done at +0.00s (drain took 0.00s, timed_out=False, active_at_start=0, active_now=0)
2026-09-10 01:29:03,122 INFO gateway.platforms.telegram: [Telegram] Disconnected from Telegram
2026-09-10 01:29:03,122 INFO gateway.run: ✓ telegram disconnected (0.51s)
2026-09-10 01:29:03,123 INFO gateway.platforms.api_server: [Api_Server] API server stopped
2026-09-10 01:29:03,123 INFO gateway.run: ✓ api_server disconnected (0.00s)
2026-09-10 01:29:03,123 INFO gateway.run: Shutdown phase: all adapters disconnected at +0.51s
2026-09-10 01:29:03,207 INFO gateway.run: Shutdown phase: final-cleanup tool kill done at +0.60s
2026-09-10 01:29:03,208 INFO gateway.run: Shutdown phase: SessionDB close done at +0.60s
2026-09-10 01:29:03,209 INFO gateway.run: Gateway stopped (total teardown 0.60s)
2026-09-10 01:29:03,209 INFO gateway.run: Cron ticker stopped
2026-09-10 01:29:03,786 INFO gateway.run: Starting Hermes Gateway...
2026-09-10 01:29:03,786 INFO gateway.run: Session storage: /home/hermes/.hermes/sessions
2026-09-10 01:29:03,794 INFO gateway.run: Agent budget: max_iterations=90 (agent.max_turns from config.yaml, or HERMES_MAX_ITERATIONS from .env, or default 90)
2026-09-10 01:29:03,794 INFO gateway.run: Secret redaction: ENABLED (tool output, logs, and chat responses are scrubbed before delivery)
2026-09-10 01:29:03,800 INFO gateway.run: Previous gateway exited cleanly — skipping session suspension
2026-09-10 01:29:03,898 INFO gateway.run: Connecting to telegram...
2026-09-10 01:29:03,975 INFO gateway.platforms.telegram: [Telegram] Auto-discovered Telegram fallback IPs: 149.154.166.110
2026-09-10 01:29:03,975 INFO gateway.platforms.telegram: [Telegram] Telegram fallback IPs active: 149.154.166.110
2026-09-10 01:29:05,198 INFO gateway.platforms.telegram: [Telegram] set_my_commands OK for scope BotCommandScopeDefault (30 cmds)
2026-09-10 01:29:05,492 INFO gateway.platforms.telegram: [Telegram] set_my_commands OK for scope BotCommandScopeAllPrivateChats (30 cmds)
2026-09-10 01:29:05,805 INFO gateway.platforms.telegram: [Telegram] set_my_commands OK for scope BotCommandScopeAllGroupChats (30 cmds)
2026-09-10 01:29:05,805 INFO gateway.platforms.telegram: [Telegram] Telegram menu: 30 commands registered, 71 hidden (over 30 limit). Use /commands for full list.
2026-09-10 01:29:05,807 INFO gateway.platforms.telegram: [Telegram] Connected to Telegram (polling mode)
2026-09-10 01:29:05,809 INFO gateway.run: ✓ telegram connected
2026-09-10 01:29:05,834 INFO gateway.run: Connecting to api_server...
2026-09-10 01:29:05,838 INFO gateway.platforms.api_server: [Api_Server] API server listening on http://0.0.0.0:8642 (model: hermes-agent)
2026-09-10 01:29:05,840 INFO gateway.run: ✓ api_server connected
2026-09-10 01:29:05,841 INFO gateway.run: Gateway running with 2 platform(s)
2026-09-10 01:29:05,846 INFO gateway.run: Channel directory built: 1 target(s)
2026-09-10 01:29:06,848 INFO gateway.run: Press Ctrl+C to stop
2026-09-10 01:29:06,856 INFO gateway.run: Cron ticker started (interval=60s)
2026-09-10 01:29:11,884 INFO gateway.run: kanban dispatcher: embedded in gateway (interval=60.0s)
2026-09-10 01:34:04,585 INFO gateway.run: Received SIGTERM as a planned --replace takeover — exiting cleanly
2026-09-10 01:34:04,585 WARNING gateway.run: Shutdown context: signal=SIGTERM under_systemd=yes parent_pid=109079 parent_name=systemd loadavg_1m=0.00 parent_cmdline='/usr/lib/systemd/systemd --user'
2026-09-10 01:34:04,587 INFO gateway.run: Stopping gateway...
2026-09-10 01:34:04,587 INFO gateway.run: Shutdown phase: notify_active_sessions done at +0.00s
2026-09-10 01:34:04,588 INFO gateway.run: Shutdown phase: drain done at +0.00s (drain took 0.00s, timed_out=False, active_at_start=0, active_now=0)
2026-09-10 01:34:05,107 INFO gateway.platforms.telegram: [Telegram] Disconnected from Telegram
2026-09-10 01:34:05,107 INFO gateway.run: ✓ telegram disconnected (0.52s)
2026-09-10 01:34:05,109 INFO gateway.platforms.api_server: [Api_Server] API server stopped
2026-09-10 01:34:05,109 INFO gateway.run: ✓ api_server disconnected (0.00s)
2026-09-10 01:34:05,109 INFO gateway.run: Shutdown phase: all adapters disconnected at +0.52s
2026-09-10 01:34:05,197 INFO gateway.run: Shutdown phase: final-cleanup tool kill done at +0.61s
2026-09-10 01:34:05,198 INFO gateway.run: Shutdown phase: SessionDB close done at +0.61s
2026-09-10 01:34:05,199 INFO gateway.run: Gateway stopped (total teardown 0.61s)
2026-09-10 01:34:05,199 INFO gateway.run: Cron ticker stopped
2026-09-10 01:34:05,773 INFO gateway.run: Starting Hermes Gateway...
2026-09-10 01:34:05,774 INFO gateway.run: Session storage: /home/hermes/.hermes/sessions
2026-09-10 01:34:05,785 INFO gateway.run: Agent budget: max_iterations=90 (agent.max_turns from config.yaml, or HERMES_MAX_ITERATIONS from .env, or default 90)
2026-09-10 01:34:05,785 INFO gateway.run: Secret redaction: ENABLED (tool output, logs, and chat responses are scrubbed before delivery)
2026-09-10 01:34:05,791 INFO gateway.run: Previous gateway exited cleanly — skipping session suspension
2026-09-10 01:34:05,896 INFO gateway.run: Connecting to telegram...
2026-09-10 01:34:05,974 INFO gateway.platforms.telegram: [Telegram] Auto-discovered Telegram fallback IPs: 149.154.166.110
2026-09-10 01:34:05,974 INFO gateway.platforms.telegram: [Telegram] Telegram fallback IPs active: 149.154.166.110
2026-09-10 01:34:07,108 INFO gateway.platforms.telegram: [Telegram] set_my_commands OK for scope BotCommandScopeDefault (30 cmds)
2026-09-10 01:34:07,381 INFO gateway.platforms.telegram: [Telegram] set_my_commands OK for scope BotCommandScopeAllPrivateChats (30 cmds)
2026-09-10 01:34:07,661 INFO gateway.platforms.telegram: [Telegram] set_my_commands OK for scope BotCommandScopeAllGroupChats (30 cmds)
2026-09-10 01:34:07,661 INFO gateway.platforms.telegram: [Telegram] Telegram menu: 30 commands registered, 71 hidden (over 30 limit). Use /commands for full list.
2026-09-10 01:34:07,662 INFO gateway.platforms.telegram: [Telegram] Connected to Telegram (polling mode)
2026-09-10 01:34:07,664 INFO gateway.run: ✓ telegram connected
2026-09-10 01:34:07,688 INFO gateway.run: Connecting to api_server...
2026-09-10 01:34:07,692 INFO gateway.platforms.api_server: [Api_Server] API server listening on http://0.0.0.0:8642 (model: hermes-agent)
2026-09-10 01:34:07,693 INFO gateway.run: ✓ api_server connected
2026-09-10 01:34:07,694 INFO gateway.run: Gateway running with 2 platform(s)
2026-09-10 01:34:07,698 INFO gateway.run: Channel directory built: 1 target(s)
2026-09-10 01:34:08,700 INFO gateway.run: Press Ctrl+C to stop
2026-09-10 01:34:08,706 INFO gateway.run: Cron ticker started (interval=60s)
2026-09-10 01:34:13,733 INFO gateway.run: kanban dispatcher: embedded in gateway (interval=60.0s)
2026-09-10 01:39:06,618 INFO gateway.run: Received SIGTERM as a planned --replace takeover — exiting cleanly
2026-09-10 01:39:06,618 WARNING gateway.run: Shutdown context: signal=SIGTERM under_systemd=yes parent_pid=1 parent_name=systemd loadavg_1m=0.12 parent_cmdline='/usr/lib/systemd/systemd --system --deserialize=75 vultr'
2026-09-10 01:39:06,619 INFO gateway.run: Stopping gateway...
2026-09-10 01:39:06,620 INFO gateway.run: Shutdown phase: notify_active_sessions done at +0.00s
2026-09-10 01:39:06,621 INFO gateway.run: Shutdown phase: drain done at +0.00s (drain took 0.00s, timed_out=False, active_at_start=0, active_now=0)
2026-09-10 01:39:07,278 INFO gateway.platforms.telegram: [Telegram] Disconnected from Telegram
2026-09-10 01:39:07,278 INFO gateway.run: ✓ telegram disconnected (0.66s)
2026-09-10 01:39:07,279 INFO gateway.platforms.api_server: [Api_Server] API server stopped
2026-09-10 01:39:07,280 INFO gateway.run: ✓ api_server disconnected (0.00s)
2026-09-10 01:39:07,280 INFO gateway.run: Shutdown phase: all adapters disconnected at +0.66s
2026-09-10 01:39:07,370 INFO gateway.run: Shutdown phase: final-cleanup tool kill done at +0.75s
2026-09-10 01:39:07,370 INFO gateway.run: Shutdown phase: SessionDB close done at +0.75s
2026-09-10 01:39:07,372 INFO gateway.run: Gateway stopped (total teardown 0.75s)
2026-09-10 01:39:07,372 INFO gateway.run: Cron ticker stopped
2026-09-10 01:39:07,794 INFO gateway.run: Starting Hermes Gateway...
2026-09-10 01:39:07,794 INFO gateway.run: Session storage: /home/hermes/.hermes/sessions
2026-09-10 01:39:07,803 INFO gateway.run: Agent budget: max_iterations=90 (agent.max_turns from config.yaml, or HERMES_MAX_ITERATIONS from .env, or default 90)
2026-09-10 01:39:07,804 INFO gateway.run: Secret redaction: ENABLED (tool output, logs, and chat responses are scrubbed before delivery)
2026-09-10 01:39:07,810 INFO gateway.run: Previous gateway exited cleanly — skipping session suspension
2026-09-10 01:39:07,917 INFO gateway.run: Connecting to telegram...
2026-09-10 01:39:07,990 INFO gateway.platforms.telegram: [Telegram] Auto-discovered Telegram fallback IPs: 149.154.166.110
2026-09-10 01:39:07,990 INFO gateway.platforms.telegram: [Telegram] Telegram fallback IPs active: 149.154.166.110
2026-09-10 01:39:09,290 INFO gateway.platforms.telegram: [Telegram] set_my_commands OK for scope BotCommandScopeDefault (30 cmds)
2026-09-10 01:39:09,604 INFO gateway.platforms.telegram: [Telegram] set_my_commands OK for scope BotCommandScopeAllPrivateChats (30 cmds)
2026-09-10 01:39:09,910 INFO gateway.platforms.telegram: [Telegram] set_my_commands OK for scope BotCommandScopeAllGroupChats (30 cmds)
2026-09-10 01:39:09,911 INFO gateway.platforms.telegram: [Telegram] Telegram menu: 30 commands registered, 71 hidden (over 30 limit). Use /commands for full list.
2026-09-10 01:39:09,912 INFO gateway.platforms.telegram: [Telegram] Connected to Telegram (polling mode)
2026-09-10 01:39:09,914 INFO gateway.run: ✓ telegram connected
2026-09-10 01:39:09,940 INFO gateway.run: Connecting to api_server...
2026-09-10 01:39:09,944 INFO gateway.platforms.api_server: [Api_Server] API server listening on http://0.0.0.0:8642 (model: hermes-agent)
2026-09-10 01:39:09,946 INFO gateway.run: ✓ api_server connected
2026-09-10 01:39:09,947 INFO gateway.run: Gateway running with 2 platform(s)
2026-09-10 01:39:09,952 INFO gateway.run: Channel directory built: 1 target(s)
2026-09-10 01:39:10,954 INFO gateway.run: Press Ctrl+C to stop
2026-09-10 01:39:10,960 INFO gateway.run: Cron ticker started (interval=60s)
2026-09-10 01:39:15,968 INFO gateway.run: kanban dispatcher: embedded in gateway (interval=60.0s)
2026-09-10 01:44:08,629 INFO gateway.run: Received SIGTERM as a planned --replace takeover — exiting cleanly
2026-09-10 01:44:08,630 WARNING gateway.run: Shutdown context: signal=SIGTERM under_systemd=yes parent_pid=109079 parent_name=systemd loadavg_1m=0.00 parent_cmdline='/usr/lib/systemd/systemd --user'
2026-09-10 01:44:08,631 INFO gateway.run: Stopping gateway...
2026-09-10 01:44:08,631 INFO gateway.run: Shutdown phase: notify_active_sessions done at +0.00s
2026-09-10 01:44:08,632 INFO gateway.run: Shutdown phase: drain done at +0.00s (drain took 0.00s, timed_out=False, active_at_start=0, active_now=0)
2026-09-10 01:44:09,097 INFO gateway.platforms.telegram: [Telegram] Disconnected from Telegram
2026-09-10 01:44:09,097 INFO gateway.run: ✓ telegram disconnected (0.46s)
2026-09-10 01:44:09,098 INFO gateway.platforms.api_server: [Api_Server] API server stopped
2026-09-10 01:44:09,098 INFO gateway.run: ✓ api_server disconnected (0.00s)
2026-09-10 01:44:09,099 INFO gateway.run: Shutdown phase: all adapters disconnected at +0.47s
2026-09-10 01:44:09,183 INFO gateway.run: Shutdown phase: final-cleanup tool kill done at +0.55s
2026-09-10 01:44:09,183 INFO gateway.run: Shutdown phase: SessionDB close done at +0.55s
2026-09-10 01:44:09,185 INFO gateway.run: Gateway stopped (total teardown 0.55s)
2026-09-10 01:44:09,185 INFO gateway.run: Cron ticker stopped
2026-09-10 01:44:09,808 INFO gateway.run: Starting Hermes Gateway...
2026-09-10 01:44:09,808 INFO gateway.run: Session storage: /home/hermes/.hermes/sessions
2026-09-10 01:44:09,819 INFO gateway.run: Agent budget: max_iterations=90 (agent.max_turns from config.yaml, or HERMES_MAX_ITERATIONS from .env, or default 90)
2026-09-10 01:44:09,819 INFO gateway.run: Secret redaction: ENABLED (tool output, logs, and chat responses are scrubbed before delivery)
2026-09-10 01:44:09,826 INFO gateway.run: Previous gateway exited cleanly — skipping session suspension
2026-09-10 01:44:09,931 INFO gateway.run: Connecting to telegram...
2026-09-10 01:44:10,000 INFO gateway.platforms.telegram: [Telegram] Auto-discovered Telegram fallback IPs: 149.154.166.110
2026-09-10 01:44:10,000 INFO gateway.platforms.telegram: [Telegram] Telegram fallback IPs active: 149.154.166.110
2026-09-10 01:44:11,392 INFO gateway.platforms.telegram: [Telegram] set_my_commands OK for scope BotCommandScopeDefault (30 cmds)
2026-09-10 01:44:11,716 INFO gateway.platforms.telegram: [Telegram] set_my_commands OK for scope BotCommandScopeAllPrivateChats (30 cmds)
2026-09-10 01:44:12,042 INFO gateway.platforms.telegram: [Telegram] set_my_commands OK for scope BotCommandScopeAllGroupChats (30 cmds)
2026-09-10 01:44:12,043 INFO gateway.platforms.telegram: [Telegram] Telegram menu: 30 commands registered, 71 hidden (over 30 limit). Use /commands for full list.
2026-09-10 01:44:12,044 INFO gateway.platforms.telegram: [Telegram] Connected to Telegram (polling mode)
2026-09-10 01:44:12,046 INFO gateway.run: ✓ telegram connected
2026-09-10 01:44:12,073 INFO gateway.run: Connecting to api_server...
2026-09-10 01:44:12,076 INFO gateway.platforms.api_server: [Api_Server] API server listening on http://0.0.0.0:8642 (model: hermes-agent)
2026-09-10 01:44:12,078 INFO gateway.run: ✓ api_server connected
2026-09-10 01:44:12,079 INFO gateway.run: Gateway running with 2 platform(s)
2026-09-10 01:44:12,083 INFO gateway.run: Channel directory built: 1 target(s)
2026-09-10 01:44:13,085 INFO gateway.run: Press Ctrl+C to stop
2026-09-10 01:44:13,093 INFO gateway.run: Cron ticker started (interval=60s)
2026-09-10 01:44:18,117 INFO gateway.run: kanban dispatcher: embedded in gateway (interval=60.0s)
2026-09-10 01:49:10,647 INFO gateway.run: Received SIGTERM as a planned --replace takeover — exiting cleanly
2026-09-10 01:49:10,647 WARNING gateway.run: Shutdown context: signal=SIGTERM under_systemd=yes parent_pid=1 parent_name=systemd loadavg_1m=0.00 parent_cmdline='/usr/lib/systemd/systemd --system --deserialize=75 vultr'
2026-09-10 01:49:10,649 INFO gateway.run: Stopping gateway...
2026-09-10 01:49:10,649 INFO gateway.run: Shutdown phase: notify_active_sessions done at +0.00s
2026-09-10 01:49:10,650 INFO gateway.run: Shutdown phase: drain done at +0.00s (drain took 0.00s, timed_out=False, active_at_start=0, active_now=0)
2026-09-10 01:49:11,158 INFO gateway.platforms.telegram: [Telegram] Disconnected from Telegram
2026-09-10 01:49:11,159 INFO gateway.run: ✓ telegram disconnected (0.51s)
2026-09-10 01:49:11,160 INFO gateway.platforms.api_server: [Api_Server] API server stopped
2026-09-10 01:49:11,160 INFO gateway.run: ✓ api_server disconnected (0.00s)
2026-09-10 01:49:11,160 INFO gateway.run: Shutdown phase: all adapters disconnected at +0.51s
2026-09-10 01:49:11,244 INFO gateway.run: Shutdown phase: final-cleanup tool kill done at +0.59s
2026-09-10 01:49:11,244 INFO gateway.run: Shutdown phase: SessionDB close done at +0.60s
2026-09-10 01:49:11,246 INFO gateway.run: Gateway stopped (total teardown 0.60s)
2026-09-10 01:49:11,246 INFO gateway.run: Cron ticker stopped
2026-09-10 01:49:11,827 INFO gateway.run: Starting Hermes Gateway...
2026-09-10 01:49:11,827 INFO gateway.run: Session storage: /home/hermes/.hermes/sessions
2026-09-10 01:49:11,835 INFO gateway.run: Agent budget: max_iterations=90 (agent.max_turns from config.yaml, or HERMES_MAX_ITERATIONS from .env, or default 90)
2026-09-10 01:49:11,835 INFO gateway.run: Secret redaction: ENABLED (tool output, logs, and chat responses are scrubbed before delivery)
2026-09-10 01:49:11,841 INFO gateway.run: Previous gateway exited cleanly — skipping session suspension
2026-09-10 01:49:11,940 INFO gateway.run: Connecting to telegram...
2026-09-10 01:49:12,016 INFO gateway.platforms.telegram: [Telegram] Auto-discovered Telegram fallback IPs: 149.154.166.110
2026-09-10 01:49:12,016 INFO gateway.platforms.telegram: [Telegram] Telegram fallback IPs active: 149.154.166.110
2026-09-10 01:49:13,268 INFO gateway.platforms.telegram: [Telegram] set_my_commands OK for scope BotCommandScopeDefault (30 cmds)
2026-09-10 01:49:13,561 INFO gateway.platforms.telegram: [Telegram] set_my_commands OK for scope BotCommandScopeAllPrivateChats (30 cmds)
2026-09-10 01:49:13,970 INFO gateway.platforms.telegram: [Telegram] set_my_commands OK for scope BotCommandScopeAllGroupChats (30 cmds)
2026-09-10 01:49:13,970 INFO gateway.platforms.telegram: [Telegram] Telegram menu: 30 commands registered, 71 hidden (over 30 limit). Use /commands for full list.
2026-09-10 01:49:13,971 INFO gateway.platforms.telegram: [Telegram] Connected to Telegram (polling mode)
2026-09-10 01:49:13,973 INFO gateway.run: ✓ telegram connected
2026-09-10 01:49:14,000 INFO gateway.run: Connecting to api_server...
2026-09-10 01:49:14,004 INFO gateway.platforms.api_server: [Api_Server] API server listening on http://0.0.0.0:8642 (model: hermes-agent)
2026-09-10 01:49:14,006 INFO gateway.run: ✓ api_server connected
2026-09-10 01:49:14,007 INFO gateway.run: Gateway running with 2 platform(s)
2026-09-10 01:49:14,012 INFO gateway.run: Channel directory built: 1 target(s)
2026-09-10 01:49:15,014 INFO gateway.run: Press Ctrl+C to stop
2026-09-10 01:49:15,021 INFO gateway.run: Cron ticker started (interval=60s)
2026-09-10 01:49:20,048 INFO gateway.run: kanban dispatcher: embedded in gateway (interval=60.0s)
2026-09-10 01:54:12,617 INFO gateway.run: Received SIGTERM as a planned --replace takeover — exiting cleanly
2026-09-10 01:54:12,617 WARNING gateway.run: Shutdown context: signal=SIGTERM under_systemd=yes parent_pid=109079 parent_name=systemd loadavg_1m=0.00 parent_cmdline='/usr/lib/systemd/systemd --user'
2026-09-10 01:54:12,618 INFO gateway.run: Stopping gateway...
2026-09-10 01:54:12,619 INFO gateway.run: Shutdown phase: notify_active_sessions done at +0.00s
2026-09-10 01:54:12,620 INFO gateway.run: Shutdown phase: drain done at +0.00s (drain took 0.00s, timed_out=False, active_at_start=0, active_now=0)
2026-09-10 01:54:13,089 INFO gateway.platforms.telegram: [Telegram] Disconnected from Telegram
2026-09-10 01:54:13,089 INFO gateway.run: ✓ telegram disconnected (0.47s)
2026-09-10 01:54:13,090 INFO gateway.platforms.api_server: [Api_Server] API server stopped
2026-09-10 01:54:13,091 INFO gateway.run: ✓ api_server disconnected (0.00s)
2026-09-10 01:54:13,091 INFO gateway.run: Shutdown phase: all adapters disconnected at +0.47s
2026-09-10 01:54:13,177 INFO gateway.run: Shutdown phase: final-cleanup tool kill done at +0.56s
2026-09-10 01:54:13,177 INFO gateway.run: Shutdown phase: SessionDB close done at +0.56s
2026-09-10 01:54:13,179 INFO gateway.run: Gateway stopped (total teardown 0.56s)
2026-09-10 01:54:13,179 INFO gateway.run: Cron ticker stopped
2026-09-10 01:54:13,809 INFO gateway.run: Starting Hermes Gateway...
2026-09-10 01:54:13,809 INFO gateway.run: Session storage: /home/hermes/.hermes/sessions
2026-09-10 01:54:13,820 INFO gateway.run: Agent budget: max_iterations=90 (agent.max_turns from config.yaml, or HERMES_MAX_ITERATIONS from .env, or default 90)
2026-09-10 01:54:13,820 INFO gateway.run: Secret redaction: ENABLED (tool output, logs, and chat responses are scrubbed before delivery)
2026-09-10 01:54:13,826 INFO gateway.run: Previous gateway exited cleanly — skipping session suspension
2026-09-10 01:54:13,940 INFO gateway.run: Connecting to telegram...
2026-09-10 01:54:14,019 INFO gateway.platforms.telegram: [Telegram] Auto-discovered Telegram fallback IPs: 149.154.166.110
2026-09-10 01:54:14,019 INFO gateway.platforms.telegram: [Telegram] Telegram fallback IPs active: 149.154.166.110
2026-09-10 01:54:15,165 INFO gateway.platforms.telegram: [Telegram] set_my_commands OK for scope BotCommandScopeDefault (30 cmds)
2026-09-10 01:54:15,441 INFO gateway.platforms.telegram: [Telegram] set_my_commands OK for scope BotCommandScopeAllPrivateChats (30 cmds)
2026-09-10 01:54:15,717 INFO gateway.platforms.telegram: [Telegram] set_my_commands OK for scope BotCommandScopeAllGroupChats (30 cmds)
2026-09-10 01:54:15,717 INFO gateway.platforms.telegram: [Telegram] Telegram menu: 30 commands registered, 71 hidden (over 30 limit). Use /commands for full list.
2026-09-10 01:54:15,718 INFO gateway.platforms.telegram: [Telegram] Connected to Telegram (polling mode)
2026-09-10 01:54:15,720 INFO gateway.run: ✓ telegram connected
2026-09-10 01:54:15,746 INFO gateway.run: Connecting to api_server...
2026-09-10 01:54:15,750 INFO gateway.platforms.api_server: [Api_Server] API server listening on http://0.0.0.0:8642 (model: hermes-agent)
2026-09-10 01:54:15,752 INFO gateway.run: ✓ api_server connected
2026-09-10 01:54:15,753 INFO gateway.run: Gateway running with 2 platform(s)
2026-09-10 01:54:15,757 INFO gateway.run: Channel directory built: 1 target(s)
2026-09-10 01:54:16,758 INFO gateway.run: Press Ctrl+C to stop
2026-09-10 01:54:16,765 INFO gateway.run: Cron ticker started (interval=60s)
2026-09-10 01:54:21,783 INFO gateway.run: kanban dispatcher: embedded in gateway (interval=60.0s)
2026-09-10 01:59:14,588 INFO gateway.run: Received SIGTERM as a planned --replace takeover — exiting cleanly
2026-09-10 01:59:14,589 WARNING gateway.run: Shutdown context: signal=SIGTERM under_systemd=yes parent_pid=1 parent_name=systemd loadavg_1m=0.00 parent_cmdline='/usr/lib/systemd/systemd --system --deserialize=75 vultr'
2026-09-10 01:59:14,590 INFO gateway.run: Stopping gateway...
2026-09-10 01:59:14,590 INFO gateway.run: Shutdown phase: notify_active_sessions done at +0.00s
2026-09-10 01:59:14,591 INFO gateway.run: Shutdown phase: drain done at +0.00s (drain took 0.00s, timed_out=False, active_at_start=0, active_now=0)
2026-09-10 01:59:15,052 INFO gateway.platforms.telegram: [Telegram] Disconnected from Telegram
2026-09-10 01:59:15,052 INFO gateway.run: ✓ telegram disconnected (0.46s)
2026-09-10 01:59:15,053 INFO gateway.platforms.api_server: [Api_Server] API server stopped
2026-09-10 01:59:15,054 INFO gateway.run: ✓ api_server disconnected (0.00s)
2026-09-10 01:59:15,054 INFO gateway.run: Shutdown phase: all adapters disconnected at +0.46s
2026-09-10 01:59:15,136 INFO gateway.run: Shutdown phase: final-cleanup tool kill done at +0.55s
2026-09-10 01:59:15,136 INFO gateway.run: Shutdown phase: SessionDB close done at +0.55s
2026-09-10 01:59:15,138 INFO gateway.run: Gateway stopped (total teardown 0.55s)
2026-09-10 01:59:15,138 INFO gateway.run: Cron ticker stopped
2026-09-10 01:59:15,768 INFO gateway.run: Starting Hermes Gateway...
2026-09-10 01:59:15,769 INFO gateway.run: Session storage: /home/hermes/.hermes/sessions
2026-09-10 01:59:15,776 INFO gateway.run: Agent budget: max_iterations=90 (agent.max_turns from config.yaml, or HERMES_MAX_ITERATIONS from .env, or default 90)
2026-09-10 01:59:15,776 INFO gateway.run: Secret redaction: ENABLED (tool output, logs, and chat responses are scrubbed before delivery)
2026-09-10 01:59:15,782 INFO gateway.run: Previous gateway exited cleanly — skipping session suspension
2026-09-10 01:59:15,882 INFO gateway.run: Connecting to telegram...
2026-09-10 01:59:15,950 INFO gateway.platforms.telegram: [Telegram] Auto-discovered Telegram fallback IPs: 149.154.166.110
2026-09-10 01:59:15,950 INFO gateway.platforms.telegram: [Telegram] Telegram fallback IPs active: 149.154.166.110
2026-09-10 01:59:17,069 INFO gateway.platforms.telegram: [Telegram] set_my_commands OK for scope BotCommandScopeDefault (30 cmds)
2026-09-10 01:59:17,346 INFO gateway.platforms.telegram: [Telegram] set_my_commands OK for scope BotCommandScopeAllPrivateChats (30 cmds)
2026-09-10 01:59:17,621 INFO gateway.platforms.telegram: [Telegram] set_my_commands OK for scope BotCommandScopeAllGroupChats (30 cmds)
2026-09-10 01:59:17,622 INFO gateway.platforms.telegram: [Telegram] Telegram menu: 30 commands registered, 71 hidden (over 30 limit). Use /commands for full list.
2026-09-10 01:59:17,623 INFO gateway.platforms.telegram: [Telegram] Connected to Telegram (polling mode)
2026-09-10 01:59:17,626 INFO gateway.run: ✓ telegram connected
2026-09-10 01:59:17,653 INFO gateway.run: Connecting to api_server...
2026-09-10 01:59:17,657 INFO gateway.platforms.api_server: [Api_Server] API server listening on http://0.0.0.0:8642 (model: hermes-agent)
2026-09-10 01:59:17,659 INFO gateway.run: ✓ api_server connected
2026-09-10 01:59:17,660 INFO gateway.run: Gateway running with 2 platform(s)
2026-09-10 01:59:17,664 INFO gateway.run: Channel directory built: 1 target(s)
2026-09-10 01:59:18,666 INFO gateway.run: Press Ctrl+C to stop
2026-09-10 01:59:18,673 INFO gateway.run: Cron ticker started (interval=60s)
2026-09-10 01:59:23,702 INFO gateway.run: kanban dispatcher: embedded in gateway (interval=60.0s)
2026-09-10 02:04:16,377 INFO gateway.run: Received SIGTERM as a planned --replace takeover — exiting cleanly
2026-09-10 02:04:16,378 WARNING gateway.run: Shutdown context: signal=SIGTERM under_systemd=yes parent_pid=109079 parent_name=systemd loadavg_1m=0.16 parent_cmdline='/usr/lib/systemd/systemd --user'
2026-09-10 02:04:16,379 INFO gateway.run: Stopping gateway...
2026-09-10 02:04:16,379 INFO gateway.run: Shutdown phase: notify_active_sessions done at +0.00s
2026-09-10 02:04:16,380 INFO gateway.run: Shutdown phase: drain done at +0.00s (drain took 0.00s, timed_out=False, active_at_start=0, active_now=0)
2026-09-10 02:04:16,865 INFO gateway.platforms.telegram: [Telegram] Disconnected from Telegram
2026-09-10 02:04:16,865 INFO gateway.run: ✓ telegram disconnected (0.48s)
2026-09-10 02:04:16,866 INFO gateway.platforms.api_server: [Api_Server] API server stopped
2026-09-10 02:04:16,867 INFO gateway.run: ✓ api_server disconnected (0.00s)
2026-09-10 02:04:16,867 INFO gateway.run: Shutdown phase: all adapters disconnected at +0.49s
2026-09-10 02:04:16,950 INFO gateway.run: Shutdown phase: final-cleanup tool kill done at +0.57s
2026-09-10 02:04:16,951 INFO gateway.run: Shutdown phase: SessionDB close done at +0.57s
2026-09-10 02:04:16,952 INFO gateway.run: Gateway stopped (total teardown 0.57s)
2026-09-10 02:04:16,953 INFO gateway.run: Cron ticker stopped
2026-09-10 02:04:17,551 INFO gateway.run: Starting Hermes Gateway...
2026-09-10 02:04:17,551 INFO gateway.run: Session storage: /home/hermes/.hermes/sessions
2026-09-10 02:04:17,561 INFO gateway.run: Agent budget: max_iterations=90 (agent.max_turns from config.yaml, or HERMES_MAX_ITERATIONS from .env, or default 90)
2026-09-10 02:04:17,562 INFO gateway.run: Secret redaction: ENABLED (tool output, logs, and chat responses are scrubbed before delivery)
2026-09-10 02:04:17,567 INFO gateway.run: Previous gateway exited cleanly — skipping session suspension
2026-09-10 02:04:17,670 INFO gateway.run: Connecting to telegram...
2026-09-10 02:04:17,739 INFO gateway.platforms.telegram: [Telegram] Auto-discovered Telegram fallback IPs: 149.154.166.110
2026-09-10 02:04:17,739 INFO gateway.platforms.telegram: [Telegram] Telegram fallback IPs active: 149.154.166.110
2026-09-10 02:04:18,881 INFO gateway.platforms.telegram: [Telegram] set_my_commands OK for scope BotCommandScopeDefault (30 cmds)
2026-09-10 02:04:19,158 INFO gateway.platforms.telegram: [Telegram] set_my_commands OK for scope BotCommandScopeAllPrivateChats (30 cmds)
2026-09-10 02:04:19,435 INFO gateway.platforms.telegram: [Telegram] set_my_commands OK for scope BotCommandScopeAllGroupChats (30 cmds)
2026-09-10 02:04:19,435 INFO gateway.platforms.telegram: [Telegram] Telegram menu: 30 commands registered, 71 hidden (over 30 limit). Use /commands for full list.
2026-09-10 02:04:19,437 INFO gateway.platforms.telegram: [Telegram] Connected to Telegram (polling mode)
2026-09-10 02:04:19,439 INFO gateway.run: ✓ telegram connected
2026-09-10 02:04:19,464 INFO gateway.run: Connecting to api_server...
2026-09-10 02:04:19,468 INFO gateway.platforms.api_server: [Api_Server] API server listening on http://0.0.0.0:8642 (model: hermes-agent)
2026-09-10 02:04:19,470 INFO gateway.run: ✓ api_server connected
2026-09-10 02:04:19,471 INFO gateway.run: Gateway running with 2 platform(s)
2026-09-10 02:04:19,475 INFO gateway.run: Channel directory built: 1 target(s)
2026-09-10 02:04:20,477 INFO gateway.run: Press Ctrl+C to stop
2026-09-10 02:04:20,483 INFO gateway.run: Cron ticker started (interval=60s)
2026-09-10 02:04:25,511 INFO gateway.run: kanban dispatcher: embedded in gateway (interval=60.0s)
2026-09-10 02:09:18,348 INFO gateway.run: Received SIGTERM as a planned --replace takeover — exiting cleanly
2026-09-10 02:09:18,348 WARNING gateway.run: Shutdown context: signal=SIGTERM under_systemd=yes parent_pid=1 parent_name=systemd loadavg_1m=0.00 parent_cmdline='/usr/lib/systemd/systemd --system --deserialize=75 vultr'
2026-09-10 02:09:18,349 INFO gateway.run: Stopping gateway...
2026-09-10 02:09:18,349 INFO gateway.run: Shutdown phase: notify_active_sessions done at +0.00s
2026-09-10 02:09:18,350 INFO gateway.run: Shutdown phase: drain done at +0.00s (drain took 0.00s, timed_out=False, active_at_start=0, active_now=0)
2026-09-10 02:09:18,814 INFO gateway.platforms.telegram: [Telegram] Disconnected from Telegram
2026-09-10 02:09:18,814 INFO gateway.run: ✓ telegram disconnected (0.46s)
2026-09-10 02:09:18,816 INFO gateway.platforms.api_server: [Api_Server] API server stopped
2026-09-10 02:09:18,816 INFO gateway.run: ✓ api_server disconnected (0.00s)
2026-09-10 02:09:18,816 INFO gateway.run: Shutdown phase: all adapters disconnected at +0.47s
2026-09-10 02:09:18,899 INFO gateway.run: Shutdown phase: final-cleanup tool kill done at +0.55s
2026-09-10 02:09:18,900 INFO gateway.run: Shutdown phase: SessionDB close done at +0.55s
2026-09-10 02:09:18,901 INFO gateway.run: Gateway stopped (total teardown 0.55s)
2026-09-10 02:09:18,902 INFO gateway.run: Cron ticker stopped
2026-09-10 02:09:19,534 INFO gateway.run: Starting Hermes Gateway...
2026-09-10 02:09:19,534 INFO gateway.run: Session storage: /home/hermes/.hermes/sessions
2026-09-10 02:09:19,542 INFO gateway.run: Agent budget: max_iterations=90 (agent.max_turns from config.yaml, or HERMES_MAX_ITERATIONS from .env, or default 90)
2026-09-10 02:09:19,542 INFO gateway.run: Secret redaction: ENABLED (tool output, logs, and chat responses are scrubbed before delivery)
2026-09-10 02:09:19,549 INFO gateway.run: Previous gateway exited cleanly — skipping session suspension
2026-09-10 02:09:19,660 INFO gateway.run: Connecting to telegram...
2026-09-10 02:09:19,730 INFO gateway.platforms.telegram: [Telegram] Auto-discovered Telegram fallback IPs: 149.154.166.110
2026-09-10 02:09:19,730 INFO gateway.platforms.telegram: [Telegram] Telegram fallback IPs active: 149.154.166.110
2026-09-10 02:09:20,802 INFO gateway.platforms.telegram: [Telegram] set_my_commands OK for scope BotCommandScopeDefault (30 cmds)
2026-09-10 02:09:21,068 INFO gateway.platforms.telegram: [Telegram] set_my_commands OK for scope BotCommandScopeAllPrivateChats (30 cmds)
2026-09-10 02:09:21,350 INFO gateway.platforms.telegram: [Telegram] set_my_commands OK for scope BotCommandScopeAllGroupChats (30 cmds)
2026-09-10 02:09:21,350 INFO gateway.platforms.telegram: [Telegram] Telegram menu: 30 commands registered, 71 hidden (over 30 limit). Use /commands for full list.
2026-09-10 02:09:21,352 INFO gateway.platforms.telegram: [Telegram] Connected to Telegram (polling mode)
2026-09-10 02:09:21,353 INFO gateway.run: ✓ telegram connected
2026-09-10 02:09:21,379 INFO gateway.run: Connecting to api_server...
2026-09-10 02:09:21,383 INFO gateway.platforms.api_server: [Api_Server] API server listening on http://0.0.0.0:8642 (model: hermes-agent)
2026-09-10 02:09:21,384 INFO gateway.run: ✓ api_server connected
2026-09-10 02:09:21,385 INFO gateway.run: Gateway running with 2 platform(s)
2026-09-10 02:09:21,390 INFO gateway.run: Channel directory built: 1 target(s)
2026-09-10 02:09:22,392 INFO gateway.run: Press Ctrl+C to stop
2026-09-10 02:09:22,398 INFO gateway.run: Cron ticker started (interval=60s)
2026-09-10 02:09:27,421 INFO gateway.run: kanban dispatcher: embedded in gateway (interval=60.0s)
2026-09-10 02:14:20,154 INFO gateway.run: Received SIGTERM as a planned --replace takeover — exiting cleanly
2026-09-10 02:14:20,154 WARNING gateway.run: Shutdown context: signal=SIGTERM under_systemd=yes parent_pid=109079 parent_name=systemd loadavg_1m=0.00 parent_cmdline='/usr/lib/systemd/systemd --user'
2026-09-10 02:14:20,155 INFO gateway.run: Stopping gateway...
2026-09-10 02:14:20,156 INFO gateway.run: Shutdown phase: notify_active_sessions done at +0.00s
2026-09-10 02:14:20,156 INFO gateway.run: Shutdown phase: drain done at +0.00s (drain took 0.00s, timed_out=False, active_at_start=0, active_now=0)
2026-09-10 02:14:20,645 INFO gateway.platforms.telegram: [Telegram] Disconnected from Telegram
2026-09-10 02:14:20,645 INFO gateway.run: ✓ telegram disconnected (0.49s)
2026-09-10 02:14:20,647 INFO gateway.platforms.api_server: [Api_Server] API server stopped
2026-09-10 02:14:20,647 INFO gateway.run: ✓ api_server disconnected (0.00s)
2026-09-10 02:14:20,647 INFO gateway.run: Shutdown phase: all adapters disconnected at +0.49s
2026-09-10 02:14:20,728 INFO gateway.run: Shutdown phase: final-cleanup tool kill done at +0.57s
2026-09-10 02:14:20,729 INFO gateway.run: Shutdown phase: SessionDB close done at +0.57s
2026-09-10 02:14:20,730 INFO gateway.run: Gateway stopped (total teardown 0.57s)
2026-09-10 02:14:20,730 INFO gateway.run: Cron ticker stopped
2026-09-10 02:14:21,325 INFO gateway.run: Starting Hermes Gateway...
2026-09-10 02:14:21,325 INFO gateway.run: Session storage: /home/hermes/.hermes/sessions
2026-09-10 02:14:21,336 INFO gateway.run: Agent budget: max_iterations=90 (agent.max_turns from config.yaml, or HERMES_MAX_ITERATIONS from .env, or default 90)
2026-09-10 02:14:21,336 INFO gateway.run: Secret redaction: ENABLED (tool output, logs, and chat responses are scrubbed before delivery)
2026-09-10 02:14:21,342 INFO gateway.run: Previous gateway exited cleanly — skipping session suspension
2026-09-10 02:14:21,445 INFO gateway.run: Connecting to telegram...
2026-09-10 02:14:21,513 INFO gateway.platforms.telegram: [Telegram] Auto-discovered Telegram fallback IPs: 149.154.166.110
2026-09-10 02:14:21,513 INFO gateway.platforms.telegram: [Telegram] Telegram fallback IPs active: 149.154.166.110
2026-09-10 02:14:22,754 INFO gateway.platforms.telegram: [Telegram] set_my_commands OK for scope BotCommandScopeDefault (30 cmds)
2026-09-10 02:14:23,053 INFO gateway.platforms.telegram: [Telegram] set_my_commands OK for scope BotCommandScopeAllPrivateChats (30 cmds)
2026-09-10 02:14:23,352 INFO gateway.platforms.telegram: [Telegram] set_my_commands OK for scope BotCommandScopeAllGroupChats (30 cmds)
2026-09-10 02:14:23,352 INFO gateway.platforms.telegram: [Telegram] Telegram menu: 30 commands registered, 71 hidden (over 30 limit). Use /commands for full list.
2026-09-10 02:14:23,354 INFO gateway.platforms.telegram: [Telegram] Connected to Telegram (polling mode)
2026-09-10 02:14:23,355 INFO gateway.run: ✓ telegram connected
2026-09-10 02:14:23,385 INFO gateway.run: Connecting to api_server...
2026-09-10 02:14:23,390 INFO gateway.platforms.api_server: [Api_Server] API server listening on http://0.0.0.0:8642 (model: hermes-agent)
2026-09-10 02:14:23,392 INFO gateway.run: ✓ api_server connected
2026-09-10 02:14:23,393 INFO gateway.run: Gateway running with 2 platform(s)
2026-09-10 02:14:23,396 INFO gateway.run: Channel directory built: 1 target(s)
2026-09-10 02:14:24,398 INFO gateway.run: Press Ctrl+C to stop
2026-09-10 02:14:24,404 INFO gateway.run: Cron ticker started (interval=60s)
2026-09-10 02:14:29,429 INFO gateway.run: kanban dispatcher: embedded in gateway (interval=60.0s)
2026-09-10 02:19:22,111 INFO gateway.run: Received SIGTERM as a planned --replace takeover — exiting cleanly
2026-09-10 02:19:22,111 WARNING gateway.run: Shutdown context: signal=SIGTERM under_systemd=yes parent_pid=1 parent_name=systemd loadavg_1m=0.08 parent_cmdline='/usr/lib/systemd/systemd --system --deserialize=75 vultr'
2026-09-10 02:19:22,113 INFO gateway.run: Stopping gateway...
2026-09-10 02:19:22,113 INFO gateway.run: Shutdown phase: notify_active_sessions done at +0.00s
2026-09-10 02:19:22,114 INFO gateway.run: Shutdown phase: drain done at +0.00s (drain took 0.00s, timed_out=False, active_at_start=0, active_now=0)
2026-09-10 02:19:22,581 INFO gateway.platforms.telegram: [Telegram] Disconnected from Telegram
2026-09-10 02:19:22,581 INFO gateway.run: ✓ telegram disconnected (0.47s)
2026-09-10 02:19:22,582 INFO gateway.platforms.api_server: [Api_Server] API server stopped
2026-09-10 02:19:22,582 INFO gateway.run: ✓ api_server disconnected (0.00s)
2026-09-10 02:19:22,583 INFO gateway.run: Shutdown phase: all adapters disconnected at +0.47s
2026-09-10 02:19:22,665 INFO gateway.run: Shutdown phase: final-cleanup tool kill done at +0.55s
2026-09-10 02:19:22,665 INFO gateway.run: Shutdown phase: SessionDB close done at +0.55s
2026-09-10 02:19:22,667 INFO gateway.run: Gateway stopped (total teardown 0.55s)
2026-09-10 02:19:22,667 INFO gateway.run: Cron ticker stopped
2026-09-10 02:19:23,297 INFO gateway.run: Starting Hermes Gateway...
2026-09-10 02:19:23,297 INFO gateway.run: Session storage: /home/hermes/.hermes/sessions
2026-09-10 02:19:23,307 INFO gateway.run: Agent budget: max_iterations=90 (agent.max_turns from config.yaml, or HERMES_MAX_ITERATIONS from .env, or default 90)
2026-09-10 02:19:23,308 INFO gateway.run: Secret redaction: ENABLED (tool output, logs, and chat responses are scrubbed before delivery)
2026-09-10 02:19:23,316 INFO gateway.run: Previous gateway exited cleanly — skipping session suspension
2026-09-10 02:19:23,424 INFO gateway.run: Connecting to telegram...
2026-09-10 02:19:23,498 INFO gateway.platforms.telegram: [Telegram] Auto-discovered Telegram fallback IPs: 149.154.166.110
2026-09-10 02:19:23,498 INFO gateway.platforms.telegram: [Telegram] Telegram fallback IPs active: 149.154.166.110
2026-09-10 02:19:24,799 INFO gateway.platforms.telegram: [Telegram] set_my_commands OK for scope BotCommandScopeDefault (30 cmds)
2026-09-10 02:19:25,107 INFO gateway.platforms.telegram: [Telegram] set_my_commands OK for scope BotCommandScopeAllPrivateChats (30 cmds)
2026-09-10 02:19:25,412 INFO gateway.platforms.telegram: [Telegram] set_my_commands OK for scope BotCommandScopeAllGroupChats (30 cmds)
2026-09-10 02:19:25,412 INFO gateway.platforms.telegram: [Telegram] Telegram menu: 30 commands registered, 71 hidden (over 30 limit). Use /commands for full list.
2026-09-10 02:19:25,414 INFO gateway.platforms.telegram: [Telegram] Connected to Telegram (polling mode)
2026-09-10 02:19:25,416 INFO gateway.run: ✓ telegram connected
2026-09-10 02:19:25,441 INFO gateway.run: Connecting to api_server...
2026-09-10 02:19:25,444 INFO gateway.platforms.api_server: [Api_Server] API server listening on http://0.0.0.0:8642 (model: hermes-agent)
2026-09-10 02:19:25,446 INFO gateway.run: ✓ api_server connected
2026-09-10 02:19:25,447 INFO gateway.run: Gateway running with 2 platform(s)
2026-09-10 02:19:25,451 INFO gateway.run: Channel directory built: 1 target(s)
2026-09-10 02:19:26,453 INFO gateway.run: Press Ctrl+C to stop
2026-09-10 02:19:26,459 INFO gateway.run: Cron ticker started (interval=60s)
2026-09-10 02:19:31,483 INFO gateway.run: kanban dispatcher: embedded in gateway (interval=60.0s)
2026-09-10 02:24:24,124 INFO gateway.run: Received SIGTERM as a planned --replace takeover — exiting cleanly
2026-09-10 02:24:24,124 WARNING gateway.run: Shutdown context: signal=SIGTERM under_systemd=yes parent_pid=109079 parent_name=systemd loadavg_1m=0.00 parent_cmdline='/usr/lib/systemd/systemd --user'
2026-09-10 02:24:24,125 INFO gateway.run: Stopping gateway...
2026-09-10 02:24:24,125 INFO gateway.run: Shutdown phase: notify_active_sessions done at +0.00s
2026-09-10 02:24:24,126 INFO gateway.run: Shutdown phase: drain done at +0.00s (drain took 0.00s, timed_out=False, active_at_start=0, active_now=0)
2026-09-10 02:24:24,654 INFO gateway.platforms.telegram: [Telegram] Disconnected from Telegram
2026-09-10 02:24:24,654 INFO gateway.run: ✓ telegram disconnected (0.53s)
2026-09-10 02:24:24,656 INFO gateway.platforms.api_server: [Api_Server] API server stopped
2026-09-10 02:24:24,656 INFO gateway.run: ✓ api_server disconnected (0.00s)
2026-09-10 02:24:24,656 INFO gateway.run: Shutdown phase: all adapters disconnected at +0.53s
2026-09-10 02:24:24,743 INFO gateway.run: Shutdown phase: final-cleanup tool kill done at +0.62s
2026-09-10 02:24:24,744 INFO gateway.run: Shutdown phase: SessionDB close done at +0.62s
2026-09-10 02:24:24,745 INFO gateway.run: Gateway stopped (total teardown 0.62s)
2026-09-10 02:24:24,745 INFO gateway.run: Cron ticker stopped
2026-09-10 02:24:25,306 INFO gateway.run: Starting Hermes Gateway...
2026-09-10 02:24:25,306 INFO gateway.run: Session storage: /home/hermes/.hermes/sessions
2026-09-10 02:24:25,317 INFO gateway.run: Agent budget: max_iterations=90 (agent.max_turns from config.yaml, or HERMES_MAX_ITERATIONS from .env, or default 90)
2026-09-10 02:24:25,317 INFO gateway.run: Secret redaction: ENABLED (tool output, logs, and chat responses are scrubbed before delivery)
2026-09-10 02:24:25,324 INFO gateway.run: Previous gateway exited cleanly — skipping session suspension
2026-09-10 02:24:25,433 INFO gateway.run: Connecting to telegram...
2026-09-10 02:24:25,500 INFO gateway.platforms.telegram: [Telegram] Auto-discovered Telegram fallback IPs: 149.154.166.110
2026-09-10 02:24:25,501 INFO gateway.platforms.telegram: [Telegram] Telegram fallback IPs active: 149.154.166.110
2026-09-10 02:24:26,793 INFO gateway.platforms.telegram: [Telegram] set_my_commands OK for scope BotCommandScopeDefault (30 cmds)
2026-09-10 02:24:27,098 INFO gateway.platforms.telegram: [Telegram] set_my_commands OK for scope BotCommandScopeAllPrivateChats (30 cmds)
2026-09-10 02:24:27,402 INFO gateway.platforms.telegram: [Telegram] set_my_commands OK for scope BotCommandScopeAllGroupChats (30 cmds)
2026-09-10 02:24:27,403 INFO gateway.platforms.telegram: [Telegram] Telegram menu: 30 commands registered, 71 hidden (over 30 limit). Use /commands for full list.
2026-09-10 02:24:27,404 INFO gateway.platforms.telegram: [Telegram] Connected to Telegram (polling mode)
2026-09-10 02:24:27,406 INFO gateway.run: ✓ telegram connected
2026-09-10 02:24:27,430 INFO gateway.run: Connecting to api_server...
2026-09-10 02:24:27,433 INFO gateway.platforms.api_server: [Api_Server] API server listening on http://0.0.0.0:8642 (model: hermes-agent)
2026-09-10 02:24:27,435 INFO gateway.run: ✓ api_server connected
2026-09-10 02:24:27,436 INFO gateway.run: Gateway running with 2 platform(s)
2026-09-10 02:24:27,439 INFO gateway.run: Channel directory built: 1 target(s)
2026-09-10 02:24:28,441 INFO gateway.run: Press Ctrl+C to stop
2026-09-10 02:24:28,449 INFO gateway.run: Cron ticker started (interval=60s)
2026-09-10 02:24:33,483 INFO gateway.run: kanban dispatcher: embedded in gateway (interval=60.0s)
2026-09-10 02:29:26,120 INFO gateway.run: Received SIGTERM as a planned --replace takeover — exiting cleanly
2026-09-10 02:29:26,120 WARNING gateway.run: Shutdown context: signal=SIGTERM under_systemd=yes parent_pid=1 parent_name=systemd loadavg_1m=0.02 parent_cmdline='/usr/lib/systemd/systemd --system --deserialize=75 vultr'
2026-09-10 02:29:26,121 INFO gateway.run: Stopping gateway...
2026-09-10 02:29:26,122 INFO gateway.run: Shutdown phase: notify_active_sessions done at +0.00s
2026-09-10 02:29:26,123 INFO gateway.run: Shutdown phase: drain done at +0.00s (drain took 0.00s, timed_out=False, active_at_start=0, active_now=0)
2026-09-10 02:29:26,587 INFO gateway.platforms.telegram: [Telegram] Disconnected from Telegram
2026-09-10 02:29:26,587 INFO gateway.run: ✓ telegram disconnected (0.46s)
2026-09-10 02:29:26,588 INFO gateway.platforms.api_server: [Api_Server] API server stopped
2026-09-10 02:29:26,588 INFO gateway.run: ✓ api_server disconnected (0.00s)
2026-09-10 02:29:26,589 INFO gateway.run: Shutdown phase: all adapters disconnected at +0.47s
2026-09-10 02:29:26,673 INFO gateway.run: Shutdown phase: final-cleanup tool kill done at +0.55s
2026-09-10 02:29:26,673 INFO gateway.run: Shutdown phase: SessionDB close done at +0.55s
2026-09-10 02:29:26,675 INFO gateway.run: Gateway stopped (total teardown 0.55s)
2026-09-10 02:29:26,675 INFO gateway.run: Cron ticker stopped
2026-09-10 02:29:27,297 INFO gateway.run: Starting Hermes Gateway...
2026-09-10 02:29:27,297 INFO gateway.run: Session storage: /home/hermes/.hermes/sessions
2026-09-10 02:29:27,305 INFO gateway.run: Agent budget: max_iterations=90 (agent.max_turns from config.yaml, or HERMES_MAX_ITERATIONS from .env, or default 90)
2026-09-10 02:29:27,306 INFO gateway.run: Secret redaction: ENABLED (tool output, logs, and chat responses are scrubbed before delivery)
2026-09-10 02:29:27,312 INFO gateway.run: Previous gateway exited cleanly — skipping session suspension
2026-09-10 02:29:27,413 INFO gateway.run: Connecting to telegram...
2026-09-10 02:29:27,484 INFO gateway.platforms.telegram: [Telegram] Auto-discovered Telegram fallback IPs: 149.154.166.110
2026-09-10 02:29:27,484 INFO gateway.platforms.telegram: [Telegram] Telegram fallback IPs active: 149.154.166.110
2026-09-10 02:29:28,692 INFO gateway.platforms.telegram: [Telegram] set_my_commands OK for scope BotCommandScopeDefault (30 cmds)
2026-09-10 02:29:28,982 INFO gateway.platforms.telegram: [Telegram] set_my_commands OK for scope BotCommandScopeAllPrivateChats (30 cmds)
2026-09-10 02:29:29,274 INFO gateway.platforms.telegram: [Telegram] set_my_commands OK for scope BotCommandScopeAllGroupChats (30 cmds)
2026-09-10 02:29:29,274 INFO gateway.platforms.telegram: [Telegram] Telegram menu: 30 commands registered, 71 hidden (over 30 limit). Use /commands for full list.
2026-09-10 02:29:29,276 INFO gateway.platforms.telegram: [Telegram] Connected to Telegram (polling mode)
2026-09-10 02:29:29,277 INFO gateway.run: ✓ telegram connected
2026-09-10 02:29:29,302 INFO gateway.run: Connecting to api_server...
2026-09-10 02:29:29,306 INFO gateway.platforms.api_server: [Api_Server] API server listening on http://0.0.0.0:8642 (model: hermes-agent)
2026-09-10 02:29:29,308 INFO gateway.run: ✓ api_server connected
2026-09-10 02:29:29,308 INFO gateway.run: Gateway running with 2 platform(s)
2026-09-10 02:29:29,312 INFO gateway.run: Channel directory built: 1 target(s)
2026-09-10 02:29:30,314 INFO gateway.run: Press Ctrl+C to stop
2026-09-10 02:29:30,320 INFO gateway.run: Cron ticker started (interval=60s)
2026-09-10 02:29:35,349 INFO gateway.run: kanban dispatcher: embedded in gateway (interval=60.0s)
2026-09-10 02:34:28,117 INFO gateway.run: Received SIGTERM as a planned --replace takeover — exiting cleanly
2026-09-10 02:34:28,117 WARNING gateway.run: Shutdown context: signal=SIGTERM under_systemd=yes parent_pid=109079 parent_name=systemd loadavg_1m=0.14 parent_cmdline='/usr/lib/systemd/systemd --user'
2026-09-10 02:34:28,119 INFO gateway.run: Stopping gateway...
2026-09-10 02:34:28,119 INFO gateway.run: Shutdown phase: notify_active_sessions done at +0.00s
2026-09-10 02:34:28,120 INFO gateway.run: Shutdown phase: drain done at +0.00s (drain took 0.00s, timed_out=False, active_at_start=0, active_now=0)
2026-09-10 02:34:28,649 INFO gateway.platforms.telegram: [Telegram] Disconnected from Telegram
2026-09-10 02:34:28,650 INFO gateway.run: ✓ telegram disconnected (0.53s)
2026-09-10 02:34:28,651 INFO gateway.platforms.api_server: [Api_Server] API server stopped
2026-09-10 02:34:28,651 INFO gateway.run: ✓ api_server disconnected (0.00s)
2026-09-10 02:34:28,651 INFO gateway.run: Shutdown phase: all adapters disconnected at +0.53s
2026-09-10 02:34:28,735 INFO gateway.run: Shutdown phase: final-cleanup tool kill done at +0.62s
2026-09-10 02:34:28,736 INFO gateway.run: Shutdown phase: SessionDB close done at +0.62s
2026-09-10 02:34:28,737 INFO gateway.run: Gateway stopped (total teardown 0.62s)
2026-09-10 02:34:28,737 INFO gateway.run: Cron ticker stopped
2026-09-10 02:34:29,301 INFO gateway.run: Starting Hermes Gateway...
2026-09-10 02:34:29,301 INFO gateway.run: Session storage: /home/hermes/.hermes/sessions
2026-09-10 02:34:29,312 INFO gateway.run: Agent budget: max_iterations=90 (agent.max_turns from config.yaml, or HERMES_MAX_ITERATIONS from .env, or default 90)
2026-09-10 02:34:29,312 INFO gateway.run: Secret redaction: ENABLED (tool output, logs, and chat responses are scrubbed before delivery)
2026-09-10 02:34:29,319 INFO gateway.run: Previous gateway exited cleanly — skipping session suspension
2026-09-10 02:34:29,419 INFO gateway.run: Connecting to telegram...
2026-09-10 02:34:29,494 INFO gateway.platforms.telegram: [Telegram] Auto-discovered Telegram fallback IPs: 149.154.166.110
2026-09-10 02:34:29,494 INFO gateway.platforms.telegram: [Telegram] Telegram fallback IPs active: 149.154.166.110
2026-09-10 02:34:30,805 INFO gateway.platforms.telegram: [Telegram] set_my_commands OK for scope BotCommandScopeDefault (30 cmds)
2026-09-10 02:34:31,116 INFO gateway.platforms.telegram: [Telegram] set_my_commands OK for scope BotCommandScopeAllPrivateChats (30 cmds)
2026-09-10 02:34:31,423 INFO gateway.platforms.telegram: [Telegram] set_my_commands OK for scope BotCommandScopeAllGroupChats (30 cmds)
2026-09-10 02:34:31,423 INFO gateway.platforms.telegram: [Telegram] Telegram menu: 30 commands registered, 71 hidden (over 30 limit). Use /commands for full list.
2026-09-10 02:34:31,424 INFO gateway.platforms.telegram: [Telegram] Connected to Telegram (polling mode)
2026-09-10 02:34:31,426 INFO gateway.run: ✓ telegram connected
2026-09-10 02:34:31,451 INFO gateway.run: Connecting to api_server...
2026-09-10 02:34:31,455 INFO gateway.platforms.api_server: [Api_Server] API server listening on http://0.0.0.0:8642 (model: hermes-agent)
2026-09-10 02:34:31,456 INFO gateway.run: ✓ api_server connected
2026-09-10 02:34:31,457 INFO gateway.run: Gateway running with 2 platform(s)
2026-09-10 02:34:31,461 INFO gateway.run: Channel directory built: 1 target(s)
2026-09-10 02:34:32,463 INFO gateway.run: Press Ctrl+C to stop
2026-09-10 02:34:32,469 INFO gateway.run: Cron ticker started (interval=60s)
2026-09-10 02:34:37,495 INFO gateway.run: kanban dispatcher: embedded in gateway (interval=60.0s)
2026-09-10 02:39:30,119 INFO gateway.run: Received SIGTERM as a planned --replace takeover — exiting cleanly
2026-09-10 02:39:30,119 WARNING gateway.run: Shutdown context: signal=SIGTERM under_systemd=yes parent_pid=1 parent_name=systemd loadavg_1m=0.00 parent_cmdline='/usr/lib/systemd/systemd --system --deserialize=75 vultr'
2026-09-10 02:39:30,120 INFO gateway.run: Stopping gateway...
2026-09-10 02:39:30,121 INFO gateway.run: Shutdown phase: notify_active_sessions done at +0.00s
2026-09-10 02:39:30,121 INFO gateway.run: Shutdown phase: drain done at +0.00s (drain took 0.00s, timed_out=False, active_at_start=0, active_now=0)
2026-09-10 02:39:30,627 INFO gateway.platforms.telegram: [Telegram] Disconnected from Telegram
2026-09-10 02:39:30,627 INFO gateway.run: ✓ telegram disconnected (0.51s)
2026-09-10 02:39:30,629 INFO gateway.platforms.api_server: [Api_Server] API server stopped
2026-09-10 02:39:30,629 INFO gateway.run: ✓ api_server disconnected (0.00s)
2026-09-10 02:39:30,629 INFO gateway.run: Shutdown phase: all adapters disconnected at +0.51s
2026-09-10 02:39:30,711 INFO gateway.run: Shutdown phase: final-cleanup tool kill done at +0.59s
2026-09-10 02:39:30,712 INFO gateway.run: Shutdown phase: SessionDB close done at +0.59s
2026-09-10 02:39:30,713 INFO gateway.run: Gateway stopped (total teardown 0.59s)
2026-09-10 02:39:30,714 INFO gateway.run: Cron ticker stopped
2026-09-10 02:39:31,296 INFO gateway.run: Starting Hermes Gateway...
2026-09-10 02:39:31,296 INFO gateway.run: Session storage: /home/hermes/.hermes/sessions
2026-09-10 02:39:31,304 INFO gateway.run: Agent budget: max_iterations=90 (agent.max_turns from config.yaml, or HERMES_MAX_ITERATIONS from .env, or default 90)
2026-09-10 02:39:31,305 INFO gateway.run: Secret redaction: ENABLED (tool output, logs, and chat responses are scrubbed before delivery)
2026-09-10 02:39:31,311 INFO gateway.run: Previous gateway exited cleanly — skipping session suspension
2026-09-10 02:39:31,413 INFO gateway.run: Connecting to telegram...
2026-09-10 02:39:31,485 INFO gateway.platforms.telegram: [Telegram] Auto-discovered Telegram fallback IPs: 149.154.166.110
2026-09-10 02:39:31,485 INFO gateway.platforms.telegram: [Telegram] Telegram fallback IPs active: 149.154.166.110
2026-09-10 02:39:32,746 INFO gateway.platforms.telegram: [Telegram] set_my_commands OK for scope BotCommandScopeDefault (30 cmds)
2026-09-10 02:39:33,047 INFO gateway.platforms.telegram: [Telegram] set_my_commands OK for scope BotCommandScopeAllPrivateChats (30 cmds)
2026-09-10 02:39:33,347 INFO gateway.platforms.telegram: [Telegram] set_my_commands OK for scope BotCommandScopeAllGroupChats (30 cmds)
2026-09-10 02:39:33,347 INFO gateway.platforms.telegram: [Telegram] Telegram menu: 30 commands registered, 71 hidden (over 30 limit). Use /commands for full list.
2026-09-10 02:39:33,348 INFO gateway.platforms.telegram: [Telegram] Connected to Telegram (polling mode)
2026-09-10 02:39:33,350 INFO gateway.run: ✓ telegram connected
2026-09-10 02:39:33,374 INFO gateway.run: Connecting to api_server...
2026-09-10 02:39:33,378 INFO gateway.platforms.api_server: [Api_Server] API server listening on http://0.0.0.0:8642 (model: hermes-agent)
2026-09-10 02:39:33,380 INFO gateway.run: ✓ api_server connected
2026-09-10 02:39:33,381 INFO gateway.run: Gateway running with 2 platform(s)
2026-09-10 02:39:33,384 INFO gateway.run: Channel directory built: 1 target(s)
2026-09-10 02:39:34,386 INFO gateway.run: Press Ctrl+C to stop
2026-09-10 02:39:34,393 INFO gateway.run: Cron ticker started (interval=60s)
2026-09-10 02:39:39,419 INFO gateway.run: kanban dispatcher: embedded in gateway (interval=60.0s)
2026-09-10 02:44:32,153 INFO gateway.run: Received SIGTERM as a planned --replace takeover — exiting cleanly
2026-09-10 02:44:32,153 WARNING gateway.run: Shutdown context: signal=SIGTERM under_systemd=yes parent_pid=109079 parent_name=systemd loadavg_1m=0.08 parent_cmdline='/usr/lib/systemd/systemd --user'
2026-09-10 02:44:32,155 INFO gateway.run: Stopping gateway...
2026-09-10 02:44:32,155 INFO gateway.run: Shutdown phase: notify_active_sessions done at +0.00s
2026-09-10 02:44:32,156 INFO gateway.run: Shutdown phase: drain done at +0.00s (drain took 0.00s, timed_out=False, active_at_start=0, active_now=0)
2026-09-10 02:44:32,700 INFO gateway.platforms.telegram: [Telegram] Disconnected from Telegram
2026-09-10 02:44:32,700 INFO gateway.run: ✓ telegram disconnected (0.54s)
2026-09-10 02:44:32,701 INFO gateway.platforms.api_server: [Api_Server] API server stopped
2026-09-10 02:44:32,701 INFO gateway.run: ✓ api_server disconnected (0.00s)
2026-09-10 02:44:32,701 INFO gateway.run: Shutdown phase: all adapters disconnected at +0.55s
2026-09-10 02:44:32,784 INFO gateway.run: Shutdown phase: final-cleanup tool kill done at +0.63s
2026-09-10 02:44:32,784 INFO gateway.run: Shutdown phase: SessionDB close done at +0.63s
2026-09-10 02:44:32,785 INFO gateway.run: Gateway stopped (total teardown 0.63s)
2026-09-10 02:44:32,786 INFO gateway.run: Cron ticker stopped
2026-09-10 02:44:33,333 INFO gateway.run: Starting Hermes Gateway...
2026-09-10 02:44:33,333 INFO gateway.run: Session storage: /home/hermes/.hermes/sessions
2026-09-10 02:44:33,343 INFO gateway.run: Agent budget: max_iterations=90 (agent.max_turns from config.yaml, or HERMES_MAX_ITERATIONS from .env, or default 90)
2026-09-10 02:44:33,344 INFO gateway.run: Secret redaction: ENABLED (tool output, logs, and chat responses are scrubbed before delivery)
2026-09-10 02:44:33,350 INFO gateway.run: Previous gateway exited cleanly — skipping session suspension
2026-09-10 02:44:33,457 INFO gateway.run: Connecting to telegram...
2026-09-10 02:44:33,549 INFO gateway.platforms.telegram: [Telegram] Auto-discovered Telegram fallback IPs: 149.154.166.110
2026-09-10 02:44:33,549 INFO gateway.platforms.telegram: [Telegram] Telegram fallback IPs active: 149.154.166.110
2026-09-10 02:44:34,933 INFO gateway.platforms.telegram: [Telegram] set_my_commands OK for scope BotCommandScopeDefault (30 cmds)
2026-09-10 02:44:35,252 INFO gateway.platforms.telegram: [Telegram] set_my_commands OK for scope BotCommandScopeAllPrivateChats (30 cmds)
2026-09-10 02:44:35,571 INFO gateway.platforms.telegram: [Telegram] set_my_commands OK for scope BotCommandScopeAllGroupChats (30 cmds)
2026-09-10 02:44:35,572 INFO gateway.platforms.telegram: [Telegram] Telegram menu: 30 commands registered, 71 hidden (over 30 limit). Use /commands for full list.
2026-09-10 02:44:35,573 INFO gateway.platforms.telegram: [Telegram] Connected to Telegram (polling mode)
2026-09-10 02:44:35,575 INFO gateway.run: ✓ telegram connected
2026-09-10 02:44:35,599 INFO gateway.run: Connecting to api_server...
2026-09-10 02:44:35,603 INFO gateway.platforms.api_server: [Api_Server] API server listening on http://0.0.0.0:8642 (model: hermes-agent)
2026-09-10 02:44:35,605 INFO gateway.run: ✓ api_server connected
2026-09-10 02:44:35,606 INFO gateway.run: Gateway running with 2 platform(s)
2026-09-10 02:44:35,610 INFO gateway.run: Channel directory built: 1 target(s)
2026-09-10 02:44:36,611 INFO gateway.run: Press Ctrl+C to stop
2026-09-10 02:44:36,618 INFO gateway.run: Cron ticker started (interval=60s)
2026-09-10 02:44:41,643 INFO gateway.run: kanban dispatcher: embedded in gateway (interval=60.0s)
2026-09-10 02:49:34,121 INFO gateway.run: Received SIGTERM as a planned --replace takeover — exiting cleanly
2026-09-10 02:49:34,122 WARNING gateway.run: Shutdown context: signal=SIGTERM under_systemd=yes parent_pid=1 parent_name=systemd loadavg_1m=0.01 parent_cmdline='/usr/lib/systemd/systemd --system --deserialize=75 vultr'
2026-09-10 02:49:34,123 INFO gateway.run: Stopping gateway...
2026-09-10 02:49:34,123 INFO gateway.run: Shutdown phase: notify_active_sessions done at +0.00s
2026-09-10 02:49:34,124 INFO gateway.run: Shutdown phase: drain done at +0.00s (drain took 0.00s, timed_out=False, active_at_start=0, active_now=0)
2026-09-10 02:49:34,589 INFO gateway.platforms.telegram: [Telegram] Disconnected from Telegram
2026-09-10 02:49:34,589 INFO gateway.run: ✓ telegram disconnected (0.46s)
2026-09-10 02:49:34,590 INFO gateway.platforms.api_server: [Api_Server] API server stopped
2026-09-10 02:49:34,590 INFO gateway.run: ✓ api_server disconnected (0.00s)
2026-09-10 02:49:34,590 INFO gateway.run: Shutdown phase: all adapters disconnected at +0.47s
2026-09-10 02:49:34,679 INFO gateway.run: Shutdown phase: final-cleanup tool kill done at +0.56s
2026-09-10 02:49:34,680 INFO gateway.run: Shutdown phase: SessionDB close done at +0.56s
2026-09-10 02:49:34,681 INFO gateway.run: Gateway stopped (total teardown 0.56s)
2026-09-10 02:49:34,681 INFO gateway.run: Cron ticker stopped
2026-09-10 02:49:35,308 INFO gateway.run: Starting Hermes Gateway...
2026-09-10 02:49:35,308 INFO gateway.run: Session storage: /home/hermes/.hermes/sessions
2026-09-10 02:49:35,316 INFO gateway.run: Agent budget: max_iterations=90 (agent.max_turns from config.yaml, or HERMES_MAX_ITERATIONS from .env, or default 90)
2026-09-10 02:49:35,316 INFO gateway.run: Secret redaction: ENABLED (tool output, logs, and chat responses are scrubbed before delivery)
2026-09-10 02:49:35,322 INFO gateway.run: Previous gateway exited cleanly — skipping session suspension
2026-09-10 02:49:35,422 INFO gateway.run: Connecting to telegram...
2026-09-10 02:49:35,507 INFO gateway.platforms.telegram: [Telegram] Auto-discovered Telegram fallback IPs: 149.154.166.110
2026-09-10 02:49:35,507 INFO gateway.platforms.telegram: [Telegram] Telegram fallback IPs active: 149.154.166.110
2026-09-10 02:49:36,748 INFO gateway.platforms.telegram: [Telegram] set_my_commands OK for scope BotCommandScopeDefault (30 cmds)
2026-09-10 02:49:37,045 INFO gateway.platforms.telegram: [Telegram] set_my_commands OK for scope BotCommandScopeAllPrivateChats (30 cmds)
2026-09-10 02:49:37,342 INFO gateway.platforms.telegram: [Telegram] set_my_commands OK for scope BotCommandScopeAllGroupChats (30 cmds)
2026-09-10 02:49:37,342 INFO gateway.platforms.telegram: [Telegram] Telegram menu: 30 commands registered, 71 hidden (over 30 limit). Use /commands for full list.
2026-09-10 02:49:37,344 INFO gateway.platforms.telegram: [Telegram] Connected to Telegram (polling mode)
2026-09-10 02:49:37,345 INFO gateway.run: ✓ telegram connected
2026-09-10 02:49:37,370 INFO gateway.run: Connecting to api_server...
2026-09-10 02:49:37,373 INFO gateway.platforms.api_server: [Api_Server] API server listening on http://0.0.0.0:8642 (model: hermes-agent)
2026-09-10 02:49:37,375 INFO gateway.run: ✓ api_server connected
2026-09-10 02:49:37,376 INFO gateway.run: Gateway running with 2 platform(s)
2026-09-10 02:49:37,380 INFO gateway.run: Channel directory built: 1 target(s)
2026-09-10 02:49:38,381 INFO gateway.run: Press Ctrl+C to stop
2026-09-10 02:49:38,388 INFO gateway.run: Cron ticker started (interval=60s)
2026-09-10 02:49:43,412 INFO gateway.run: kanban dispatcher: embedded in gateway (interval=60.0s)
2026-09-10 02:54:36,117 INFO gateway.run: Received SIGTERM as a planned --replace takeover — exiting cleanly
2026-09-10 02:54:36,117 WARNING gateway.run: Shutdown context: signal=SIGTERM under_systemd=yes parent_pid=109079 parent_name=systemd loadavg_1m=0.00 parent_cmdline='/usr/lib/systemd/systemd --user'
2026-09-10 02:54:36,118 INFO gateway.run: Stopping gateway...
2026-09-10 02:54:36,118 INFO gateway.run: Shutdown phase: notify_active_sessions done at +0.00s
2026-09-10 02:54:36,119 INFO gateway.run: Shutdown phase: drain done at +0.00s (drain took 0.00s, timed_out=False, active_at_start=0, active_now=0)
2026-09-10 02:54:36,623 INFO gateway.platforms.telegram: [Telegram] Disconnected from Telegram
2026-09-10 02:54:36,623 INFO gateway.run: ✓ telegram disconnected (0.50s)
2026-09-10 02:54:36,624 INFO gateway.platforms.api_server: [Api_Server] API server stopped
2026-09-10 02:54:36,624 INFO gateway.run: ✓ api_server disconnected (0.00s)
2026-09-10 02:54:36,624 INFO gateway.run: Shutdown phase: all adapters disconnected at +0.51s
2026-09-10 02:54:36,708 INFO gateway.run: Shutdown phase: final-cleanup tool kill done at +0.59s
2026-09-10 02:54:36,708 INFO gateway.run: Shutdown phase: SessionDB close done at +0.59s
2026-09-10 02:54:36,709 INFO gateway.run: Gateway stopped (total teardown 0.59s)
2026-09-10 02:54:36,710 INFO gateway.run: Cron ticker stopped
2026-09-10 02:54:37,295 INFO gateway.run: Starting Hermes Gateway...
2026-09-10 02:54:37,295 INFO gateway.run: Session storage: /home/hermes/.hermes/sessions
2026-09-10 02:54:37,305 INFO gateway.run: Agent budget: max_iterations=90 (agent.max_turns from config.yaml, or HERMES_MAX_ITERATIONS from .env, or default 90)
2026-09-10 02:54:37,305 INFO gateway.run: Secret redaction: ENABLED (tool output, logs, and chat responses are scrubbed before delivery)
2026-09-10 02:54:37,311 INFO gateway.run: Previous gateway exited cleanly — skipping session suspension
2026-09-10 02:54:37,413 INFO gateway.run: Connecting to telegram...
2026-09-10 02:54:37,480 INFO gateway.platforms.telegram: [Telegram] Auto-discovered Telegram fallback IPs: 149.154.166.110
2026-09-10 02:54:37,480 INFO gateway.platforms.telegram: [Telegram] Telegram fallback IPs active: 149.154.166.110
2026-09-10 02:54:38,775 INFO gateway.platforms.telegram: [Telegram] set_my_commands OK for scope BotCommandScopeDefault (30 cmds)
2026-09-10 02:54:39,079 INFO gateway.platforms.telegram: [Telegram] set_my_commands OK for scope BotCommandScopeAllPrivateChats (30 cmds)
2026-09-10 02:54:39,386 INFO gateway.platforms.telegram: [Telegram] set_my_commands OK for scope BotCommandScopeAllGroupChats (30 cmds)
2026-09-10 02:54:39,387 INFO gateway.platforms.telegram: [Telegram] Telegram menu: 30 commands registered, 71 hidden (over 30 limit). Use /commands for full list.
2026-09-10 02:54:39,388 INFO gateway.platforms.telegram: [Telegram] Connected to Telegram (polling mode)
2026-09-10 02:54:39,390 INFO gateway.run: ✓ telegram connected
2026-09-10 02:54:39,414 INFO gateway.run: Connecting to api_server...
2026-09-10 02:54:39,418 INFO gateway.platforms.api_server: [Api_Server] API server listening on http://0.0.0.0:8642 (model: hermes-agent)
2026-09-10 02:54:39,420 INFO gateway.run: ✓ api_server connected
2026-09-10 02:54:39,420 INFO gateway.run: Gateway running with 2 platform(s)
2026-09-10 02:54:39,424 INFO gateway.run: Channel directory built: 1 target(s)
2026-09-10 02:54:40,426 INFO gateway.run: Press Ctrl+C to stop
2026-09-10 02:54:40,432 INFO gateway.run: Cron ticker started (interval=60s)
2026-09-10 02:54:45,457 INFO gateway.run: kanban dispatcher: embedded in gateway (interval=60.0s)
2026-09-10 02:59:38,081 INFO gateway.run: Received SIGTERM as a planned --replace takeover — exiting cleanly
2026-09-10 02:59:38,081 WARNING gateway.run: Shutdown context: signal=SIGTERM under_systemd=yes parent_pid=1 parent_name=systemd loadavg_1m=0.04 parent_cmdline='/usr/lib/systemd/systemd --system --deserialize=75 vultr'
2026-09-10 02:59:38,083 INFO gateway.run: Stopping gateway...
2026-09-10 02:59:38,083 INFO gateway.run: Shutdown phase: notify_active_sessions done at +0.00s
2026-09-10 02:59:38,084 INFO gateway.run: Shutdown phase: drain done at +0.00s (drain took 0.00s, timed_out=False, active_at_start=0, active_now=0)
2026-09-10 02:59:38,601 INFO gateway.platforms.telegram: [Telegram] Disconnected from Telegram
2026-09-10 02:59:38,601 INFO gateway.run: ✓ telegram disconnected (0.52s)
2026-09-10 02:59:38,602 INFO gateway.platforms.api_server: [Api_Server] API server stopped
2026-09-10 02:59:38,602 INFO gateway.run: ✓ api_server disconnected (0.00s)
2026-09-10 02:59:38,602 INFO gateway.run: Shutdown phase: all adapters disconnected at +0.52s
2026-09-10 02:59:38,685 INFO gateway.run: Shutdown phase: final-cleanup tool kill done at +0.60s
2026-09-10 02:59:38,685 INFO gateway.run: Shutdown phase: SessionDB close done at +0.60s
2026-09-10 02:59:38,686 INFO gateway.run: Gateway stopped (total teardown 0.60s)
2026-09-10 02:59:38,687 INFO gateway.run: Cron ticker stopped
2026-09-10 02:59:39,255 INFO gateway.run: Starting Hermes Gateway...
2026-09-10 02:59:39,256 INFO gateway.run: Session storage: /home/hermes/.hermes/sessions
2026-09-10 02:59:39,264 INFO gateway.run: Agent budget: max_iterations=90 (agent.max_turns from config.yaml, or HERMES_MAX_ITERATIONS from .env, or default 90)
2026-09-10 02:59:39,264 INFO gateway.run: Secret redaction: ENABLED (tool output, logs, and chat responses are scrubbed before delivery)
2026-09-10 02:59:39,270 INFO gateway.run: Previous gateway exited cleanly — skipping session suspension
2026-09-10 02:59:39,373 INFO gateway.run: Connecting to telegram...
2026-09-10 02:59:39,457 INFO gateway.platforms.telegram: [Telegram] Auto-discovered Telegram fallback IPs: 149.154.166.110
2026-09-10 02:59:39,457 INFO gateway.platforms.telegram: [Telegram] Telegram fallback IPs active: 149.154.166.110
2026-09-10 02:59:40,652 INFO gateway.platforms.telegram: [Telegram] set_my_commands OK for scope BotCommandScopeDefault (30 cmds)
2026-09-10 02:59:40,939 INFO gateway.platforms.telegram: [Telegram] set_my_commands OK for scope BotCommandScopeAllPrivateChats (30 cmds)
2026-09-10 02:59:41,229 INFO gateway.platforms.telegram: [Telegram] set_my_commands OK for scope BotCommandScopeAllGroupChats (30 cmds)
2026-09-10 02:59:41,229 INFO gateway.platforms.telegram: [Telegram] Telegram menu: 30 commands registered, 71 hidden (over 30 limit). Use /commands for full list.
2026-09-10 02:59:41,230 INFO gateway.platforms.telegram: [Telegram] Connected to Telegram (polling mode)
2026-09-10 02:59:41,232 INFO gateway.run: ✓ telegram connected
2026-09-10 02:59:41,257 INFO gateway.run: Connecting to api_server...
2026-09-10 02:59:41,260 INFO gateway.platforms.api_server: [Api_Server] API server listening on http://0.0.0.0:8642 (model: hermes-agent)
2026-09-10 02:59:41,262 INFO gateway.run: ✓ api_server connected
2026-09-10 02:59:41,263 INFO gateway.run: Gateway running with 2 platform(s)
2026-09-10 02:59:41,267 INFO gateway.run: Channel directory built: 1 target(s)
2026-09-10 02:59:42,268 INFO gateway.run: Press Ctrl+C to stop
2026-09-10 02:59:42,275 INFO gateway.run: Cron ticker started (interval=60s)
2026-09-10 02:59:47,299 INFO gateway.run: kanban dispatcher: embedded in gateway (interval=60.0s)
2026-09-10 03:04:40,104 INFO gateway.run: Received SIGTERM as a planned --replace takeover — exiting cleanly
2026-09-10 03:04:40,104 WARNING gateway.run: Shutdown context: signal=SIGTERM under_systemd=yes parent_pid=109079 parent_name=systemd loadavg_1m=0.00 parent_cmdline='/usr/lib/systemd/systemd --user'
2026-09-10 03:04:40,106 INFO gateway.run: Stopping gateway...
2026-09-10 03:04:40,106 INFO gateway.run: Shutdown phase: notify_active_sessions done at +0.00s
2026-09-10 03:04:40,107 INFO gateway.run: Shutdown phase: drain done at +0.00s (drain took 0.00s, timed_out=False, active_at_start=0, active_now=0)
2026-09-10 03:04:40,562 INFO gateway.platforms.telegram: [Telegram] Disconnected from Telegram
2026-09-10 03:04:40,562 INFO gateway.run: ✓ telegram disconnected (0.45s)
2026-09-10 03:04:40,563 INFO gateway.platforms.api_server: [Api_Server] API server stopped
2026-09-10 03:04:40,563 INFO gateway.run: ✓ api_server disconnected (0.00s)
2026-09-10 03:04:40,563 INFO gateway.run: Shutdown phase: all adapters disconnected at +0.46s
2026-09-10 03:04:40,646 INFO gateway.run: Shutdown phase: final-cleanup tool kill done at +0.54s
2026-09-10 03:04:40,646 INFO gateway.run: Shutdown phase: SessionDB close done at +0.54s
2026-09-10 03:04:40,648 INFO gateway.run: Gateway stopped (total teardown 0.54s)
2026-09-10 03:04:40,648 INFO gateway.run: Cron ticker stopped
2026-09-10 03:04:41,289 INFO gateway.run: Starting Hermes Gateway...
2026-09-10 03:04:41,289 INFO gateway.run: Session storage: /home/hermes/.hermes/sessions
2026-09-10 03:04:41,300 INFO gateway.run: Agent budget: max_iterations=90 (agent.max_turns from config.yaml, or HERMES_MAX_ITERATIONS from .env, or default 90)
2026-09-10 03:04:41,300 INFO gateway.run: Secret redaction: ENABLED (tool output, logs, and chat responses are scrubbed before delivery)
2026-09-10 03:04:41,307 INFO gateway.run: Previous gateway exited cleanly — skipping session suspension
2026-09-10 03:04:41,409 INFO gateway.run: Connecting to telegram...
2026-09-10 03:04:41,481 INFO gateway.platforms.telegram: [Telegram] Auto-discovered Telegram fallback IPs: 149.154.166.110
2026-09-10 03:04:41,481 INFO gateway.platforms.telegram: [Telegram] Telegram fallback IPs active: 149.154.166.110
2026-09-10 03:04:42,786 INFO gateway.platforms.telegram: [Telegram] set_my_commands OK for scope BotCommandScopeDefault (30 cmds)
2026-09-10 03:04:43,095 INFO gateway.platforms.telegram: [Telegram] set_my_commands OK for scope BotCommandScopeAllPrivateChats (30 cmds)
2026-09-10 03:04:43,403 INFO gateway.platforms.telegram: [Telegram] set_my_commands OK for scope BotCommandScopeAllGroupChats (30 cmds)
2026-09-10 03:04:43,403 INFO gateway.platforms.telegram: [Telegram] Telegram menu: 30 commands registered, 71 hidden (over 30 limit). Use /commands for full list.
2026-09-10 03:04:43,405 INFO gateway.platforms.telegram: [Telegram] Connected to Telegram (polling mode)
2026-09-10 03:04:43,406 INFO gateway.run: ✓ telegram connected
2026-09-10 03:04:43,432 INFO gateway.run: Connecting to api_server...
2026-09-10 03:04:43,436 INFO gateway.platforms.api_server: [Api_Server] API server listening on http://0.0.0.0:8642 (model: hermes-agent)
2026-09-10 03:04:43,438 INFO gateway.run: ✓ api_server connected
2026-09-10 03:04:43,439 INFO gateway.run: Gateway running with 2 platform(s)
2026-09-10 03:04:43,443 INFO gateway.run: Channel directory built: 1 target(s)
2026-09-10 03:04:44,445 INFO gateway.run: Press Ctrl+C to stop
2026-09-10 03:04:44,454 INFO gateway.run: Cron ticker started (interval=60s)
2026-09-10 03:04:49,462 INFO gateway.run: kanban dispatcher: embedded in gateway (interval=60.0s)
2026-09-10 03:07:32,581 INFO gateway.platforms.telegram: [Telegram] Flushing text batch agent:main:telegram:dm:8944451892 (19 chars)
2026-09-10 03:07:32,597 INFO gateway.run: inbound message: platform=telegram user=Rob chat=8944451892 msg='Não reiniciou mais?'
2026-09-10 03:09:41,867 INFO gateway.run: Received SIGTERM as a planned --replace takeover — exiting cleanly
2026-09-10 03:09:41,867 WARNING gateway.run: Shutdown context: signal=SIGTERM under_systemd=yes parent_pid=1 parent_name=systemd loadavg_1m=0.04 parent_cmdline='/usr/lib/systemd/systemd --system --deserialize=75 vultr'
2026-09-10 03:09:41,868 INFO gateway.run: Stopping gateway...
2026-09-10 03:09:42,453 INFO gateway.run: Sent shutdown notification to active chat telegram:8944451892
2026-09-10 03:09:42,453 INFO gateway.run: Shutdown phase: notify_active_sessions done at +0.58s
2026-09-10 03:09:52,552 INFO gateway.run: Starting Hermes Gateway...
2026-09-10 03:09:52,552 INFO gateway.run: Session storage: /home/hermes/.hermes/sessions
2026-09-10 03:09:52,560 INFO gateway.run: Agent budget: max_iterations=90 (agent.max_turns from config.yaml, or HERMES_MAX_ITERATIONS from .env, or default 90)
2026-09-10 03:09:52,560 INFO gateway.run: Secret redaction: ENABLED (tool output, logs, and chat responses are scrubbed before delivery)
2026-09-10 03:09:52,666 INFO gateway.run: Connecting to telegram...
2026-09-10 03:09:52,744 INFO gateway.platforms.telegram: [Telegram] Auto-discovered Telegram fallback IPs: 149.154.166.110
2026-09-10 03:09:52,744 INFO gateway.platforms.telegram: [Telegram] Telegram fallback IPs active: 149.154.166.110
2026-09-10 03:09:53,865 INFO gateway.platforms.telegram: [Telegram] set_my_commands OK for scope BotCommandScopeDefault (30 cmds)
2026-09-10 03:09:54,139 INFO gateway.platforms.telegram: [Telegram] set_my_commands OK for scope BotCommandScopeAllPrivateChats (30 cmds)
2026-09-10 03:09:54,413 INFO gateway.platforms.telegram: [Telegram] set_my_commands OK for scope BotCommandScopeAllGroupChats (30 cmds)
2026-09-10 03:09:54,414 INFO gateway.platforms.telegram: [Telegram] Telegram menu: 30 commands registered, 71 hidden (over 30 limit). Use /commands for full list.
2026-09-10 03:09:54,415 INFO gateway.platforms.telegram: [Telegram] Connected to Telegram (polling mode)
2026-09-10 03:09:54,417 INFO gateway.run: ✓ telegram connected
2026-09-10 03:09:54,440 INFO gateway.run: Connecting to api_server...
2026-09-10 03:09:54,443 INFO gateway.platforms.api_server: [Api_Server] API server listening on http://0.0.0.0:8642 (model: hermes-agent)
2026-09-10 03:09:54,445 INFO gateway.run: ✓ api_server connected
2026-09-10 03:09:54,446 INFO gateway.run: Gateway running with 2 platform(s)
2026-09-10 03:09:54,449 INFO gateway.run: Channel directory built: 1 target(s)
2026-09-10 03:09:55,451 INFO gateway.run: Scheduled auto-resume for 1 restart-interrupted session(s)
2026-09-10 03:09:55,451 INFO gateway.run: Press Ctrl+C to stop
2026-09-10 03:09:55,457 INFO gateway.run: Cron ticker started (interval=60s)
2026-09-10 03:09:55,496 INFO gateway.run: inbound message: platform=telegram user=Rob chat=8944451892 msg=''
2026-09-10 03:10:00,480 INFO gateway.run: kanban dispatcher: embedded in gateway (interval=60.0s)
2026-09-10 03:14:12,632 INFO gateway.platforms.telegram: Telegram button resolved 1 approval(s) for session agent:main:telegram:dm:8944451892 (choice=always, user=Rob)
2026-09-10 03:14:53,101 INFO gateway.run: Received SIGTERM as a planned --replace takeover — exiting cleanly
2026-09-10 03:14:53,101 WARNING gateway.run: Shutdown context: signal=SIGTERM under_systemd=yes parent_pid=109079 parent_name=systemd loadavg_1m=0.00 parent_cmdline='/usr/lib/systemd/systemd --user'
2026-09-10 03:14:53,103 INFO gateway.run: Stopping gateway...
2026-09-10 03:14:53,736 INFO gateway.run: Sent shutdown notification to active chat telegram:8944451892
2026-09-10 03:14:53,736 INFO gateway.run: Shutdown phase: notify_active_sessions done at +0.63s
2026-09-10 03:15:03,787 INFO gateway.run: Starting Hermes Gateway...
2026-09-10 03:15:03,787 INFO gateway.run: Session storage: /home/hermes/.hermes/sessions
2026-09-10 03:15:03,798 INFO gateway.run: Agent budget: max_iterations=90 (agent.max_turns from config.yaml, or HERMES_MAX_ITERATIONS from .env, or default 90)
2026-09-10 03:15:03,799 INFO gateway.run: Secret redaction: ENABLED (tool output, logs, and chat responses are scrubbed before delivery)
2026-09-10 03:15:03,910 INFO gateway.run: Connecting to telegram...
2026-09-10 03:15:03,983 INFO gateway.platforms.telegram: [Telegram] Auto-discovered Telegram fallback IPs: 149.154.166.110
2026-09-10 03:15:03,983 INFO gateway.platforms.telegram: [Telegram] Telegram fallback IPs active: 149.154.166.110
2026-09-10 03:15:05,295 INFO gateway.platforms.telegram: [Telegram] set_my_commands OK for scope BotCommandScopeDefault (30 cmds)
2026-09-10 03:15:05,606 INFO gateway.platforms.telegram: [Telegram] set_my_commands OK for scope BotCommandScopeAllPrivateChats (30 cmds)
2026-09-10 03:15:05,913 INFO gateway.platforms.telegram: [Telegram] set_my_commands OK for scope BotCommandScopeAllGroupChats (30 cmds)
2026-09-10 03:15:05,914 INFO gateway.platforms.telegram: [Telegram] Telegram menu: 30 commands registered, 71 hidden (over 30 limit). Use /commands for full list.
2026-09-10 03:15:05,915 INFO gateway.platforms.telegram: [Telegram] Connected to Telegram (polling mode)
2026-09-10 03:15:05,917 INFO gateway.run: ✓ telegram connected
2026-09-10 03:15:05,942 INFO gateway.run: Connecting to api_server...
2026-09-10 03:15:05,946 INFO gateway.platforms.api_server: [Api_Server] API server listening on http://0.0.0.0:8642 (model: hermes-agent)
2026-09-10 03:15:05,948 INFO gateway.run: ✓ api_server connected
2026-09-10 03:15:05,949 INFO gateway.run: Gateway running with 2 platform(s)
2026-09-10 03:15:05,953 INFO gateway.run: Channel directory built: 1 target(s)
2026-09-10 03:15:06,954 INFO gateway.run: Scheduled auto-resume for 1 restart-interrupted session(s)
2026-09-10 03:15:06,954 INFO gateway.run: Press Ctrl+C to stop
2026-09-10 03:15:06,963 INFO gateway.run: Cron ticker started (interval=60s)
2026-09-10 03:15:07,065 INFO gateway.run: inbound message: platform=telegram user=Rob chat=8944451892 msg=''
2026-09-10 03:15:11,995 INFO gateway.run: kanban dispatcher: embedded in gateway (interval=60.0s)
2026-09-10 03:16:15,630 INFO gateway.platforms.telegram: [Telegram] Flushing text batch agent:main:telegram:dm:8944451892 (35 chars)
2026-09-10 03:17:08,113 INFO gateway.platforms.telegram: Telegram button resolved 1 approval(s) for session agent:main:telegram:dm:8944451892 (choice=always, user=Rob)
2026-09-10 03:19:59,037 INFO gateway.run: Received SIGTERM — initiating shutdown
2026-09-10 03:19:59,037 WARNING gateway.run: Shutdown context: signal=SIGTERM under_systemd=yes parent_pid=1 parent_name=systemd loadavg_1m=0.04 parent_cmdline='/usr/lib/systemd/systemd --system --deserialize=75 vultr'
2026-09-10 03:19:59,039 INFO gateway.run: Stopping gateway...
2026-09-10 03:20:00,016 INFO gateway.run: Sent shutdown notification to active chat telegram:8944451892
2026-09-10 03:20:00,016 INFO gateway.run: Shutdown phase: notify_active_sessions done at +0.98s
2026-09-10 03:22:34,291 INFO gateway.run: Starting Hermes Gateway...
2026-09-10 03:22:34,291 INFO gateway.run: Session storage: /home/hermes/.hermes/sessions
2026-09-10 03:22:34,299 INFO gateway.run: Agent budget: max_iterations=90 (agent.max_turns from config.yaml, or HERMES_MAX_ITERATIONS from .env, or default 90)
2026-09-10 03:22:34,299 INFO gateway.run: Secret redaction: ENABLED (tool output, logs, and chat responses are scrubbed before delivery)
2026-09-10 03:22:34,404 INFO gateway.run: Connecting to telegram...
2026-09-10 03:22:34,483 INFO gateway.platforms.telegram: [Telegram] Auto-discovered Telegram fallback IPs: 149.154.166.110
2026-09-10 03:22:34,483 INFO gateway.platforms.telegram: [Telegram] Telegram fallback IPs active: 149.154.166.110
2026-09-10 03:22:35,854 INFO gateway.platforms.telegram: [Telegram] set_my_commands OK for scope BotCommandScopeDefault (30 cmds)
2026-09-10 03:22:36,176 INFO gateway.platforms.telegram: [Telegram] set_my_commands OK for scope BotCommandScopeAllPrivateChats (30 cmds)
2026-09-10 03:22:36,491 INFO gateway.platforms.telegram: [Telegram] set_my_commands OK for scope BotCommandScopeAllGroupChats (30 cmds)
2026-09-10 03:22:36,491 INFO gateway.platforms.telegram: [Telegram] Telegram menu: 30 commands registered, 71 hidden (over 30 limit). Use /commands for full list.
2026-09-10 03:22:36,492 INFO gateway.platforms.telegram: [Telegram] Connected to Telegram (polling mode)
2026-09-10 03:22:36,494 INFO gateway.run: ✓ telegram connected
2026-09-10 03:22:36,522 INFO gateway.run: Connecting to api_server...
2026-09-10 03:22:36,525 INFO gateway.platforms.api_server: [Api_Server] API server listening on http://0.0.0.0:8642 (model: hermes-agent)
2026-09-10 03:22:36,527 INFO gateway.run: ✓ api_server connected
2026-09-10 03:22:36,528 INFO gateway.run: Gateway running with 2 platform(s)
2026-09-10 03:22:36,532 INFO gateway.run: Channel directory built: 1 target(s)
2026-09-10 03:22:37,534 INFO gateway.run: Scheduled auto-resume for 1 restart-interrupted session(s)
2026-09-10 03:22:37,534 INFO gateway.run: Press Ctrl+C to stop
2026-09-10 03:22:37,541 INFO gateway.run: Cron ticker started (interval=60s)
2026-09-10 03:22:37,588 INFO gateway.run: inbound message: platform=telegram user=Rob chat=8944451892 msg=''
2026-09-10 03:22:42,567 INFO gateway.run: kanban dispatcher: embedded in gateway (interval=60.0s)
2026-09-10 03:25:08,883 INFO gateway.run: Received SIGTERM as a planned --replace takeover — exiting cleanly
2026-09-10 03:25:08,883 WARNING gateway.run: Shutdown context: signal=SIGTERM under_systemd=yes parent_pid=109079 parent_name=systemd loadavg_1m=0.10 parent_cmdline='/usr/lib/systemd/systemd --user'
2026-09-10 03:25:08,884 INFO gateway.run: Stopping gateway...
2026-09-10 03:25:09,517 INFO gateway.run: Sent shutdown notification to active chat telegram:8944451892
2026-09-10 03:25:09,517 INFO gateway.run: Shutdown phase: notify_active_sessions done at +0.63s
2026-09-10 03:25:19,572 INFO gateway.run: Starting Hermes Gateway...
2026-09-10 03:25:19,572 INFO gateway.run: Session storage: /home/hermes/.hermes/sessions
2026-09-10 03:25:19,582 INFO gateway.run: Agent budget: max_iterations=90 (agent.max_turns from config.yaml, or HERMES_MAX_ITERATIONS from .env, or default 90)
2026-09-10 03:25:19,583 INFO gateway.run: Secret redaction: ENABLED (tool output, logs, and chat responses are scrubbed before delivery)
2026-09-10 03:25:19,690 INFO gateway.run: Connecting to telegram...
2026-09-10 03:25:19,759 INFO gateway.platforms.telegram: [Telegram] Auto-discovered Telegram fallback IPs: 149.154.166.110
2026-09-10 03:25:19,759 INFO gateway.platforms.telegram: [Telegram] Telegram fallback IPs active: 149.154.166.110
2026-09-10 03:25:21,000 INFO gateway.platforms.telegram: [Telegram] set_my_commands OK for scope BotCommandScopeDefault (30 cmds)
2026-09-10 03:25:21,296 INFO gateway.platforms.telegram: [Telegram] set_my_commands OK for scope BotCommandScopeAllPrivateChats (30 cmds)
2026-09-10 03:25:21,592 INFO gateway.platforms.telegram: [Telegram] set_my_commands OK for scope BotCommandScopeAllGroupChats (30 cmds)
2026-09-10 03:25:21,592 INFO gateway.platforms.telegram: [Telegram] Telegram menu: 30 commands registered, 71 hidden (over 30 limit). Use /commands for full list.
2026-09-10 03:25:21,593 INFO gateway.platforms.telegram: [Telegram] Connected to Telegram (polling mode)
2026-09-10 03:25:21,595 INFO gateway.run: ✓ telegram connected
2026-09-10 03:25:21,621 INFO gateway.run: Connecting to api_server...
2026-09-10 03:25:21,625 INFO gateway.platforms.api_server: [Api_Server] API server listening on http://0.0.0.0:8642 (model: hermes-agent)
2026-09-10 03:25:21,627 INFO gateway.run: ✓ api_server connected
2026-09-10 03:25:21,628 INFO gateway.run: Gateway running with 2 platform(s)
2026-09-10 03:25:21,632 INFO gateway.run: Channel directory built: 1 target(s)
2026-09-10 03:25:22,633 INFO gateway.run: Scheduled auto-resume for 1 restart-interrupted session(s)
2026-09-10 03:25:22,634 INFO gateway.run: Press Ctrl+C to stop
2026-09-10 03:25:22,640 INFO gateway.run: Cron ticker started (interval=60s)
2026-09-10 03:25:22,721 INFO gateway.run: inbound message: platform=telegram user=Rob chat=8944451892 msg=''
2026-09-10 03:25:29,543 INFO gateway.run: kanban dispatcher: embedded in gateway (interval=60.0s)
2026-09-10 03:30:20,096 INFO gateway.run: Received SIGTERM as a planned --replace takeover — exiting cleanly
2026-09-10 03:30:20,096 WARNING gateway.run: Shutdown context: signal=SIGTERM under_systemd=yes parent_pid=1 parent_name=systemd loadavg_1m=0.01 parent_cmdline='/usr/lib/systemd/systemd --system --deserialize=75 vultr'
2026-09-10 03:30:20,098 INFO gateway.run: Stopping gateway...
2026-09-10 03:30:21,081 INFO gateway.run: Sent shutdown notification to active chat telegram:8944451892
2026-09-10 03:30:21,081 INFO gateway.run: Shutdown phase: notify_active_sessions done at +0.98s
2026-09-10 03:30:30,797 INFO gateway.run: Starting Hermes Gateway...
2026-09-10 03:30:30,797 INFO gateway.run: Session storage: /home/hermes/.hermes/sessions
2026-09-10 03:30:30,807 INFO gateway.run: Agent budget: max_iterations=90 (agent.max_turns from config.yaml, or HERMES_MAX_ITERATIONS from .env, or default 90)
2026-09-10 03:30:30,807 INFO gateway.run: Secret redaction: ENABLED (tool output, logs, and chat responses are scrubbed before delivery)
2026-09-10 03:30:30,923 INFO gateway.run: Connecting to telegram...
2026-09-10 03:30:30,994 INFO gateway.platforms.telegram: [Telegram] Auto-discovered Telegram fallback IPs: 149.154.166.110
2026-09-10 03:30:30,994 INFO gateway.platforms.telegram: [Telegram] Telegram fallback IPs active: 149.154.166.110
2026-09-10 03:30:32,185 INFO gateway.platforms.telegram: [Telegram] set_my_commands OK for scope BotCommandScopeDefault (30 cmds)
2026-09-10 03:30:32,469 INFO gateway.platforms.telegram: [Telegram] set_my_commands OK for scope BotCommandScopeAllPrivateChats (30 cmds)
2026-09-10 03:30:32,757 INFO gateway.platforms.telegram: [Telegram] set_my_commands OK for scope BotCommandScopeAllGroupChats (30 cmds)
2026-09-10 03:30:32,758 INFO gateway.platforms.telegram: [Telegram] Telegram menu: 30 commands registered, 71 hidden (over 30 limit). Use /commands for full list.
2026-09-10 03:30:32,759 INFO gateway.platforms.telegram: [Telegram] Connected to Telegram (polling mode)
2026-09-10 03:30:32,761 INFO gateway.run: ✓ telegram connected
2026-09-10 03:30:32,789 INFO gateway.run: Connecting to api_server...
2026-09-10 03:30:32,793 INFO gateway.platforms.api_server: [Api_Server] API server listening on http://0.0.0.0:8642 (model: hermes-agent)
2026-09-10 03:30:32,795 INFO gateway.run: ✓ api_server connected
2026-09-10 03:30:32,796 INFO gateway.run: Gateway running with 2 platform(s)
2026-09-10 03:30:32,801 INFO gateway.run: Channel directory built: 1 target(s)
2026-09-10 03:30:33,802 INFO gateway.run: Scheduled auto-resume for 1 restart-interrupted session(s)
2026-09-10 03:30:33,802 INFO gateway.run: Press Ctrl+C to stop
2026-09-10 03:30:33,810 INFO gateway.run: Cron ticker started (interval=60s)
2026-09-10 03:30:33,892 INFO gateway.run: inbound message: platform=telegram user=Rob chat=8944451892 msg=''
2026-09-10 03:31:02,505 INFO gateway.run: kanban dispatcher: embedded in gateway (interval=60.0s)
2026-09-10 03:35:31,357 INFO gateway.run: Received SIGTERM as a planned --replace takeover — exiting cleanly
2026-09-10 03:35:31,357 WARNING gateway.run: Shutdown context: signal=SIGTERM under_systemd=yes parent_pid=109079 parent_name=systemd loadavg_1m=0.00 parent_cmdline='/usr/lib/systemd/systemd --user'
2026-09-10 03:35:31,359 INFO gateway.run: Stopping gateway...
2026-09-10 03:35:31,956 INFO gateway.run: Sent shutdown notification to active chat telegram:8944451892
2026-09-10 03:35:31,956 INFO gateway.run: Shutdown phase: notify_active_sessions done at +0.60s
2026-09-10 03:35:42,038 INFO gateway.run: Starting Hermes Gateway...
2026-09-10 03:35:42,038 INFO gateway.run: Session storage: /home/hermes/.hermes/sessions
2026-09-10 03:35:42,048 INFO gateway.run: Agent budget: max_iterations=90 (agent.max_turns from config.yaml, or HERMES_MAX_ITERATIONS from .env, or default 90)
2026-09-10 03:35:42,048 INFO gateway.run: Secret redaction: ENABLED (tool output, logs, and chat responses are scrubbed before delivery)
2026-09-10 03:35:42,162 INFO gateway.run: Connecting to telegram...
2026-09-10 03:35:42,248 INFO gateway.platforms.telegram: [Telegram] Auto-discovered Telegram fallback IPs: 149.154.166.110
2026-09-10 03:35:42,248 INFO gateway.platforms.telegram: [Telegram] Telegram fallback IPs active: 149.154.166.110
2026-09-10 03:35:43,402 INFO gateway.platforms.telegram: [Telegram] set_my_commands OK for scope BotCommandScopeDefault (30 cmds)
2026-09-10 03:35:43,681 INFO gateway.platforms.telegram: [Telegram] set_my_commands OK for scope BotCommandScopeAllPrivateChats (30 cmds)
2026-09-10 03:35:43,999 INFO gateway.platforms.telegram: [Telegram] set_my_commands OK for scope BotCommandScopeAllGroupChats (30 cmds)
2026-09-10 03:35:43,999 INFO gateway.platforms.telegram: [Telegram] Telegram menu: 30 commands registered, 71 hidden (over 30 limit). Use /commands for full list.
2026-09-10 03:35:44,000 INFO gateway.platforms.telegram: [Telegram] Connected to Telegram (polling mode)
2026-09-10 03:35:44,002 INFO gateway.run: ✓ telegram connected
2026-09-10 03:35:44,027 INFO gateway.run: Connecting to api_server...
2026-09-10 03:35:44,030 INFO gateway.platforms.api_server: [Api_Server] API server listening on http://0.0.0.0:8642 (model: hermes-agent)
2026-09-10 03:35:44,032 INFO gateway.run: ✓ api_server connected
2026-09-10 03:35:44,033 INFO gateway.run: Gateway running with 2 platform(s)
2026-09-10 03:35:44,038 INFO gateway.run: Channel directory built: 1 target(s)
2026-09-10 03:35:45,040 INFO gateway.run: Scheduled auto-resume for 1 restart-interrupted session(s)
2026-09-10 03:35:45,040 INFO gateway.run: Press Ctrl+C to stop
2026-09-10 03:35:45,046 INFO gateway.run: Cron ticker started (interval=60s)
2026-09-10 03:35:45,087 INFO gateway.run: inbound message: platform=telegram user=Rob chat=8944451892 msg=''
2026-09-10 03:36:26,908 INFO gateway.run: kanban dispatcher: embedded in gateway (interval=60.0s)
2026-09-10 03:40:42,596 INFO gateway.run: Received SIGTERM as a planned --replace takeover — exiting cleanly
2026-09-10 03:40:42,596 WARNING gateway.run: Shutdown context: signal=SIGTERM under_systemd=yes parent_pid=1 parent_name=systemd loadavg_1m=0.08 parent_cmdline='/usr/lib/systemd/systemd --system --deserialize=75 vultr'
2026-09-10 03:40:42,597 INFO gateway.run: Stopping gateway...
2026-09-10 03:40:43,212 INFO gateway.run: Sent shutdown notification to active chat telegram:8944451892
2026-09-10 03:40:43,212 INFO gateway.run: Shutdown phase: notify_active_sessions done at +0.62s
2026-09-10 03:40:53,274 INFO gateway.run: Starting Hermes Gateway...
2026-09-10 03:40:53,274 INFO gateway.run: Session storage: /home/hermes/.hermes/sessions
2026-09-10 03:40:53,282 INFO gateway.run: Agent budget: max_iterations=90 (agent.max_turns from config.yaml, or HERMES_MAX_ITERATIONS from .env, or default 90)
2026-09-10 03:40:53,283 INFO gateway.run: Secret redaction: ENABLED (tool output, logs, and chat responses are scrubbed before delivery)
2026-09-10 03:40:53,392 INFO gateway.run: Connecting to telegram...
2026-09-10 03:40:53,461 INFO gateway.platforms.telegram: [Telegram] Auto-discovered Telegram fallback IPs: 149.154.166.110
2026-09-10 03:40:53,461 INFO gateway.platforms.telegram: [Telegram] Telegram fallback IPs active: 149.154.166.110
2026-09-10 03:40:54,647 INFO gateway.platforms.telegram: [Telegram] set_my_commands OK for scope BotCommandScopeDefault (30 cmds)
2026-09-10 03:40:54,932 INFO gateway.platforms.telegram: [Telegram] set_my_commands OK for scope BotCommandScopeAllPrivateChats (30 cmds)
2026-09-10 03:40:55,217 INFO gateway.platforms.telegram: [Telegram] set_my_commands OK for scope BotCommandScopeAllGroupChats (30 cmds)
2026-09-10 03:40:55,218 INFO gateway.platforms.telegram: [Telegram] Telegram menu: 30 commands registered, 71 hidden (over 30 limit). Use /commands for full list.
2026-09-10 03:40:55,219 INFO gateway.platforms.telegram: [Telegram] Connected to Telegram (polling mode)
2026-09-10 03:40:55,221 INFO gateway.run: ✓ telegram connected
2026-09-10 03:40:55,246 INFO gateway.run: Connecting to api_server...
2026-09-10 03:40:55,250 INFO gateway.platforms.api_server: [Api_Server] API server listening on http://0.0.0.0:8642 (model: hermes-agent)
2026-09-10 03:40:55,251 INFO gateway.run: ✓ api_server connected
2026-09-10 03:40:55,252 INFO gateway.run: Gateway running with 2 platform(s)
2026-09-10 03:40:55,256 INFO gateway.run: Channel directory built: 1 target(s)
2026-09-10 03:40:56,258 INFO gateway.run: Scheduled auto-resume for 1 restart-interrupted session(s)
2026-09-10 03:40:56,258 INFO gateway.run: Press Ctrl+C to stop
2026-09-10 03:40:56,264 INFO gateway.run: Cron ticker started (interval=60s)
2026-09-10 03:40:56,347 INFO gateway.run: inbound message: platform=telegram user=Rob chat=8944451892 msg=''
2026-09-10 03:41:01,382 INFO gateway.run: kanban dispatcher: embedded in gateway (interval=60.0s)
2026-09-10 03:45:23,799 INFO [20260910_003507_4b49a5] gateway.run: Session split detected: 20260910_003507_4b49a5 → 20260910_034138_776ece (compression)
2026-09-10 03:45:24,908 INFO gateway.run: Suppressing normal final send for session agent:main:telegram:dm:8944451892: final delivery already confirmed (streamed=True previewed=False content_delivered=True).
2026-09-10 03:45:24,908 INFO gateway.run: response ready: platform=telegram chat=8944451892 time=268.6s api_calls=10 response=609 chars
2026-09-10 03:45:53,871 INFO gateway.run: Received SIGTERM as a planned --replace takeover — exiting cleanly
2026-09-10 03:45:53,871 WARNING gateway.run: Shutdown context: signal=SIGTERM under_systemd=yes parent_pid=109079 parent_name=systemd loadavg_1m=0.00 parent_cmdline='/usr/lib/systemd/systemd --user'
2026-09-10 03:45:53,873 INFO gateway.run: Stopping gateway...
2026-09-10 03:45:53,873 INFO gateway.run: Shutdown phase: notify_active_sessions done at +0.00s
2026-09-10 03:45:53,874 INFO gateway.run: Shutdown phase: drain done at +0.00s (drain took 0.00s, timed_out=False, active_at_start=0, active_now=0)
2026-09-10 03:45:54,404 INFO gateway.platforms.telegram: [Telegram] Disconnected from Telegram
2026-09-10 03:45:54,404 INFO gateway.run: ✓ telegram disconnected (0.53s)
2026-09-10 03:45:54,405 INFO gateway.platforms.api_server: [Api_Server] API server stopped
2026-09-10 03:45:54,405 INFO gateway.run: ✓ api_server disconnected (0.00s)
2026-09-10 03:45:54,405 INFO gateway.run: Shutdown phase: all adapters disconnected at +0.53s
2026-09-10 03:45:54,406 INFO gateway.run: Shutdown phase: final-cleanup tool kill done at +0.53s
2026-09-10 03:45:54,408 INFO gateway.run: Shutdown phase: SessionDB close done at +0.54s
2026-09-10 03:45:54,410 INFO gateway.run: Gateway stopped (total teardown 0.54s)
2026-09-10 03:45:54,410 INFO gateway.run: Cron ticker stopped
2026-09-10 03:45:55,552 INFO gateway.run: Starting Hermes Gateway...
2026-09-10 03:45:55,552 INFO gateway.run: Session storage: /home/hermes/.hermes/sessions
2026-09-10 03:45:55,562 INFO gateway.run: Agent budget: max_iterations=90 (agent.max_turns from config.yaml, or HERMES_MAX_ITERATIONS from .env, or default 90)
2026-09-10 03:45:55,562 INFO gateway.run: Secret redaction: ENABLED (tool output, logs, and chat responses are scrubbed before delivery)
2026-09-10 03:45:55,568 INFO gateway.run: Previous gateway exited cleanly — skipping session suspension
2026-09-10 03:45:55,669 INFO gateway.run: Connecting to telegram...
2026-09-10 03:45:55,738 INFO gateway.platforms.telegram: [Telegram] Auto-discovered Telegram fallback IPs: 149.154.166.110
2026-09-10 03:45:55,738 INFO gateway.platforms.telegram: [Telegram] Telegram fallback IPs active: 149.154.166.110
2026-09-10 03:45:56,975 INFO gateway.platforms.telegram: [Telegram] set_my_commands OK for scope BotCommandScopeDefault (30 cmds)
2026-09-10 03:45:57,270 INFO gateway.platforms.telegram: [Telegram] set_my_commands OK for scope BotCommandScopeAllPrivateChats (30 cmds)
2026-09-10 03:45:57,565 INFO gateway.platforms.telegram: [Telegram] set_my_commands OK for scope BotCommandScopeAllGroupChats (30 cmds)
2026-09-10 03:45:57,565 INFO gateway.platforms.telegram: [Telegram] Telegram menu: 30 commands registered, 71 hidden (over 30 limit). Use /commands for full list.
2026-09-10 03:45:57,567 INFO gateway.platforms.telegram: [Telegram] Connected to Telegram (polling mode)
2026-09-10 03:45:57,569 INFO gateway.run: ✓ telegram connected
2026-09-10 03:45:57,593 INFO gateway.run: Connecting to api_server...
2026-09-10 03:45:57,596 INFO gateway.platforms.api_server: [Api_Server] API server listening on http://0.0.0.0:8642 (model: hermes-agent)
2026-09-10 03:45:57,598 INFO gateway.run: ✓ api_server connected
2026-09-10 03:45:57,599 INFO gateway.run: Gateway running with 2 platform(s)
2026-09-10 03:45:57,604 INFO gateway.run: Channel directory built: 1 target(s)
2026-09-10 03:45:58,605 INFO gateway.run: Press Ctrl+C to stop
2026-09-10 03:45:58,612 INFO gateway.run: Cron ticker started (interval=60s)
2026-09-10 03:46:03,639 INFO gateway.run: kanban dispatcher: embedded in gateway (interval=60.0s)
2026-09-10 03:50:56,387 INFO gateway.run: Received SIGTERM as a planned --replace takeover — exiting cleanly
2026-09-10 03:50:56,388 WARNING gateway.run: Shutdown context: signal=SIGTERM under_systemd=yes parent_pid=1 parent_name=systemd loadavg_1m=0.02 parent_cmdline='/usr/lib/systemd/systemd --system --deserialize=75 vultr'
2026-09-10 03:50:56,389 INFO gateway.run: Stopping gateway...
2026-09-10 03:50:56,389 INFO gateway.run: Shutdown phase: notify_active_sessions done at +0.00s
2026-09-10 03:50:56,390 INFO gateway.run: Shutdown phase: drain done at +0.00s (drain took 0.00s, timed_out=False, active_at_start=0, active_now=0)
2026-09-10 03:50:56,905 INFO gateway.platforms.telegram: [Telegram] Disconnected from Telegram
2026-09-10 03:50:56,905 INFO gateway.run: ✓ telegram disconnected (0.51s)
2026-09-10 03:50:56,906 INFO gateway.platforms.api_server: [Api_Server] API server stopped
2026-09-10 03:50:56,906 INFO gateway.run: ✓ api_server disconnected (0.00s)
2026-09-10 03:50:56,906 INFO gateway.run: Shutdown phase: all adapters disconnected at +0.52s
2026-09-10 03:50:56,990 INFO gateway.run: Shutdown phase: final-cleanup tool kill done at +0.60s
2026-09-10 03:50:56,990 INFO gateway.run: Shutdown phase: SessionDB close done at +0.60s
2026-09-10 03:50:56,992 INFO gateway.run: Gateway stopped (total teardown 0.60s)
2026-09-10 03:50:56,992 INFO gateway.run: Cron ticker stopped
2026-09-10 03:50:57,565 INFO gateway.run: Starting Hermes Gateway...
2026-09-10 03:50:57,566 INFO gateway.run: Session storage: /home/hermes/.hermes/sessions
2026-09-10 03:50:57,574 INFO gateway.run: Agent budget: max_iterations=90 (agent.max_turns from config.yaml, or HERMES_MAX_ITERATIONS from .env, or default 90)
2026-09-10 03:50:57,574 INFO gateway.run: Secret redaction: ENABLED (tool output, logs, and chat responses are scrubbed before delivery)
2026-09-10 03:50:57,580 INFO gateway.run: Previous gateway exited cleanly — skipping session suspension
2026-09-10 03:50:57,683 INFO gateway.run: Connecting to telegram...
2026-09-10 03:50:57,773 INFO gateway.platforms.telegram: [Telegram] Auto-discovered Telegram fallback IPs: 149.154.166.110
2026-09-10 03:50:57,773 INFO gateway.platforms.telegram: [Telegram] Telegram fallback IPs active: 149.154.166.110
2026-09-10 03:50:59,130 INFO gateway.platforms.telegram: [Telegram] set_my_commands OK for scope BotCommandScopeDefault (30 cmds)
2026-09-10 03:50:59,445 INFO gateway.platforms.telegram: [Telegram] set_my_commands OK for scope BotCommandScopeAllPrivateChats (30 cmds)
2026-09-10 03:50:59,841 INFO gateway.platforms.telegram: [Telegram] set_my_commands OK for scope BotCommandScopeAllGroupChats (30 cmds)
2026-09-10 03:50:59,841 INFO gateway.platforms.telegram: [Telegram] Telegram menu: 30 commands registered, 71 hidden (over 30 limit). Use /commands for full list.
2026-09-10 03:50:59,843 INFO gateway.platforms.telegram: [Telegram] Connected to Telegram (polling mode)
2026-09-10 03:50:59,845 INFO gateway.run: ✓ telegram connected
2026-09-10 03:50:59,869 INFO gateway.run: Connecting to api_server...
2026-09-10 03:50:59,873 INFO gateway.platforms.api_server: [Api_Server] API server listening on http://0.0.0.0:8642 (model: hermes-agent)
2026-09-10 03:50:59,875 INFO gateway.run: ✓ api_server connected
2026-09-10 03:50:59,876 INFO gateway.run: Gateway running with 2 platform(s)
2026-09-10 03:50:59,880 INFO gateway.run: Channel directory built: 1 target(s)
2026-09-10 03:51:00,882 INFO gateway.run: Press Ctrl+C to stop
2026-09-10 03:51:00,888 INFO gateway.run: Cron ticker started (interval=60s)
2026-09-10 03:51:05,913 INFO gateway.run: kanban dispatcher: embedded in gateway (interval=60.0s)
2026-09-10 03:51:32,010 INFO gateway.platforms.telegram: [Telegram] Cached user photo at /home/hermes/.hermes/image_cache/img_1d563e2b5c41.jpg
2026-09-10 03:51:32,811 INFO gateway.platforms.telegram: [Telegram] Flushing photo batch agent:main:telegram:dm:8944451892:photo-burst with 1 image(s)
2026-09-10 03:51:32,836 INFO gateway.run: inbound message: platform=telegram user=Rob chat=8944451892 msg='aonde eu faco isso?'
2026-09-10 03:51:34,851 INFO gateway.run: Image routing: text (mode=text). Pre-analyzing 1 image(s) via vision_analyze.
2026-09-10 03:52:06,507 INFO gateway.run: Suppressing normal final send for session agent:main:telegram:dm:8944451892: final delivery already confirmed (streamed=True previewed=False content_delivered=True).
2026-09-10 03:52:06,507 INFO gateway.run: response ready: platform=telegram chat=8944451892 time=33.7s api_calls=3 response=1932 chars
2026-09-10 03:54:20,207 INFO gateway.platforms.telegram: [Telegram] Cached user photo at /home/hermes/.hermes/image_cache/img_5db51230c7a9.jpg
2026-09-10 03:54:21,008 INFO gateway.platforms.telegram: [Telegram] Flushing photo batch agent:main:telegram:dm:8944451892:photo-burst with 1 image(s)
2026-09-10 03:54:21,009 INFO gateway.run: inbound message: platform=telegram user=Rob chat=8944451892 msg=''
2026-09-10 03:54:22,055 INFO gateway.run: Image routing: text (mode=text). Pre-analyzing 1 image(s) via vision_analyze.
2026-09-10 03:55:28,016 INFO gateway.run: Suppressing normal final send for session agent:main:telegram:dm:8944451892: final delivery already confirmed (streamed=True previewed=False content_delivered=True).
2026-09-10 03:55:28,016 INFO gateway.run: response ready: platform=telegram chat=8944451892 time=67.0s api_calls=9 response=702 chars
2026-09-10 03:55:50,848 INFO gateway.run: Received SIGTERM — initiating shutdown
2026-09-10 03:55:50,848 WARNING gateway.run: Shutdown context: signal=SIGTERM under_systemd=yes parent_pid=109079 parent_name=systemd loadavg_1m=0.00 parent_cmdline='/usr/lib/systemd/systemd --user'
2026-09-10 03:55:50,849 INFO gateway.run: Stopping gateway...
2026-09-10 03:55:50,849 INFO gateway.run: Shutdown phase: notify_active_sessions done at +0.00s
2026-09-10 03:55:50,850 INFO gateway.run: Shutdown phase: drain done at +0.00s (drain took 0.00s, timed_out=False, active_at_start=0, active_now=0)
2026-09-10 03:55:54,353 INFO gateway.platforms.telegram: [Telegram] Disconnected from Telegram
2026-09-10 03:55:54,353 INFO gateway.run: ✓ telegram disconnected (3.50s)
2026-09-10 03:55:54,354 INFO gateway.platforms.api_server: [Api_Server] API server stopped
2026-09-10 03:55:54,354 INFO gateway.run: ✓ api_server disconnected (0.00s)
2026-09-10 03:55:54,354 INFO gateway.run: Shutdown phase: all adapters disconnected at +3.51s
2026-09-10 03:55:54,355 INFO gateway.run: Shutdown phase: final-cleanup tool kill done at +3.51s
2026-09-10 03:55:54,367 INFO gateway.run: Shutdown phase: SessionDB close done at +3.52s
2026-09-10 03:55:54,369 INFO gateway.run: Gateway stopped (total teardown 3.52s)
2026-09-10 03:55:54,369 INFO gateway.run: Cron ticker stopped
2026-09-10 03:55:54,369 INFO gateway.run: Exiting with code 1 (signal-initiated shutdown without restart request) so systemd Restart=on-failure can revive the gateway.
2026-09-10 03:55:56,246 INFO gateway.run: Starting Hermes Gateway...
2026-09-10 03:55:56,246 INFO gateway.run: Session storage: /home/hermes/.hermes/sessions
2026-09-10 03:55:56,255 INFO gateway.run: Agent budget: max_iterations=90 (agent.max_turns from config.yaml, or HERMES_MAX_ITERATIONS from .env, or default 90)
2026-09-10 03:55:56,256 INFO gateway.run: Secret redaction: ENABLED (tool output, logs, and chat responses are scrubbed before delivery)
2026-09-10 03:55:56,262 INFO gateway.run: Previous gateway exited cleanly — skipping session suspension
2026-09-10 03:55:56,365 INFO gateway.run: Connecting to telegram...
2026-09-10 03:55:56,440 INFO gateway.platforms.telegram: [Telegram] Auto-discovered Telegram fallback IPs: 149.154.166.110
2026-09-10 03:55:56,440 INFO gateway.platforms.telegram: [Telegram] Telegram fallback IPs active: 149.154.166.110
2026-09-10 03:55:57,704 INFO gateway.platforms.telegram: [Telegram] set_my_commands OK for scope BotCommandScopeDefault (30 cmds)
2026-09-10 03:55:58,006 INFO gateway.platforms.telegram: [Telegram] set_my_commands OK for scope BotCommandScopeAllPrivateChats (30 cmds)
2026-09-10 03:55:58,018 INFO gateway.platforms.telegram: [Telegram] Flushing text batch agent:main:telegram:dm:8944451892 (14 chars)
2026-09-10 03:55:58,034 INFO gateway.run: inbound message: platform=telegram user=Rob chat=8944451892 msg='quero só ver!!'
2026-09-10 03:56:00,319 INFO gateway.platforms.telegram: [Telegram] set_my_commands OK for scope BotCommandScopeAllGroupChats (30 cmds)
2026-09-10 03:56:00,321 INFO gateway.platforms.telegram: [Telegram] Telegram menu: 30 commands registered, 71 hidden (over 30 limit). Use /commands for full list.
2026-09-10 03:56:00,345 INFO gateway.platforms.telegram: [Telegram] Connected to Telegram (polling mode)
2026-09-10 03:56:00,348 INFO gateway.run: ✓ telegram connected
2026-09-10 03:56:00,351 INFO gateway.run: Connecting to api_server...
2026-09-10 03:56:00,358 INFO gateway.platforms.api_server: [Api_Server] API server listening on http://0.0.0.0:8642 (model: hermes-agent)
2026-09-10 03:56:00,396 INFO gateway.run: ✓ api_server connected
2026-09-10 03:56:00,401 INFO gateway.run: Gateway running with 2 platform(s)
2026-09-10 03:56:00,442 INFO gateway.run: Channel directory built: 1 target(s)
2026-09-10 03:56:01,444 INFO gateway.run: Press Ctrl+C to stop
2026-09-10 03:56:01,450 INFO gateway.run: Cron ticker started (interval=60s)
2026-09-10 03:56:06,479 INFO gateway.run: kanban dispatcher: embedded in gateway (interval=60.0s)
2026-09-10 03:56:30,808 INFO gateway.platforms.telegram: [Telegram] Flushing text batch agent:main:telegram:dm:8944451892 (32 chars)
2026-09-10 03:57:36,550 INFO gateway.run: Queued follow-up for session agent:main:telegram:dm:8944451892: skipping resend because final streamed delivery was confirmed.
2026-09-10 03:57:54,022 INFO gateway.platforms.telegram: [Telegram] Flushing text batch agent:main:telegram:dm:8944451892 (33 chars)
2026-09-10 04:00:13,817 INFO gateway.platforms.telegram: Telegram button resolved 1 approval(s) for session agent:main:telegram:dm:8944451892 (choice=always, user=Rob)
2026-09-10 04:02:01,669 INFO gateway.run: Session expiry: 1 sessions to finalize (telegram:1)
2026-09-10 04:02:01,672 INFO gateway.run: Session expiry done: 1 finalized
2026-09-10 04:03:19,763 INFO gateway.run: Queued follow-up for session agent:main:telegram:dm:8944451892: skipping resend because final streamed delivery was confirmed.
2026-09-10 04:04:36,549 INFO [20260910_034138_776ece] gateway.run: Session split detected: 20260910_034138_776ece → 20260910_040352_15922a (compression)
2026-09-10 04:04:37,613 INFO gateway.run: Suppressing normal final send for session agent:main:telegram:dm:8944451892: final delivery already confirmed (streamed=True previewed=False content_delivered=True).
2026-09-10 04:04:37,613 INFO gateway.run: response ready: platform=telegram chat=8944451892 time=519.6s api_calls=8 response=1976 chars
2026-09-10 04:55:02,180 INFO gateway.run: curator: curator: snapshot created (2026-09-10T04-55-01Z)
2026-09-10 04:57:08,181 INFO [20260910_045502_7fd613] gateway.run: curator: curator: auto: no changes; llm: Memory store is disabled in this environment — noted, carrying the quirk into the report instead.

---

# Curation pass — umbrella consolidation report (2026-09-10)

## Scan

Candidate set contained exactly **4** agent-created skills (every…
archived 1 skill(s):
  • headroom-proxy-rollout → hermes-profiles
full report: hermes curator status
keep an umbrella stable: hermes curator pin hermes-profiles
2026-09-10 05:07:05,986 INFO gateway.run: Agent cache idle-TTL evict: session=agent:main:telegram:dm:8944451892 (idle=3749s)
2026-09-10 05:07:05,987 INFO gateway.run: Agent cache idle sweep: evicted 1 agent(s)
2026-09-10 14:36:53,290 INFO gateway.platforms.telegram: [Telegram] Cached user photo at /home/hermes/.hermes/image_cache/img_75a9d51191bf.jpg
2026-09-10 14:36:53,990 INFO gateway.platforms.telegram: [Telegram] Cached user photo at /home/hermes/.hermes/image_cache/img_c5918673f1a2.jpg
2026-09-10 14:36:54,792 INFO gateway.run: inbound message: platform=telegram user=Rob chat=8944451892 msg='A Claudete está muito louca, ela manda milhões de mensagens a cada coisa que faz'
2026-09-10 14:36:56,374 INFO gateway.run: Image routing: text (mode=text). Pre-analyzing 2 image(s) via vision_analyze.
2026-09-10 14:37:44,451 INFO gateway.run: kanban dispatcher: reaped 1 zombie worker(s), pids=[152044]
2026-09-10 14:39:06,524 INFO gateway.platforms.telegram: [Telegram] Flushing text batch agent:main:telegram:dm:8944451892 (22 chars)
2026-09-10 14:41:21,199 INFO gateway.platforms.telegram: [Telegram] Flushing text batch agent:main:telegram:dm:8944451892 (103 chars)
2026-09-10 14:48:01,635 INFO gateway.run: Queued follow-up for session agent:main:telegram:dm:8944451892: skipping resend because final streamed delivery was confirmed.
2026-09-10 14:49:25,647 INFO gateway.run: Suppressing normal final send for session agent:main:telegram:dm:8944451892: final delivery already confirmed (streamed=True previewed=False content_delivered=True).
2026-09-10 14:49:25,647 INFO gateway.run: response ready: platform=telegram chat=8944451892 time=750.9s api_calls=24 response=1192 chars
2026-09-10 14:55:03,376 INFO gateway.run: Image cache cleanup: removed 5 stale file(s)
2026-09-10 15:52:45,089 INFO gateway.run: Agent cache idle-TTL evict: session=agent:main:telegram:dm:8944451892 (idle=3801s)
2026-09-10 15:52:45,090 INFO gateway.run: Agent cache idle sweep: evicted 1 agent(s)
2026-09-10 15:55:03,496 INFO gateway.run: Image cache cleanup: removed 10 stale file(s)
2026-09-10 17:55:03,733 INFO gateway.run: Image cache cleanup: removed 1 stale file(s)
2026-09-10 21:55:04,211 INFO gateway.run: Image cache cleanup: removed 1 stale file(s)
2026-09-11 03:55:04,926 INFO gateway.run: Image cache cleanup: removed 2 stale file(s)
2026-09-11 14:55:06,223 INFO gateway.run: Image cache cleanup: removed 2 stale file(s)
2026-09-11 18:27:30,799 INFO gateway.platforms.telegram: [Telegram] Flushing text batch agent:main:telegram:dm:8944451892 (128 chars)
2026-09-11 18:27:30,800 INFO gateway.run: inbound message: platform=telegram user=Rob chat=8944451892 msg='Install the i-have-adhd skill/plugin from https://github.com/ayghri/i-have-adhd,'
2026-09-11 18:27:52,876 INFO gateway.platforms.telegram: Telegram button resolved 1 approval(s) for session agent:main:telegram:dm:8944451892 (choice=always, user=Rob)
2026-09-11 18:28:15,786 INFO gateway.run: Suppressing normal final send for session agent:main:telegram:dm:8944451892: final delivery already confirmed (streamed=True previewed=False content_delivered=True).
2026-09-11 18:28:15,786 INFO gateway.run: response ready: platform=telegram chat=8944451892 time=45.0s api_calls=6 response=669 chars
2026-09-11 18:29:40,676 INFO gateway.platforms.telegram: [Telegram] Flushing text batch agent:main:telegram:dm:8944451892 (27 chars)
2026-09-11 18:29:40,677 INFO gateway.run: inbound message: platform=telegram user=Rob chat=8944451892 msg='ative para todos os agentes'
2026-09-11 18:30:17,503 INFO gateway.run: Suppressing normal final send for session agent:main:telegram:dm:8944451892: final delivery already confirmed (streamed=True previewed=False content_delivered=True).
2026-09-11 18:30:17,504 INFO gateway.run: response ready: platform=telegram chat=8944451892 time=36.8s api_calls=7 response=742 chars
2026-09-11 18:31:43,887 INFO gateway.platforms.telegram: [Telegram] Flushing text batch agent:main:telegram:dm:8944451892 (3 chars)
2026-09-11 18:31:43,888 INFO gateway.run: inbound message: platform=telegram user=Rob chat=8944451892 msg='sim'
2026-09-11 18:32:29,934 INFO gateway.run: Suppressing normal final send for session agent:main:telegram:dm:8944451892: final delivery already confirmed (streamed=True previewed=False content_delivered=True).
2026-09-11 18:32:29,934 INFO gateway.run: response ready: platform=telegram chat=8944451892 time=46.0s api_calls=6 response=695 chars
2026-09-11 19:34:24,342 INFO gateway.run: Agent cache idle-TTL evict: session=agent:main:telegram:dm:8944451892 (idle=3717s)
2026-09-11 19:34:24,343 INFO gateway.run: Agent cache idle sweep: evicted 1 agent(s)
2026-09-11 20:34:02,984 INFO gateway.platforms.telegram: [Telegram] Flushing text batch agent:main:telegram:dm:8944451892 (114 chars)
2026-09-11 20:34:02,985 INFO gateway.run: inbound message: platform=telegram user=Rob chat=8944451892 msg='analise este repo: https://github.com/sickn33/agentic-awesome-skills/tree/9d486d'
2026-09-11 20:36:52,809 INFO gateway.platforms.telegram: Telegram clarify button resolved (id=9035618098, choice='Não instalar nada — só queria a análise', user=Rob)
2026-09-11 20:37:06,434 INFO gateway.run: Suppressing normal final send for session agent:main:telegram:dm:8944451892: final delivery already confirmed (streamed=True previewed=False content_delivered=True).
2026-09-11 20:37:06,434 INFO gateway.run: response ready: platform=telegram chat=8944451892 time=183.4s api_calls=7 response=260 chars
2026-09-11 20:57:54,654 INFO gateway.platforms.telegram: [Telegram] Flushing text batch agent:main:telegram:dm:8944451892 (120 chars)
2026-09-11 20:57:54,655 INFO gateway.run: inbound message: platform=telegram user=Rob chat=8944451892 msg='como posso deixar os agentes agindo por conta propria? sem que eu precise pedir '
2026-09-11 21:09:32,470 INFO gateway.run: Suppressing normal final send for session agent:main:telegram:dm:8944451892: final delivery already confirmed (streamed=True previewed=False content_delivered=True).
2026-09-11 21:09:32,471 INFO gateway.run: response ready: platform=telegram chat=8944451892 time=697.8s api_calls=12 response=769 chars
2026-09-11 22:09:36,925 INFO gateway.run: Agent cache idle-TTL evict: session=agent:main:telegram:dm:8944451892 (idle=3606s)
2026-09-11 22:09:36,926 INFO gateway.run: Agent cache idle sweep: evicted 1 agent(s)
2026-09-12 00:17:29,053 INFO gateway.platforms.telegram: [Telegram] Flushing text batch agent:main:telegram:dm:8944451892 (122 chars)
2026-09-12 00:17:29,054 INFO gateway.run: inbound message: platform=telegram user=Rob chat=8944451892 msg='sim. quero criar um cerebro pra era4, tenho medo de perder o que ja progredi. po'
2026-09-12 00:28:59,508 INFO gateway.run: Suppressing normal final send for session agent:main:telegram:dm:8944451892: final delivery already confirmed (streamed=True previewed=False content_delivered=True).
2026-09-12 00:28:59,509 INFO gateway.run: response ready: platform=telegram chat=8944451892 time=690.5s api_calls=13 response=1335 chars
2026-09-12 01:29:54,598 INFO gateway.run: Agent cache idle-TTL evict: session=agent:main:telegram:dm:8944451892 (idle=3656s)
2026-09-12 01:29:54,599 INFO gateway.run: Agent cache idle sweep: evicted 1 agent(s)
2026-09-12 04:00:06,843 INFO gateway.run: Session expiry: 1 sessions to finalize (telegram:1)
2026-09-12 04:00:06,845 INFO gateway.run: Session expiry done: 1 finalized
2026-09-12 20:42:07,797 INFO gateway.platforms.telegram: [Telegram] Flushing text batch agent:main:telegram:dm:8944451892 (128 chars)
2026-09-12 20:42:07,798 INFO gateway.run: inbound message: platform=telegram user=Rob chat=8944451892 msg='Caso eu queira migrar de servidor, ou mudar de máquina, como eu faço isso sem pe'
2026-09-12 20:43:28,972 INFO gateway.run: Suppressing normal final send for session agent:main:telegram:dm:8944451892: final delivery already confirmed (streamed=True previewed=False content_delivered=True).
2026-09-12 20:43:28,972 INFO gateway.run: response ready: platform=telegram chat=8944451892 time=81.2s api_calls=17 response=1524 chars
2026-09-12 21:46:24,389 INFO gateway.run: Agent cache idle-TTL evict: session=agent:main:telegram:dm:8944451892 (idle=3777s)
2026-09-12 21:46:24,390 INFO gateway.run: Agent cache idle sweep: evicted 1 agent(s)
2026-09-12 21:58:58,345 INFO gateway.platforms.telegram: [Telegram] Flushing text batch agent:main:telegram:dm:8944451892 (10 chars)
2026-09-12 21:58:58,346 INFO gateway.run: inbound message: platform=telegram user=Rob chat=8944451892 msg='Oi Claudio'
2026-09-12 21:59:04,822 INFO gateway.run: Suppressing normal final send for session agent:main:telegram:dm:8944451892: final delivery already confirmed (streamed=True previewed=False content_delivered=True).
2026-09-12 21:59:04,822 INFO gateway.run: response ready: platform=telegram chat=8944451892 time=6.5s api_calls=1 response=364 chars
2026-09-12 23:01:29,618 INFO gateway.run: Agent cache idle-TTL evict: session=agent:main:telegram:dm:8944451892 (idle=3746s)
2026-09-12 23:01:29,618 INFO gateway.run: Agent cache idle sweep: evicted 1 agent(s)
2026-09-13 01:12:03,889 WARNING gateway.platforms.telegram: [Telegram] Telegram network error, scheduling reconnect: Bad Gateway
2026-09-13 01:12:03,890 WARNING gateway.platforms.telegram: [Telegram] Telegram network error (attempt 1/10), reconnecting in 5s. Error: Bad Gateway
2026-09-13 01:12:52,699 INFO gateway.platforms.telegram: [Telegram] Telegram polling resumed after network error (attempt 1)
2026-09-13 04:01:46,265 INFO gateway.run: Session expiry: 1 sessions to finalize (telegram:1)
2026-09-13 04:01:46,267 INFO gateway.run: Session expiry done: 1 finalized
2026-09-14 15:21:19,924 INFO gateway.platforms.telegram: [Telegram] Flushing text batch agent:main:telegram:dm:8944451892 (59 chars)
2026-09-14 15:21:19,925 INFO gateway.run: inbound message: platform=telegram user=Rob chat=8944451892 msg='queria que estivesse tudo no meu github pra eu nunca perder'
2026-09-14 15:26:39,197 INFO gateway.run: Suppressing normal final send for session agent:main:telegram:dm:8944451892: final delivery already confirmed (streamed=True previewed=False content_delivered=True).
2026-09-14 15:26:39,198 INFO gateway.run: response ready: platform=telegram chat=8944451892 time=319.3s api_calls=23 response=1080 chars
2026-09-14 16:28:48,901 INFO gateway.run: Agent cache idle-TTL evict: session=agent:main:telegram:dm:8944451892 (idle=3731s)
2026-09-14 16:28:48,902 INFO gateway.run: Agent cache idle sweep: evicted 1 agent(s)
2026-09-14 22:28:05,324 INFO gateway.platforms.telegram: [Telegram] Flushing text batch agent:main:telegram:dm:8944451892 (40 chars)
2026-09-14 22:28:05,325 INFO gateway.run: inbound message: platform=telegram user=Rob chat=8944451892 msg='ghp_gV...Hopv'
2026-09-14 22:29:48,002 INFO gateway.platforms.telegram: Telegram button resolved 1 approval(s) for session agent:main:telegram:dm:8944451892 (choice=always, user=Rob)
2026-09-14 22:31:23,559 INFO gateway.platforms.telegram: Telegram button resolved 1 approval(s) for session agent:main:telegram:dm:8944451892 (choice=always, user=Rob)
2026-09-14 22:32:30,868 INFO gateway.platforms.telegram: [Telegram] Flushing text batch agent:main:telegram:dm:8944451892 (127 chars)
2026-09-14 22:35:45,263 INFO gateway.run: Queued follow-up for session agent:main:telegram:dm:8944451892: skipping resend because final streamed delivery was confirmed.
2026-09-14 22:38:23,012 INFO gateway.platforms.telegram: [Telegram] Flushing text batch agent:main:telegram:dm:8944451892 (52 chars)
2026-09-14 22:39:03,723 INFO [20260914_152119_8f5d651e] gateway.run: Session split detected: 20260914_152119_8f5d651e → 20260914_223605_8297df (compression)
2026-09-14 22:39:04,738 INFO gateway.run: Queued follow-up for session agent:main:telegram:dm:8944451892: skipping resend because final streamed delivery was confirmed.
2026-09-14 22:39:17,888 INFO [20260914_223605_8297df] gateway.run: Session split detected: 20260914_152119_8f5d651e → 20260914_223605_8297df (compression)
2026-09-14 22:39:19,043 INFO gateway.run: Suppressing normal final send for session agent:main:telegram:dm:8944451892: final delivery already confirmed (streamed=True previewed=False content_delivered=True).
2026-09-14 22:39:19,044 INFO gateway.run: response ready: platform=telegram chat=8944451892 time=673.7s api_calls=4 response=395 chars
2026-09-14 23:31:42,804 INFO gateway.platforms.telegram: [Telegram] Flushing text batch agent:main:telegram:dm:8944451892 (189 chars)
2026-09-14 23:31:42,805 INFO gateway.run: inbound message: platform=telegram user=Rob chat=8944451892 msg='me tira uma duvida, este backup do github ele é de todo o hermes né? todos os pe'
2026-09-14 23:32:00,979 INFO gateway.run: Suppressing normal final send for session agent:main:telegram:dm:8944451892: final delivery already confirmed (streamed=True previewed=False content_delivered=True).
2026-09-14 23:32:00,979 INFO gateway.run: response ready: platform=telegram chat=8944451892 time=18.2s api_calls=3 response=1185 chars
2026-09-14 23:32:53,091 INFO gateway.platforms.telegram: [Telegram] Flushing text batch agent:main:telegram:dm:8944451892 (17 chars)
2026-09-14 23:32:53,091 INFO gateway.run: inbound message: platform=telegram user=Rob chat=8944451892 msg='sobe os tokens tb'
2026-09-14 23:33:42,492 INFO gateway.run: Suppressing normal final send for session agent:main:telegram:dm:8944451892: final delivery already confirmed (streamed=True previewed=False content_delivered=True).
2026-09-14 23:33:42,492 INFO gateway.run: response ready: platform=telegram chat=8944451892 time=49.4s api_calls=9 response=896 chars
2026-09-14 23:42:25,749 INFO gateway.platforms.telegram: [Telegram] Flushing text batch agent:main:telegram:dm:8944451892 (126 chars)
2026-09-14 23:42:25,750 INFO gateway.run: inbound message: platform=telegram user=Rob chat=8944451892 msg='meu github ja esta bem protegido, fica tranquilo. caso eu perca o servidor do vu'
2026-09-14 23:42:36,478 INFO gateway.run: Suppressing normal final send for session agent:main:telegram:dm:8944451892: final delivery already confirmed (streamed=True previewed=False content_delivered=True).
2026-09-14 23:42:36,478 INFO gateway.run: response ready: platform=telegram chat=8944451892 time=10.7s api_calls=1 response=996 chars
