{"ts": "2026-09-03T03:40:15.783408+00:00", "tag": "gateway.start", "pid": 1327, "python": "3.12.3", "platform": "linux", "replace": true, "argv": ["/home/hermes/.local/share/uv/tools/hermes-agent/lib/python3.12/site-packages/hermes_cli/main.py", "gateway", "run", "--replace"], "stdin_is_tty": false, "absorb_windows_console_controls": false}
{"ts": "2026-09-04T06:46:33.348323+00:00", "tag": "asyncio.run.returned", "pid": 1327, "python": "3.12.3", "platform": "linux", "success": false}
{"ts": "2026-09-04T06:46:33.348547+00:00", "tag": "gateway.exit_nonzero", "pid": 1327, "python": "3.12.3", "platform": "linux"}
{"ts": "2026-09-04T06:46:33.349031+00:00", "tag": "atexit.hook", "pid": 1327, "python": "3.12.3", "platform": "linux", "sys_exc": "(None, None, None)"}
{"ts": "2026-09-04T06:46:34.560851+00:00", "tag": "gateway.start", "pid": 20116, "python": "3.12.3", "platform": "linux", "replace": true, "argv": ["/home/hermes/.local/share/uv/tools/hermes-agent/lib/python3.12/site-packages/hermes_cli/main.py", "gateway", "run", "--replace"], "stdin_is_tty": false, "absorb_windows_console_controls": false}
{"ts": "2026-09-04T06:46:57.733431+00:00", "tag": "asyncio.run.returned", "pid": 20116, "python": "3.12.3", "platform": "linux", "success": false}
{"ts": "2026-09-04T06:46:57.733538+00:00", "tag": "gateway.exit_nonzero", "pid": 20116, "python": "3.12.3", "platform": "linux"}
{"ts": "2026-09-04T06:46:57.734153+00:00", "tag": "atexit.hook", "pid": 20116, "python": "3.12.3", "platform": "linux", "sys_exc": "(None, None, None)"}
{"ts": "2026-09-04T06:46:58.988625+00:00", "tag": "gateway.start", "pid": 21797, "python": "3.12.3", "platform": "linux", "replace": true, "argv": ["/home/hermes/.local/share/uv/tools/hermes-agent/lib/python3.12/site-packages/hermes_cli/main.py", "gateway", "run", "--replace"], "stdin_is_tty": false, "absorb_windows_console_controls": false}
{"ts": "2026-09-04T06:47:01.615135+00:00", "tag": "asyncio.run.returned", "pid": 21797, "python": "3.12.3", "platform": "linux", "success": false}
{"ts": "2026-09-04T06:47:01.615228+00:00", "tag": "gateway.exit_nonzero", "pid": 21797, "python": "3.12.3", "platform": "linux"}
{"ts": "2026-09-04T06:47:01.615810+00:00", "tag": "atexit.hook", "pid": 21797, "python": "3.12.3", "platform": "linux", "sys_exc": "(None, None, None)"}
{"ts": "2026-09-04T06:47:02.776822+00:00", "tag": "gateway.start", "pid": 22017, "python": "3.12.3", "platform": "linux", "replace": true, "argv": ["/home/hermes/.local/share/uv/tools/hermes-agent/lib/python3.12/site-packages/hermes_cli/main.py", "gateway", "run", "--replace"], "stdin_is_tty": false, "absorb_windows_console_controls": false}
{"ts": "2026-09-04T06:47:55.347969+00:00", "tag": "asyncio.run.returned", "pid": 22017, "python": "3.12.3", "platform": "linux", "success": false}
{"ts": "2026-09-04T06:47:55.348065+00:00", "tag": "gateway.exit_nonzero", "pid": 22017, "python": "3.12.3", "platform": "linux"}
{"ts": "2026-09-04T06:47:55.348667+00:00", "tag": "atexit.hook", "pid": 22017, "python": "3.12.3", "platform": "linux", "sys_exc": "(None, None, None)"}
{"ts": "2026-09-04T06:47:56.721469+00:00", "tag": "gateway.start", "pid": 33495, "python": "3.12.3", "platform": "linux", "replace": true, "argv": ["/home/hermes/.local/share/uv/tools/hermes-agent/lib/python3.12/site-packages/hermes_cli/main.py", "gateway", "run", "--replace"], "stdin_is_tty": false, "absorb_windows_console_controls": false}
{"ts": "2026-09-04T06:48:25.081633+00:00", "tag": "asyncio.run.returned", "pid": 33495, "python": "3.12.3", "platform": "linux", "success": false}
{"ts": "2026-09-04T06:48:25.081751+00:00", "tag": "gateway.exit_nonzero", "pid": 33495, "python": "3.12.3", "platform": "linux"}
{"ts": "2026-09-04T06:48:25.082332+00:00", "tag": "atexit.hook", "pid": 33495, "python": "3.12.3", "platform": "linux", "sys_exc": "(None, None, None)"}
{"ts": "2026-09-04T06:48:26.310168+00:00", "tag": "gateway.start", "pid": 35644, "python": "3.12.3", "platform": "linux", "replace": true, "argv": ["/home/hermes/.local/share/uv/tools/hermes-agent/lib/python3.12/site-packages/hermes_cli/main.py", "gateway", "run", "--replace"], "stdin_is_tty": false, "absorb_windows_console_controls": false}
{"ts": "2026-09-04T06:48:34.721294+00:00", "tag": "asyncio.run.returned", "pid": 35644, "python": "3.12.3", "platform": "linux", "success": false}
{"ts": "2026-09-04T06:48:34.721416+00:00", "tag": "gateway.exit_nonzero", "pid": 35644, "python": "3.12.3", "platform": "linux"}
{"ts": "2026-09-04T06:48:34.722012+00:00", "tag": "atexit.hook", "pid": 35644, "python": "3.12.3", "platform": "linux", "sys_exc": "(None, None, None)"}
{"ts": "2026-09-04T06:48:35.987671+00:00", "tag": "gateway.start", "pid": 36319, "python": "3.12.3", "platform": "linux", "replace": true, "argv": ["/home/hermes/.local/share/uv/tools/hermes-agent/lib/python3.12/site-packages/hermes_cli/main.py", "gateway", "run", "--replace"], "stdin_is_tty": false, "absorb_windows_console_controls": false}
{"ts": "2026-09-05T00:32:42.800894+00:00", "tag": "asyncio.run.returned", "pid": 36319, "python": "3.12.3", "platform": "linux", "success": false}
{"ts": "2026-09-05T00:32:42.801044+00:00", "tag": "gateway.exit_nonzero", "pid": 36319, "python": "3.12.3", "platform": "linux"}
{"ts": "2026-09-05T00:32:42.801913+00:00", "tag": "atexit.hook", "pid": 36319, "python": "3.12.3", "platform": "linux", "sys_exc": "(None, None, None)"}
{"ts": "2026-09-05T00:32:49.042923+00:00", "tag": "gateway.start", "pid": 52624, "python": "3.12.3", "platform": "linux", "replace": true, "argv": ["/home/hermes/.local/share/uv/tools/hermes-agent/lib/python3.12/site-packages/hermes_cli/main.py", "gateway", "run", "--replace"], "stdin_is_tty": false, "absorb_windows_console_controls": false}
{"ts": "2026-09-09T17:30:45.888653+00:00", "tag": "gateway.start", "pid": 121134, "python": "3.12.3", "platform": "linux", "replace": true, "argv": ["/home/hermes/.local/share/uv/tools/hermes-agent/lib/python3.12/site-packages/hermes_cli/main.py", "gateway", "run", "--replace"], "stdin_is_tty": false, "absorb_windows_console_controls": false}
{"ts": "2026-09-09T17:31:08.335315+00:00", "tag": "gateway.start", "pid": 121162, "python": "3.12.3", "platform": "linux", "replace": true, "argv": ["/home/hermes/.local/share/uv/tools/hermes-agent/lib/python3.12/site-packages/hermes_cli/main.py", "gateway", "run", "--replace"], "stdin_is_tty": false, "absorb_windows_console_controls": false}
{"ts": "2026-09-09T17:31:24.532920+00:00", "tag": "gateway.start", "pid": 121205, "python": "3.12.3", "platform": "linux", "replace": true, "argv": ["/home/hermes/.local/share/uv/tools/hermes-agent/lib/python3.12/site-packages/hermes_cli/main.py", "gateway", "run", "--replace"], "stdin_is_tty": false, "absorb_windows_console_controls": false}
{"ts": "2026-09-09T17:32:01.296981+00:00", "tag": "gateway.start", "pid": 121282, "python": "3.12.3", "platform": "linux", "replace": true, "argv": ["/home/hermes/.local/share/uv/tools/hermes-agent/lib/python3.12/site-packages/hermes_cli/main.py", "gateway", "run", "--replace"], "stdin_is_tty": false, "absorb_windows_console_controls": false}
{"ts": "2026-09-09T17:32:23.807317+00:00", "tag": "gateway.start", "pid": 121337, "python": "3.12.3", "platform": "linux", "replace": true, "argv": ["/home/hermes/.local/share/uv/tools/hermes-agent/lib/python3.12/site-packages/hermes_cli/main.py", "gateway", "run", "--replace"], "stdin_is_tty": false, "absorb_windows_console_controls": false}
{"ts": "2026-09-09T17:33:33.289872+00:00", "tag": "gateway.start", "pid": 121484, "python": "3.12.3", "platform": "linux", "replace": true, "argv": ["/home/hermes/.local/share/uv/tools/hermes-agent/lib/python3.12/site-packages/hermes_cli/main.py", "gateway", "run", "--replace"], "stdin_is_tty": false, "absorb_windows_console_controls": false}
{"ts": "2026-09-09T17:33:33.757091+00:00", "tag": "asyncio.run.returned", "pid": 121337, "python": "3.12.3", "platform": "linux", "success": true}
{"ts": "2026-09-09T17:33:33.757197+00:00", "tag": "gateway.exit_clean", "pid": 121337, "python": "3.12.3", "platform": "linux"}
{"ts": "2026-09-09T17:33:34.410546+00:00", "tag": "atexit.hook", "pid": 121337, "python": "3.12.3", "platform": "linux", "sys_exc": "(None, None, None)"}
{"ts": "2026-09-09T17:34:01.579062+00:00", "tag": "gateway.start", "pid": 121522, "python": "3.12.3", "platform": "linux", "replace": true, "argv": ["/home/hermes/.local/share/uv/tools/hermes-agent/lib/python3.12/site-packages/hermes_cli/main.py", "gateway", "run", "--replace"], "stdin_is_tty": false, "absorb_windows_console_controls": false}
{"ts": "2026-09-09T17:34:02.154242+00:00", "tag": "asyncio.run.returned", "pid": 121484, "python": "3.12.3", "platform": "linux", "success": true}
{"ts": "2026-09-09T17:34:02.154335+00:00", "tag": "gateway.exit_clean", "pid": 121484, "python": "3.12.3", "platform": "linux"}
{"ts": "2026-09-09T17:34:02.155008+00:00", "tag": "atexit.hook", "pid": 121484, "python": "3.12.3", "platform": "linux", "sys_exc": "(None, None, None)"}
{"ts": "2026-09-09T17:36:15.545754+00:00", "tag": "gateway.start", "pid": 121561, "python": "3.12.3", "platform": "linux", "replace": true, "argv": ["/home/hermes/.local/share/uv/tools/hermes-agent/lib/python3.12/site-packages/hermes_cli/main.py", "gateway", "run", "--replace"], "stdin_is_tty": false, "absorb_windows_console_controls": false}
{"ts": "2026-09-09T17:36:16.208531+00:00", "tag": "asyncio.run.returned", "pid": 121522, "python": "3.12.3", "platform": "linux", "success": true}
{"ts": "2026-09-09T17:36:16.208626+00:00", "tag": "gateway.exit_clean", "pid": 121522, "python": "3.12.3", "platform": "linux"}
{"ts": "2026-09-09T17:36:16.209284+00:00", "tag": "atexit.hook", "pid": 121522, "python": "3.12.3", "platform": "linux", "sys_exc": "(None, None, None)"}
{"ts": "2026-09-09T17:37:15.824137+00:00", "tag": "gateway.start", "pid": 121588, "python": "3.12.3", "platform": "linux", "replace": true, "argv": ["/home/hermes/.local/share/uv/tools/hermes-agent/lib/python3.12/site-packages/hermes_cli/main.py", "gateway", "run", "--replace"], "stdin_is_tty": false, "absorb_windows_console_controls": false}
{"ts": "2026-09-09T17:37:16.348461+00:00", "tag": "asyncio.run.returned", "pid": 121561, "python": "3.12.3", "platform": "linux", "success": true}
{"ts": "2026-09-09T17:37:16.348611+00:00", "tag": "gateway.exit_clean", "pid": 121561, "python": "3.12.3", "platform": "linux"}
{"ts": "2026-09-09T17:37:16.349397+00:00", "tag": "atexit.hook", "pid": 121561, "python": "3.12.3", "platform": "linux", "sys_exc": "(None, None, None)"}
{"ts": "2026-09-09T17:42:17.518583+00:00", "tag": "gateway.start", "pid": 121857, "python": "3.12.3", "platform": "linux", "replace": true, "argv": ["/home/hermes/.local/share/uv/tools/hermes-agent/lib/python3.12/site-packages/hermes_cli/main.py", "gateway", "run", "--replace"], "stdin_is_tty": false, "absorb_windows_console_controls": false}
{"ts": "2026-09-09T17:42:18.077597+00:00", "tag": "asyncio.run.returned", "pid": 121588, "python": "3.12.3", "platform": "linux", "success": true}
{"ts": "2026-09-09T17:42:18.077693+00:00", "tag": "gateway.exit_clean", "pid": 121588, "python": "3.12.3", "platform": "linux"}
{"ts": "2026-09-09T17:42:18.078394+00:00", "tag": "atexit.hook", "pid": 121588, "python": "3.12.3", "platform": "linux", "sys_exc": "(None, None, None)"}
{"ts": "2026-09-09T17:44:31.575989+00:00", "tag": "gateway.start", "pid": 121941, "python": "3.12.3", "platform": "linux", "replace": true, "argv": ["/home/hermes/.local/share/uv/tools/hermes-agent/lib/python3.12/site-packages/hermes_cli/main.py", "gateway", "run", "--replace"], "stdin_is_tty": false, "absorb_windows_console_controls": false}
{"ts": "2026-09-09T17:44:32.157441+00:00", "tag": "asyncio.run.returned", "pid": 121857, "python": "3.12.3", "platform": "linux", "success": true}
{"ts": "2026-09-09T17:44:32.157548+00:00", "tag": "gateway.exit_clean", "pid": 121857, "python": "3.12.3", "platform": "linux"}
{"ts": "2026-09-09T17:44:32.158275+00:00", "tag": "atexit.hook", "pid": 121857, "python": "3.12.3", "platform": "linux", "sys_exc": "(None, None, None)"}
{"ts": "2026-09-09T17:49:33.340121+00:00", "tag": "gateway.start", "pid": 122255, "python": "3.12.3", "platform": "linux", "replace": true, "argv": ["/home/hermes/.local/share/uv/tools/hermes-agent/lib/python3.12/site-packages/hermes_cli/main.py", "gateway", "run", "--replace"], "stdin_is_tty": false, "absorb_windows_console_controls": false}
{"ts": "2026-09-09T17:49:33.839872+00:00", "tag": "asyncio.run.returned", "pid": 121941, "python": "3.12.3", "platform": "linux", "success": true}
{"ts": "2026-09-09T17:49:33.839974+00:00", "tag": "gateway.exit_clean", "pid": 121941, "python": "3.12.3", "platform": "linux"}
{"ts": "2026-09-09T17:49:34.433470+00:00", "tag": "atexit.hook", "pid": 121941, "python": "3.12.3", "platform": "linux", "sys_exc": "(None, None, None)"}
{"ts": "2026-09-09T17:54:35.806022+00:00", "tag": "gateway.start", "pid": 122330, "python": "3.12.3", "platform": "linux", "replace": true, "argv": ["/home/hermes/.local/share/uv/tools/hermes-agent/lib/python3.12/site-packages/hermes_cli/main.py", "gateway", "run", "--replace"], "stdin_is_tty": false, "absorb_windows_console_controls": false}
{"ts": "2026-09-09T17:54:36.341847+00:00", "tag": "asyncio.run.returned", "pid": 122255, "python": "3.12.3", "platform": "linux", "success": true}
{"ts": "2026-09-09T17:54:36.341942+00:00", "tag": "gateway.exit_clean", "pid": 122255, "python": "3.12.3", "platform": "linux"}
{"ts": "2026-09-09T17:54:36.342624+00:00", "tag": "atexit.hook", "pid": 122255, "python": "3.12.3", "platform": "linux", "sys_exc": "(None, None, None)"}
{"ts": "2026-09-09T17:59:37.588632+00:00", "tag": "gateway.start", "pid": 122387, "python": "3.12.3", "platform": "linux", "replace": true, "argv": ["/home/hermes/.local/share/uv/tools/hermes-agent/lib/python3.12/site-packages/hermes_cli/main.py", "gateway", "run", "--replace"], "stdin_is_tty": false, "absorb_windows_console_controls": false}
{"ts": "2026-09-09T18:04:48.811964+00:00", "tag": "gateway.start", "pid": 122885, "python": "3.12.3", "platform": "linux", "replace": true, "argv": ["/home/hermes/.local/share/uv/tools/hermes-agent/lib/python3.12/site-packages/hermes_cli/main.py", "gateway", "run", "--replace"], "stdin_is_tty": false, "absorb_windows_console_controls": false}
{"ts": "2026-09-09T18:10:00.072353+00:00", "tag": "gateway.start", "pid": 123147, "python": "3.12.3", "platform": "linux", "replace": true, "argv": ["/home/hermes/.local/share/uv/tools/hermes-agent/lib/python3.12/site-packages/hermes_cli/main.py", "gateway", "run", "--replace"], "stdin_is_tty": false, "absorb_windows_console_controls": false}
{"ts": "2026-09-09T18:10:00.557479+00:00", "tag": "asyncio.run.returned", "pid": 122885, "python": "3.12.3", "platform": "linux", "success": true}
{"ts": "2026-09-09T18:10:00.557578+00:00", "tag": "gateway.exit_clean", "pid": 122885, "python": "3.12.3", "platform": "linux"}
{"ts": "2026-09-09T18:10:01.291868+00:00", "tag": "atexit.hook", "pid": 122885, "python": "3.12.3", "platform": "linux", "sys_exc": "(None, None, None)"}
{"ts": "2026-09-09T18:10:07.802982+00:00", "tag": "gateway.start", "pid": 123172, "python": "3.12.3", "platform": "linux", "replace": true, "argv": ["/home/hermes/.local/share/uv/tools/hermes-agent/lib/python3.12/site-packages/hermes_cli/main.py", "gateway", "run", "--replace"], "stdin_is_tty": false, "absorb_windows_console_controls": false}
{"ts": "2026-09-09T18:10:08.445078+00:00", "tag": "asyncio.run.returned", "pid": 123147, "python": "3.12.3", "platform": "linux", "success": true}
{"ts": "2026-09-09T18:10:08.445181+00:00", "tag": "gateway.exit_clean", "pid": 123147, "python": "3.12.3", "platform": "linux"}
{"ts": "2026-09-09T18:10:08.445898+00:00", "tag": "atexit.hook", "pid": 123147, "python": "3.12.3", "platform": "linux", "sys_exc": "(None, None, None)"}
{"ts": "2026-09-09T18:15:09.805471+00:00", "tag": "gateway.start", "pid": 123203, "python": "3.12.3", "platform": "linux", "replace": true, "argv": ["/home/hermes/.local/share/uv/tools/hermes-agent/lib/python3.12/site-packages/hermes_cli/main.py", "gateway", "run", "--replace"], "stdin_is_tty": false, "absorb_windows_console_controls": false}
{"ts": "2026-09-09T18:15:12.073281+00:00", "tag": "asyncio.run.returned", "pid": 123172, "python": "3.12.3", "platform": "linux", "success": true}
{"ts": "2026-09-09T18:15:12.073450+00:00", "tag": "gateway.exit_clean", "pid": 123172, "python": "3.12.3", "platform": "linux"}
{"ts": "2026-09-09T18:15:12.074456+00:00", "tag": "atexit.hook", "pid": 123172, "python": "3.12.3", "platform": "linux", "sys_exc": "(None, None, None)"}
{"ts": "2026-09-09T18:15:24.576738+00:00", "tag": "gateway.start", "pid": 123226, "python": "3.12.3", "platform": "linux", "replace": true, "argv": ["/home/hermes/.local/share/uv/tools/hermes-agent/lib/python3.12/site-packages/hermes_cli/main.py", "gateway", "run", "--replace"], "stdin_is_tty": false, "absorb_windows_console_controls": false}
{"ts": "2026-09-09T18:15:28.253905+00:00", "tag": "asyncio.run.returned", "pid": 123203, "python": "3.12.3", "platform": "linux", "success": true}
{"ts": "2026-09-09T18:15:28.254027+00:00", "tag": "gateway.exit_clean", "pid": 123203, "python": "3.12.3", "platform": "linux"}
{"ts": "2026-09-09T18:15:28.254798+00:00", "tag": "atexit.hook", "pid": 123203, "python": "3.12.3", "platform": "linux", "sys_exc": "(None, None, None)"}
{"ts": "2026-09-09T18:20:29.576876+00:00", "tag": "gateway.start", "pid": 123754, "python": "3.12.3", "platform": "linux", "replace": true, "argv": ["/home/hermes/.local/share/uv/tools/hermes-agent/lib/python3.12/site-packages/hermes_cli/main.py", "gateway", "run", "--replace"], "stdin_is_tty": false, "absorb_windows_console_controls": false}
{"ts": "2026-09-09T18:21:06.341406+00:00", "tag": "gateway.start", "pid": 123778, "python": "3.12.3", "platform": "linux", "replace": true, "argv": ["/home/hermes/.local/share/uv/tools/hermes-agent/lib/python3.12/site-packages/hermes_cli/main.py", "gateway", "run", "--replace"], "stdin_is_tty": false, "absorb_windows_console_controls": false}
{"ts": "2026-09-09T18:26:17.587444+00:00", "tag": "gateway.start", "pid": 123825, "python": "3.12.3", "platform": "linux", "replace": true, "argv": ["/home/hermes/.local/share/uv/tools/hermes-agent/lib/python3.12/site-packages/hermes_cli/main.py", "gateway", "run", "--replace"], "stdin_is_tty": false, "absorb_windows_console_controls": false}
{"ts": "2026-09-09T18:27:27.098771+00:00", "tag": "gateway.start", "pid": 123856, "python": "3.12.3", "platform": "linux", "replace": true, "argv": ["/home/hermes/.local/share/uv/tools/hermes-agent/lib/python3.12/site-packages/hermes_cli/main.py", "gateway", "run", "--replace"], "stdin_is_tty": false, "absorb_windows_console_controls": false}
{"ts": "2026-09-09T18:32:38.327316+00:00", "tag": "gateway.start", "pid": 124470, "python": "3.12.3", "platform": "linux", "replace": true, "argv": ["/home/hermes/.local/share/uv/tools/hermes-agent/lib/python3.12/site-packages/hermes_cli/main.py", "gateway", "run", "--replace"], "stdin_is_tty": false, "absorb_windows_console_controls": false}
{"ts": "2026-09-09T18:35:01.843421+00:00", "tag": "gateway.start", "pid": 124718, "python": "3.12.3", "platform": "linux", "replace": true, "argv": ["/home/hermes/.local/share/uv/tools/hermes-agent/lib/python3.12/site-packages/hermes_cli/main.py", "gateway", "run", "--replace"], "stdin_is_tty": false, "absorb_windows_console_controls": false}
{"ts": "2026-09-09T18:40:13.149880+00:00", "tag": "gateway.start", "pid": 124787, "python": "3.12.3", "platform": "linux", "replace": true, "argv": ["/home/hermes/.local/share/uv/tools/hermes-agent/lib/python3.12/site-packages/hermes_cli/main.py", "gateway", "run", "--replace"], "stdin_is_tty": false, "absorb_windows_console_controls": false}
{"ts": "2026-09-09T18:40:13.642335+00:00", "tag": "asyncio.run.returned", "pid": 124718, "python": "3.12.3", "platform": "linux", "success": true}
{"ts": "2026-09-09T18:40:13.642473+00:00", "tag": "gateway.exit_clean", "pid": 124718, "python": "3.12.3", "platform": "linux"}
{"ts": "2026-09-09T18:40:13.702746+00:00", "tag": "atexit.hook", "pid": 124718, "python": "3.12.3", "platform": "linux", "sys_exc": "(None, None, None)"}
{"ts": "2026-09-09T18:45:15.054411+00:00", "tag": "gateway.start", "pid": 124840, "python": "3.12.3", "platform": "linux", "replace": true, "argv": ["/home/hermes/.local/share/uv/tools/hermes-agent/lib/python3.12/site-packages/hermes_cli/main.py", "gateway", "run", "--replace"], "stdin_is_tty": false, "absorb_windows_console_controls": false}
{"ts": "2026-09-09T18:45:15.668224+00:00", "tag": "asyncio.run.returned", "pid": 124787, "python": "3.12.3", "platform": "linux", "success": true}
{"ts": "2026-09-09T18:45:15.668319+00:00", "tag": "gateway.exit_clean", "pid": 124787, "python": "3.12.3", "platform": "linux"}
{"ts": "2026-09-09T18:45:15.669077+00:00", "tag": "atexit.hook", "pid": 124787, "python": "3.12.3", "platform": "linux", "sys_exc": "(None, None, None)"}
{"ts": "2026-09-09T18:50:16.803189+00:00", "tag": "gateway.start", "pid": 124877, "python": "3.12.3", "platform": "linux", "replace": true, "argv": ["/home/hermes/.local/share/uv/tools/hermes-agent/lib/python3.12/site-packages/hermes_cli/main.py", "gateway", "run", "--replace"], "stdin_is_tty": false, "absorb_windows_console_controls": false}
{"ts": "2026-09-09T18:50:17.297322+00:00", "tag": "asyncio.run.returned", "pid": 124840, "python": "3.12.3", "platform": "linux", "success": true}
{"ts": "2026-09-09T18:50:17.297482+00:00", "tag": "gateway.exit_clean", "pid": 124840, "python": "3.12.3", "platform": "linux"}
{"ts": "2026-09-09T18:50:17.298339+00:00", "tag": "atexit.hook", "pid": 124840, "python": "3.12.3", "platform": "linux", "sys_exc": "(None, None, None)"}
{"ts": "2026-09-09T18:55:18.841083+00:00", "tag": "gateway.start", "pid": 124990, "python": "3.12.3", "platform": "linux", "replace": true, "argv": ["/home/hermes/.local/share/uv/tools/hermes-agent/lib/python3.12/site-packages/hermes_cli/main.py", "gateway", "run", "--replace"], "stdin_is_tty": false, "absorb_windows_console_controls": false}
{"ts": "2026-09-09T18:55:22.371876+00:00", "tag": "asyncio.run.returned", "pid": 124877, "python": "3.12.3", "platform": "linux", "success": true}
{"ts": "2026-09-09T18:55:22.371970+00:00", "tag": "gateway.exit_clean", "pid": 124877, "python": "3.12.3", "platform": "linux"}
{"ts": "2026-09-09T18:55:23.218613+00:00", "tag": "atexit.hook", "pid": 124877, "python": "3.12.3", "platform": "linux", "sys_exc": "(None, None, None)"}
{"ts": "2026-09-09T19:00:24.585053+00:00", "tag": "gateway.start", "pid": 125023, "python": "3.12.3", "platform": "linux", "replace": true, "argv": ["/home/hermes/.local/share/uv/tools/hermes-agent/lib/python3.12/site-packages/hermes_cli/main.py", "gateway", "run", "--replace"], "stdin_is_tty": false, "absorb_windows_console_controls": false}
{"ts": "2026-09-09T19:00:25.721668+00:00", "tag": "asyncio.run.returned", "pid": 124990, "python": "3.12.3", "platform": "linux", "success": true}
{"ts": "2026-09-09T19:00:25.721773+00:00", "tag": "gateway.exit_clean", "pid": 124990, "python": "3.12.3", "platform": "linux"}
{"ts": "2026-09-09T19:00:25.722699+00:00", "tag": "atexit.hook", "pid": 124990, "python": "3.12.3", "platform": "linux", "sys_exc": "(None, None, None)"}
{"ts": "2026-09-09T19:05:27.036768+00:00", "tag": "gateway.start", "pid": 125056, "python": "3.12.3", "platform": "linux", "replace": true, "argv": ["/home/hermes/.local/share/uv/tools/hermes-agent/lib/python3.12/site-packages/hermes_cli/main.py", "gateway", "run", "--replace"], "stdin_is_tty": false, "absorb_windows_console_controls": false}
{"ts": "2026-09-09T19:05:27.655092+00:00", "tag": "asyncio.run.returned", "pid": 125023, "python": "3.12.3", "platform": "linux", "success": true}
{"ts": "2026-09-09T19:05:27.655182+00:00", "tag": "gateway.exit_clean", "pid": 125023, "python": "3.12.3", "platform": "linux"}
{"ts": "2026-09-09T19:05:27.655952+00:00", "tag": "atexit.hook", "pid": 125023, "python": "3.12.3", "platform": "linux", "sys_exc": "(None, None, None)"}
{"ts": "2026-09-09T19:10:28.789477+00:00", "tag": "gateway.start", "pid": 125108, "python": "3.12.3", "platform": "linux", "replace": true, "argv": ["/home/hermes/.local/share/uv/tools/hermes-agent/lib/python3.12/site-packages/hermes_cli/main.py", "gateway", "run", "--replace"], "stdin_is_tty": false, "absorb_windows_console_controls": false}
{"ts": "2026-09-09T19:10:29.580666+00:00", "tag": "asyncio.run.returned", "pid": 125056, "python": "3.12.3", "platform": "linux", "success": true}
{"ts": "2026-09-09T19:10:29.580783+00:00", "tag": "gateway.exit_clean", "pid": 125056, "python": "3.12.3", "platform": "linux"}
{"ts": "2026-09-09T19:10:29.581518+00:00", "tag": "atexit.hook", "pid": 125056, "python": "3.12.3", "platform": "linux", "sys_exc": "(None, None, None)"}
{"ts": "2026-09-09T19:15:30.783193+00:00", "tag": "gateway.start", "pid": 125143, "python": "3.12.3", "platform": "linux", "replace": true, "argv": ["/home/hermes/.local/share/uv/tools/hermes-agent/lib/python3.12/site-packages/hermes_cli/main.py", "gateway", "run", "--replace"], "stdin_is_tty": false, "absorb_windows_console_controls": false}
{"ts": "2026-09-09T19:15:35.470103+00:00", "tag": "asyncio.run.returned", "pid": 125108, "python": "3.12.3", "platform": "linux", "success": true}
{"ts": "2026-09-09T19:15:35.470227+00:00", "tag": "gateway.exit_clean", "pid": 125108, "python": "3.12.3", "platform": "linux"}
{"ts": "2026-09-09T19:15:35.471055+00:00", "tag": "atexit.hook", "pid": 125108, "python": "3.12.3", "platform": "linux", "sys_exc": "(None, None, None)"}
{"ts": "2026-09-09T19:20:36.835684+00:00", "tag": "gateway.start", "pid": 125179, "python": "3.12.3", "platform": "linux", "replace": true, "argv": ["/home/hermes/.local/share/uv/tools/hermes-agent/lib/python3.12/site-packages/hermes_cli/main.py", "gateway", "run", "--replace"], "stdin_is_tty": false, "absorb_windows_console_controls": false}
{"ts": "2026-09-09T19:20:37.456443+00:00", "tag": "asyncio.run.returned", "pid": 125143, "python": "3.12.3", "platform": "linux", "success": true}
{"ts": "2026-09-09T19:20:37.456540+00:00", "tag": "gateway.exit_clean", "pid": 125143, "python": "3.12.3", "platform": "linux"}
{"ts": "2026-09-09T19:20:37.457256+00:00", "tag": "atexit.hook", "pid": 125143, "python": "3.12.3", "platform": "linux", "sys_exc": "(None, None, None)"}
{"ts": "2026-09-09T19:25:38.795898+00:00", "tag": "gateway.start", "pid": 125207, "python": "3.12.3", "platform": "linux", "replace": true, "argv": ["/home/hermes/.local/share/uv/tools/hermes-agent/lib/python3.12/site-packages/hermes_cli/main.py", "gateway", "run", "--replace"], "stdin_is_tty": false, "absorb_windows_console_controls": false}
{"ts": "2026-09-09T19:30:49.784443+00:00", "tag": "gateway.start", "pid": 125283, "python": "3.12.3", "platform": "linux", "replace": true, "argv": ["/home/hermes/.local/share/uv/tools/hermes-agent/lib/python3.12/site-packages/hermes_cli/main.py", "gateway", "run", "--replace"], "stdin_is_tty": false, "absorb_windows_console_controls": false}
{"ts": "2026-09-09T19:30:50.321841+00:00", "tag": "asyncio.run.returned", "pid": 125207, "python": "3.12.3", "platform": "linux", "success": true}
{"ts": "2026-09-09T19:30:50.321940+00:00", "tag": "gateway.exit_clean", "pid": 125207, "python": "3.12.3", "platform": "linux"}
{"ts": "2026-09-09T19:30:51.182287+00:00", "tag": "atexit.hook", "pid": 125207, "python": "3.12.3", "platform": "linux", "sys_exc": "(None, None, None)"}
{"ts": "2026-09-09T19:35:52.543341+00:00", "tag": "gateway.start", "pid": 125317, "python": "3.12.3", "platform": "linux", "replace": true, "argv": ["/home/hermes/.local/share/uv/tools/hermes-agent/lib/python3.12/site-packages/hermes_cli/main.py", "gateway", "run", "--replace"], "stdin_is_tty": false, "absorb_windows_console_controls": false}
{"ts": "2026-09-09T19:35:53.135705+00:00", "tag": "asyncio.run.returned", "pid": 125283, "python": "3.12.3", "platform": "linux", "success": true}
{"ts": "2026-09-09T19:35:53.135807+00:00", "tag": "gateway.exit_clean", "pid": 125283, "python": "3.12.3", "platform": "linux"}
{"ts": "2026-09-09T19:35:53.136505+00:00", "tag": "atexit.hook", "pid": 125283, "python": "3.12.3", "platform": "linux", "sys_exc": "(None, None, None)"}
{"ts": "2026-09-09T19:40:54.311825+00:00", "tag": "gateway.start", "pid": 125346, "python": "3.12.3", "platform": "linux", "replace": true, "argv": ["/home/hermes/.local/share/uv/tools/hermes-agent/lib/python3.12/site-packages/hermes_cli/main.py", "gateway", "run", "--replace"], "stdin_is_tty": false, "absorb_windows_console_controls": false}
{"ts": "2026-09-09T19:40:54.898775+00:00", "tag": "asyncio.run.returned", "pid": 125317, "python": "3.12.3", "platform": "linux", "success": true}
{"ts": "2026-09-09T19:40:54.898872+00:00", "tag": "gateway.exit_clean", "pid": 125317, "python": "3.12.3", "platform": "linux"}
{"ts": "2026-09-09T19:40:54.899651+00:00", "tag": "atexit.hook", "pid": 125317, "python": "3.12.3", "platform": "linux", "sys_exc": "(None, None, None)"}
{"ts": "2026-09-09T19:45:56.056573+00:00", "tag": "gateway.start", "pid": 125378, "python": "3.12.3", "platform": "linux", "replace": true, "argv": ["/home/hermes/.local/share/uv/tools/hermes-agent/lib/python3.12/site-packages/hermes_cli/main.py", "gateway", "run", "--replace"], "stdin_is_tty": false, "absorb_windows_console_controls": false}
{"ts": "2026-09-09T19:45:56.614405+00:00", "tag": "asyncio.run.returned", "pid": 125346, "python": "3.12.3", "platform": "linux", "success": true}
{"ts": "2026-09-09T19:45:56.614510+00:00", "tag": "gateway.exit_clean", "pid": 125346, "python": "3.12.3", "platform": "linux"}
{"ts": "2026-09-09T19:45:56.615184+00:00", "tag": "atexit.hook", "pid": 125346, "python": "3.12.3", "platform": "linux", "sys_exc": "(None, None, None)"}
{"ts": "2026-09-09T19:50:57.795874+00:00", "tag": "gateway.start", "pid": 125410, "python": "3.12.3", "platform": "linux", "replace": true, "argv": ["/home/hermes/.local/share/uv/tools/hermes-agent/lib/python3.12/site-packages/hermes_cli/main.py", "gateway", "run", "--replace"], "stdin_is_tty": false, "absorb_windows_console_controls": false}
{"ts": "2026-09-09T19:50:58.344818+00:00", "tag": "asyncio.run.returned", "pid": 125378, "python": "3.12.3", "platform": "linux", "success": true}
{"ts": "2026-09-09T19:50:58.344915+00:00", "tag": "gateway.exit_clean", "pid": 125378, "python": "3.12.3", "platform": "linux"}
{"ts": "2026-09-09T19:50:58.345644+00:00", "tag": "atexit.hook", "pid": 125378, "python": "3.12.3", "platform": "linux", "sys_exc": "(None, None, None)"}
{"ts": "2026-09-09T19:55:59.596252+00:00", "tag": "gateway.start", "pid": 125438, "python": "3.12.3", "platform": "linux", "replace": true, "argv": ["/home/hermes/.local/share/uv/tools/hermes-agent/lib/python3.12/site-packages/hermes_cli/main.py", "gateway", "run", "--replace"], "stdin_is_tty": false, "absorb_windows_console_controls": false}
{"ts": "2026-09-09T19:56:01.239098+00:00", "tag": "asyncio.run.returned", "pid": 125410, "python": "3.12.3", "platform": "linux", "success": true}
{"ts": "2026-09-09T19:56:01.239189+00:00", "tag": "gateway.exit_clean", "pid": 125410, "python": "3.12.3", "platform": "linux"}
{"ts": "2026-09-09T19:56:01.239989+00:00", "tag": "atexit.hook", "pid": 125410, "python": "3.12.3", "platform": "linux", "sys_exc": "(None, None, None)"}
{"ts": "2026-09-09T20:01:02.552546+00:00", "tag": "gateway.start", "pid": 125468, "python": "3.12.3", "platform": "linux", "replace": true, "argv": ["/home/hermes/.local/share/uv/tools/hermes-agent/lib/python3.12/site-packages/hermes_cli/main.py", "gateway", "run", "--replace"], "stdin_is_tty": false, "absorb_windows_console_controls": false}
{"ts": "2026-09-09T20:01:03.124898+00:00", "tag": "asyncio.run.returned", "pid": 125438, "python": "3.12.3", "platform": "linux", "success": true}
{"ts": "2026-09-09T20:01:03.124992+00:00", "tag": "gateway.exit_clean", "pid": 125438, "python": "3.12.3", "platform": "linux"}
{"ts": "2026-09-09T20:01:03.125701+00:00", "tag": "atexit.hook", "pid": 125438, "python": "3.12.3", "platform": "linux", "sys_exc": "(None, None, None)"}
{"ts": "2026-09-09T20:06:04.298859+00:00", "tag": "gateway.start", "pid": 125496, "python": "3.12.3", "platform": "linux", "replace": true, "argv": ["/home/hermes/.local/share/uv/tools/hermes-agent/lib/python3.12/site-packages/hermes_cli/main.py", "gateway", "run", "--replace"], "stdin_is_tty": false, "absorb_windows_console_controls": false}
{"ts": "2026-09-09T20:06:05.936911+00:00", "tag": "asyncio.run.returned", "pid": 125468, "python": "3.12.3", "platform": "linux", "success": true}
{"ts": "2026-09-09T20:06:05.937019+00:00", "tag": "gateway.exit_clean", "pid": 125468, "python": "3.12.3", "platform": "linux"}
{"ts": "2026-09-09T20:06:05.937796+00:00", "tag": "atexit.hook", "pid": 125468, "python": "3.12.3", "platform": "linux", "sys_exc": "(None, None, None)"}
{"ts": "2026-09-09T20:11:07.295055+00:00", "tag": "gateway.start", "pid": 125527, "python": "3.12.3", "platform": "linux", "replace": true, "argv": ["/home/hermes/.local/share/uv/tools/hermes-agent/lib/python3.12/site-packages/hermes_cli/main.py", "gateway", "run", "--replace"], "stdin_is_tty": false, "absorb_windows_console_controls": false}
{"ts": "2026-09-09T20:11:07.821345+00:00", "tag": "asyncio.run.returned", "pid": 125496, "python": "3.12.3", "platform": "linux", "success": true}
{"ts": "2026-09-09T20:11:07.821472+00:00", "tag": "gateway.exit_clean", "pid": 125496, "python": "3.12.3", "platform": "linux"}
{"ts": "2026-09-09T20:11:07.822267+00:00", "tag": "atexit.hook", "pid": 125496, "python": "3.12.3", "platform": "linux", "sys_exc": "(None, None, None)"}
{"ts": "2026-09-09T20:16:09.054809+00:00", "tag": "gateway.start", "pid": 125554, "python": "3.12.3", "platform": "linux", "replace": true, "argv": ["/home/hermes/.local/share/uv/tools/hermes-agent/lib/python3.12/site-packages/hermes_cli/main.py", "gateway", "run", "--replace"], "stdin_is_tty": false, "absorb_windows_console_controls": false}
{"ts": "2026-09-09T20:16:09.674556+00:00", "tag": "asyncio.run.returned", "pid": 125527, "python": "3.12.3", "platform": "linux", "success": true}
{"ts": "2026-09-09T20:16:09.674659+00:00", "tag": "gateway.exit_clean", "pid": 125527, "python": "3.12.3", "platform": "linux"}
{"ts": "2026-09-09T20:16:09.675513+00:00", "tag": "atexit.hook", "pid": 125527, "python": "3.12.3", "platform": "linux", "sys_exc": "(None, None, None)"}
{"ts": "2026-09-09T20:21:10.807940+00:00", "tag": "gateway.start", "pid": 125586, "python": "3.12.3", "platform": "linux", "replace": true, "argv": ["/home/hermes/.local/share/uv/tools/hermes-agent/lib/python3.12/site-packages/hermes_cli/main.py", "gateway", "run", "--replace"], "stdin_is_tty": false, "absorb_windows_console_controls": false}
{"ts": "2026-09-09T20:21:11.925517+00:00", "tag": "asyncio.run.returned", "pid": 125554, "python": "3.12.3", "platform": "linux", "success": true}
{"ts": "2026-09-09T20:21:11.925609+00:00", "tag": "gateway.exit_clean", "pid": 125554, "python": "3.12.3", "platform": "linux"}
{"ts": "2026-09-09T20:21:11.926295+00:00", "tag": "atexit.hook", "pid": 125554, "python": "3.12.3", "platform": "linux", "sys_exc": "(None, None, None)"}
{"ts": "2026-09-09T20:26:13.037640+00:00", "tag": "gateway.start", "pid": 125613, "python": "3.12.3", "platform": "linux", "replace": true, "argv": ["/home/hermes/.local/share/uv/tools/hermes-agent/lib/python3.12/site-packages/hermes_cli/main.py", "gateway", "run", "--replace"], "stdin_is_tty": false, "absorb_windows_console_controls": false}
{"ts": "2026-09-09T20:26:14.540031+00:00", "tag": "asyncio.run.returned", "pid": 125586, "python": "3.12.3", "platform": "linux", "success": true}
{"ts": "2026-09-09T20:26:14.540124+00:00", "tag": "gateway.exit_clean", "pid": 125586, "python": "3.12.3", "platform": "linux"}
{"ts": "2026-09-09T20:26:14.540877+00:00", "tag": "atexit.hook", "pid": 125586, "python": "3.12.3", "platform": "linux", "sys_exc": "(None, None, None)"}
{"ts": "2026-09-09T20:31:15.778932+00:00", "tag": "gateway.start", "pid": 125640, "python": "3.12.3", "platform": "linux", "replace": true, "argv": ["/home/hermes/.local/share/uv/tools/hermes-agent/lib/python3.12/site-packages/hermes_cli/main.py", "gateway", "run", "--replace"], "stdin_is_tty": false, "absorb_windows_console_controls": false}
{"ts": "2026-09-09T20:31:16.662968+00:00", "tag": "asyncio.run.returned", "pid": 125613, "python": "3.12.3", "platform": "linux", "success": true}
{"ts": "2026-09-09T20:31:16.663062+00:00", "tag": "gateway.exit_clean", "pid": 125613, "python": "3.12.3", "platform": "linux"}
{"ts": "2026-09-09T20:31:16.663802+00:00", "tag": "atexit.hook", "pid": 125613, "python": "3.12.3", "platform": "linux", "sys_exc": "(None, None, None)"}
{"ts": "2026-09-09T20:36:17.792726+00:00", "tag": "gateway.start", "pid": 125708, "python": "3.12.3", "platform": "linux", "replace": true, "argv": ["/home/hermes/.local/share/uv/tools/hermes-agent/lib/python3.12/site-packages/hermes_cli/main.py", "gateway", "run", "--replace"], "stdin_is_tty": false, "absorb_windows_console_controls": false}
{"ts": "2026-09-09T20:41:28.812797+00:00", "tag": "gateway.start", "pid": 125810, "python": "3.12.3", "platform": "linux", "replace": true, "argv": ["/home/hermes/.local/share/uv/tools/hermes-agent/lib/python3.12/site-packages/hermes_cli/main.py", "gateway", "run", "--replace"], "stdin_is_tty": false, "absorb_windows_console_controls": false}
{"ts": "2026-09-09T20:41:29.328125+00:00", "tag": "asyncio.run.returned", "pid": 125708, "python": "3.12.3", "platform": "linux", "success": true}
{"ts": "2026-09-09T20:41:29.328229+00:00", "tag": "gateway.exit_clean", "pid": 125708, "python": "3.12.3", "platform": "linux"}
{"ts": "2026-09-09T20:41:29.340302+00:00", "tag": "atexit.hook", "pid": 125708, "python": "3.12.3", "platform": "linux", "sys_exc": "(None, None, None)"}
{"ts": "2026-09-09T20:46:30.856796+00:00", "tag": "gateway.start", "pid": 125836, "python": "3.12.3", "platform": "linux", "replace": true, "argv": ["/home/hermes/.local/share/uv/tools/hermes-agent/lib/python3.12/site-packages/hermes_cli/main.py", "gateway", "run", "--replace"], "stdin_is_tty": false, "absorb_windows_console_controls": false}
{"ts": "2026-09-09T20:46:32.428691+00:00", "tag": "asyncio.run.returned", "pid": 125810, "python": "3.12.3", "platform": "linux", "success": true}
{"ts": "2026-09-09T20:46:32.428798+00:00", "tag": "gateway.exit_clean", "pid": 125810, "python": "3.12.3", "platform": "linux"}
{"ts": "2026-09-09T20:46:32.429553+00:00", "tag": "atexit.hook", "pid": 125810, "python": "3.12.3", "platform": "linux", "sys_exc": "(None, None, None)"}
{"ts": "2026-09-09T20:51:33.824400+00:00", "tag": "gateway.start", "pid": 125958, "python": "3.12.3", "platform": "linux", "replace": true, "argv": ["/home/hermes/.local/share/uv/tools/hermes-agent/lib/python3.12/site-packages/hermes_cli/main.py", "gateway", "run", "--replace"], "stdin_is_tty": false, "absorb_windows_console_controls": false}
{"ts": "2026-09-09T20:51:39.148485+00:00", "tag": "asyncio.run.returned", "pid": 125836, "python": "3.12.3", "platform": "linux", "success": true}
{"ts": "2026-09-09T20:51:39.148582+00:00", "tag": "gateway.exit_clean", "pid": 125836, "python": "3.12.3", "platform": "linux"}
{"ts": "2026-09-09T20:51:39.149320+00:00", "tag": "atexit.hook", "pid": 125836, "python": "3.12.3", "platform": "linux", "sys_exc": "(None, None, None)"}
{"ts": "2026-09-09T20:56:40.304595+00:00", "tag": "gateway.start", "pid": 125988, "python": "3.12.3", "platform": "linux", "replace": true, "argv": ["/home/hermes/.local/share/uv/tools/hermes-agent/lib/python3.12/site-packages/hermes_cli/main.py", "gateway", "run", "--replace"], "stdin_is_tty": false, "absorb_windows_console_controls": false}
{"ts": "2026-09-09T20:56:40.872565+00:00", "tag": "asyncio.run.returned", "pid": 125958, "python": "3.12.3", "platform": "linux", "success": true}
{"ts": "2026-09-09T20:56:40.872659+00:00", "tag": "gateway.exit_clean", "pid": 125958, "python": "3.12.3", "platform": "linux"}
{"ts": "2026-09-09T20:56:40.873382+00:00", "tag": "atexit.hook", "pid": 125958, "python": "3.12.3", "platform": "linux", "sys_exc": "(None, None, None)"}
{"ts": "2026-09-09T21:01:42.068202+00:00", "tag": "gateway.start", "pid": 126031, "python": "3.12.3", "platform": "linux", "replace": true, "argv": ["/home/hermes/.local/share/uv/tools/hermes-agent/lib/python3.12/site-packages/hermes_cli/main.py", "gateway", "run", "--replace"], "stdin_is_tty": false, "absorb_windows_console_controls": false}
{"ts": "2026-09-09T21:01:43.174771+00:00", "tag": "asyncio.run.returned", "pid": 125988, "python": "3.12.3", "platform": "linux", "success": true}
{"ts": "2026-09-09T21:01:43.174938+00:00", "tag": "gateway.exit_clean", "pid": 125988, "python": "3.12.3", "platform": "linux"}
{"ts": "2026-09-09T21:01:43.175985+00:00", "tag": "atexit.hook", "pid": 125988, "python": "3.12.3", "platform": "linux", "sys_exc": "(None, None, None)"}
{"ts": "2026-09-09T21:06:44.544722+00:00", "tag": "gateway.start", "pid": 126065, "python": "3.12.3", "platform": "linux", "replace": true, "argv": ["/home/hermes/.local/share/uv/tools/hermes-agent/lib/python3.12/site-packages/hermes_cli/main.py", "gateway", "run", "--replace"], "stdin_is_tty": false, "absorb_windows_console_controls": false}
{"ts": "2026-09-09T21:06:45.180555+00:00", "tag": "asyncio.run.returned", "pid": 126031, "python": "3.12.3", "platform": "linux", "success": true}
{"ts": "2026-09-09T21:06:45.180686+00:00", "tag": "gateway.exit_clean", "pid": 126031, "python": "3.12.3", "platform": "linux"}
{"ts": "2026-09-09T21:06:45.181497+00:00", "tag": "atexit.hook", "pid": 126031, "python": "3.12.3", "platform": "linux", "sys_exc": "(None, None, None)"}
{"ts": "2026-09-09T21:11:46.530811+00:00", "tag": "gateway.start", "pid": 126093, "python": "3.12.3", "platform": "linux", "replace": true, "argv": ["/home/hermes/.local/share/uv/tools/hermes-agent/lib/python3.12/site-packages/hermes_cli/main.py", "gateway", "run", "--replace"], "stdin_is_tty": false, "absorb_windows_console_controls": false}
{"ts": "2026-09-09T21:11:47.155070+00:00", "tag": "asyncio.run.returned", "pid": 126065, "python": "3.12.3", "platform": "linux", "success": true}
{"ts": "2026-09-09T21:11:47.155160+00:00", "tag": "gateway.exit_clean", "pid": 126065, "python": "3.12.3", "platform": "linux"}
{"ts": "2026-09-09T21:11:47.155872+00:00", "tag": "atexit.hook", "pid": 126065, "python": "3.12.3", "platform": "linux", "sys_exc": "(None, None, None)"}
{"ts": "2026-09-09T21:16:48.304928+00:00", "tag": "gateway.start", "pid": 126142, "python": "3.12.3", "platform": "linux", "replace": true, "argv": ["/home/hermes/.local/share/uv/tools/hermes-agent/lib/python3.12/site-packages/hermes_cli/main.py", "gateway", "run", "--replace"], "stdin_is_tty": false, "absorb_windows_console_controls": false}
{"ts": "2026-09-09T21:21:59.332943+00:00", "tag": "gateway.start", "pid": 126447, "python": "3.12.3", "platform": "linux", "replace": true, "argv": ["/home/hermes/.local/share/uv/tools/hermes-agent/lib/python3.12/site-packages/hermes_cli/main.py", "gateway", "run", "--replace"], "stdin_is_tty": false, "absorb_windows_console_controls": false}
{"ts": "2026-09-09T21:27:10.588539+00:00", "tag": "gateway.start", "pid": 126818, "python": "3.12.3", "platform": "linux", "replace": true, "argv": ["/home/hermes/.local/share/uv/tools/hermes-agent/lib/python3.12/site-packages/hermes_cli/main.py", "gateway", "run", "--replace"], "stdin_is_tty": false, "absorb_windows_console_controls": false}
{"ts": "2026-09-09T21:27:14.092238+00:00", "tag": "asyncio.run.returned", "pid": 126447, "python": "3.12.3", "platform": "linux", "success": true}
{"ts": "2026-09-09T21:27:14.092361+00:00", "tag": "gateway.exit_clean", "pid": 126447, "python": "3.12.3", "platform": "linux"}
{"ts": "2026-09-09T21:27:14.093289+00:00", "tag": "atexit.hook", "pid": 126447, "python": "3.12.3", "platform": "linux", "sys_exc": "(None, None, None)"}
{"ts": "2026-09-09T21:32:15.592409+00:00", "tag": "gateway.start", "pid": 126883, "python": "3.12.3", "platform": "linux", "replace": true, "argv": ["/home/hermes/.local/share/uv/tools/hermes-agent/lib/python3.12/site-packages/hermes_cli/main.py", "gateway", "run", "--replace"], "stdin_is_tty": false, "absorb_windows_console_controls": false}
{"ts": "2026-09-09T21:32:16.121194+00:00", "tag": "asyncio.run.returned", "pid": 126818, "python": "3.12.3", "platform": "linux", "success": true}
{"ts": "2026-09-09T21:32:16.121318+00:00", "tag": "gateway.exit_clean", "pid": 126818, "python": "3.12.3", "platform": "linux"}
{"ts": "2026-09-09T21:32:16.999826+00:00", "tag": "atexit.hook", "pid": 126818, "python": "3.12.3", "platform": "linux", "sys_exc": "(None, None, None)"}
{"ts": "2026-09-09T21:37:18.325297+00:00", "tag": "gateway.start", "pid": 127241, "python": "3.12.3", "platform": "linux", "replace": true, "argv": ["/home/hermes/.local/share/uv/tools/hermes-agent/lib/python3.12/site-packages/hermes_cli/main.py", "gateway", "run", "--replace"], "stdin_is_tty": false, "absorb_windows_console_controls": false}
{"ts": "2026-09-09T21:37:21.940934+00:00", "tag": "asyncio.run.returned", "pid": 126883, "python": "3.12.3", "platform": "linux", "success": true}
{"ts": "2026-09-09T21:37:21.941026+00:00", "tag": "gateway.exit_clean", "pid": 126883, "python": "3.12.3", "platform": "linux"}
{"ts": "2026-09-09T21:37:21.941826+00:00", "tag": "atexit.hook", "pid": 126883, "python": "3.12.3", "platform": "linux", "sys_exc": "(None, None, None)"}
{"ts": "2026-09-09T21:42:23.316319+00:00", "tag": "gateway.start", "pid": 127289, "python": "3.12.3", "platform": "linux", "replace": true, "argv": ["/home/hermes/.local/share/uv/tools/hermes-agent/lib/python3.12/site-packages/hermes_cli/main.py", "gateway", "run", "--replace"], "stdin_is_tty": false, "absorb_windows_console_controls": false}
{"ts": "2026-09-09T21:42:23.931392+00:00", "tag": "asyncio.run.returned", "pid": 127241, "python": "3.12.3", "platform": "linux", "success": true}
{"ts": "2026-09-09T21:42:23.931491+00:00", "tag": "gateway.exit_clean", "pid": 127241, "python": "3.12.3", "platform": "linux"}
{"ts": "2026-09-09T21:42:23.932221+00:00", "tag": "atexit.hook", "pid": 127241, "python": "3.12.3", "platform": "linux", "sys_exc": "(None, None, None)"}
{"ts": "2026-09-09T21:47:25.081129+00:00", "tag": "gateway.start", "pid": 127655, "python": "3.12.3", "platform": "linux", "replace": true, "argv": ["/home/hermes/.local/share/uv/tools/hermes-agent/lib/python3.12/site-packages/hermes_cli/main.py", "gateway", "run", "--replace"], "stdin_is_tty": false, "absorb_windows_console_controls": false}
{"ts": "2026-09-09T21:47:25.760832+00:00", "tag": "asyncio.run.returned", "pid": 127289, "python": "3.12.3", "platform": "linux", "success": true}
{"ts": "2026-09-09T21:47:25.760954+00:00", "tag": "gateway.exit_clean", "pid": 127289, "python": "3.12.3", "platform": "linux"}
{"ts": "2026-09-09T21:47:25.761782+00:00", "tag": "atexit.hook", "pid": 127289, "python": "3.12.3", "platform": "linux", "sys_exc": "(None, None, None)"}
{"ts": "2026-09-09T21:52:27.108955+00:00", "tag": "gateway.start", "pid": 127680, "python": "3.12.3", "platform": "linux", "replace": true, "argv": ["/home/hermes/.local/share/uv/tools/hermes-agent/lib/python3.12/site-packages/hermes_cli/main.py", "gateway", "run", "--replace"], "stdin_is_tty": false, "absorb_windows_console_controls": false}
{"ts": "2026-09-09T21:52:27.932041+00:00", "tag": "asyncio.run.returned", "pid": 127655, "python": "3.12.3", "platform": "linux", "success": true}
{"ts": "2026-09-09T21:52:27.932137+00:00", "tag": "gateway.exit_clean", "pid": 127655, "python": "3.12.3", "platform": "linux"}
{"ts": "2026-09-09T21:52:27.934239+00:00", "tag": "atexit.hook", "pid": 127655, "python": "3.12.3", "platform": "linux", "sys_exc": "(None, None, None)"}
{"ts": "2026-09-09T21:57:29.369129+00:00", "tag": "gateway.start", "pid": 128041, "python": "3.12.3", "platform": "linux", "replace": true, "argv": ["/home/hermes/.local/share/uv/tools/hermes-agent/lib/python3.12/site-packages/hermes_cli/main.py", "gateway", "run", "--replace"], "stdin_is_tty": false, "absorb_windows_console_controls": false}
{"ts": "2026-09-09T21:57:29.943276+00:00", "tag": "asyncio.run.returned", "pid": 127680, "python": "3.12.3", "platform": "linux", "success": true}
{"ts": "2026-09-09T21:57:29.943418+00:00", "tag": "gateway.exit_clean", "pid": 127680, "python": "3.12.3", "platform": "linux"}
{"ts": "2026-09-09T21:57:29.944281+00:00", "tag": "atexit.hook", "pid": 127680, "python": "3.12.3", "platform": "linux", "sys_exc": "(None, None, None)"}
{"ts": "2026-09-09T22:02:31.331942+00:00", "tag": "gateway.start", "pid": 128072, "python": "3.12.3", "platform": "linux", "replace": true, "argv": ["/home/hermes/.local/share/uv/tools/hermes-agent/lib/python3.12/site-packages/hermes_cli/main.py", "gateway", "run", "--replace"], "stdin_is_tty": false, "absorb_windows_console_controls": false}
{"ts": "2026-09-09T22:02:32.314480+00:00", "tag": "asyncio.run.returned", "pid": 128041, "python": "3.12.3", "platform": "linux", "success": true}
{"ts": "2026-09-09T22:02:32.314588+00:00", "tag": "gateway.exit_clean", "pid": 128041, "python": "3.12.3", "platform": "linux"}
{"ts": "2026-09-09T22:02:32.315394+00:00", "tag": "atexit.hook", "pid": 128041, "python": "3.12.3", "platform": "linux", "sys_exc": "(None, None, None)"}
{"ts": "2026-09-09T22:07:33.611560+00:00", "tag": "gateway.start", "pid": 128434, "python": "3.12.3", "platform": "linux", "replace": true, "argv": ["/home/hermes/.local/share/uv/tools/hermes-agent/lib/python3.12/site-packages/hermes_cli/main.py", "gateway", "run", "--replace"], "stdin_is_tty": false, "absorb_windows_console_controls": false}
{"ts": "2026-09-09T22:07:37.205149+00:00", "tag": "asyncio.run.returned", "pid": 128072, "python": "3.12.3", "platform": "linux", "success": true}
{"ts": "2026-09-09T22:07:37.205277+00:00", "tag": "gateway.exit_clean", "pid": 128072, "python": "3.12.3", "platform": "linux"}
{"ts": "2026-09-09T22:07:37.206136+00:00", "tag": "atexit.hook", "pid": 128072, "python": "3.12.3", "platform": "linux", "sys_exc": "(None, None, None)"}
{"ts": "2026-09-09T22:12:38.598147+00:00", "tag": "gateway.start", "pid": 128474, "python": "3.12.3", "platform": "linux", "replace": true, "argv": ["/home/hermes/.local/share/uv/tools/hermes-agent/lib/python3.12/site-packages/hermes_cli/main.py", "gateway", "run", "--replace"], "stdin_is_tty": false, "absorb_windows_console_controls": false}
{"ts": "2026-09-09T22:12:39.215412+00:00", "tag": "asyncio.run.returned", "pid": 128434, "python": "3.12.3", "platform": "linux", "success": true}
{"ts": "2026-09-09T22:12:39.215541+00:00", "tag": "gateway.exit_clean", "pid": 128434, "python": "3.12.3", "platform": "linux"}
{"ts": "2026-09-09T22:12:39.216449+00:00", "tag": "atexit.hook", "pid": 128434, "python": "3.12.3", "platform": "linux", "sys_exc": "(None, None, None)"}
{"ts": "2026-09-09T22:17:40.586137+00:00", "tag": "gateway.start", "pid": 128840, "python": "3.12.3", "platform": "linux", "replace": true, "argv": ["/home/hermes/.local/share/uv/tools/hermes-agent/lib/python3.12/site-packages/hermes_cli/main.py", "gateway", "run", "--replace"], "stdin_is_tty": false, "absorb_windows_console_controls": false}
{"ts": "2026-09-09T22:17:41.148524+00:00", "tag": "asyncio.run.returned", "pid": 128474, "python": "3.12.3", "platform": "linux", "success": true}
{"ts": "2026-09-09T22:17:41.148618+00:00", "tag": "gateway.exit_clean", "pid": 128474, "python": "3.12.3", "platform": "linux"}
{"ts": "2026-09-09T22:17:41.149361+00:00", "tag": "atexit.hook", "pid": 128474, "python": "3.12.3", "platform": "linux", "sys_exc": "(None, None, None)"}
{"ts": "2026-09-09T22:22:42.339088+00:00", "tag": "gateway.start", "pid": 128870, "python": "3.12.3", "platform": "linux", "replace": true, "argv": ["/home/hermes/.local/share/uv/tools/hermes-agent/lib/python3.12/site-packages/hermes_cli/main.py", "gateway", "run", "--replace"], "stdin_is_tty": false, "absorb_windows_console_controls": false}
{"ts": "2026-09-09T22:22:45.971358+00:00", "tag": "asyncio.run.returned", "pid": 128840, "python": "3.12.3", "platform": "linux", "success": true}
{"ts": "2026-09-09T22:22:45.971469+00:00", "tag": "gateway.exit_clean", "pid": 128840, "python": "3.12.3", "platform": "linux"}
{"ts": "2026-09-09T22:22:45.972200+00:00", "tag": "atexit.hook", "pid": 128840, "python": "3.12.3", "platform": "linux", "sys_exc": "(None, None, None)"}
{"ts": "2026-09-09T22:27:47.335633+00:00", "tag": "gateway.start", "pid": 129233, "python": "3.12.3", "platform": "linux", "replace": true, "argv": ["/home/hermes/.local/share/uv/tools/hermes-agent/lib/python3.12/site-packages/hermes_cli/main.py", "gateway", "run", "--replace"], "stdin_is_tty": false, "absorb_windows_console_controls": false}
{"ts": "2026-09-09T22:27:47.931418+00:00", "tag": "asyncio.run.returned", "pid": 128870, "python": "3.12.3", "platform": "linux", "success": true}
{"ts": "2026-09-09T22:27:47.931520+00:00", "tag": "gateway.exit_clean", "pid": 128870, "python": "3.12.3", "platform": "linux"}
{"ts": "2026-09-09T22:27:47.932215+00:00", "tag": "atexit.hook", "pid": 128870, "python": "3.12.3", "platform": "linux", "sys_exc": "(None, None, None)"}
{"ts": "2026-09-09T22:32:49.085448+00:00", "tag": "gateway.start", "pid": 129282, "python": "3.12.3", "platform": "linux", "replace": true, "argv": ["/home/hermes/.local/share/uv/tools/hermes-agent/lib/python3.12/site-packages/hermes_cli/main.py", "gateway", "run", "--replace"], "stdin_is_tty": false, "absorb_windows_console_controls": false}
{"ts": "2026-09-09T22:32:50.752789+00:00", "tag": "asyncio.run.returned", "pid": 129233, "python": "3.12.3", "platform": "linux", "success": true}
{"ts": "2026-09-09T22:32:50.752891+00:00", "tag": "gateway.exit_clean", "pid": 129233, "python": "3.12.3", "platform": "linux"}
{"ts": "2026-09-09T22:32:50.753687+00:00", "tag": "atexit.hook", "pid": 129233, "python": "3.12.3", "platform": "linux", "sys_exc": "(None, None, None)"}
{"ts": "2026-09-09T22:37:52.118253+00:00", "tag": "gateway.start", "pid": 129649, "python": "3.12.3", "platform": "linux", "replace": true, "argv": ["/home/hermes/.local/share/uv/tools/hermes-agent/lib/python3.12/site-packages/hermes_cli/main.py", "gateway", "run", "--replace"], "stdin_is_tty": false, "absorb_windows_console_controls": false}
{"ts": "2026-09-09T22:37:53.743436+00:00", "tag": "asyncio.run.returned", "pid": 129282, "python": "3.12.3", "platform": "linux", "success": true}
{"ts": "2026-09-09T22:37:53.743530+00:00", "tag": "gateway.exit_clean", "pid": 129282, "python": "3.12.3", "platform": "linux"}
{"ts": "2026-09-09T22:37:53.744263+00:00", "tag": "atexit.hook", "pid": 129282, "python": "3.12.3", "platform": "linux", "sys_exc": "(None, None, None)"}
{"ts": "2026-09-09T22:42:55.097048+00:00", "tag": "gateway.start", "pid": 129818, "python": "3.12.3", "platform": "linux", "replace": true, "argv": ["/home/hermes/.local/share/uv/tools/hermes-agent/lib/python3.12/site-packages/hermes_cli/main.py", "gateway", "run", "--replace"], "stdin_is_tty": false, "absorb_windows_console_controls": false}
{"ts": "2026-09-09T22:48:06.388202+00:00", "tag": "gateway.start", "pid": 131043, "python": "3.12.3", "platform": "linux", "replace": true, "argv": ["/home/hermes/.local/share/uv/tools/hermes-agent/lib/python3.12/site-packages/hermes_cli/main.py", "gateway", "run", "--replace"], "stdin_is_tty": false, "absorb_windows_console_controls": false}
{"ts": "2026-09-09T22:48:06.952116+00:00", "tag": "asyncio.run.returned", "pid": 129818, "python": "3.12.3", "platform": "linux", "success": true}
{"ts": "2026-09-09T22:48:06.952276+00:00", "tag": "gateway.exit_clean", "pid": 129818, "python": "3.12.3", "platform": "linux"}
{"ts": "2026-09-09T22:48:07.208449+00:00", "tag": "atexit.hook", "pid": 129818, "python": "3.12.3", "platform": "linux", "sys_exc": "(None, None, None)"}
{"ts": "2026-09-09T22:53:08.616701+00:00", "tag": "gateway.start", "pid": 131123, "python": "3.12.3", "platform": "linux", "replace": true, "argv": ["/home/hermes/.local/share/uv/tools/hermes-agent/lib/python3.12/site-packages/hermes_cli/main.py", "gateway", "run", "--replace"], "stdin_is_tty": false, "absorb_windows_console_controls": false}
{"ts": "2026-09-09T22:53:09.258731+00:00", "tag": "asyncio.run.returned", "pid": 131043, "python": "3.12.3", "platform": "linux", "success": true}
{"ts": "2026-09-09T22:53:09.258844+00:00", "tag": "gateway.exit_clean", "pid": 131043, "python": "3.12.3", "platform": "linux"}
{"ts": "2026-09-09T22:53:09.259620+00:00", "tag": "atexit.hook", "pid": 131043, "python": "3.12.3", "platform": "linux", "sys_exc": "(None, None, None)"}
{"ts": "2026-09-09T22:58:10.579963+00:00", "tag": "gateway.start", "pid": 131486, "python": "3.12.3", "platform": "linux", "replace": true, "argv": ["/home/hermes/.local/share/uv/tools/hermes-agent/lib/python3.12/site-packages/hermes_cli/main.py", "gateway", "run", "--replace"], "stdin_is_tty": false, "absorb_windows_console_controls": false}
{"ts": "2026-09-09T22:58:11.144443+00:00", "tag": "asyncio.run.returned", "pid": 131123, "python": "3.12.3", "platform": "linux", "success": true}
{"ts": "2026-09-09T22:58:11.144549+00:00", "tag": "gateway.exit_clean", "pid": 131123, "python": "3.12.3", "platform": "linux"}
{"ts": "2026-09-09T22:58:11.145258+00:00", "tag": "atexit.hook", "pid": 131123, "python": "3.12.3", "platform": "linux", "sys_exc": "(None, None, None)"}
{"ts": "2026-09-09T23:03:12.320678+00:00", "tag": "gateway.start", "pid": 131519, "python": "3.12.3", "platform": "linux", "replace": true, "argv": ["/home/hermes/.local/share/uv/tools/hermes-agent/lib/python3.12/site-packages/hermes_cli/main.py", "gateway", "run", "--replace"], "stdin_is_tty": false, "absorb_windows_console_controls": false}
{"ts": "2026-09-09T23:03:12.934930+00:00", "tag": "asyncio.run.returned", "pid": 131486, "python": "3.12.3", "platform": "linux", "success": true}
{"ts": "2026-09-09T23:03:12.935023+00:00", "tag": "gateway.exit_clean", "pid": 131486, "python": "3.12.3", "platform": "linux"}
{"ts": "2026-09-09T23:03:12.935753+00:00", "tag": "atexit.hook", "pid": 131486, "python": "3.12.3", "platform": "linux", "sys_exc": "(None, None, None)"}
{"ts": "2026-09-09T23:08:14.319791+00:00", "tag": "gateway.start", "pid": 131883, "python": "3.12.3", "platform": "linux", "replace": true, "argv": ["/home/hermes/.local/share/uv/tools/hermes-agent/lib/python3.12/site-packages/hermes_cli/main.py", "gateway", "run", "--replace"], "stdin_is_tty": false, "absorb_windows_console_controls": false}
{"ts": "2026-09-09T23:08:14.861686+00:00", "tag": "asyncio.run.returned", "pid": 131519, "python": "3.12.3", "platform": "linux", "success": true}
{"ts": "2026-09-09T23:08:14.861780+00:00", "tag": "gateway.exit_clean", "pid": 131519, "python": "3.12.3", "platform": "linux"}
{"ts": "2026-09-09T23:08:14.862611+00:00", "tag": "atexit.hook", "pid": 131519, "python": "3.12.3", "platform": "linux", "sys_exc": "(None, None, None)"}
{"ts": "2026-09-09T23:13:16.087450+00:00", "tag": "gateway.start", "pid": 131925, "python": "3.12.3", "platform": "linux", "replace": true, "argv": ["/home/hermes/.local/share/uv/tools/hermes-agent/lib/python3.12/site-packages/hermes_cli/main.py", "gateway", "run", "--replace"], "stdin_is_tty": false, "absorb_windows_console_controls": false}
{"ts": "2026-09-09T23:13:16.901499+00:00", "tag": "asyncio.run.returned", "pid": 131883, "python": "3.12.3", "platform": "linux", "success": true}
{"ts": "2026-09-09T23:13:16.901600+00:00", "tag": "gateway.exit_clean", "pid": 131883, "python": "3.12.3", "platform": "linux"}
{"ts": "2026-09-09T23:13:16.902350+00:00", "tag": "atexit.hook", "pid": 131883, "python": "3.12.3", "platform": "linux", "sys_exc": "(None, None, None)"}
{"ts": "2026-09-09T23:18:18.129285+00:00", "tag": "gateway.start", "pid": 132292, "python": "3.12.3", "platform": "linux", "replace": true, "argv": ["/home/hermes/.local/share/uv/tools/hermes-agent/lib/python3.12/site-packages/hermes_cli/main.py", "gateway", "run", "--replace"], "stdin_is_tty": false, "absorb_windows_console_controls": false}
{"ts": "2026-09-09T23:18:18.685762+00:00", "tag": "asyncio.run.returned", "pid": 131925, "python": "3.12.3", "platform": "linux", "success": true}
{"ts": "2026-09-09T23:18:18.685857+00:00", "tag": "gateway.exit_clean", "pid": 131925, "python": "3.12.3", "platform": "linux"}
{"ts": "2026-09-09T23:18:18.686608+00:00", "tag": "atexit.hook", "pid": 131925, "python": "3.12.3", "platform": "linux", "sys_exc": "(None, None, None)"}
{"ts": "2026-09-09T23:23:20.155093+00:00", "tag": "gateway.start", "pid": 132322, "python": "3.12.3", "platform": "linux", "replace": true, "argv": ["/home/hermes/.local/share/uv/tools/hermes-agent/lib/python3.12/site-packages/hermes_cli/main.py", "gateway", "run", "--replace"], "stdin_is_tty": false, "absorb_windows_console_controls": false}
{"ts": "2026-09-09T23:23:20.747649+00:00", "tag": "asyncio.run.returned", "pid": 132292, "python": "3.12.3", "platform": "linux", "success": true}
{"ts": "2026-09-09T23:23:20.747779+00:00", "tag": "gateway.exit_clean", "pid": 132292, "python": "3.12.3", "platform": "linux"}
{"ts": "2026-09-09T23:23:20.748636+00:00", "tag": "atexit.hook", "pid": 132292, "python": "3.12.3", "platform": "linux", "sys_exc": "(None, None, None)"}
{"ts": "2026-09-09T23:28:22.084663+00:00", "tag": "gateway.start", "pid": 132682, "python": "3.12.3", "platform": "linux", "replace": true, "argv": ["/home/hermes/.local/share/uv/tools/hermes-agent/lib/python3.12/site-packages/hermes_cli/main.py", "gateway", "run", "--replace"], "stdin_is_tty": false, "absorb_windows_console_controls": false}
{"ts": "2026-09-09T23:28:22.670913+00:00", "tag": "asyncio.run.returned", "pid": 132322, "python": "3.12.3", "platform": "linux", "success": true}
{"ts": "2026-09-09T23:28:22.671008+00:00", "tag": "gateway.exit_clean", "pid": 132322, "python": "3.12.3", "platform": "linux"}
{"ts": "2026-09-09T23:28:22.671782+00:00", "tag": "atexit.hook", "pid": 132322, "python": "3.12.3", "platform": "linux", "sys_exc": "(None, None, None)"}
{"ts": "2026-09-09T23:33:23.888911+00:00", "tag": "gateway.start", "pid": 132711, "python": "3.12.3", "platform": "linux", "replace": true, "argv": ["/home/hermes/.local/share/uv/tools/hermes-agent/lib/python3.12/site-packages/hermes_cli/main.py", "gateway", "run", "--replace"], "stdin_is_tty": false, "absorb_windows_console_controls": false}
{"ts": "2026-09-09T23:33:24.511920+00:00", "tag": "asyncio.run.returned", "pid": 132682, "python": "3.12.3", "platform": "linux", "success": true}
{"ts": "2026-09-09T23:33:24.512045+00:00", "tag": "gateway.exit_clean", "pid": 132682, "python": "3.12.3", "platform": "linux"}
{"ts": "2026-09-09T23:33:24.512893+00:00", "tag": "atexit.hook", "pid": 132682, "python": "3.12.3", "platform": "linux", "sys_exc": "(None, None, None)"}
{"ts": "2026-09-09T23:38:25.837995+00:00", "tag": "gateway.start", "pid": 133076, "python": "3.12.3", "platform": "linux", "replace": true, "argv": ["/home/hermes/.local/share/uv/tools/hermes-agent/lib/python3.12/site-packages/hermes_cli/main.py", "gateway", "run", "--replace"], "stdin_is_tty": false, "absorb_windows_console_controls": false}
{"ts": "2026-09-09T23:38:26.424045+00:00", "tag": "asyncio.run.returned", "pid": 132711, "python": "3.12.3", "platform": "linux", "success": true}
{"ts": "2026-09-09T23:38:26.424175+00:00", "tag": "gateway.exit_clean", "pid": 132711, "python": "3.12.3", "platform": "linux"}
{"ts": "2026-09-09T23:38:26.425058+00:00", "tag": "atexit.hook", "pid": 132711, "python": "3.12.3", "platform": "linux", "sys_exc": "(None, None, None)"}
{"ts": "2026-09-09T23:43:27.619413+00:00", "tag": "gateway.start", "pid": 133113, "python": "3.12.3", "platform": "linux", "replace": true, "argv": ["/home/hermes/.local/share/uv/tools/hermes-agent/lib/python3.12/site-packages/hermes_cli/main.py", "gateway", "run", "--replace"], "stdin_is_tty": false, "absorb_windows_console_controls": false}
{"ts": "2026-09-09T23:43:28.204630+00:00", "tag": "asyncio.run.returned", "pid": 133076, "python": "3.12.3", "platform": "linux", "success": true}
{"ts": "2026-09-09T23:43:28.204761+00:00", "tag": "gateway.exit_clean", "pid": 133076, "python": "3.12.3", "platform": "linux"}
{"ts": "2026-09-09T23:43:28.205568+00:00", "tag": "atexit.hook", "pid": 133076, "python": "3.12.3", "platform": "linux", "sys_exc": "(None, None, None)"}
{"ts": "2026-09-09T23:48:29.584065+00:00", "tag": "gateway.start", "pid": 133479, "python": "3.12.3", "platform": "linux", "replace": true, "argv": ["/home/hermes/.local/share/uv/tools/hermes-agent/lib/python3.12/site-packages/hermes_cli/main.py", "gateway", "run", "--replace"], "stdin_is_tty": false, "absorb_windows_console_controls": false}
{"ts": "2026-09-09T23:48:30.201528+00:00", "tag": "asyncio.run.returned", "pid": 133113, "python": "3.12.3", "platform": "linux", "success": true}
{"ts": "2026-09-09T23:48:30.201625+00:00", "tag": "gateway.exit_clean", "pid": 133113, "python": "3.12.3", "platform": "linux"}
{"ts": "2026-09-09T23:48:30.202470+00:00", "tag": "atexit.hook", "pid": 133113, "python": "3.12.3", "platform": "linux", "sys_exc": "(None, None, None)"}
{"ts": "2026-09-09T23:53:31.596636+00:00", "tag": "gateway.start", "pid": 133515, "python": "3.12.3", "platform": "linux", "replace": true, "argv": ["/home/hermes/.local/share/uv/tools/hermes-agent/lib/python3.12/site-packages/hermes_cli/main.py", "gateway", "run", "--replace"], "stdin_is_tty": false, "absorb_windows_console_controls": false}
{"ts": "2026-09-09T23:53:32.264423+00:00", "tag": "asyncio.run.returned", "pid": 133479, "python": "3.12.3", "platform": "linux", "success": true}
{"ts": "2026-09-09T23:53:32.264518+00:00", "tag": "gateway.exit_clean", "pid": 133479, "python": "3.12.3", "platform": "linux"}
{"ts": "2026-09-09T23:53:32.265258+00:00", "tag": "atexit.hook", "pid": 133479, "python": "3.12.3", "platform": "linux", "sys_exc": "(None, None, None)"}
{"ts": "2026-09-09T23:58:33.592127+00:00", "tag": "gateway.start", "pid": 133884, "python": "3.12.3", "platform": "linux", "replace": true, "argv": ["/home/hermes/.local/share/uv/tools/hermes-agent/lib/python3.12/site-packages/hermes_cli/main.py", "gateway", "run", "--replace"], "stdin_is_tty": false, "absorb_windows_console_controls": false}
{"ts": "2026-09-09T23:58:34.205469+00:00", "tag": "asyncio.run.returned", "pid": 133515, "python": "3.12.3", "platform": "linux", "success": true}
{"ts": "2026-09-09T23:58:34.205563+00:00", "tag": "gateway.exit_clean", "pid": 133515, "python": "3.12.3", "platform": "linux"}
{"ts": "2026-09-09T23:58:34.206284+00:00", "tag": "atexit.hook", "pid": 133515, "python": "3.12.3", "platform": "linux", "sys_exc": "(None, None, None)"}
{"ts": "2026-09-10T00:03:35.453472+00:00", "tag": "gateway.start", "pid": 133931, "python": "3.12.3", "platform": "linux", "replace": true, "argv": ["/home/hermes/.local/share/uv/tools/hermes-agent/lib/python3.12/site-packages/hermes_cli/main.py", "gateway", "run", "--replace"], "stdin_is_tty": false, "absorb_windows_console_controls": false}
{"ts": "2026-09-10T00:03:36.047090+00:00", "tag": "asyncio.run.returned", "pid": 133884, "python": "3.12.3", "platform": "linux", "success": true}
{"ts": "2026-09-10T00:03:36.047186+00:00", "tag": "gateway.exit_clean", "pid": 133884, "python": "3.12.3", "platform": "linux"}
{"ts": "2026-09-10T00:03:36.047928+00:00", "tag": "atexit.hook", "pid": 133884, "python": "3.12.3", "platform": "linux", "sys_exc": "(None, None, None)"}
{"ts": "2026-09-10T00:08:37.375624+00:00", "tag": "gateway.start", "pid": 134325, "python": "3.12.3", "platform": "linux", "replace": true, "argv": ["/home/hermes/.local/share/uv/tools/hermes-agent/lib/python3.12/site-packages/hermes_cli/main.py", "gateway", "run", "--replace"], "stdin_is_tty": false, "absorb_windows_console_controls": false}
{"ts": "2026-09-10T00:08:37.943950+00:00", "tag": "asyncio.run.returned", "pid": 133931, "python": "3.12.3", "platform": "linux", "success": true}
{"ts": "2026-09-10T00:08:37.944049+00:00", "tag": "gateway.exit_clean", "pid": 133931, "python": "3.12.3", "platform": "linux"}
{"ts": "2026-09-10T00:08:37.944824+00:00", "tag": "atexit.hook", "pid": 133931, "python": "3.12.3", "platform": "linux", "sys_exc": "(None, None, None)"}
{"ts": "2026-09-10T00:13:39.338325+00:00", "tag": "gateway.start", "pid": 134362, "python": "3.12.3", "platform": "linux", "replace": true, "argv": ["/home/hermes/.local/share/uv/tools/hermes-agent/lib/python3.12/site-packages/hermes_cli/main.py", "gateway", "run", "--replace"], "stdin_is_tty": false, "absorb_windows_console_controls": false}
{"ts": "2026-09-10T00:13:39.955824+00:00", "tag": "asyncio.run.returned", "pid": 134325, "python": "3.12.3", "platform": "linux", "success": true}
{"ts": "2026-09-10T00:13:39.955924+00:00", "tag": "gateway.exit_clean", "pid": 134325, "python": "3.12.3", "platform": "linux"}
{"ts": "2026-09-10T00:13:39.956684+00:00", "tag": "atexit.hook", "pid": 134325, "python": "3.12.3", "platform": "linux", "sys_exc": "(None, None, None)"}
{"ts": "2026-09-10T00:18:41.388713+00:00", "tag": "gateway.start", "pid": 134733, "python": "3.12.3", "platform": "linux", "replace": true, "argv": ["/home/hermes/.local/share/uv/tools/hermes-agent/lib/python3.12/site-packages/hermes_cli/main.py", "gateway", "run", "--replace"], "stdin_is_tty": false, "absorb_windows_console_controls": false}
{"ts": "2026-09-10T00:23:52.595933+00:00", "tag": "gateway.start", "pid": 136270, "python": "3.12.3", "platform": "linux", "replace": true, "argv": ["/home/hermes/.local/share/uv/tools/hermes-agent/lib/python3.12/site-packages/hermes_cli/main.py", "gateway", "run", "--replace"], "stdin_is_tty": false, "absorb_windows_console_controls": false}
{"ts": "2026-09-10T00:29:03.849602+00:00", "tag": "gateway.start", "pid": 137204, "python": "3.12.3", "platform": "linux", "replace": true, "argv": ["/home/hermes/.local/share/uv/tools/hermes-agent/lib/python3.12/site-packages/hermes_cli/main.py", "gateway", "run", "--replace"], "stdin_is_tty": false, "absorb_windows_console_controls": false}
{"ts": "2026-09-10T00:34:15.127357+00:00", "tag": "gateway.start", "pid": 137409, "python": "3.12.3", "platform": "linux", "replace": true, "argv": ["/home/hermes/.local/share/uv/tools/hermes-agent/lib/python3.12/site-packages/hermes_cli/main.py", "gateway", "run", "--replace"], "stdin_is_tty": false, "absorb_windows_console_controls": false}
{"ts": "2026-09-10T00:39:26.484662+00:00", "tag": "gateway.start", "pid": 137999, "python": "3.12.3", "platform": "linux", "replace": false, "argv": ["/home/hermes/.local/share/uv/tools/hermes-agent/lib/python3.12/site-packages/hermes_cli/main.py", "gateway", "run"], "stdin_is_tty": false, "absorb_windows_console_controls": false}
{"ts": "2026-09-10T00:39:26.491779+00:00", "tag": "asyncio.run.returned", "pid": 137999, "python": "3.12.3", "platform": "linux", "success": false}
{"ts": "2026-09-10T00:39:26.491861+00:00", "tag": "gateway.exit_nonzero", "pid": 137999, "python": "3.12.3", "platform": "linux"}
{"ts": "2026-09-10T00:39:26.491964+00:00", "tag": "atexit.hook", "pid": 137999, "python": "3.12.3", "platform": "linux", "sys_exc": "(None, None, None)"}
{"ts": "2026-09-10T00:44:27.604005+00:00", "tag": "gateway.start", "pid": 138425, "python": "3.12.3", "platform": "linux", "replace": true, "argv": ["/home/hermes/.local/share/uv/tools/hermes-agent/lib/python3.12/site-packages/hermes_cli/main.py", "gateway", "run", "--replace"], "stdin_is_tty": false, "absorb_windows_console_controls": false}
{"ts": "2026-09-10T00:48:39.341312+00:00", "tag": "gateway.start", "pid": 138580, "python": "3.12.3", "platform": "linux", "replace": true, "argv": ["/home/hermes/.local/share/uv/tools/hermes-agent/lib/python3.12/site-packages/hermes_cli/main.py", "gateway", "run", "--replace"], "stdin_is_tty": false, "absorb_windows_console_controls": false}
{"ts": "2026-09-10T00:48:39.835089+00:00", "tag": "asyncio.run.returned", "pid": 138425, "python": "3.12.3", "platform": "linux", "success": true}
{"ts": "2026-09-10T00:48:39.835188+00:00", "tag": "gateway.exit_clean", "pid": 138425, "python": "3.12.3", "platform": "linux"}
{"ts": "2026-09-10T00:48:40.230932+00:00", "tag": "atexit.hook", "pid": 138425, "python": "3.12.3", "platform": "linux", "sys_exc": "(None, None, None)"}
{"ts": "2026-09-10T00:48:53.120088+00:00", "tag": "gateway.start", "pid": 138622, "python": "3.12.3", "platform": "linux", "replace": true, "argv": ["/home/hermes/.local/share/uv/tools/hermes-agent/lib/python3.12/site-packages/hermes_cli/main.py", "gateway", "run", "--replace"], "stdin_is_tty": false, "absorb_windows_console_controls": false}
{"ts": "2026-09-10T00:54:04.329883+00:00", "tag": "gateway.start", "pid": 138675, "python": "3.12.3", "platform": "linux", "replace": true, "argv": ["/home/hermes/.local/share/uv/tools/hermes-agent/lib/python3.12/site-packages/hermes_cli/main.py", "gateway", "run", "--replace"], "stdin_is_tty": false, "absorb_windows_console_controls": false}
{"ts": "2026-09-10T00:54:04.842691+00:00", "tag": "asyncio.run.returned", "pid": 138622, "python": "3.12.3", "platform": "linux", "success": true}
{"ts": "2026-09-10T00:54:04.842786+00:00", "tag": "gateway.exit_clean", "pid": 138622, "python": "3.12.3", "platform": "linux"}
{"ts": "2026-09-10T00:54:04.843773+00:00", "tag": "atexit.hook", "pid": 138622, "python": "3.12.3", "platform": "linux", "sys_exc": "(None, None, None)"}
{"ts": "2026-09-10T00:54:32.085114+00:00", "tag": "gateway.start", "pid": 138738, "python": "3.12.3", "platform": "linux", "replace": true, "argv": ["/home/hermes/.local/share/uv/tools/hermes-agent/lib/python3.12/site-packages/hermes_cli/main.py", "gateway", "run", "--replace"], "stdin_is_tty": false, "absorb_windows_console_controls": false}
{"ts": "2026-09-10T00:59:43.519804+00:00", "tag": "gateway.start", "pid": 138970, "python": "3.12.3", "platform": "linux", "replace": true, "argv": ["/home/hermes/.local/share/uv/tools/hermes-agent/lib/python3.12/site-packages/hermes_cli/main.py", "gateway", "run", "--replace"], "stdin_is_tty": false, "absorb_windows_console_controls": false}
{"ts": "2026-09-10T00:59:43.766471+00:00", "tag": "asyncio.run.returned", "pid": 138738, "python": "3.12.3", "platform": "linux", "success": false}
{"ts": "2026-09-10T00:59:43.766578+00:00", "tag": "gateway.exit_nonzero", "pid": 138738, "python": "3.12.3", "platform": "linux"}
{"ts": "2026-09-10T00:59:44.387982+00:00", "tag": "atexit.hook", "pid": 138738, "python": "3.12.3", "platform": "linux", "sys_exc": "(None, None, None)"}
{"ts": "2026-09-10T00:59:45.692218+00:00", "tag": "gateway.start", "pid": 139005, "python": "3.12.3", "platform": "linux", "replace": true, "argv": ["/home/hermes/.local/share/uv/tools/hermes-agent/lib/python3.12/site-packages/hermes_cli/main.py", "gateway", "run", "--replace"], "stdin_is_tty": false, "absorb_windows_console_controls": false}
{"ts": "2026-09-10T00:59:48.273819+00:00", "tag": "asyncio.run.returned", "pid": 138970, "python": "3.12.3", "platform": "linux", "success": true}
{"ts": "2026-09-10T00:59:48.273927+00:00", "tag": "gateway.exit_clean", "pid": 138970, "python": "3.12.3", "platform": "linux"}
{"ts": "2026-09-10T00:59:48.274871+00:00", "tag": "atexit.hook", "pid": 138970, "python": "3.12.3", "platform": "linux", "sys_exc": "(None, None, None)"}
{"ts": "2026-09-10T01:04:49.572384+00:00", "tag": "gateway.start", "pid": 139049, "python": "3.12.3", "platform": "linux", "replace": true, "argv": ["/home/hermes/.local/share/uv/tools/hermes-agent/lib/python3.12/site-packages/hermes_cli/main.py", "gateway", "run", "--replace"], "stdin_is_tty": false, "absorb_windows_console_controls": false}
{"ts": "2026-09-10T01:04:50.139896+00:00", "tag": "asyncio.run.returned", "pid": 139005, "python": "3.12.3", "platform": "linux", "success": true}
{"ts": "2026-09-10T01:04:50.139989+00:00", "tag": "gateway.exit_clean", "pid": 139005, "python": "3.12.3", "platform": "linux"}
{"ts": "2026-09-10T01:04:50.140779+00:00", "tag": "atexit.hook", "pid": 139005, "python": "3.12.3", "platform": "linux", "sys_exc": "(None, None, None)"}
{"ts": "2026-09-10T01:04:56.364675+00:00", "tag": "gateway.start", "pid": 139070, "python": "3.12.3", "platform": "linux", "replace": true, "argv": ["/home/hermes/.local/share/uv/tools/hermes-agent/lib/python3.12/site-packages/hermes_cli/main.py", "gateway", "run", "--replace"], "stdin_is_tty": false, "absorb_windows_console_controls": false}
{"ts": "2026-09-10T01:04:57.057883+00:00", "tag": "asyncio.run.returned", "pid": 139049, "python": "3.12.3", "platform": "linux", "success": true}
{"ts": "2026-09-10T01:04:57.057980+00:00", "tag": "gateway.exit_clean", "pid": 139049, "python": "3.12.3", "platform": "linux"}
{"ts": "2026-09-10T01:04:57.058844+00:00", "tag": "atexit.hook", "pid": 139049, "python": "3.12.3", "platform": "linux", "sys_exc": "(None, None, None)"}
{"ts": "2026-09-10T01:09:58.351565+00:00", "tag": "gateway.start", "pid": 139110, "python": "3.12.3", "platform": "linux", "replace": true, "argv": ["/home/hermes/.local/share/uv/tools/hermes-agent/lib/python3.12/site-packages/hermes_cli/main.py", "gateway", "run", "--replace"], "stdin_is_tty": false, "absorb_windows_console_controls": false}
{"ts": "2026-09-10T01:09:59.034234+00:00", "tag": "asyncio.run.returned", "pid": 139070, "python": "3.12.3", "platform": "linux", "success": true}
{"ts": "2026-09-10T01:09:59.034343+00:00", "tag": "gateway.exit_clean", "pid": 139070, "python": "3.12.3", "platform": "linux"}
{"ts": "2026-09-10T01:09:59.035154+00:00", "tag": "atexit.hook", "pid": 139070, "python": "3.12.3", "platform": "linux", "sys_exc": "(None, None, None)"}
{"ts": "2026-09-10T01:10:11.595281+00:00", "tag": "gateway.start", "pid": 139130, "python": "3.12.3", "platform": "linux", "replace": true, "argv": ["/home/hermes/.local/share/uv/tools/hermes-agent/lib/python3.12/site-packages/hermes_cli/main.py", "gateway", "run", "--replace"], "stdin_is_tty": false, "absorb_windows_console_controls": false}
{"ts": "2026-09-10T01:10:15.251423+00:00", "tag": "asyncio.run.returned", "pid": 139110, "python": "3.12.3", "platform": "linux", "success": true}
{"ts": "2026-09-10T01:10:15.251519+00:00", "tag": "gateway.exit_clean", "pid": 139110, "python": "3.12.3", "platform": "linux"}
{"ts": "2026-09-10T01:10:15.252297+00:00", "tag": "atexit.hook", "pid": 139110, "python": "3.12.3", "platform": "linux", "sys_exc": "(None, None, None)"}
{"ts": "2026-09-10T01:15:16.635132+00:00", "tag": "gateway.start", "pid": 139190, "python": "3.12.3", "platform": "linux", "replace": true, "argv": ["/home/hermes/.local/share/uv/tools/hermes-agent/lib/python3.12/site-packages/hermes_cli/main.py", "gateway", "run", "--replace"], "stdin_is_tty": false, "absorb_windows_console_controls": false}
{"ts": "2026-09-10T01:15:17.240477+00:00", "tag": "asyncio.run.returned", "pid": 139130, "python": "3.12.3", "platform": "linux", "success": true}
{"ts": "2026-09-10T01:15:17.240573+00:00", "tag": "gateway.exit_clean", "pid": 139130, "python": "3.12.3", "platform": "linux"}
{"ts": "2026-09-10T01:15:17.241308+00:00", "tag": "atexit.hook", "pid": 139130, "python": "3.12.3", "platform": "linux", "sys_exc": "(None, None, None)"}
{"ts": "2026-09-10T01:15:44.359770+00:00", "tag": "gateway.start", "pid": 139212, "python": "3.12.3", "platform": "linux", "replace": true, "argv": ["/home/hermes/.local/share/uv/tools/hermes-agent/lib/python3.12/site-packages/hermes_cli/main.py", "gateway", "run", "--replace"], "stdin_is_tty": false, "absorb_windows_console_controls": false}
{"ts": "2026-09-10T01:15:44.979971+00:00", "tag": "asyncio.run.returned", "pid": 139190, "python": "3.12.3", "platform": "linux", "success": true}
{"ts": "2026-09-10T01:15:44.980065+00:00", "tag": "gateway.exit_clean", "pid": 139190, "python": "3.12.3", "platform": "linux"}
{"ts": "2026-09-10T01:15:44.980883+00:00", "tag": "atexit.hook", "pid": 139190, "python": "3.12.3", "platform": "linux", "sys_exc": "(None, None, None)"}
{"ts": "2026-09-10T01:20:46.356027+00:00", "tag": "gateway.start", "pid": 139256, "python": "3.12.3", "platform": "linux", "replace": true, "argv": ["/home/hermes/.local/share/uv/tools/hermes-agent/lib/python3.12/site-packages/hermes_cli/main.py", "gateway", "run", "--replace"], "stdin_is_tty": false, "absorb_windows_console_controls": false}
{"ts": "2026-09-10T01:20:46.918763+00:00", "tag": "asyncio.run.returned", "pid": 139212, "python": "3.12.3", "platform": "linux", "success": true}
{"ts": "2026-09-10T01:20:46.918859+00:00", "tag": "gateway.exit_clean", "pid": 139212, "python": "3.12.3", "platform": "linux"}
{"ts": "2026-09-10T01:20:46.919633+00:00", "tag": "atexit.hook", "pid": 139212, "python": "3.12.3", "platform": "linux", "sys_exc": "(None, None, None)"}
{"ts": "2026-09-10T01:21:46.574520+00:00", "tag": "gateway.start", "pid": 139279, "python": "3.12.3", "platform": "linux", "replace": true, "argv": ["/home/hermes/.local/share/uv/tools/hermes-agent/lib/python3.12/site-packages/hermes_cli/main.py", "gateway", "run", "--replace"], "stdin_is_tty": false, "absorb_windows_console_controls": false}
{"ts": "2026-09-10T01:21:47.077827+00:00", "tag": "asyncio.run.returned", "pid": 139256, "python": "3.12.3", "platform": "linux", "success": true}
{"ts": "2026-09-10T01:21:47.077924+00:00", "tag": "gateway.exit_clean", "pid": 139256, "python": "3.12.3", "platform": "linux"}
{"ts": "2026-09-10T01:21:47.078798+00:00", "tag": "atexit.hook", "pid": 139256, "python": "3.12.3", "platform": "linux", "sys_exc": "(None, None, None)"}
{"ts": "2026-09-10T01:26:48.353695+00:00", "tag": "gateway.start", "pid": 139318, "python": "3.12.3", "platform": "linux", "replace": true, "argv": ["/home/hermes/.local/share/uv/tools/hermes-agent/lib/python3.12/site-packages/hermes_cli/main.py", "gateway", "run", "--replace"], "stdin_is_tty": false, "absorb_windows_console_controls": false}
{"ts": "2026-09-10T01:26:48.996748+00:00", "tag": "asyncio.run.returned", "pid": 139279, "python": "3.12.3", "platform": "linux", "success": true}
{"ts": "2026-09-10T01:26:48.996890+00:00", "tag": "gateway.exit_clean", "pid": 139279, "python": "3.12.3", "platform": "linux"}
{"ts": "2026-09-10T01:26:48.997808+00:00", "tag": "atexit.hook", "pid": 139279, "python": "3.12.3", "platform": "linux", "sys_exc": "(None, None, None)"}
{"ts": "2026-09-10T01:29:02.601659+00:00", "tag": "gateway.start", "pid": 139341, "python": "3.12.3", "platform": "linux", "replace": true, "argv": ["/home/hermes/.local/share/uv/tools/hermes-agent/lib/python3.12/site-packages/hermes_cli/main.py", "gateway", "run", "--replace"], "stdin_is_tty": false, "absorb_windows_console_controls": false}
{"ts": "2026-09-10T01:29:03.210688+00:00", "tag": "asyncio.run.returned", "pid": 139318, "python": "3.12.3", "platform": "linux", "success": true}
{"ts": "2026-09-10T01:29:03.210782+00:00", "tag": "gateway.exit_clean", "pid": 139318, "python": "3.12.3", "platform": "linux"}
{"ts": "2026-09-10T01:29:03.211543+00:00", "tag": "atexit.hook", "pid": 139318, "python": "3.12.3", "platform": "linux", "sys_exc": "(None, None, None)"}
{"ts": "2026-09-10T01:34:04.575486+00:00", "tag": "gateway.start", "pid": 139378, "python": "3.12.3", "platform": "linux", "replace": true, "argv": ["/home/hermes/.local/share/uv/tools/hermes-agent/lib/python3.12/site-packages/hermes_cli/main.py", "gateway", "run", "--replace"], "stdin_is_tty": false, "absorb_windows_console_controls": false}
{"ts": "2026-09-10T01:34:05.200954+00:00", "tag": "asyncio.run.returned", "pid": 139341, "python": "3.12.3", "platform": "linux", "success": true}
{"ts": "2026-09-10T01:34:05.201055+00:00", "tag": "gateway.exit_clean", "pid": 139341, "python": "3.12.3", "platform": "linux"}
{"ts": "2026-09-10T01:34:05.201825+00:00", "tag": "atexit.hook", "pid": 139341, "python": "3.12.3", "platform": "linux", "sys_exc": "(None, None, None)"}
{"ts": "2026-09-10T01:39:06.609422+00:00", "tag": "gateway.start", "pid": 139416, "python": "3.12.3", "platform": "linux", "replace": true, "argv": ["/home/hermes/.local/share/uv/tools/hermes-agent/lib/python3.12/site-packages/hermes_cli/main.py", "gateway", "run", "--replace"], "stdin_is_tty": false, "absorb_windows_console_controls": false}
{"ts": "2026-09-10T01:39:07.373967+00:00", "tag": "asyncio.run.returned", "pid": 139378, "python": "3.12.3", "platform": "linux", "success": true}
{"ts": "2026-09-10T01:39:07.374066+00:00", "tag": "gateway.exit_clean", "pid": 139378, "python": "3.12.3", "platform": "linux"}
{"ts": "2026-09-10T01:39:07.374840+00:00", "tag": "atexit.hook", "pid": 139378, "python": "3.12.3", "platform": "linux", "sys_exc": "(None, None, None)"}
{"ts": "2026-09-10T01:44:08.620927+00:00", "tag": "gateway.start", "pid": 139452, "python": "3.12.3", "platform": "linux", "replace": true, "argv": ["/home/hermes/.local/share/uv/tools/hermes-agent/lib/python3.12/site-packages/hermes_cli/main.py", "gateway", "run", "--replace"], "stdin_is_tty": false, "absorb_windows_console_controls": false}
{"ts": "2026-09-10T01:44:09.186732+00:00", "tag": "asyncio.run.returned", "pid": 139416, "python": "3.12.3", "platform": "linux", "success": true}
{"ts": "2026-09-10T01:44:09.186836+00:00", "tag": "gateway.exit_clean", "pid": 139416, "python": "3.12.3", "platform": "linux"}
{"ts": "2026-09-10T01:44:09.187585+00:00", "tag": "atexit.hook", "pid": 139416, "python": "3.12.3", "platform": "linux", "sys_exc": "(None, None, None)"}
{"ts": "2026-09-10T01:49:10.638608+00:00", "tag": "gateway.start", "pid": 139579, "python": "3.12.3", "platform": "linux", "replace": true, "argv": ["/home/hermes/.local/share/uv/tools/hermes-agent/lib/python3.12/site-packages/hermes_cli/main.py", "gateway", "run", "--replace"], "stdin_is_tty": false, "absorb_windows_console_controls": false}
{"ts": "2026-09-10T01:49:11.247970+00:00", "tag": "asyncio.run.returned", "pid": 139452, "python": "3.12.3", "platform": "linux", "success": true}
{"ts": "2026-09-10T01:49:11.248094+00:00", "tag": "gateway.exit_clean", "pid": 139452, "python": "3.12.3", "platform": "linux"}
{"ts": "2026-09-10T01:49:11.248932+00:00", "tag": "atexit.hook", "pid": 139452, "python": "3.12.3", "platform": "linux", "sys_exc": "(None, None, None)"}
{"ts": "2026-09-10T01:54:12.608623+00:00", "tag": "gateway.start", "pid": 139719, "python": "3.12.3", "platform": "linux", "replace": true, "argv": ["/home/hermes/.local/share/uv/tools/hermes-agent/lib/python3.12/site-packages/hermes_cli/main.py", "gateway", "run", "--replace"], "stdin_is_tty": false, "absorb_windows_console_controls": false}
{"ts": "2026-09-10T01:54:13.181406+00:00", "tag": "asyncio.run.returned", "pid": 139579, "python": "3.12.3", "platform": "linux", "success": true}
{"ts": "2026-09-10T01:54:13.181558+00:00", "tag": "gateway.exit_clean", "pid": 139579, "python": "3.12.3", "platform": "linux"}
{"ts": "2026-09-10T01:54:13.182453+00:00", "tag": "atexit.hook", "pid": 139579, "python": "3.12.3", "platform": "linux", "sys_exc": "(None, None, None)"}
{"ts": "2026-09-10T01:59:14.580479+00:00", "tag": "gateway.start", "pid": 139855, "python": "3.12.3", "platform": "linux", "replace": true, "argv": ["/home/hermes/.local/share/uv/tools/hermes-agent/lib/python3.12/site-packages/hermes_cli/main.py", "gateway", "run", "--replace"], "stdin_is_tty": false, "absorb_windows_console_controls": false}
{"ts": "2026-09-10T01:59:15.139714+00:00", "tag": "asyncio.run.returned", "pid": 139719, "python": "3.12.3", "platform": "linux", "success": true}
{"ts": "2026-09-10T01:59:15.139807+00:00", "tag": "gateway.exit_clean", "pid": 139719, "python": "3.12.3", "platform": "linux"}
{"ts": "2026-09-10T01:59:15.140568+00:00", "tag": "atexit.hook", "pid": 139719, "python": "3.12.3", "platform": "linux", "sys_exc": "(None, None, None)"}
{"ts": "2026-09-10T02:04:16.368954+00:00", "tag": "gateway.start", "pid": 139993, "python": "3.12.3", "platform": "linux", "replace": true, "argv": ["/home/hermes/.local/share/uv/tools/hermes-agent/lib/python3.12/site-packages/hermes_cli/main.py", "gateway", "run", "--replace"], "stdin_is_tty": false, "absorb_windows_console_controls": false}
{"ts": "2026-09-10T02:04:16.954626+00:00", "tag": "asyncio.run.returned", "pid": 139855, "python": "3.12.3", "platform": "linux", "success": true}
{"ts": "2026-09-10T02:04:16.954721+00:00", "tag": "gateway.exit_clean", "pid": 139855, "python": "3.12.3", "platform": "linux"}
{"ts": "2026-09-10T02:04:16.955606+00:00", "tag": "atexit.hook", "pid": 139855, "python": "3.12.3", "platform": "linux", "sys_exc": "(None, None, None)"}
{"ts": "2026-09-10T02:09:18.339382+00:00", "tag": "gateway.start", "pid": 140119, "python": "3.12.3", "platform": "linux", "replace": true, "argv": ["/home/hermes/.local/share/uv/tools/hermes-agent/lib/python3.12/site-packages/hermes_cli/main.py", "gateway", "run", "--replace"], "stdin_is_tty": false, "absorb_windows_console_controls": false}
{"ts": "2026-09-10T02:09:18.903536+00:00", "tag": "asyncio.run.returned", "pid": 139993, "python": "3.12.3", "platform": "linux", "success": true}
{"ts": "2026-09-10T02:09:18.903637+00:00", "tag": "gateway.exit_clean", "pid": 139993, "python": "3.12.3", "platform": "linux"}
{"ts": "2026-09-10T02:09:18.904504+00:00", "tag": "atexit.hook", "pid": 139993, "python": "3.12.3", "platform": "linux", "sys_exc": "(None, None, None)"}
{"ts": "2026-09-10T02:14:20.145659+00:00", "tag": "gateway.start", "pid": 140197, "python": "3.12.3", "platform": "linux", "replace": true, "argv": ["/home/hermes/.local/share/uv/tools/hermes-agent/lib/python3.12/site-packages/hermes_cli/main.py", "gateway", "run", "--replace"], "stdin_is_tty": false, "absorb_windows_console_controls": false}
{"ts": "2026-09-10T02:14:20.732032+00:00", "tag": "asyncio.run.returned", "pid": 140119, "python": "3.12.3", "platform": "linux", "success": true}
{"ts": "2026-09-10T02:14:20.732125+00:00", "tag": "gateway.exit_clean", "pid": 140119, "python": "3.12.3", "platform": "linux"}
{"ts": "2026-09-10T02:14:20.732874+00:00", "tag": "atexit.hook", "pid": 140119, "python": "3.12.3", "platform": "linux", "sys_exc": "(None, None, None)"}
{"ts": "2026-09-10T02:19:22.102599+00:00", "tag": "gateway.start", "pid": 140244, "python": "3.12.3", "platform": "linux", "replace": true, "argv": ["/home/hermes/.local/share/uv/tools/hermes-agent/lib/python3.12/site-packages/hermes_cli/main.py", "gateway", "run", "--replace"], "stdin_is_tty": false, "absorb_windows_console_controls": false}
{"ts": "2026-09-10T02:19:22.668919+00:00", "tag": "asyncio.run.returned", "pid": 140197, "python": "3.12.3", "platform": "linux", "success": true}
{"ts": "2026-09-10T02:19:22.669041+00:00", "tag": "gateway.exit_clean", "pid": 140197, "python": "3.12.3", "platform": "linux"}
{"ts": "2026-09-10T02:19:22.669928+00:00", "tag": "atexit.hook", "pid": 140197, "python": "3.12.3", "platform": "linux", "sys_exc": "(None, None, None)"}
{"ts": "2026-09-10T02:24:24.115205+00:00", "tag": "gateway.start", "pid": 140279, "python": "3.12.3", "platform": "linux", "replace": true, "argv": ["/home/hermes/.local/share/uv/tools/hermes-agent/lib/python3.12/site-packages/hermes_cli/main.py", "gateway", "run", "--replace"], "stdin_is_tty": false, "absorb_windows_console_controls": false}
{"ts": "2026-09-10T02:24:24.747144+00:00", "tag": "asyncio.run.returned", "pid": 140244, "python": "3.12.3", "platform": "linux", "success": true}
{"ts": "2026-09-10T02:24:24.747271+00:00", "tag": "gateway.exit_clean", "pid": 140244, "python": "3.12.3", "platform": "linux"}
{"ts": "2026-09-10T02:24:24.748167+00:00", "tag": "atexit.hook", "pid": 140244, "python": "3.12.3", "platform": "linux", "sys_exc": "(None, None, None)"}
{"ts": "2026-09-10T02:29:26.111572+00:00", "tag": "gateway.start", "pid": 140316, "python": "3.12.3", "platform": "linux", "replace": true, "argv": ["/home/hermes/.local/share/uv/tools/hermes-agent/lib/python3.12/site-packages/hermes_cli/main.py", "gateway", "run", "--replace"], "stdin_is_tty": false, "absorb_windows_console_controls": false}
{"ts": "2026-09-10T02:29:26.676548+00:00", "tag": "asyncio.run.returned", "pid": 140279, "python": "3.12.3", "platform": "linux", "success": true}
{"ts": "2026-09-10T02:29:26.676641+00:00", "tag": "gateway.exit_clean", "pid": 140279, "python": "3.12.3", "platform": "linux"}
{"ts": "2026-09-10T02:29:26.677409+00:00", "tag": "atexit.hook", "pid": 140279, "python": "3.12.3", "platform": "linux", "sys_exc": "(None, None, None)"}
{"ts": "2026-09-10T02:34:28.108550+00:00", "tag": "gateway.start", "pid": 140355, "python": "3.12.3", "platform": "linux", "replace": true, "argv": ["/home/hermes/.local/share/uv/tools/hermes-agent/lib/python3.12/site-packages/hermes_cli/main.py", "gateway", "run", "--replace"], "stdin_is_tty": false, "absorb_windows_console_controls": false}
{"ts": "2026-09-10T02:34:28.739480+00:00", "tag": "asyncio.run.returned", "pid": 140316, "python": "3.12.3", "platform": "linux", "success": true}
{"ts": "2026-09-10T02:34:28.739579+00:00", "tag": "gateway.exit_clean", "pid": 140316, "python": "3.12.3", "platform": "linux"}
{"ts": "2026-09-10T02:34:28.740326+00:00", "tag": "atexit.hook", "pid": 140316, "python": "3.12.3", "platform": "linux", "sys_exc": "(None, None, None)"}
{"ts": "2026-09-10T02:39:30.110271+00:00", "tag": "gateway.start", "pid": 140391, "python": "3.12.3", "platform": "linux", "replace": true, "argv": ["/home/hermes/.local/share/uv/tools/hermes-agent/lib/python3.12/site-packages/hermes_cli/main.py", "gateway", "run", "--replace"], "stdin_is_tty": false, "absorb_windows_console_controls": false}
{"ts": "2026-09-10T02:39:30.715325+00:00", "tag": "asyncio.run.returned", "pid": 140355, "python": "3.12.3", "platform": "linux", "success": true}
{"ts": "2026-09-10T02:39:30.715456+00:00", "tag": "gateway.exit_clean", "pid": 140355, "python": "3.12.3", "platform": "linux"}
{"ts": "2026-09-10T02:39:30.716352+00:00", "tag": "atexit.hook", "pid": 140355, "python": "3.12.3", "platform": "linux", "sys_exc": "(None, None, None)"}
{"ts": "2026-09-10T02:44:32.144330+00:00", "tag": "gateway.start", "pid": 140431, "python": "3.12.3", "platform": "linux", "replace": true, "argv": ["/home/hermes/.local/share/uv/tools/hermes-agent/lib/python3.12/site-packages/hermes_cli/main.py", "gateway", "run", "--replace"], "stdin_is_tty": false, "absorb_windows_console_controls": false}
{"ts": "2026-09-10T02:44:32.787900+00:00", "tag": "asyncio.run.returned", "pid": 140391, "python": "3.12.3", "platform": "linux", "success": true}
{"ts": "2026-09-10T02:44:32.788041+00:00", "tag": "gateway.exit_clean", "pid": 140391, "python": "3.12.3", "platform": "linux"}
{"ts": "2026-09-10T02:44:32.788923+00:00", "tag": "atexit.hook", "pid": 140391, "python": "3.12.3", "platform": "linux", "sys_exc": "(None, None, None)"}
{"ts": "2026-09-10T02:49:34.113097+00:00", "tag": "gateway.start", "pid": 140469, "python": "3.12.3", "platform": "linux", "replace": true, "argv": ["/home/hermes/.local/share/uv/tools/hermes-agent/lib/python3.12/site-packages/hermes_cli/main.py", "gateway", "run", "--replace"], "stdin_is_tty": false, "absorb_windows_console_controls": false}
{"ts": "2026-09-10T02:49:34.682972+00:00", "tag": "asyncio.run.returned", "pid": 140431, "python": "3.12.3", "platform": "linux", "success": true}
{"ts": "2026-09-10T02:49:34.683077+00:00", "tag": "gateway.exit_clean", "pid": 140431, "python": "3.12.3", "platform": "linux"}
{"ts": "2026-09-10T02:49:34.683953+00:00", "tag": "atexit.hook", "pid": 140431, "python": "3.12.3", "platform": "linux", "sys_exc": "(None, None, None)"}
{"ts": "2026-09-10T02:54:36.108499+00:00", "tag": "gateway.start", "pid": 140505, "python": "3.12.3", "platform": "linux", "replace": true, "argv": ["/home/hermes/.local/share/uv/tools/hermes-agent/lib/python3.12/site-packages/hermes_cli/main.py", "gateway", "run", "--replace"], "stdin_is_tty": false, "absorb_windows_console_controls": false}
{"ts": "2026-09-10T02:54:36.711225+00:00", "tag": "asyncio.run.returned", "pid": 140469, "python": "3.12.3", "platform": "linux", "success": true}
{"ts": "2026-09-10T02:54:36.711319+00:00", "tag": "gateway.exit_clean", "pid": 140469, "python": "3.12.3", "platform": "linux"}
{"ts": "2026-09-10T02:54:36.712081+00:00", "tag": "atexit.hook", "pid": 140469, "python": "3.12.3", "platform": "linux", "sys_exc": "(None, None, None)"}
{"ts": "2026-09-10T02:59:38.073286+00:00", "tag": "gateway.start", "pid": 140542, "python": "3.12.3", "platform": "linux", "replace": true, "argv": ["/home/hermes/.local/share/uv/tools/hermes-agent/lib/python3.12/site-packages/hermes_cli/main.py", "gateway", "run", "--replace"], "stdin_is_tty": false, "absorb_windows_console_controls": false}
{"ts": "2026-09-10T02:59:38.688383+00:00", "tag": "asyncio.run.returned", "pid": 140505, "python": "3.12.3", "platform": "linux", "success": true}
{"ts": "2026-09-10T02:59:38.688495+00:00", "tag": "gateway.exit_clean", "pid": 140505, "python": "3.12.3", "platform": "linux"}
{"ts": "2026-09-10T02:59:38.689340+00:00", "tag": "atexit.hook", "pid": 140505, "python": "3.12.3", "platform": "linux", "sys_exc": "(None, None, None)"}
{"ts": "2026-09-10T03:04:40.095568+00:00", "tag": "gateway.start", "pid": 140577, "python": "3.12.3", "platform": "linux", "replace": true, "argv": ["/home/hermes/.local/share/uv/tools/hermes-agent/lib/python3.12/site-packages/hermes_cli/main.py", "gateway", "run", "--replace"], "stdin_is_tty": false, "absorb_windows_console_controls": false}
{"ts": "2026-09-10T03:04:40.649794+00:00", "tag": "asyncio.run.returned", "pid": 140542, "python": "3.12.3", "platform": "linux", "success": true}
{"ts": "2026-09-10T03:04:40.649887+00:00", "tag": "gateway.exit_clean", "pid": 140542, "python": "3.12.3", "platform": "linux"}
{"ts": "2026-09-10T03:04:40.650665+00:00", "tag": "atexit.hook", "pid": 140542, "python": "3.12.3", "platform": "linux", "sys_exc": "(None, None, None)"}
{"ts": "2026-09-10T03:09:41.858492+00:00", "tag": "gateway.start", "pid": 140697, "python": "3.12.3", "platform": "linux", "replace": true, "argv": ["/home/hermes/.local/share/uv/tools/hermes-agent/lib/python3.12/site-packages/hermes_cli/main.py", "gateway", "run", "--replace"], "stdin_is_tty": false, "absorb_windows_console_controls": false}
{"ts": "2026-09-10T03:14:53.092279+00:00", "tag": "gateway.start", "pid": 140847, "python": "3.12.3", "platform": "linux", "replace": true, "argv": ["/home/hermes/.local/share/uv/tools/hermes-agent/lib/python3.12/site-packages/hermes_cli/main.py", "gateway", "run", "--replace"], "stdin_is_tty": false, "absorb_windows_console_controls": false}
{"ts": "2026-09-10T03:17:32.869230+00:00", "tag": "gateway.start", "pid": 141039, "python": "3.12.3", "platform": "linux", "replace": false, "argv": ["/home/hermes/.local/share/uv/tools/hermes-agent/lib/python3.12/site-packages/hermes_cli/main.py", "gateway", "run"], "stdin_is_tty": false, "absorb_windows_console_controls": false}
{"ts": "2026-09-10T03:17:32.876812+00:00", "tag": "asyncio.run.returned", "pid": 141039, "python": "3.12.3", "platform": "linux", "success": false}
{"ts": "2026-09-10T03:17:32.876899+00:00", "tag": "gateway.exit_nonzero", "pid": 141039, "python": "3.12.3", "platform": "linux"}
{"ts": "2026-09-10T03:17:32.877004+00:00", "tag": "atexit.hook", "pid": 141039, "python": "3.12.3", "platform": "linux", "sys_exc": "(None, None, None)"}
{"ts": "2026-09-10T03:22:34.104872+00:00", "tag": "gateway.start", "pid": 141377, "python": "3.12.3", "platform": "linux", "replace": true, "argv": ["/home/hermes/.local/share/uv/tools/hermes-agent/lib/python3.12/site-packages/hermes_cli/main.py", "gateway", "run", "--replace"], "stdin_is_tty": false, "absorb_windows_console_controls": false}
{"ts": "2026-09-10T03:25:08.874471+00:00", "tag": "gateway.start", "pid": 141475, "python": "3.12.3", "platform": "linux", "replace": true, "argv": ["/home/hermes/.local/share/uv/tools/hermes-agent/lib/python3.12/site-packages/hermes_cli/main.py", "gateway", "run", "--replace"], "stdin_is_tty": false, "absorb_windows_console_controls": false}
{"ts": "2026-09-10T03:30:20.088148+00:00", "tag": "gateway.start", "pid": 141529, "python": "3.12.3", "platform": "linux", "replace": true, "argv": ["/home/hermes/.local/share/uv/tools/hermes-agent/lib/python3.12/site-packages/hermes_cli/main.py", "gateway", "run", "--replace"], "stdin_is_tty": false, "absorb_windows_console_controls": false}
{"ts": "2026-09-10T03:35:31.349002+00:00", "tag": "gateway.start", "pid": 141568, "python": "3.12.3", "platform": "linux", "replace": true, "argv": ["/home/hermes/.local/share/uv/tools/hermes-agent/lib/python3.12/site-packages/hermes_cli/main.py", "gateway", "run", "--replace"], "stdin_is_tty": false, "absorb_windows_console_controls": false}
{"ts": "2026-09-10T03:40:42.586866+00:00", "tag": "gateway.start", "pid": 141668, "python": "3.12.3", "platform": "linux", "replace": true, "argv": ["/home/hermes/.local/share/uv/tools/hermes-agent/lib/python3.12/site-packages/hermes_cli/main.py", "gateway", "run", "--replace"], "stdin_is_tty": false, "absorb_windows_console_controls": false}
{"ts": "2026-09-10T03:45:53.861899+00:00", "tag": "gateway.start", "pid": 141919, "python": "3.12.3", "platform": "linux", "replace": true, "argv": ["/home/hermes/.local/share/uv/tools/hermes-agent/lib/python3.12/site-packages/hermes_cli/main.py", "gateway", "run", "--replace"], "stdin_is_tty": false, "absorb_windows_console_controls": false}
{"ts": "2026-09-10T03:45:54.412671+00:00", "tag": "asyncio.run.returned", "pid": 141668, "python": "3.12.3", "platform": "linux", "success": true}
{"ts": "2026-09-10T03:45:54.412768+00:00", "tag": "gateway.exit_clean", "pid": 141668, "python": "3.12.3", "platform": "linux"}
{"ts": "2026-09-10T03:45:54.884796+00:00", "tag": "atexit.hook", "pid": 141668, "python": "3.12.3", "platform": "linux", "sys_exc": "(None, None, None)"}
{"ts": "2026-09-10T03:50:56.379020+00:00", "tag": "gateway.start", "pid": 142107, "python": "3.12.3", "platform": "linux", "replace": true, "argv": ["/home/hermes/.local/share/uv/tools/hermes-agent/lib/python3.12/site-packages/hermes_cli/main.py", "gateway", "run", "--replace"], "stdin_is_tty": false, "absorb_windows_console_controls": false}
{"ts": "2026-09-10T03:50:56.993999+00:00", "tag": "asyncio.run.returned", "pid": 141919, "python": "3.12.3", "platform": "linux", "success": true}
{"ts": "2026-09-10T03:50:56.994104+00:00", "tag": "gateway.exit_clean", "pid": 141919, "python": "3.12.3", "platform": "linux"}
{"ts": "2026-09-10T03:50:56.994901+00:00", "tag": "atexit.hook", "pid": 141919, "python": "3.12.3", "platform": "linux", "sys_exc": "(None, None, None)"}
{"ts": "2026-09-10T03:55:54.370936+00:00", "tag": "asyncio.run.returned", "pid": 142107, "python": "3.12.3", "platform": "linux", "success": false}
{"ts": "2026-09-10T03:55:54.371047+00:00", "tag": "gateway.exit_nonzero", "pid": 142107, "python": "3.12.3", "platform": "linux"}
{"ts": "2026-09-10T03:55:54.615961+00:00", "tag": "atexit.hook", "pid": 142107, "python": "3.12.3", "platform": "linux", "sys_exc": "(None, None, None)"}
{"ts": "2026-09-10T03:55:56.071384+00:00", "tag": "gateway.start", "pid": 142623, "python": "3.12.3", "platform": "linux", "replace": false, "argv": ["/home/hermes/.local/share/uv/tools/hermes-agent/lib/python3.12/site-packages/hermes_cli/main.py", "gateway", "run"], "stdin_is_tty": false, "absorb_windows_console_controls": false}
