=== shutdown diagnostic @ SIGTERM ===
--- date ---
2026-09-04T06:46:33Z
--- ps auxf (top 60 by cpu) ---
USER         PID %CPU %MEM    VSZ   RSS TTY      STAT START   TIME COMMAND
root           2  0.0  0.0      0     0 ?        S    Sep03   0:00 [kthreadd]
root       11288  0.0  0.0      0     0 ?        I    06:45   0:00  \_ [kworker/u4:3-events_unbound]
root       11156  0.0  0.0      0     0 ?        I    06:39   0:00  \_ [kworker/u4:1-events_unbound]
root       12603  0.0  0.0      0     0 ?        I    06:45   0:00  \_ [kworker/1:4-cgroup_free]
root       12196  0.0  0.0      0     0 ?        I    06:45   0:00  \_ [kworker/0:0-events]
root       10893  0.0  0.0      0     0 ?        I    05:04   0:00  \_ [kworker/u4:2-events_unbound]
root           1  0.0  0.0  22164 13524 ?        Ds   Sep03   0:08 /usr/lib/systemd/systemd --system --deserialize=111 vultr
root       20042 37.5  0.0  27640  6492 ?        Rs   06:46   0:00 /usr/lib/systemd/systemd-udevd
--- pstree of self ---
hermes,1327,hermes -m hermes_cli.main gateway run --replace
  |-timeout,20051 5 bash -c echo '=== shutdown diagnostic @ SIGTERM ==='; echo '--- date ---'; date -u +%Y-%m-%dT%H:%M:%SZ; echo '--- ps auxf (top 60 by cpu) ---'; ps auxf --sort=-pcpu 2>/dev/null | head -60; echo '--- pstree of self ---'; pstree -plau 1327 2>/dev/null | head -40 || true; echo '--- /proc/loadavg ---'; cat /proc/loadavg 2>/dev/null || true; echo '--- recent dmesg (oom/killed) ---'; dmesg -T 2>/dev/null | tail -20 || journalctl --user -n 20 --no-pager 2>/dev/null | tail -20 || true; echo '=== end ==='
  |   `-bash,20052 -c echo '=== shutdown diagnostic @ SIGTERM ==='; echo '--- date ---'; date -u +%Y-%m-%dT%H:%M:%SZ; echo '--- ps auxf (top 60 by cpu) ---'; ps auxf --sort=-pcpu 2>/dev/null | head -60; echo '--- pstree of self ---'; pstree -plau 1327 2>/dev/null | head -40 || true; echo '--- /proc/loadavg ---'; cat /proc/loadavg 2>/dev/null || true; echo '--- recent dmesg (oom/killed) ---'; dmesg -T 2>/dev/null | tail -20 || journalctl --user -n 20 --no-pager 2>/dev/null | tail -20 || true; echo '=== end ==='
  |       |-head,20060 -40
  |       `-pstree,20059 -plau 1327
  |-{hermes},1546
  |-{hermes},1547
  |-{hermes},1558
  |-{hermes},1564
  |-{hermes},1987
  |-{hermes},2020
  |-{hermes},2081
  `-{hermes},2113
--- /proc/loadavg ---
1.05 0.40 0.15 7/209 20073
--- recent dmesg (oom/killed) ---
=== end ===
=== shutdown diagnostic @ SIGTERM ===
--- date ---
2026-09-04T06:46:57Z
--- ps auxf (top 60 by cpu) ---
USER         PID %CPU %MEM    VSZ   RSS TTY      STAT START   TIME COMMAND
root           2  0.0  0.0      0     0 ?        S    Sep03   0:00 [kthreadd]
root       11288  0.1  0.0      0     0 ?        I    06:45   0:00  \_ [kworker/u4:3-iou_exit]
root           1  0.0  0.0  22672 13880 ?        Ss   Sep03   0:09 /usr/lib/systemd/systemd --system --deserialize=111 vultr
hermes     20116  4.1  0.7 424904 118568 ?       Rsl  06:46   0:01 /home/hermes/.local/share/uv/tools/hermes-agent/bin/python -m hermes_cli.main gateway run --replace
hermes     21785  0.0  0.0   5692  2128 ?        Ss   06:46   0:00  \_ timeout 5 bash -c echo '=== shutdown diagnostic @ SIGTERM ==='; echo '--- date ---'; date -u +%Y-%m-%dT%H:%M:%SZ; echo '--- ps auxf (top 60 by cpu) ---'; ps auxf --sort=-pcpu 2>/dev/null | head -60; echo '--- pstree of self ---'; pstree -plau 20116 2>/dev/null | head -40 || true; echo '--- /proc/loadavg ---'; cat /proc/loadavg 2>/dev/null || true; echo '--- recent dmesg (oom/killed) ---'; dmesg -T 2>/dev/null | tail -20 || journalctl --user -n 20 --no-pager 2>/dev/null | tail -20 || true; echo '=== end ==='
hermes     21786  0.0  0.0   7340  3676 ?        S    06:46   0:00      \_ bash -c echo '=== shutdown diagnostic @ SIGTERM ==='; echo '--- date ---'; date -u +%Y-%m-%dT%H:%M:%SZ; echo '--- ps auxf (top 60 by cpu) ---'; ps auxf --sort=-pcpu 2>/dev/null | head -60; echo '--- pstree of self ---'; pstree -plau 20116 2>/dev/null | head -40 || true; echo '--- /proc/loadavg ---'; cat /proc/loadavg 2>/dev/null || true; echo '--- recent dmesg (oom/killed) ---'; dmesg -T 2>/dev/null | tail -20 || journalctl --user -n 20 --no-pager 2>/dev/null | tail -20 || true; echo '=== end ==='
hermes     21788  0.0  0.0  10884  4616 ?        R    06:46   0:00          \_ ps auxf --sort=-pcpu
hermes     21789  0.0  0.0   5696  2084 ?        S    06:46   0:00          \_ head -60
root       19997  0.5  0.2 480100 44300 ?        Ssl  06:46   0:00 /usr/libexec/fwupd/fwupd
root       20090  0.2  0.0 392096 13064 ?        Ssl  06:46   0:00 /usr/sbin/ModemManager
polkitd    20028  0.2  0.0 383704  9988 ?        Ssl  06:46   0:00 /usr/lib/polkit-1/polkitd --no-debug
systemd+   20032  0.1  0.0  21340 13176 ?        Ss   06:46   0:00 /usr/lib/systemd/systemd-resolved
root       19996  0.1  0.1  50596 23988 ?        S<s  06:46   0:00 /usr/lib/systemd/systemd-journald
--- pstree of self ---
hermes,20116,hermes -m hermes_cli.main gateway run --replace
  |-timeout,21785 5 bash -c echo '=== shutdown diagnostic @ SIGTERM ==='; echo '--- date ---'; date -u +%Y-%m-%dT%H:%M:%SZ; echo '--- ps auxf (top 60 by cpu) ---'; ps auxf --sort=-pcpu 2>/dev/null | head -60; echo '--- pstree of self ---'; pstree -plau 20116 2>/dev/null | head -40 || true; echo '--- /proc/loadavg ---'; cat /proc/loadavg 2>/dev/null || true; echo '--- recent dmesg (oom/killed) ---'; dmesg -T 2>/dev/null | tail -20 || journalctl --user -n 20 --no-pager 2>/dev/null | tail -20 || true; echo '=== end ==='
  |   `-bash,21786 -c echo '=== shutdown diagnostic @ SIGTERM ==='; echo '--- date ---'; date -u +%Y-%m-%dT%H:%M:%SZ; echo '--- ps auxf (top 60 by cpu) ---'; ps auxf --sort=-pcpu 2>/dev/null | head -60; echo '--- pstree of self ---'; pstree -plau 20116 2>/dev/null | head -40 || true; echo '--- /proc/loadavg ---'; cat /proc/loadavg 2>/dev/null || true; echo '--- recent dmesg (oom/killed) ---'; dmesg -T 2>/dev/null | tail -20 || journalctl --user -n 20 --no-pager 2>/dev/null | tail -20 || true; echo '=== end ==='
  |       |-head,21791 -40
  |       `-pstree,21790 -plau 20116
  |-{hermes},20137
  |-{hermes},20138
  |-{hermes},20198
  `-{hermes},20508
--- /proc/loadavg ---
1.10 0.47 0.18 2/211 21792
--- recent dmesg (oom/killed) ---
=== end ===
=== shutdown diagnostic @ SIGTERM ===
--- date ---
2026-09-04T06:47:01Z
--- ps auxf (top 60 by cpu) ---
USER         PID %CPU %MEM    VSZ   RSS TTY      STAT START   TIME COMMAND
root           2  0.0  0.0      0     0 ?        S    Sep03   0:00 [kthreadd]
root       11288  0.1  0.0      0     0 ?        I    06:45   0:00  \_ [kworker/u4:3-writeback]
root           1  0.0  0.0  22672 13880 ?        Ss   Sep03   0:09 /usr/lib/systemd/systemd --system --deserialize=111 vultr
root       21992 87.5  0.2 479928 44160 ?        Dsl  06:47   0:00 /usr/libexec/fwupd/fwupd
--- pstree of self ---
hermes,21797,hermes -m hermes_cli.main gateway run --replace
  |-timeout,22004 5 bash -c echo '=== shutdown diagnostic @ SIGTERM ==='; echo '--- date ---'; date -u +%Y-%m-%dT%H:%M:%SZ; echo '--- ps auxf (top 60 by cpu) ---'; ps auxf --sort=-pcpu 2>/dev/null | head -60; echo '--- pstree of self ---'; pstree -plau 21797 2>/dev/null | head -40 || true; echo '--- /proc/loadavg ---'; cat /proc/loadavg 2>/dev/null || true; echo '--- recent dmesg (oom/killed) ---'; dmesg -T 2>/dev/null | tail -20 || journalctl --user -n 20 --no-pager 2>/dev/null | tail -20 || true; echo '=== end ==='
  |   `-bash,22005 -c echo '=== shutdown diagnostic @ SIGTERM ==='; echo '--- date ---'; date -u +%Y-%m-%dT%H:%M:%SZ; echo '--- ps auxf (top 60 by cpu) ---'; ps auxf --sort=-pcpu 2>/dev/null | head -60; echo '--- pstree of self ---'; pstree -plau 21797 2>/dev/null | head -40 || true; echo '--- /proc/loadavg ---'; cat /proc/loadavg 2>/dev/null || true; echo '--- recent dmesg (oom/killed) ---'; dmesg -T 2>/dev/null | tail -20 || journalctl --user -n 20 --no-pager 2>/dev/null | tail -20 || true; echo '=== end ==='
  |       |-head,22010 -40
  |       `-pstree,22009 -plau 21797
  |-{hermes},21820
  |-{hermes},21821
  `-{hermes},21891
--- /proc/loadavg ---
1.10 0.48 0.18 2/213 22011
--- recent dmesg (oom/killed) ---
=== end ===
=== shutdown diagnostic @ SIGTERM ===
--- date ---
2026-09-04T06:47:55Z
--- ps auxf (top 60 by cpu) ---
USER         PID %CPU %MEM    VSZ   RSS TTY      STAT START   TIME COMMAND
root           2  0.0  0.0      0     0 ?        S    Sep03   0:00 [kthreadd]
root       11288  0.1  0.0      0     0 ?        I    06:45   0:00  \_ [kworker/u4:3-events_unbound]
root       17340  0.1  0.0      0     0 ?        I    06:45   0:00  \_ [kworker/u4:4-flush-253:0]
root       11156  0.0  0.0      0     0 ?        R    06:39   0:00  \_ [kworker/u4:1+events_unbound]
root           1  0.0  0.0  22672 13888 ?        Ss   Sep03   0:09 /usr/lib/systemd/systemd --system --deserialize=111 vultr
root       33451 50.0  0.0 313952  9004 ?        Ssl  06:47   0:00 /usr/libexec/upowerd
polkitd    33449 42.8  0.0 234300  7368 ?        Ssl  06:47   0:00 /usr/lib/polkit-1/polkitd --no-debug
--- pstree of self ---
hermes,22017,hermes -m hermes_cli.main gateway run --replace
  |-timeout,33460 5 bash -c echo '=== shutdown diagnostic @ SIGTERM ==='; echo '--- date ---'; date -u +%Y-%m-%dT%H:%M:%SZ; echo '--- ps auxf (top 60 by cpu) ---'; ps auxf --sort=-pcpu 2>/dev/null | head -60; echo '--- pstree of self ---'; pstree -plau 22017 2>/dev/null | head -40 || true; echo '--- /proc/loadavg ---'; cat /proc/loadavg 2>/dev/null || true; echo '--- recent dmesg (oom/killed) ---'; dmesg -T 2>/dev/null | tail -20 || journalctl --user -n 20 --no-pager 2>/dev/null | tail -20 || true; echo '=== end ==='
  |   `-bash,33461 -c echo '=== shutdown diagnostic @ SIGTERM ==='; echo '--- date ---'; date -u +%Y-%m-%dT%H:%M:%SZ; echo '--- ps auxf (top 60 by cpu) ---'; ps auxf --sort=-pcpu 2>/dev/null | head -60; echo '--- pstree of self ---'; pstree -plau 22017 2>/dev/null | head -40 || true; echo '--- /proc/loadavg ---'; cat /proc/loadavg 2>/dev/null || true; echo '--- recent dmesg (oom/killed) ---'; dmesg -T 2>/dev/null | tail -20 || journalctl --user -n 20 --no-pager 2>/dev/null | tail -20 || true; echo '=== end ==='
  |       |-head,33472 -40
  |       `-pstree,33469 -plau 22017
  |-{hermes},22038
  |-{hermes},22039
  |-{hermes},22096
  `-{hermes},22596
--- /proc/loadavg ---
1.09 0.58 0.23 4/208 33481
--- recent dmesg (oom/killed) ---
=== end ===
=== shutdown diagnostic @ SIGTERM ===
--- date ---
2026-09-04T06:48:24Z
--- ps auxf (top 60 by cpu) ---
USER         PID %CPU %MEM    VSZ   RSS TTY      STAT START   TIME COMMAND
root           2  0.0  0.0      0     0 ?        S    Sep03   0:00 [kthreadd]
root       11288  0.1  0.0      0     0 ?        I    06:45   0:00  \_ [kworker/u4:3-iou_exit]
root       17340  0.1  0.0      0     0 ?        I    06:45   0:00  \_ [kworker/u4:4-iou_exit]
root       11156  0.0  0.0      0     0 ?        I    06:39   0:00  \_ [kworker/u4:1-events_unbound]
root       12603  0.0  0.0      0     0 ?        I    06:45   0:00  \_ [kworker/1:4-events]
root       12234  0.0  0.0      0     0 ?        I    06:45   0:00  \_ [kworker/0:2-cgroup_bpf_destroy]
root           1  0.0  0.0  22364 13556 ?        Rs   Sep03   0:10 /usr/lib/systemd/systemd --system --deserialize=73 vultr
root       35575 25.0  0.2 478824 42724 ?        Ssl  06:48   0:00 /usr/libexec/fwupd/fwupd
root       35601 25.0  0.0  19936  9724 ?        Rs   06:48   0:00 (resolved)
systemd+   35588 22.2  0.0  19016  9704 ?        Ds   06:48   0:00 /usr/lib/systemd/systemd-networkd
root       35578 21.4  0.0  17288  7648 ?        Ss   06:48   0:00 /usr/lib/systemd/systemd-hostnamed
root       35583 15.3  0.1  58400 18924 ?        S<s  06:48   0:00 /usr/lib/systemd/systemd-journald
--- pstree of self ---
hermes,33495,hermes -m hermes_cli.main gateway run --replace
  |-timeout,35604 5 bash -c echo '=== shutdown diagnostic @ SIGTERM ==='; echo '--- date ---'; date -u +%Y-%m-%dT%H:%M:%SZ; echo '--- ps auxf (top 60 by cpu) ---'; ps auxf --sort=-pcpu 2>/dev/null | head -60; echo '--- pstree of self ---'; pstree -plau 33495 2>/dev/null | head -40 || true; echo '--- /proc/loadavg ---'; cat /proc/loadavg 2>/dev/null || true; echo '--- recent dmesg (oom/killed) ---'; dmesg -T 2>/dev/null | tail -20 || journalctl --user -n 20 --no-pager 2>/dev/null | tail -20 || true; echo '=== end ==='
  |   `-bash,35605 -c echo '=== shutdown diagnostic @ SIGTERM ==='; echo '--- date ---'; date -u +%Y-%m-%dT%H:%M:%SZ; echo '--- ps auxf (top 60 by cpu) ---'; ps auxf --sort=-pcpu 2>/dev/null | head -60; echo '--- pstree of self ---'; pstree -plau 33495 2>/dev/null | head -40 || true; echo '--- /proc/loadavg ---'; cat /proc/loadavg 2>/dev/null || true; echo '--- recent dmesg (oom/killed) ---'; dmesg -T 2>/dev/null | tail -20 || journalctl --user -n 20 --no-pager 2>/dev/null | tail -20 || true; echo '=== end ==='
  |       |-head,35618 -40
  |       `-pstree,35617 -plau 33495
  |-{hermes},33518
  |-{hermes},33519
  |-{hermes},33603
  `-{hermes},33902
--- /proc/loadavg ---
1.29 0.68 0.28 7/211 35626
--- recent dmesg (oom/killed) ---
=== end ===
=== shutdown diagnostic @ SIGTERM ===
--- date ---
2026-09-04T06:48:34Z
--- ps auxf (top 60 by cpu) ---
USER         PID %CPU %MEM    VSZ   RSS TTY      STAT START   TIME COMMAND
root           2  0.0  0.0      0     0 ?        S    Sep03   0:00 [kthreadd]
root       11288  0.1  0.0      0     0 ?        I    06:45   0:00  \_ [kworker/u4:3-events_unbound]
root       17340  0.1  0.0      0     0 ?        I    06:45   0:00  \_ [kworker/u4:4-flush-253:0]
root       11156  0.0  0.0      0     0 ?        I    06:39   0:00  \_ [kworker/u4:1-writeback]
root           1  0.0  0.0  22168 13576 ?        Ss   Sep03   0:11 /usr/lib/systemd/systemd --system --deserialize=75 vultr
root       36292 73.6  0.2 479928 43912 ?        Dsl  06:48   0:00 /usr/libexec/fwupd/fwupd
--- pstree of self ---
hermes,35644,hermes -m hermes_cli.main gateway run --replace
  |-timeout,36306 5 bash -c echo '=== shutdown diagnostic @ SIGTERM ==='; echo '--- date ---'; date -u +%Y-%m-%dT%H:%M:%SZ; echo '--- ps auxf (top 60 by cpu) ---'; ps auxf --sort=-pcpu 2>/dev/null | head -60; echo '--- pstree of self ---'; pstree -plau 35644 2>/dev/null | head -40 || true; echo '--- /proc/loadavg ---'; cat /proc/loadavg 2>/dev/null || true; echo '--- recent dmesg (oom/killed) ---'; dmesg -T 2>/dev/null | tail -20 || journalctl --user -n 20 --no-pager 2>/dev/null | tail -20 || true; echo '=== end ==='
  |   `-bash,36307 -c echo '=== shutdown diagnostic @ SIGTERM ==='; echo '--- date ---'; date -u +%Y-%m-%dT%H:%M:%SZ; echo '--- ps auxf (top 60 by cpu) ---'; ps auxf --sort=-pcpu 2>/dev/null | head -60; echo '--- pstree of self ---'; pstree -plau 35644 2>/dev/null | head -40 || true; echo '--- /proc/loadavg ---'; cat /proc/loadavg 2>/dev/null || true; echo '--- recent dmesg (oom/killed) ---'; dmesg -T 2>/dev/null | tail -20 || journalctl --user -n 20 --no-pager 2>/dev/null | tail -20 || true; echo '=== end ==='
  |       |-head,36312 -40
  |       `-pstree,36311 -plau 35644
  |-{hermes},35667
  |-{hermes},35668
  |-{hermes},35751
  `-{hermes},36176
--- /proc/loadavg ---
1.63 0.77 0.31 2/219 36313
--- recent dmesg (oom/killed) ---
=== end ===
=== shutdown diagnostic @ SIGTERM ===
--- date ---
2026-09-05T00:32:42Z
--- ps auxf (top 60 by cpu) ---
USER         PID %CPU %MEM    VSZ   RSS TTY      STAT START   TIME COMMAND
root           2  0.0  0.0      0     0 ?        S    Sep03   0:00 [kthreadd]
root       51729  0.0  0.0      0     0 ?        I    00:00   0:00  \_ [kworker/u4:0-events_unbound]
root       51620  0.0  0.0      0     0 ?        I    Sep04   0:00  \_ [kworker/u4:1-ext4-rsv-conversion]
root       51094  0.0  0.0      0     0 ?        I    Sep04   0:00  \_ [kworker/u4:2-flush-253:0]
root           1  0.0  0.0  22576 13996 ?        Ss   Sep03   0:14 /usr/lib/systemd/systemd --system --deserialize=75 vultr
hermes     36320  0.1  1.4 1351960 235040 ?      Ssl  Sep04   1:56 /home/hermes/.local/share/uv/tools/hermes-agent/bin/python -m hermes_cli.main dashboard --host 0.0.0.0 --port 9119 --insecure --no-open
hermes     52428  3.5  0.9 22159940 156200 pts/0 Rsl+ 00:30   0:05  \_ /usr/bin/node --expose-gc /home/hermes/.local/share/uv/tools/hermes-agent/lib/python3.12/site-packages/hermes_cli/tui_dist/entry.js
hermes     52446  0.3  0.3  71388 61288 ?        S    00:30   0:00  \_ /home/hermes/.local/share/uv/tools/hermes-agent/bin/python -m tui_gateway.slash_worker --session-key 20260905_003004_bc1cf7 --model zai-org/GLM-5.1-FP8
hermes     52422  0.2  0.3  71388 61300 ?        S    00:30   0:00  \_ /home/hermes/.local/share/uv/tools/hermes-agent/bin/python -m tui_gateway.slash_worker --session-key 20260905_003003_33c325 --model zai-org/GLM-5.1-FP8
hermes     52454  0.2  0.0      0     0 ?        Zs   00:30   0:00  \_ [hermes] <defunct>
hermes     36319  0.1  0.7 719668 122032 ?       Rsl  Sep04   1:04 /home/hermes/.local/share/uv/tools/hermes-agent/bin/python -m hermes_cli.main gateway run --replace
hermes     52605  0.0  0.0   5692  2128 ?        Ss   00:32   0:00  \_ timeout 5 bash -c echo '=== shutdown diagnostic @ SIGTERM ==='; echo '--- date ---'; date -u +%Y-%m-%dT%H:%M:%SZ; echo '--- ps auxf (top 60 by cpu) ---'; ps auxf --sort=-pcpu 2>/dev/null | head -60; echo '--- pstree of self ---'; pstree -plau 36319 2>/dev/null | head -40 || true; echo '--- /proc/loadavg ---'; cat /proc/loadavg 2>/dev/null || true; echo '--- recent dmesg (oom/killed) ---'; dmesg -T 2>/dev/null | tail -20 || journalctl --user -n 20 --no-pager 2>/dev/null | tail -20 || true; echo '=== end ==='
hermes     52606  0.0  0.0   7340  3692 ?        S    00:32   0:00      \_ bash -c echo '=== shutdown diagnostic @ SIGTERM ==='; echo '--- date ---'; date -u +%Y-%m-%dT%H:%M:%SZ; echo '--- ps auxf (top 60 by cpu) ---'; ps auxf --sort=-pcpu 2>/dev/null | head -60; echo '--- pstree of self ---'; pstree -plau 36319 2>/dev/null | head -40 || true; echo '--- /proc/loadavg ---'; cat /proc/loadavg 2>/dev/null || true; echo '--- recent dmesg (oom/killed) ---'; dmesg -T 2>/dev/null | tail -20 || journalctl --user -n 20 --no-pager 2>/dev/null | tail -20 || true; echo '=== end ==='
hermes     52608  0.0  0.0  10888  4636 ?        R    00:32   0:00          \_ ps auxf --sort=-pcpu
hermes     52609  0.0  0.0   5696  2076 ?        S    00:32   0:00          \_ head -60
--- pstree of self ---
hermes,36319,hermes -m hermes_cli.main gateway run --replace
  |-timeout,52605 5 bash -c echo '=== shutdown diagnostic @ SIGTERM ==='; echo '--- date ---'; date -u +%Y-%m-%dT%H:%M:%SZ; echo '--- ps auxf (top 60 by cpu) ---'; ps auxf --sort=-pcpu 2>/dev/null | head -60; echo '--- pstree of self ---'; pstree -plau 36319 2>/dev/null | head -40 || true; echo '--- /proc/loadavg ---'; cat /proc/loadavg 2>/dev/null || true; echo '--- recent dmesg (oom/killed) ---'; dmesg -T 2>/dev/null | tail -20 || journalctl --user -n 20 --no-pager 2>/dev/null | tail -20 || true; echo '=== end ==='
  |   `-bash,52606 -c echo '=== shutdown diagnostic @ SIGTERM ==='; echo '--- date ---'; date -u +%Y-%m-%dT%H:%M:%SZ; echo '--- ps auxf (top 60 by cpu) ---'; ps auxf --sort=-pcpu 2>/dev/null | head -60; echo '--- pstree of self ---'; pstree -plau 36319 2>/dev/null | head -40 || true; echo '--- /proc/loadavg ---'; cat /proc/loadavg 2>/dev/null || true; echo '--- recent dmesg (oom/killed) ---'; dmesg -T 2>/dev/null | tail -20 || journalctl --user -n 20 --no-pager 2>/dev/null | tail -20 || true; echo '=== end ==='
  |       |-head,52612 -40
  |       `-pstree,52611 -plau 36319
  |-{hermes},36342
  |-{hermes},36343
  |-{hermes},36417
  |-{hermes},40866
  |-{hermes},43912
  |-{hermes},44003
  |-{hermes},44014
  `-{hermes},44104
--- /proc/loadavg ---
0.10 0.09 0.02 2/228 52613
--- recent dmesg (oom/killed) ---
=== end ===
=== shutdown diagnostic @ SIGTERM ===
--- date ---
2026-09-09T17:30:45Z
--- ps auxf (top 60 by cpu) ---
USER         PID %CPU %MEM    VSZ   RSS TTY      STAT START   TIME COMMAND
root           2  0.0  0.0      0     0 ?        S    Sep03   0:00 [kthreadd]
root      120807  0.0  0.0      0     0 ?        I    17:28   0:00  \_ [kworker/u4:1-events_power_efficient]
root      120340  0.0  0.0      0     0 ?        I    17:20   0:00  \_ [kworker/u4:4-flush-253:0]
root      119452  0.0  0.0      0     0 ?        I    15:40   0:00  \_ [kworker/0:3-cgroup_bpf_destroy]
root      119645  0.0  0.0      0     0 ?        I    16:36   0:00  \_ [kworker/u4:2-events_unbound]
root           1  0.0  0.0  22560 14064 ?        Ss   Sep03   0:30 /usr/lib/systemd/systemd --system --deserialize=75 vultr
hermes     52624  0.1  4.0 1941040 660276 ?      Ssl  Sep05  10:18 /home/hermes/.local/share/uv/tools/hermes-agent/bin/python -m hermes_cli.main gateway run --replace
hermes    121140  0.0  0.0   5692  2132 ?        Ss   17:30   0:00  \_ timeout 5 bash -c echo '=== shutdown diagnostic @ SIGTERM ==='; echo '--- date ---'; date -u +%Y-%m-%dT%H:%M:%SZ; echo '--- ps auxf (top 60 by cpu) ---'; ps auxf --sort=-pcpu 2>/dev/null | head -60; echo '--- pstree of self ---'; pstree -plau 52624 2>/dev/null | head -40 || true; echo '--- /proc/loadavg ---'; cat /proc/loadavg 2>/dev/null || true; echo '--- recent dmesg (oom/killed) ---'; dmesg -T 2>/dev/null | tail -20 || journalctl --user -n 20 --no-pager 2>/dev/null | tail -20 || true; echo '=== end ==='
hermes    121141  0.0  0.0   7340  3780 ?        S    17:30   0:00      \_ bash -c echo '=== shutdown diagnostic @ SIGTERM ==='; echo '--- date ---'; date -u +%Y-%m-%dT%H:%M:%SZ; echo '--- ps auxf (top 60 by cpu) ---'; ps auxf --sort=-pcpu 2>/dev/null | head -60; echo '--- pstree of self ---'; pstree -plau 52624 2>/dev/null | head -40 || true; echo '--- /proc/loadavg ---'; cat /proc/loadavg 2>/dev/null || true; echo '--- recent dmesg (oom/killed) ---'; dmesg -T 2>/dev/null | tail -20 || journalctl --user -n 20 --no-pager 2>/dev/null | tail -20 || true; echo '=== end ==='
hermes    121143  0.0  0.0  10888  4644 ?        R    17:30   0:00          \_ ps auxf --sort=-pcpu
hermes    121144  0.0  0.0   5696  2080 ?        S    17:30   0:00          \_ head -60
hermes     36320  0.1  1.4 1286232 236120 ?      Ssl  Sep04  11:24 /home/hermes/.local/share/uv/tools/hermes-agent/bin/python -m hermes_cli.main dashboard --host 0.0.0.0 --port 9119 --insecure --no-open
hermes     52454  0.0  0.0      0     0 ?        Zs   Sep05   0:00  \_ [hermes] <defunct>
--- pstree of self ---
hermes,52624,hermes -m hermes_cli.main gateway run --replace
  |-timeout,121140 5 bash -c echo '=== shutdown diagnostic @ SIGTERM ==='; echo '--- date ---'; date -u +%Y-%m-%dT%H:%M:%SZ; echo '--- ps auxf (top 60 by cpu) ---'; ps auxf --sort=-pcpu 2>/dev/null | head -60; echo '--- pstree of self ---'; pstree -plau 52624 2>/dev/null | head -40 || true; echo '--- /proc/loadavg ---'; cat /proc/loadavg 2>/dev/null || true; echo '--- recent dmesg (oom/killed) ---'; dmesg -T 2>/dev/null | tail -20 || journalctl --user -n 20 --no-pager 2>/dev/null | tail -20 || true; echo '=== end ==='
  |   `-bash,121141 -c echo '=== shutdown diagnostic @ SIGTERM ==='; echo '--- date ---'; date -u +%Y-%m-%dT%H:%M:%SZ; echo '--- ps auxf (top 60 by cpu) ---'; ps auxf --sort=-pcpu 2>/dev/null | head -60; echo '--- pstree of self ---'; pstree -plau 52624 2>/dev/null | head -40 || true; echo '--- /proc/loadavg ---'; cat /proc/loadavg 2>/dev/null || true; echo '--- recent dmesg (oom/killed) ---'; dmesg -T 2>/dev/null | tail -20 || journalctl --user -n 20 --no-pager 2>/dev/null | tail -20 || true; echo '=== end ==='
  |       |-head,121146 -40
  |       `-pstree,121145 -plau 52624
  |-{hermes},52625
  |-{hermes},52626
  |-{hermes},52645
  |-{hermes},52655
  |-{hermes},52698
  |-{hermes},52866
  |-{hermes},52871
  |-{hermes},52872
  |-{hermes},52873
  |-{hermes},52884
  |-{hermes},52885
  |-{hermes},52888
  |-{hermes},52889
  |-{hermes},53002
  |-{hermes},53003
  |-{hermes},53113
  |-{hermes},108674
  |-{hermes},108911
  |-{hermes},117039
  `-{hermes},121136
--- /proc/loadavg ---
0.51 0.21 0.08 1/255 121147
--- recent dmesg (oom/killed) ---
=== end ===
=== shutdown diagnostic @ SIGTERM ===
--- date ---
2026-09-09T17:31:08Z
--- ps auxf (top 60 by cpu) ---
USER         PID %CPU %MEM    VSZ   RSS TTY      STAT START   TIME COMMAND
root           2  0.0  0.0      0     0 ?        S    Sep03   0:00 [kthreadd]
root      120807  0.0  0.0      0     0 ?        I    17:28   0:00  \_ [kworker/u4:1-events_unbound]
root      119645  0.0  0.0      0     0 ?        I    16:36   0:00  \_ [kworker/u4:2-events_power_efficient]
root      119452  0.0  0.0      0     0 ?        I    15:40   0:00  \_ [kworker/0:3-cgroup_bpf_destroy]
root      120340  0.0  0.0      0     0 ?        I    17:20   0:00  \_ [kworker/u4:4-flush-253:0]
root           1  0.0  0.0  22560 14064 ?        Ss   Sep03   0:30 /usr/lib/systemd/systemd --system --deserialize=75 vultr
hermes    121162 96.0  0.6 129700 114380 ?       Ss   17:31   0:00 /home/hermes/.local/share/uv/tools/hermes-agent/bin/python -m hermes_cli.main gateway run --replace
--- pstree of self ---
hermes,121134,hermes -m hermes_cli.main gateway run --replace
  |-timeout,121170 5 bash -c echo '=== shutdown diagnostic @ SIGTERM ==='; echo '--- date ---'; date -u +%Y-%m-%dT%H:%M:%SZ; echo '--- ps auxf (top 60 by cpu) ---'; ps auxf --sort=-pcpu 2>/dev/null | head -60; echo '--- pstree of self ---'; pstree -plau 121134 2>/dev/null | head -40 || true; echo '--- /proc/loadavg ---'; cat /proc/loadavg 2>/dev/null || true; echo '--- recent dmesg (oom/killed) ---'; dmesg -T 2>/dev/null | tail -20 || journalctl --user -n 20 --no-pager 2>/dev/null | tail -20 || true; echo '=== end ==='
  |   `-bash,121171 -c echo '=== shutdown diagnostic @ SIGTERM ==='; echo '--- date ---'; date -u +%Y-%m-%dT%H:%M:%SZ; echo '--- ps auxf (top 60 by cpu) ---'; ps auxf --sort=-pcpu 2>/dev/null | head -60; echo '--- pstree of self ---'; pstree -plau 121134 2>/dev/null | head -40 || true; echo '--- /proc/loadavg ---'; cat /proc/loadavg 2>/dev/null || true; echo '--- recent dmesg (oom/killed) ---'; dmesg -T 2>/dev/null | tail -20 || journalctl --user -n 20 --no-pager 2>/dev/null | tail -20 || true; echo '=== end ==='
  |       |-head,121176 -40
  |       `-pstree,121175 -plau 121134
  |-{hermes},121153
  |-{hermes},121154
  |-{hermes},121156
  |-{hermes},121157
  |-{hermes},121161
  `-{hermes},121163
--- /proc/loadavg ---
0.44 0.22 0.08 1/243 121177
--- recent dmesg (oom/killed) ---
=== end ===
=== shutdown diagnostic @ SIGTERM ===
--- date ---
2026-09-09T17:31:26Z
--- ps auxf (top 60 by cpu) ---
USER         PID %CPU %MEM    VSZ   RSS TTY      STAT START   TIME COMMAND
root           2  0.0  0.0      0     0 ?        S    Sep03   0:00 [kthreadd]
root      119645  0.0  0.0      0     0 ?        I    16:36   0:00  \_ [kworker/u4:2-ext4-rsv-conversion]
root      119452  0.0  0.0      0     0 ?        I    15:40   0:00  \_ [kworker/0:3-cgroup_bpf_destroy]
root           1  0.0  0.0  22560 14064 ?        Ss   Sep03   0:30 /usr/lib/systemd/systemd --system --deserialize=75 vultr
hermes    121162 11.8  0.8 528848 143780 ?       Ssl  17:31   0:02 /home/hermes/.local/share/uv/tools/hermes-agent/bin/python -m hermes_cli.main gateway run --replace
hermes    121210  0.0  0.0   5692  2132 ?        Ss   17:31   0:00  \_ timeout 5 bash -c echo '=== shutdown diagnostic @ SIGTERM ==='; echo '--- date ---'; date -u +%Y-%m-%dT%H:%M:%SZ; echo '--- ps auxf (top 60 by cpu) ---'; ps auxf --sort=-pcpu 2>/dev/null | head -60; echo '--- pstree of self ---'; pstree -plau 121162 2>/dev/null | head -40 || true; echo '--- /proc/loadavg ---'; cat /proc/loadavg 2>/dev/null || true; echo '--- recent dmesg (oom/killed) ---'; dmesg -T 2>/dev/null | tail -20 || journalctl --user -n 20 --no-pager 2>/dev/null | tail -20 || true; echo '=== end ==='
hermes    121211  0.0  0.0   7340  3736 ?        S    17:31   0:00      \_ bash -c echo '=== shutdown diagnostic @ SIGTERM ==='; echo '--- date ---'; date -u +%Y-%m-%dT%H:%M:%SZ; echo '--- ps auxf (top 60 by cpu) ---'; ps auxf --sort=-pcpu 2>/dev/null | head -60; echo '--- pstree of self ---'; pstree -plau 121162 2>/dev/null | head -40 || true; echo '--- /proc/loadavg ---'; cat /proc/loadavg 2>/dev/null || true; echo '--- recent dmesg (oom/killed) ---'; dmesg -T 2>/dev/null | tail -20 || journalctl --user -n 20 --no-pager 2>/dev/null | tail -20 || true; echo '=== end ==='
hermes    121213  0.0  0.0  10888  4644 ?        R    17:31   0:00          \_ ps auxf --sort=-pcpu
hermes    121214  0.0  0.0   5696  2080 ?        S    17:31   0:00          \_ head -60
--- pstree of self ---
hermes,121162,hermes -m hermes_cli.main gateway run --replace
  |-timeout,121210 5 bash -c echo '=== shutdown diagnostic @ SIGTERM ==='; echo '--- date ---'; date -u +%Y-%m-%dT%H:%M:%SZ; echo '--- ps auxf (top 60 by cpu) ---'; ps auxf --sort=-pcpu 2>/dev/null | head -60; echo '--- pstree of self ---'; pstree -plau 121162 2>/dev/null | head -40 || true; echo '--- /proc/loadavg ---'; cat /proc/loadavg 2>/dev/null || true; echo '--- recent dmesg (oom/killed) ---'; dmesg -T 2>/dev/null | tail -20 || journalctl --user -n 20 --no-pager 2>/dev/null | tail -20 || true; echo '=== end ==='
  |   `-bash,121211 -c echo '=== shutdown diagnostic @ SIGTERM ==='; echo '--- date ---'; date -u +%Y-%m-%dT%H:%M:%SZ; echo '--- ps auxf (top 60 by cpu) ---'; ps auxf --sort=-pcpu 2>/dev/null | head -60; echo '--- pstree of self ---'; pstree -plau 121162 2>/dev/null | head -40 || true; echo '--- /proc/loadavg ---'; cat /proc/loadavg 2>/dev/null || true; echo '--- recent dmesg (oom/killed) ---'; dmesg -T 2>/dev/null | tail -20 || journalctl --user -n 20 --no-pager 2>/dev/null | tail -20 || true; echo '=== end ==='
  |       |-head,121216 -40
  |       `-pstree,121215 -plau 121162
  |-{hermes},121194
  |-{hermes},121195
  |-{hermes},121198
  |-{hermes},121199
  `-{hermes},121206
--- /proc/loadavg ---
0.32 0.20 0.08 2/245 121217
--- recent dmesg (oom/killed) ---
=== end ===
=== shutdown diagnostic @ SIGTERM ===
--- date ---
2026-09-09T17:32:01Z
--- ps auxf (top 60 by cpu) ---
USER         PID %CPU %MEM    VSZ   RSS TTY      STAT START   TIME COMMAND
root           2  0.0  0.0      0     0 ?        S    Sep03   0:00 [kthreadd]
root      120807  0.0  0.0      0     0 ?        I    17:28   0:00  \_ [kworker/u4:1-events_unbound]
root      120340  0.0  0.0      0     0 ?        I    17:20   0:00  \_ [kworker/u4:4-flush-253:0]
root      119645  0.0  0.0      0     0 ?        I    16:36   0:00  \_ [kworker/u4:2-events_power_efficient]
root      119452  0.0  0.0      0     0 ?        I    15:40   0:00  \_ [kworker/0:3-cgroup_bpf_destroy]
root           1  0.0  0.0  22560 14064 ?        Ss   Sep03   0:30 /usr/lib/systemd/systemd --system --deserialize=75 vultr
hermes    121282 96.9  0.7 130952 115600 ?       Ss   17:32   0:00 /home/hermes/.local/share/uv/tools/hermes-agent/bin/python -m hermes_cli.main gateway run --replace
--- pstree of self ---
hermes,121205,hermes -m hermes_cli.main gateway run --replace
  |-timeout,121283 5 bash -c echo '=== shutdown diagnostic @ SIGTERM ==='; echo '--- date ---'; date -u +%Y-%m-%dT%H:%M:%SZ; echo '--- ps auxf (top 60 by cpu) ---'; ps auxf --sort=-pcpu 2>/dev/null | head -60; echo '--- pstree of self ---'; pstree -plau 121205 2>/dev/null | head -40 || true; echo '--- /proc/loadavg ---'; cat /proc/loadavg 2>/dev/null || true; echo '--- recent dmesg (oom/killed) ---'; dmesg -T 2>/dev/null | tail -20 || journalctl --user -n 20 --no-pager 2>/dev/null | tail -20 || true; echo '=== end ==='
  |   `-bash,121284 -c echo '=== shutdown diagnostic @ SIGTERM ==='; echo '--- date ---'; date -u +%Y-%m-%dT%H:%M:%SZ; echo '--- ps auxf (top 60 by cpu) ---'; ps auxf --sort=-pcpu 2>/dev/null | head -60; echo '--- pstree of self ---'; pstree -plau 121205 2>/dev/null | head -40 || true; echo '--- /proc/loadavg ---'; cat /proc/loadavg 2>/dev/null || true; echo '--- recent dmesg (oom/killed) ---'; dmesg -T 2>/dev/null | tail -20 || journalctl --user -n 20 --no-pager 2>/dev/null | tail -20 || true; echo '=== end ==='
  |       |-head,121289 -40
  |       `-pstree,121288 -plau 121205
  |-{hermes},121226
  |-{hermes},121227
  |-{hermes},121229
  |-{hermes},121230
  |-{hermes},121235
  |-{hermes},121239
  `-{hermes},121275
--- /proc/loadavg ---
0.17 0.18 0.08 1/244 121290
--- recent dmesg (oom/killed) ---
=== end ===
=== shutdown diagnostic @ SIGTERM ===
--- date ---
2026-09-09T17:32:23Z
--- ps auxf (top 60 by cpu) ---
USER         PID %CPU %MEM    VSZ   RSS TTY      STAT START   TIME COMMAND
root           2  0.0  0.0      0     0 ?        S    Sep03   0:00 [kthreadd]
root      120807  0.0  0.0      0     0 ?        I    17:28   0:00  \_ [kworker/u4:1-events_unbound]
root      120340  0.0  0.0      0     0 ?        I    17:20   0:00  \_ [kworker/u4:4-flush-253:0]
root      119645  0.0  0.0      0     0 ?        I    16:36   0:00  \_ [kworker/u4:2-events_power_efficient]
root      119452  0.0  0.0      0     0 ?        I    15:40   0:00  \_ [kworker/0:3-cgroup_bpf_destroy]
root           1  0.0  0.0  22560 14064 ?        Ss   Sep03   0:30 /usr/lib/systemd/systemd --system --deserialize=75 vultr
hermes    121282 14.3  1.2 625908 200084 ?       Ssl  17:32   0:03 /home/hermes/.local/share/uv/tools/hermes-agent/bin/python -m hermes_cli.main gateway run --replace
hermes    121338  0.0  0.0   5692  2132 ?        Ss   17:32   0:00  \_ timeout 5 bash -c echo '=== shutdown diagnostic @ SIGTERM ==='; echo '--- date ---'; date -u +%Y-%m-%dT%H:%M:%SZ; echo '--- ps auxf (top 60 by cpu) ---'; ps auxf --sort=-pcpu 2>/dev/null | head -60; echo '--- pstree of self ---'; pstree -plau 121282 2>/dev/null | head -40 || true; echo '--- /proc/loadavg ---'; cat /proc/loadavg 2>/dev/null || true; echo '--- recent dmesg (oom/killed) ---'; dmesg -T 2>/dev/null | tail -20 || journalctl --user -n 20 --no-pager 2>/dev/null | tail -20 || true; echo '=== end ==='
hermes    121339  0.0  0.0   7340  3720 ?        S    17:32   0:00      \_ bash -c echo '=== shutdown diagnostic @ SIGTERM ==='; echo '--- date ---'; date -u +%Y-%m-%dT%H:%M:%SZ; echo '--- ps auxf (top 60 by cpu) ---'; ps auxf --sort=-pcpu 2>/dev/null | head -60; echo '--- pstree of self ---'; pstree -plau 121282 2>/dev/null | head -40 || true; echo '--- /proc/loadavg ---'; cat /proc/loadavg 2>/dev/null || true; echo '--- recent dmesg (oom/killed) ---'; dmesg -T 2>/dev/null | tail -20 || journalctl --user -n 20 --no-pager 2>/dev/null | tail -20 || true; echo '=== end ==='
hermes    121341  0.0  0.0  10888  4644 ?        R    17:32   0:00          \_ ps auxf --sort=-pcpu
hermes    121342  0.0  0.0   5696  2080 ?        S    17:32   0:00          \_ head -60
--- pstree of self ---
hermes,121282,hermes -m hermes_cli.main gateway run --replace
  |-timeout,121338 5 bash -c echo '=== shutdown diagnostic @ SIGTERM ==='; echo '--- date ---'; date -u +%Y-%m-%dT%H:%M:%SZ; echo '--- ps auxf (top 60 by cpu) ---'; ps auxf --sort=-pcpu 2>/dev/null | head -60; echo '--- pstree of self ---'; pstree -plau 121282 2>/dev/null | head -40 || true; echo '--- /proc/loadavg ---'; cat /proc/loadavg 2>/dev/null || true; echo '--- recent dmesg (oom/killed) ---'; dmesg -T 2>/dev/null | tail -20 || journalctl --user -n 20 --no-pager 2>/dev/null | tail -20 || true; echo '=== end ==='
  |   `-bash,121339 -c echo '=== shutdown diagnostic @ SIGTERM ==='; echo '--- date ---'; date -u +%Y-%m-%dT%H:%M:%SZ; echo '--- ps auxf (top 60 by cpu) ---'; ps auxf --sort=-pcpu 2>/dev/null | head -60; echo '--- pstree of self ---'; pstree -plau 121282 2>/dev/null | head -40 || true; echo '--- /proc/loadavg ---'; cat /proc/loadavg 2>/dev/null || true; echo '--- recent dmesg (oom/killed) ---'; dmesg -T 2>/dev/null | tail -20 || journalctl --user -n 20 --no-pager 2>/dev/null | tail -20 || true; echo '=== end ==='
  |       |-head,121344 -40
  |       `-pstree,121343 -plau 121282
  |-{hermes},121323
  |-{hermes},121324
  |-{hermes},121327
  |-{hermes},121328
  |-{hermes},121330
  `-{hermes},121334
--- /proc/loadavg ---
0.19 0.18 0.08 1/241 121345
--- recent dmesg (oom/killed) ---
=== end ===
=== shutdown diagnostic @ SIGTERM ===
--- date ---
2026-09-09T17:33:33Z
--- ps auxf (top 60 by cpu) ---
USER         PID %CPU %MEM    VSZ   RSS TTY      STAT START   TIME COMMAND
root           2  0.0  0.0      0     0 ?        S    Sep03   0:00 [kthreadd]
root      120807  0.0  0.0      0     0 ?        I    17:28   0:00  \_ [kworker/u4:1-flush-253:0]
root      120340  0.0  0.0      0     0 ?        I    17:20   0:00  \_ [kworker/u4:4-flush-253:0]
root      119645  0.0  0.0      0     0 ?        I    16:36   0:00  \_ [kworker/u4:2-events_unbound]
root           1  0.0  0.0  22560 14064 ?        Ss   Sep03   0:30 /usr/lib/systemd/systemd --system --deserialize=75 vultr
hermes    121484 97.9  0.7 130716 115384 ?       Ss   17:33   0:00 /home/hermes/.local/share/uv/tools/hermes-agent/bin/python -m hermes_cli.main gateway run --replace
--- pstree of self ---
hermes,121337,hermes -m hermes_cli.main gateway run --replace
  |-timeout,121485 5 bash -c echo '=== shutdown diagnostic @ SIGTERM ==='; echo '--- date ---'; date -u +%Y-%m-%dT%H:%M:%SZ; echo '--- ps auxf (top 60 by cpu) ---'; ps auxf --sort=-pcpu 2>/dev/null | head -60; echo '--- pstree of self ---'; pstree -plau 121337 2>/dev/null | head -40 || true; echo '--- /proc/loadavg ---'; cat /proc/loadavg 2>/dev/null || true; echo '--- recent dmesg (oom/killed) ---'; dmesg -T 2>/dev/null | tail -20 || journalctl --user -n 20 --no-pager 2>/dev/null | tail -20 || true; echo '=== end ==='
  |   `-bash,121486 -c echo '=== shutdown diagnostic @ SIGTERM ==='; echo '--- date ---'; date -u +%Y-%m-%dT%H:%M:%SZ; echo '--- ps auxf (top 60 by cpu) ---'; ps auxf --sort=-pcpu 2>/dev/null | head -60; echo '--- pstree of self ---'; pstree -plau 121337 2>/dev/null | head -40 || true; echo '--- /proc/loadavg ---'; cat /proc/loadavg 2>/dev/null || true; echo '--- recent dmesg (oom/killed) ---'; dmesg -T 2>/dev/null | tail -20 || journalctl --user -n 20 --no-pager 2>/dev/null | tail -20 || true; echo '=== end ==='
  |       |-head,121491 -40
  |       `-pstree,121490 -plau 121337
  |-{hermes},121383
  |-{hermes},121384
  |-{hermes},121386
  |-{hermes},121388
  |-{hermes},121389
  `-{hermes},121395
--- /proc/loadavg ---
0.15 0.17 0.08 1/244 121492
--- recent dmesg (oom/killed) ---
=== end ===
=== shutdown diagnostic @ SIGTERM ===
--- date ---
2026-09-09T17:34:01Z
--- ps auxf (top 60 by cpu) ---
USER         PID %CPU %MEM    VSZ   RSS TTY      STAT START   TIME COMMAND
root           2  0.0  0.0      0     0 ?        S    Sep03   0:00 [kthreadd]
root      120807  0.0  0.0      0     0 ?        I    17:28   0:00  \_ [kworker/u4:1-flush-253:0]
root      120340  0.0  0.0      0     0 ?        I    17:20   0:00  \_ [kworker/u4:4-events_power_efficient]
root      119645  0.0  0.0      0     0 ?        I    16:36   0:00  \_ [kworker/u4:2-flush-253:0]
root           1  0.0  0.0  22560 14064 ?        Ss   Sep03   0:30 /usr/lib/systemd/systemd --system --deserialize=75 vultr
hermes    121484  5.2  0.8 521652 136452 ?       Ssl  17:33   0:01 /home/hermes/.local/share/uv/tools/hermes-agent/bin/python -m hermes_cli.main gateway run --replace
hermes    121523  0.0  0.0   5692  2132 ?        Ss   17:34   0:00  \_ timeout 5 bash -c echo '=== shutdown diagnostic @ SIGTERM ==='; echo '--- date ---'; date -u +%Y-%m-%dT%H:%M:%SZ; echo '--- ps auxf (top 60 by cpu) ---'; ps auxf --sort=-pcpu 2>/dev/null | head -60; echo '--- pstree of self ---'; pstree -plau 121484 2>/dev/null | head -40 || true; echo '--- /proc/loadavg ---'; cat /proc/loadavg 2>/dev/null || true; echo '--- recent dmesg (oom/killed) ---'; dmesg -T 2>/dev/null | tail -20 || journalctl --user -n 20 --no-pager 2>/dev/null | tail -20 || true; echo '=== end ==='
hermes    121524  0.0  0.0   7340  3732 ?        S    17:34   0:00      \_ bash -c echo '=== shutdown diagnostic @ SIGTERM ==='; echo '--- date ---'; date -u +%Y-%m-%dT%H:%M:%SZ; echo '--- ps auxf (top 60 by cpu) ---'; ps auxf --sort=-pcpu 2>/dev/null | head -60; echo '--- pstree of self ---'; pstree -plau 121484 2>/dev/null | head -40 || true; echo '--- /proc/loadavg ---'; cat /proc/loadavg 2>/dev/null || true; echo '--- recent dmesg (oom/killed) ---'; dmesg -T 2>/dev/null | tail -20 || journalctl --user -n 20 --no-pager 2>/dev/null | tail -20 || true; echo '=== end ==='
hermes    121526  0.0  0.0  10888  4648 ?        R    17:34   0:00          \_ ps auxf --sort=-pcpu
hermes    121527  0.0  0.0   5696  2080 ?        S    17:34   0:00          \_ head -60
--- pstree of self ---
hermes,121484,hermes -m hermes_cli.main gateway run --replace
  |-timeout,121523 5 bash -c echo '=== shutdown diagnostic @ SIGTERM ==='; echo '--- date ---'; date -u +%Y-%m-%dT%H:%M:%SZ; echo '--- ps auxf (top 60 by cpu) ---'; ps auxf --sort=-pcpu 2>/dev/null | head -60; echo '--- pstree of self ---'; pstree -plau 121484 2>/dev/null | head -40 || true; echo '--- /proc/loadavg ---'; cat /proc/loadavg 2>/dev/null || true; echo '--- recent dmesg (oom/killed) ---'; dmesg -T 2>/dev/null | tail -20 || journalctl --user -n 20 --no-pager 2>/dev/null | tail -20 || true; echo '=== end ==='
  |   `-bash,121524 -c echo '=== shutdown diagnostic @ SIGTERM ==='; echo '--- date ---'; date -u +%Y-%m-%dT%H:%M:%SZ; echo '--- ps auxf (top 60 by cpu) ---'; ps auxf --sort=-pcpu 2>/dev/null | head -60; echo '--- pstree of self ---'; pstree -plau 121484 2>/dev/null | head -40 || true; echo '--- /proc/loadavg ---'; cat /proc/loadavg 2>/dev/null || true; echo '--- recent dmesg (oom/killed) ---'; dmesg -T 2>/dev/null | tail -20 || journalctl --user -n 20 --no-pager 2>/dev/null | tail -20 || true; echo '=== end ==='
  |       |-head,121529 -40
  |       `-pstree,121528 -plau 121484
  |-{hermes},121497
  |-{hermes},121498
  |-{hermes},121501
  |-{hermes},121502
  `-{hermes},121511
--- /proc/loadavg ---
0.20 0.18 0.09 1/242 121530
--- recent dmesg (oom/killed) ---
=== end ===
=== shutdown diagnostic @ SIGTERM ===
--- date ---
2026-09-09T17:36:15Z
--- ps auxf (top 60 by cpu) ---
USER         PID %CPU %MEM    VSZ   RSS TTY      STAT START   TIME COMMAND
root           2  0.0  0.0      0     0 ?        S    Sep03   0:00 [kthreadd]
root      120340  0.0  0.0      0     0 ?        I    17:20   0:00  \_ [kworker/u4:4-flush-253:0]
root           1  0.0  0.0  22560 14064 ?        Ss   Sep03   0:30 /usr/lib/systemd/systemd --system --deserialize=75 vultr
hermes    121561 96.9  0.7 130732 115476 ?       Ss   17:36   0:00 /home/hermes/.local/share/uv/tools/hermes-agent/bin/python -m hermes_cli.main gateway run --replace
--- pstree of self ---
hermes,121522,hermes -m hermes_cli.main gateway run --replace
  |-timeout,121562 5 bash -c echo '=== shutdown diagnostic @ SIGTERM ==='; echo '--- date ---'; date -u +%Y-%m-%dT%H:%M:%SZ; echo '--- ps auxf (top 60 by cpu) ---'; ps auxf --sort=-pcpu 2>/dev/null | head -60; echo '--- pstree of self ---'; pstree -plau 121522 2>/dev/null | head -40 || true; echo '--- /proc/loadavg ---'; cat /proc/loadavg 2>/dev/null || true; echo '--- recent dmesg (oom/killed) ---'; dmesg -T 2>/dev/null | tail -20 || journalctl --user -n 20 --no-pager 2>/dev/null | tail -20 || true; echo '=== end ==='
  |   `-bash,121563 -c echo '=== shutdown diagnostic @ SIGTERM ==='; echo '--- date ---'; date -u +%Y-%m-%dT%H:%M:%SZ; echo '--- ps auxf (top 60 by cpu) ---'; ps auxf --sort=-pcpu 2>/dev/null | head -60; echo '--- pstree of self ---'; pstree -plau 121522 2>/dev/null | head -40 || true; echo '--- /proc/loadavg ---'; cat /proc/loadavg 2>/dev/null || true; echo '--- recent dmesg (oom/killed) ---'; dmesg -T 2>/dev/null | tail -20 || journalctl --user -n 20 --no-pager 2>/dev/null | tail -20 || true; echo '=== end ==='
  |       |-head,121568 -40
  |       `-pstree,121567 -plau 121522
  |-{hermes},121535
  |-{hermes},121536
  |-{hermes},121538
  |-{hermes},121539
  `-{hermes},121541
--- /proc/loadavg ---
0.10 0.13 0.08 1/239 121569
--- recent dmesg (oom/killed) ---
=== end ===
=== shutdown diagnostic @ SIGTERM ===
--- date ---
2026-09-09T17:37:15Z
--- ps auxf (top 60 by cpu) ---
USER         PID %CPU %MEM    VSZ   RSS TTY      STAT START   TIME COMMAND
root           2  0.0  0.0      0     0 ?        S    Sep03   0:00 [kthreadd]
root      119645  0.0  0.0      0     0 ?        I    16:36   0:00  \_ [kworker/u4:2-flush-253:0]
root      120340  0.0  0.0      0     0 ?        I    17:20   0:00  \_ [kworker/u4:4-flush-253:0]
root           1  0.0  0.0  22560 14064 ?        Ss   Sep03   0:30 /usr/lib/systemd/systemd --system --deserialize=75 vultr
hermes    121561  2.6  0.8 521668 136172 ?       Ssl  17:36   0:01 /home/hermes/.local/share/uv/tools/hermes-agent/bin/python -m hermes_cli.main gateway run --replace
hermes    121589  0.0  0.0   5692  2132 ?        Ss   17:37   0:00  \_ timeout 5 bash -c echo '=== shutdown diagnostic @ SIGTERM ==='; echo '--- date ---'; date -u +%Y-%m-%dT%H:%M:%SZ; echo '--- ps auxf (top 60 by cpu) ---'; ps auxf --sort=-pcpu 2>/dev/null | head -60; echo '--- pstree of self ---'; pstree -plau 121561 2>/dev/null | head -40 || true; echo '--- /proc/loadavg ---'; cat /proc/loadavg 2>/dev/null || true; echo '--- recent dmesg (oom/killed) ---'; dmesg -T 2>/dev/null | tail -20 || journalctl --user -n 20 --no-pager 2>/dev/null | tail -20 || true; echo '=== end ==='
hermes    121590  0.0  0.0   7340  3776 ?        S    17:37   0:00      \_ bash -c echo '=== shutdown diagnostic @ SIGTERM ==='; echo '--- date ---'; date -u +%Y-%m-%dT%H:%M:%SZ; echo '--- ps auxf (top 60 by cpu) ---'; ps auxf --sort=-pcpu 2>/dev/null | head -60; echo '--- pstree of self ---'; pstree -plau 121561 2>/dev/null | head -40 || true; echo '--- /proc/loadavg ---'; cat /proc/loadavg 2>/dev/null || true; echo '--- recent dmesg (oom/killed) ---'; dmesg -T 2>/dev/null | tail -20 || journalctl --user -n 20 --no-pager 2>/dev/null | tail -20 || true; echo '=== end ==='
hermes    121592  0.0  0.0  10888  4632 ?        R    17:37   0:00          \_ ps auxf --sort=-pcpu
hermes    121593  0.0  0.0   5696  2080 ?        S    17:37   0:00          \_ head -60
--- pstree of self ---
hermes,121561,hermes -m hermes_cli.main gateway run --replace
  |-timeout,121589 5 bash -c echo '=== shutdown diagnostic @ SIGTERM ==='; echo '--- date ---'; date -u +%Y-%m-%dT%H:%M:%SZ; echo '--- ps auxf (top 60 by cpu) ---'; ps auxf --sort=-pcpu 2>/dev/null | head -60; echo '--- pstree of self ---'; pstree -plau 121561 2>/dev/null | head -40 || true; echo '--- /proc/loadavg ---'; cat /proc/loadavg 2>/dev/null || true; echo '--- recent dmesg (oom/killed) ---'; dmesg -T 2>/dev/null | tail -20 || journalctl --user -n 20 --no-pager 2>/dev/null | tail -20 || true; echo '=== end ==='
  |   `-bash,121590 -c echo '=== shutdown diagnostic @ SIGTERM ==='; echo '--- date ---'; date -u +%Y-%m-%dT%H:%M:%SZ; echo '--- ps auxf (top 60 by cpu) ---'; ps auxf --sort=-pcpu 2>/dev/null | head -60; echo '--- pstree of self ---'; pstree -plau 121561 2>/dev/null | head -40 || true; echo '--- /proc/loadavg ---'; cat /proc/loadavg 2>/dev/null || true; echo '--- recent dmesg (oom/killed) ---'; dmesg -T 2>/dev/null | tail -20 || journalctl --user -n 20 --no-pager 2>/dev/null | tail -20 || true; echo '=== end ==='
  |       |-head,121595 -40
  |       `-pstree,121594 -plau 121561
  |-{hermes},121574
  |-{hermes},121575
  |-{hermes},121578
  |-{hermes},121579
  `-{hermes},121581
--- /proc/loadavg ---
0.11 0.12 0.08 1/239 121596
--- recent dmesg (oom/killed) ---
=== end ===
=== shutdown diagnostic @ SIGTERM ===
--- date ---
2026-09-09T17:42:17Z
--- ps auxf (top 60 by cpu) ---
USER         PID %CPU %MEM    VSZ   RSS TTY      STAT START   TIME COMMAND
root           2  0.0  0.0      0     0 ?        S    Sep03   0:00 [kthreadd]
root      119645  0.0  0.0      0     0 ?        I    16:36   0:00  \_ [kworker/u4:2-flush-253:0]
root           1  0.0  0.0  22560 14064 ?        Ss   Sep03   0:30 /usr/lib/systemd/systemd --system --deserialize=75 vultr
hermes    121857 96.8  0.7 130728 115484 ?       Ss   17:42   0:00 /home/hermes/.local/share/uv/tools/hermes-agent/bin/python -m hermes_cli.main gateway run --replace
--- pstree of self ---
hermes,121588,hermes -m hermes_cli.main gateway run --replace
  |-timeout,121859 5 bash -c echo '=== shutdown diagnostic @ SIGTERM ==='; echo '--- date ---'; date -u +%Y-%m-%dT%H:%M:%SZ; echo '--- ps auxf (top 60 by cpu) ---'; ps auxf --sort=-pcpu 2>/dev/null | head -60; echo '--- pstree of self ---'; pstree -plau 121588 2>/dev/null | head -40 || true; echo '--- /proc/loadavg ---'; cat /proc/loadavg 2>/dev/null || true; echo '--- recent dmesg (oom/killed) ---'; dmesg -T 2>/dev/null | tail -20 || journalctl --user -n 20 --no-pager 2>/dev/null | tail -20 || true; echo '=== end ==='
  |   `-bash,121860 -c echo '=== shutdown diagnostic @ SIGTERM ==='; echo '--- date ---'; date -u +%Y-%m-%dT%H:%M:%SZ; echo '--- ps auxf (top 60 by cpu) ---'; ps auxf --sort=-pcpu 2>/dev/null | head -60; echo '--- pstree of self ---'; pstree -plau 121588 2>/dev/null | head -40 || true; echo '--- /proc/loadavg ---'; cat /proc/loadavg 2>/dev/null || true; echo '--- recent dmesg (oom/killed) ---'; dmesg -T 2>/dev/null | tail -20 || journalctl --user -n 20 --no-pager 2>/dev/null | tail -20 || true; echo '=== end ==='
  |       |-head,121865 -40
  |       `-pstree,121864 -plau 121588
  |-{hermes},121601
  |-{hermes},121602
  |-{hermes},121604
  |-{hermes},121605
  `-{hermes},121607
--- /proc/loadavg ---
0.09 0.07 0.07 1/257 121866
--- recent dmesg (oom/killed) ---
=== end ===
=== shutdown diagnostic @ SIGTERM ===
--- date ---
2026-09-09T17:44:31Z
--- ps auxf (top 60 by cpu) ---
USER         PID %CPU %MEM    VSZ   RSS TTY      STAT START   TIME COMMAND
root           2  0.0  0.0      0     0 ?        S    Sep03   0:00 [kthreadd]
root      119645  0.0  0.0      0     0 ?        I    16:36   0:00  \_ [kworker/u4:2-flush-253:0]
root           1  0.0  0.0  22560 14064 ?        Ss   Sep03   0:30 /usr/lib/systemd/systemd --system --deserialize=75 vultr
hermes    121857  1.2  0.8 521664 136672 ?       Ssl  17:42   0:01 /home/hermes/.local/share/uv/tools/hermes-agent/bin/python -m hermes_cli.main gateway run --replace
hermes    121942  0.0  0.0   5692  2132 ?        Ss   17:44   0:00  \_ timeout 5 bash -c echo '=== shutdown diagnostic @ SIGTERM ==='; echo '--- date ---'; date -u +%Y-%m-%dT%H:%M:%SZ; echo '--- ps auxf (top 60 by cpu) ---'; ps auxf --sort=-pcpu 2>/dev/null | head -60; echo '--- pstree of self ---'; pstree -plau 121857 2>/dev/null | head -40 || true; echo '--- /proc/loadavg ---'; cat /proc/loadavg 2>/dev/null || true; echo '--- recent dmesg (oom/killed) ---'; dmesg -T 2>/dev/null | tail -20 || journalctl --user -n 20 --no-pager 2>/dev/null | tail -20 || true; echo '=== end ==='
hermes    121943  0.0  0.0   7340  3736 ?        S    17:44   0:00      \_ bash -c echo '=== shutdown diagnostic @ SIGTERM ==='; echo '--- date ---'; date -u +%Y-%m-%dT%H:%M:%SZ; echo '--- ps auxf (top 60 by cpu) ---'; ps auxf --sort=-pcpu 2>/dev/null | head -60; echo '--- pstree of self ---'; pstree -plau 121857 2>/dev/null | head -40 || true; echo '--- /proc/loadavg ---'; cat /proc/loadavg 2>/dev/null || true; echo '--- recent dmesg (oom/killed) ---'; dmesg -T 2>/dev/null | tail -20 || journalctl --user -n 20 --no-pager 2>/dev/null | tail -20 || true; echo '=== end ==='
hermes    121945  0.0  0.0  10888  4632 ?        R    17:44   0:00          \_ ps auxf --sort=-pcpu
hermes    121946  0.0  0.0   5696  2080 ?        S    17:44   0:00          \_ head -60
--- pstree of self ---
hermes,121857,hermes -m hermes_cli.main gateway run --replace
  |-timeout,121942 5 bash -c echo '=== shutdown diagnostic @ SIGTERM ==='; echo '--- date ---'; date -u +%Y-%m-%dT%H:%M:%SZ; echo '--- ps auxf (top 60 by cpu) ---'; ps auxf --sort=-pcpu 2>/dev/null | head -60; echo '--- pstree of self ---'; pstree -plau 121857 2>/dev/null | head -40 || true; echo '--- /proc/loadavg ---'; cat /proc/loadavg 2>/dev/null || true; echo '--- recent dmesg (oom/killed) ---'; dmesg -T 2>/dev/null | tail -20 || journalctl --user -n 20 --no-pager 2>/dev/null | tail -20 || true; echo '=== end ==='
  |   `-bash,121943 -c echo '=== shutdown diagnostic @ SIGTERM ==='; echo '--- date ---'; date -u +%Y-%m-%dT%H:%M:%SZ; echo '--- ps auxf (top 60 by cpu) ---'; ps auxf --sort=-pcpu 2>/dev/null | head -60; echo '--- pstree of self ---'; pstree -plau 121857 2>/dev/null | head -40 || true; echo '--- /proc/loadavg ---'; cat /proc/loadavg 2>/dev/null || true; echo '--- recent dmesg (oom/killed) ---'; dmesg -T 2>/dev/null | tail -20 || journalctl --user -n 20 --no-pager 2>/dev/null | tail -20 || true; echo '=== end ==='
  |       |-head,121948 -40
  |       `-pstree,121947 -plau 121857
  |-{hermes},121879
  |-{hermes},121880
  |-{hermes},121883
  |-{hermes},121884
  `-{hermes},121897
--- /proc/loadavg ---
0.02 0.05 0.06 1/256 121949
--- recent dmesg (oom/killed) ---
=== end ===
=== shutdown diagnostic @ SIGTERM ===
--- date ---
2026-09-09T17:49:33Z
--- ps auxf (top 60 by cpu) ---
USER         PID %CPU %MEM    VSZ   RSS TTY      STAT START   TIME COMMAND
root           2  0.0  0.0      0     0 ?        S    Sep03   0:00 [kthreadd]
root      121978  0.0  0.0      0     0 ?        I    17:46   0:00  \_ [kworker/u4:0-flush-253:0]
root      119645  0.0  0.0      0     0 ?        I    16:36   0:00  \_ [kworker/u4:2-flush-253:0]
root      120807  0.0  0.0      0     0 ?        I    17:28   0:00  \_ [kworker/u4:1-flush-253:0]
root           1  0.0  0.0  22560 14064 ?        Ss   Sep03   0:30 /usr/lib/systemd/systemd --system --deserialize=75 vultr
hermes    122255 97.0  0.7 130732 115492 ?       Ss   17:49   0:00 /home/hermes/.local/share/uv/tools/hermes-agent/bin/python -m hermes_cli.main gateway run --replace
--- pstree of self ---
hermes,121941,hermes -m hermes_cli.main gateway run --replace
  |-timeout,122256 5 bash -c echo '=== shutdown diagnostic @ SIGTERM ==='; echo '--- date ---'; date -u +%Y-%m-%dT%H:%M:%SZ; echo '--- ps auxf (top 60 by cpu) ---'; ps auxf --sort=-pcpu 2>/dev/null | head -60; echo '--- pstree of self ---'; pstree -plau 121941 2>/dev/null | head -40 || true; echo '--- /proc/loadavg ---'; cat /proc/loadavg 2>/dev/null || true; echo '--- recent dmesg (oom/killed) ---'; dmesg -T 2>/dev/null | tail -20 || journalctl --user -n 20 --no-pager 2>/dev/null | tail -20 || true; echo '=== end ==='
  |   `-bash,122257 -c echo '=== shutdown diagnostic @ SIGTERM ==='; echo '--- date ---'; date -u +%Y-%m-%dT%H:%M:%SZ; echo '--- ps auxf (top 60 by cpu) ---'; ps auxf --sort=-pcpu 2>/dev/null | head -60; echo '--- pstree of self ---'; pstree -plau 121941 2>/dev/null | head -40 || true; echo '--- /proc/loadavg ---'; cat /proc/loadavg 2>/dev/null || true; echo '--- recent dmesg (oom/killed) ---'; dmesg -T 2>/dev/null | tail -20 || journalctl --user -n 20 --no-pager 2>/dev/null | tail -20 || true; echo '=== end ==='
  |       |-head,122262 -40
  |       `-pstree,122261 -plau 121941
  |-{hermes},121955
  |-{hermes},121956
  |-{hermes},121958
  |-{hermes},121959
  |-{hermes},121961
  `-{hermes},122154
--- /proc/loadavg ---
0.01 0.03 0.04 1/259 122263
--- recent dmesg (oom/killed) ---
=== end ===
=== shutdown diagnostic @ SIGTERM ===
--- date ---
2026-09-09T17:54:35Z
--- ps auxf (top 60 by cpu) ---
USER         PID %CPU %MEM    VSZ   RSS TTY      STAT START   TIME COMMAND
root           2  0.0  0.0      0     0 ?        S    Sep03   0:00 [kthreadd]
root      119645  0.0  0.0      0     0 ?        I    16:36   0:00  \_ [kworker/u4:2-flush-253:0]
root      120807  0.0  0.0      0     0 ?        I    17:28   0:00  \_ [kworker/u4:1-events_unbound]
root           1  0.0  0.0  22560 14064 ?        Ss   Sep03   0:30 /usr/lib/systemd/systemd --system --deserialize=75 vultr
hermes    122255  0.6  0.8 521668 136848 ?       Ssl  17:49   0:01 /home/hermes/.local/share/uv/tools/hermes-agent/bin/python -m hermes_cli.main gateway run --replace
hermes    122331  0.0  0.0   5692  2128 ?        Ss   17:54   0:00  \_ timeout 5 bash -c echo '=== shutdown diagnostic @ SIGTERM ==='; echo '--- date ---'; date -u +%Y-%m-%dT%H:%M:%SZ; echo '--- ps auxf (top 60 by cpu) ---'; ps auxf --sort=-pcpu 2>/dev/null | head -60; echo '--- pstree of self ---'; pstree -plau 122255 2>/dev/null | head -40 || true; echo '--- /proc/loadavg ---'; cat /proc/loadavg 2>/dev/null || true; echo '--- recent dmesg (oom/killed) ---'; dmesg -T 2>/dev/null | tail -20 || journalctl --user -n 20 --no-pager 2>/dev/null | tail -20 || true; echo '=== end ==='
hermes    122332  0.0  0.0   7340  3756 ?        S    17:54   0:00      \_ bash -c echo '=== shutdown diagnostic @ SIGTERM ==='; echo '--- date ---'; date -u +%Y-%m-%dT%H:%M:%SZ; echo '--- ps auxf (top 60 by cpu) ---'; ps auxf --sort=-pcpu 2>/dev/null | head -60; echo '--- pstree of self ---'; pstree -plau 122255 2>/dev/null | head -40 || true; echo '--- /proc/loadavg ---'; cat /proc/loadavg 2>/dev/null || true; echo '--- recent dmesg (oom/killed) ---'; dmesg -T 2>/dev/null | tail -20 || journalctl --user -n 20 --no-pager 2>/dev/null | tail -20 || true; echo '=== end ==='
hermes    122334  0.0  0.0  10888  4644 ?        R    17:54   0:00          \_ ps auxf --sort=-pcpu
hermes    122335  0.0  0.0   5696  2080 ?        S    17:54   0:00          \_ head -60
--- pstree of self ---
hermes,122255,hermes -m hermes_cli.main gateway run --replace
  |-timeout,122331 5 bash -c echo '=== shutdown diagnostic @ SIGTERM ==='; echo '--- date ---'; date -u +%Y-%m-%dT%H:%M:%SZ; echo '--- ps auxf (top 60 by cpu) ---'; ps auxf --sort=-pcpu 2>/dev/null | head -60; echo '--- pstree of self ---'; pstree -plau 122255 2>/dev/null | head -40 || true; echo '--- /proc/loadavg ---'; cat /proc/loadavg 2>/dev/null || true; echo '--- recent dmesg (oom/killed) ---'; dmesg -T 2>/dev/null | tail -20 || journalctl --user -n 20 --no-pager 2>/dev/null | tail -20 || true; echo '=== end ==='
  |   `-bash,122332 -c echo '=== shutdown diagnostic @ SIGTERM ==='; echo '--- date ---'; date -u +%Y-%m-%dT%H:%M:%SZ; echo '--- ps auxf (top 60 by cpu) ---'; ps auxf --sort=-pcpu 2>/dev/null | head -60; echo '--- pstree of self ---'; pstree -plau 122255 2>/dev/null | head -40 || true; echo '--- /proc/loadavg ---'; cat /proc/loadavg 2>/dev/null || true; echo '--- recent dmesg (oom/killed) ---'; dmesg -T 2>/dev/null | tail -20 || journalctl --user -n 20 --no-pager 2>/dev/null | tail -20 || true; echo '=== end ==='
  |       |-head,122337 -40
  |       `-pstree,122336 -plau 122255
  |-{hermes},122268
  |-{hermes},122269
  |-{hermes},122272
  |-{hermes},122273
  `-{hermes},122275
--- /proc/loadavg ---
0.08 0.03 0.03 1/264 122338
--- recent dmesg (oom/killed) ---
=== end ===
=== shutdown diagnostic @ SIGTERM ===
--- date ---
2026-09-09T17:59:38Z
--- ps auxf (top 60 by cpu) ---
USER         PID %CPU %MEM    VSZ   RSS TTY      STAT START   TIME COMMAND
root           2  0.0  0.0      0     0 ?        S    Sep03   0:00 [kthreadd]
root      120807  0.0  0.0      0     0 ?        I    17:28   0:00  \_ [kworker/u4:1-events_power_efficient]
root           1  0.0  0.0  22560 14064 ?        Ss   Sep03   0:30 /usr/lib/systemd/systemd --system --deserialize=75 vultr
hermes    122387 57.2  0.7 130724 115320 ?       Ss   17:59   0:00 /home/hermes/.local/share/uv/tools/hermes-agent/bin/python -m hermes_cli.main gateway run --replace
--- pstree of self ---
hermes,122330,hermes -m hermes_cli.main gateway run --replace
  |-timeout,122388 5 bash -c echo '=== shutdown diagnostic @ SIGTERM ==='; echo '--- date ---'; date -u +%Y-%m-%dT%H:%M:%SZ; echo '--- ps auxf (top 60 by cpu) ---'; ps auxf --sort=-pcpu 2>/dev/null | head -60; echo '--- pstree of self ---'; pstree -plau 122330 2>/dev/null | head -40 || true; echo '--- /proc/loadavg ---'; cat /proc/loadavg 2>/dev/null || true; echo '--- recent dmesg (oom/killed) ---'; dmesg -T 2>/dev/null | tail -20 || journalctl --user -n 20 --no-pager 2>/dev/null | tail -20 || true; echo '=== end ==='
  |   `-bash,122389 -c echo '=== shutdown diagnostic @ SIGTERM ==='; echo '--- date ---'; date -u +%Y-%m-%dT%H:%M:%SZ; echo '--- ps auxf (top 60 by cpu) ---'; ps auxf --sort=-pcpu 2>/dev/null | head -60; echo '--- pstree of self ---'; pstree -plau 122330 2>/dev/null | head -40 || true; echo '--- /proc/loadavg ---'; cat /proc/loadavg 2>/dev/null || true; echo '--- recent dmesg (oom/killed) ---'; dmesg -T 2>/dev/null | tail -20 || journalctl --user -n 20 --no-pager 2>/dev/null | tail -20 || true; echo '=== end ==='
  |       |-head,122394 -40
  |       `-pstree,122393 -plau 122330
  |-{hermes},122343
  |-{hermes},122344
  |-{hermes},122346
  `-{hermes},122348
--- /proc/loadavg ---
0.00 0.01 0.00 2/255 122395
--- recent dmesg (oom/killed) ---
=== end ===
=== shutdown diagnostic @ SIGTERM ===
--- date ---
2026-09-09T18:04:48Z
--- ps auxf (top 60 by cpu) ---
USER         PID %CPU %MEM    VSZ   RSS TTY      STAT START   TIME COMMAND
root           2  0.0  0.0      0     0 ?        S    Sep03   0:00 [kthreadd]
root      122383  0.0  0.0      0     0 ?        I    17:59   0:00  \_ [kworker/u4:0-flush-253:0]
root      120807  0.0  0.0      0     0 ?        I    17:28   0:00  \_ [kworker/u4:1-events_power_efficient]
root           1  0.0  0.0  22560 14064 ?        Ss   Sep03   0:30 /usr/lib/systemd/systemd --system --deserialize=75 vultr
hermes    122719  3.0  0.7 229484 114904 ?       Ssl  18:04   0:01 /home/hermes/.local/share/uv/tools/hermes-agent/bin/python -m hermes_cli.main dashboard --host 0.0.0.0 --port 9119 --insecure --no-open
hermes    122387  2.3  1.3 846924 214300 ?       Ssl  17:59   0:07 /home/hermes/.local/share/uv/tools/hermes-agent/bin/python -m hermes_cli.main gateway run --replace
hermes    122553  0.0  0.0   9176  5972 ?        Ss   18:03   0:00  \_ /usr/bin/bash -lic set +m; for i in $(seq 1 300); do for pid in $(pgrep -f "gateway run --replace" 2>/dev/null); do ppid=$(awk '/^PPid:/{print $2}' /proc/$pid/status 2>/dev/null); if [ -n "$ppid" ] && [ "$ppid" != "1" ] && [ "$ppid" != "109079" ]; then echo "== IRMAO EM FLAGRANTE $(date +%H:%M:%S) pid=$pid ppid=$ppid =="; ps -o pid,ppid,etimes,cmd -p $pid 2>/dev/null | tail -1; ps -o pid,ppid,etimes,cmd -p $ppid 2>/dev/null | tail -1; fi; done; sleep 5; done > /tmp/gw-hunter.log 2>&1; echo HUNTER-DONE >> /tmp/gw-hunter.log
hermes    122884  0.0  0.0   5684  2128 ?        S    18:04   0:00  |   \_ sleep 5
hermes    122692  0.0  0.0   7340  3756 ?        Ss   18:04   0:00  \_ /usr/bin/bash -c source /tmp/hermes-snap-d6b89afdfad9.sh >/dev/null 2>&1 || true builtin cd -- /home/hermes || exit 126 eval 'ps -o pid,lstart,cmd -p 36320 2>/dev/null | tail -1; kill -TERM 36320 2>/dev/null && echo "dashboard: TERM enviado"; sleep 45; export DBUS_SESSION_BUS_ADDRESS="unix:path=/run/user/$(id -u)/bus"; echo "estado-apos-45s: $(systemctl --user is-active hermes-gateway.service)"; peg=$(awk '\''/^PPid:/{print $2}'\'' /proc/122387/status 2>/dev/null); echo "ppid-do-orfao: $peg"; journalctl --user --no-pager --since "18:04:00" | grep -c "Shutdown context"; echo novos-SIGTERM-desde-o-kill' __hermes_ec=$? export -p > /tmp/hermes-snap-d6b89afdfad9.sh 2>/dev/null || true pwd -P > /tmp/hermes-cwd-d6b89afdfad9.txt 2>/dev/null || true printf '\n__HERMES_CWD_d6b89afdfad9__%s__HERMES_CWD_d6b89afdfad9__\n' "$(pwd -P)" exit $__hermes_ec
hermes    122696  0.0  0.0   5684  2128 ?        S    18:04   0:00      \_ sleep 45
--- pstree of self ---
hermes,122387,hermes -m hermes_cli.main gateway run --replace
  |-bash,122553 -lic set +m; for i in $(seq 1 300); do for pid in $(pgrep -f "gateway run --replace" 2>/dev/null); do ppid=$(awk '/^PPid:/{print $2}' /proc/$pid/status 2>/dev/null); if [ -n "$ppid" ] && [ "$ppid" != "1" ] && [ "$ppid" != "109079" ]; then echo "== IRMAO EM FLAGRANTE $(date +%H:%M:%S) pid=$pid ppid=$ppid =="; ps -o pid,ppid,etimes,cmd -p $pid 2>/dev/null | tail -1; ps -o pid,ppid,etimes,cmd -p $ppid 2>/dev/null | tail -1; fi; done; sleep 5; done > /tmp/gw-hunter.log 2>&1; echo HUNTER-DONE >> /tmp/gw-hunter.log
  |   `-sleep,122884 5
  |-bash,122692 -c source /tmp/hermes-snap-d6b89afdfad9.sh >/dev/null 2>&1 || true\012builtin cd -- /home/hermes || exit 126\012eval 'ps -o pid,lstart,cmd -p 36320 2>/dev/null | tail -1; kill -TERM 36320 2>/dev/null && echo "dashboard: TERM enviado"; sleep 45; export DBUS_SESSION_BUS_ADDRESS="unix:path=/run/user/$(id -u)/bus"; echo "estado-apos-45s: $(systemctl --user is-active hermes-gateway.service)"; peg=$(awk '\\''/^PPid:/{print $2}'\\'' /proc/122387/status 2>/dev/null); echo "ppid-do-orfao: $peg"; journalctl --user --no-pager --since "18:04:00" | grep -c "Shutdown context"; echo novos-SIGTERM-desde-o-kill'\012__hermes_ec=$?\012export -p > /tmp/hermes-snap-d6b89afdfad9.sh 2>/dev/null || true\012pwd -P > /tmp/hermes-cwd-d6b89afdfad9.txt 2>/dev/null || true\012printf '\\n__HERMES_CWD_d6b89afdfad9__%s__HERMES_CWD_d6b89afdfad9__\\n' "$(pwd -P)"\012exit $__hermes_ec
  |   `-sleep,122696 45
  |-timeout,122886 5 bash -c echo '=== shutdown diagnostic @ SIGTERM ==='; echo '--- date ---'; date -u +%Y-%m-%dT%H:%M:%SZ; echo '--- ps auxf (top 60 by cpu) ---'; ps auxf --sort=-pcpu 2>/dev/null | head -60; echo '--- pstree of self ---'; pstree -plau 122387 2>/dev/null | head -40 || true; echo '--- /proc/loadavg ---'; cat /proc/loadavg 2>/dev/null || true; echo '--- recent dmesg (oom/killed) ---'; dmesg -T 2>/dev/null | tail -20 || journalctl --user -n 20 --no-pager 2>/dev/null | tail -20 || true; echo '=== end ==='
  |   `-bash,122887 -c echo '=== shutdown diagnostic @ SIGTERM ==='; echo '--- date ---'; date -u +%Y-%m-%dT%H:%M:%SZ; echo '--- ps auxf (top 60 by cpu) ---'; ps auxf --sort=-pcpu 2>/dev/null | head -60; echo '--- pstree of self ---'; pstree -plau 122387 2>/dev/null | head -40 || true; echo '--- /proc/loadavg ---'; cat /proc/loadavg 2>/dev/null || true; echo '--- recent dmesg (oom/killed) ---'; dmesg -T 2>/dev/null | tail -20 || journalctl --user -n 20 --no-pager 2>/dev/null | tail -20 || true; echo '=== end ==='
  |       |-head,122892 -40
  |       `-pstree,122891 -plau 122387
  |-{hermes},122404
  |-{hermes},122405
  |-{hermes},122408
  |-{hermes},122409
  |-{hermes},122411
  |-{hermes},122414
  |-{hermes},122429
  |-{hermes},122554
  `-{hermes},122693
--- /proc/loadavg ---
0.05 0.03 0.00 1/257 122893
--- recent dmesg (oom/killed) ---
=== end ===
=== shutdown diagnostic @ SIGTERM ===
--- date ---
2026-09-09T18:10:00Z
--- ps auxf (top 60 by cpu) ---
USER         PID %CPU %MEM    VSZ   RSS TTY      STAT START   TIME COMMAND
root           2  0.0  0.0      0     0 ?        S    Sep03   0:00 [kthreadd]
root      122383  0.0  0.0      0     0 ?        I    17:59   0:00  \_ [kworker/u4:0-events_unbound]
root      120807  0.0  0.0      0     0 ?        I    17:28   0:00  \_ [kworker/u4:1-events_power_efficient]
root           1  0.0  0.0  22560 14064 ?        Ss   Sep03   0:30 /usr/lib/systemd/systemd --system --deserialize=75 vultr
hermes    123147 98.0  0.7 130952 115428 ?       Ss   18:09   0:00 /home/hermes/.local/share/uv/tools/hermes-agent/bin/python -m hermes_cli.main gateway run --replace
--- pstree of self ---
hermes,122885,hermes -m hermes_cli.main gateway run --replace
  |-timeout,123148 5 bash -c echo '=== shutdown diagnostic @ SIGTERM ==='; echo '--- date ---'; date -u +%Y-%m-%dT%H:%M:%SZ; echo '--- ps auxf (top 60 by cpu) ---'; ps auxf --sort=-pcpu 2>/dev/null | head -60; echo '--- pstree of self ---'; pstree -plau 122885 2>/dev/null | head -40 || true; echo '--- /proc/loadavg ---'; cat /proc/loadavg 2>/dev/null || true; echo '--- recent dmesg (oom/killed) ---'; dmesg -T 2>/dev/null | tail -20 || journalctl --user -n 20 --no-pager 2>/dev/null | tail -20 || true; echo '=== end ==='
  |   `-bash,123149 -c echo '=== shutdown diagnostic @ SIGTERM ==='; echo '--- date ---'; date -u +%Y-%m-%dT%H:%M:%SZ; echo '--- ps auxf (top 60 by cpu) ---'; ps auxf --sort=-pcpu 2>/dev/null | head -60; echo '--- pstree of self ---'; pstree -plau 122885 2>/dev/null | head -40 || true; echo '--- /proc/loadavg ---'; cat /proc/loadavg 2>/dev/null || true; echo '--- recent dmesg (oom/killed) ---'; dmesg -T 2>/dev/null | tail -20 || journalctl --user -n 20 --no-pager 2>/dev/null | tail -20 || true; echo '=== end ==='
  |       |-head,123154 -40
  |       `-pstree,123153 -plau 122885
  |-{hermes},122980
  |-{hermes},122981
  |-{hermes},122983
  |-{hermes},122984
  |-{hermes},122989
  `-{hermes},122995
--- /proc/loadavg ---
0.05 0.05 0.01 1/247 123155
--- recent dmesg (oom/killed) ---
=== end ===
=== shutdown diagnostic @ SIGTERM ===
--- date ---
2026-09-09T18:10:07Z
--- ps auxf (top 60 by cpu) ---
USER         PID %CPU %MEM    VSZ   RSS TTY      STAT START   TIME COMMAND
root           2  0.0  0.0      0     0 ?        S    Sep03   0:00 [kthreadd]
root      122383  0.0  0.0      0     0 ?        I    17:59   0:00  \_ [kworker/u4:0-events_unbound]
root      120807  0.0  0.0      0     0 ?        I    17:28   0:00  \_ [kworker/u4:1-events_power_efficient]
root           1  0.0  0.0  22560 14064 ?        Ss   Sep03   0:30 /usr/lib/systemd/systemd --system --deserialize=75 vultr
hermes    123147 17.6  0.8 521888 135140 ?       Ssl  18:09   0:01 /home/hermes/.local/share/uv/tools/hermes-agent/bin/python -m hermes_cli.main gateway run --replace
hermes    123173  0.0  0.0   5692  2132 ?        Ss   18:10   0:00  \_ timeout 5 bash -c echo '=== shutdown diagnostic @ SIGTERM ==='; echo '--- date ---'; date -u +%Y-%m-%dT%H:%M:%SZ; echo '--- ps auxf (top 60 by cpu) ---'; ps auxf --sort=-pcpu 2>/dev/null | head -60; echo '--- pstree of self ---'; pstree -plau 123147 2>/dev/null | head -40 || true; echo '--- /proc/loadavg ---'; cat /proc/loadavg 2>/dev/null || true; echo '--- recent dmesg (oom/killed) ---'; dmesg -T 2>/dev/null | tail -20 || journalctl --user -n 20 --no-pager 2>/dev/null | tail -20 || true; echo '=== end ==='
hermes    123174  0.0  0.0   7340  3768 ?        S    18:10   0:00      \_ bash -c echo '=== shutdown diagnostic @ SIGTERM ==='; echo '--- date ---'; date -u +%Y-%m-%dT%H:%M:%SZ; echo '--- ps auxf (top 60 by cpu) ---'; ps auxf --sort=-pcpu 2>/dev/null | head -60; echo '--- pstree of self ---'; pstree -plau 123147 2>/dev/null | head -40 || true; echo '--- /proc/loadavg ---'; cat /proc/loadavg 2>/dev/null || true; echo '--- recent dmesg (oom/killed) ---'; dmesg -T 2>/dev/null | tail -20 || journalctl --user -n 20 --no-pager 2>/dev/null | tail -20 || true; echo '=== end ==='
hermes    123176  0.0  0.0  10888  4640 ?        R    18:10   0:00          \_ ps auxf --sort=-pcpu
hermes    123177  0.0  0.0   5696  2080 ?        S    18:10   0:00          \_ head -60
--- pstree of self ---
hermes,123147,hermes -m hermes_cli.main gateway run --replace
  |-timeout,123173 5 bash -c echo '=== shutdown diagnostic @ SIGTERM ==='; echo '--- date ---'; date -u +%Y-%m-%dT%H:%M:%SZ; echo '--- ps auxf (top 60 by cpu) ---'; ps auxf --sort=-pcpu 2>/dev/null | head -60; echo '--- pstree of self ---'; pstree -plau 123147 2>/dev/null | head -40 || true; echo '--- /proc/loadavg ---'; cat /proc/loadavg 2>/dev/null || true; echo '--- recent dmesg (oom/killed) ---'; dmesg -T 2>/dev/null | tail -20 || journalctl --user -n 20 --no-pager 2>/dev/null | tail -20 || true; echo '=== end ==='
  |   `-bash,123174 -c echo '=== shutdown diagnostic @ SIGTERM ==='; echo '--- date ---'; date -u +%Y-%m-%dT%H:%M:%SZ; echo '--- ps auxf (top 60 by cpu) ---'; ps auxf --sort=-pcpu 2>/dev/null | head -60; echo '--- pstree of self ---'; pstree -plau 123147 2>/dev/null | head -40 || true; echo '--- /proc/loadavg ---'; cat /proc/loadavg 2>/dev/null || true; echo '--- recent dmesg (oom/killed) ---'; dmesg -T 2>/dev/null | tail -20 || journalctl --user -n 20 --no-pager 2>/dev/null | tail -20 || true; echo '=== end ==='
  |       |-head,123179 -40
  |       `-pstree,123178 -plau 123147
  |-{hermes},123164
  |-{hermes},123165
  |-{hermes},123168
  |-{hermes},123169
  `-{hermes},123171
--- /proc/loadavg ---
0.04 0.05 0.01 1/248 123180
--- recent dmesg (oom/killed) ---
=== end ===
=== shutdown diagnostic @ SIGTERM ===
--- date ---
2026-09-09T18:15:09Z
--- ps auxf (top 60 by cpu) ---
USER         PID %CPU %MEM    VSZ   RSS TTY      STAT START   TIME COMMAND
root           2  0.0  0.0      0     0 ?        S    Sep03   0:00 [kthreadd]
root      122383  0.0  0.0      0     0 ?        I    17:59   0:00  \_ [kworker/u4:0-events_unbound]
root      122319  0.0  0.0      0     0 ?        I    17:52   0:00  \_ [kworker/u4:4-events_power_efficient]
root           1  0.0  0.0  22560 14064 ?        Ss   Sep03   0:30 /usr/lib/systemd/systemd --system --deserialize=75 vultr
hermes    123203 97.9  0.7 130728 115352 ?       Ss   18:15   0:00 /home/hermes/.local/share/uv/tools/hermes-agent/bin/python -m hermes_cli.main gateway run --replace
--- pstree of self ---
hermes,123172,hermes -m hermes_cli.main gateway run --replace
  |-timeout,123204 5 bash -c echo '=== shutdown diagnostic @ SIGTERM ==='; echo '--- date ---'; date -u +%Y-%m-%dT%H:%M:%SZ; echo '--- ps auxf (top 60 by cpu) ---'; ps auxf --sort=-pcpu 2>/dev/null | head -60; echo '--- pstree of self ---'; pstree -plau 123172 2>/dev/null | head -40 || true; echo '--- /proc/loadavg ---'; cat /proc/loadavg 2>/dev/null || true; echo '--- recent dmesg (oom/killed) ---'; dmesg -T 2>/dev/null | tail -20 || journalctl --user -n 20 --no-pager 2>/dev/null | tail -20 || true; echo '=== end ==='
  |   `-bash,123205 -c echo '=== shutdown diagnostic @ SIGTERM ==='; echo '--- date ---'; date -u +%Y-%m-%dT%H:%M:%SZ; echo '--- ps auxf (top 60 by cpu) ---'; ps auxf --sort=-pcpu 2>/dev/null | head -60; echo '--- pstree of self ---'; pstree -plau 123172 2>/dev/null | head -40 || true; echo '--- /proc/loadavg ---'; cat /proc/loadavg 2>/dev/null || true; echo '--- recent dmesg (oom/killed) ---'; dmesg -T 2>/dev/null | tail -20 || journalctl --user -n 20 --no-pager 2>/dev/null | tail -20 || true; echo '=== end ==='
  |       |-head,123210 -40
  |       `-pstree,123209 -plau 123172
  |-{hermes},123186
  |-{hermes},123187
  |-{hermes},123189
  |-{hermes},123190
  `-{hermes},123192
--- /proc/loadavg ---
0.00 0.01 0.00 1/251 123211
--- recent dmesg (oom/killed) ---
=== end ===
=== shutdown diagnostic @ SIGTERM ===
--- date ---
2026-09-09T18:15:24Z
--- ps auxf (top 60 by cpu) ---
USER         PID %CPU %MEM    VSZ   RSS TTY      STAT START   TIME COMMAND
root           2  0.0  0.0      0     0 ?        S    Sep03   0:00 [kthreadd]
root      122383  0.0  0.0      0     0 ?        I    17:59   0:00  \_ [kworker/u4:0-events_unbound]
root      122319  0.0  0.0      0     0 ?        I    17:52   0:00  \_ [kworker/u4:4-flush-253:0]
root           1  0.0  0.0  22560 14064 ?        Ss   Sep03   0:30 /usr/lib/systemd/systemd --system --deserialize=75 vultr
hermes    123203  9.7  0.8 521664 136080 ?       Ssl  18:15   0:01 /home/hermes/.local/share/uv/tools/hermes-agent/bin/python -m hermes_cli.main gateway run --replace
hermes    123227  0.0  0.0   5692  2132 ?        Ss   18:15   0:00  \_ timeout 5 bash -c echo '=== shutdown diagnostic @ SIGTERM ==='; echo '--- date ---'; date -u +%Y-%m-%dT%H:%M:%SZ; echo '--- ps auxf (top 60 by cpu) ---'; ps auxf --sort=-pcpu 2>/dev/null | head -60; echo '--- pstree of self ---'; pstree -plau 123203 2>/dev/null | head -40 || true; echo '--- /proc/loadavg ---'; cat /proc/loadavg 2>/dev/null || true; echo '--- recent dmesg (oom/killed) ---'; dmesg -T 2>/dev/null | tail -20 || journalctl --user -n 20 --no-pager 2>/dev/null | tail -20 || true; echo '=== end ==='
hermes    123228  0.0  0.0   7340  3688 ?        S    18:15   0:00      \_ bash -c echo '=== shutdown diagnostic @ SIGTERM ==='; echo '--- date ---'; date -u +%Y-%m-%dT%H:%M:%SZ; echo '--- ps auxf (top 60 by cpu) ---'; ps auxf --sort=-pcpu 2>/dev/null | head -60; echo '--- pstree of self ---'; pstree -plau 123203 2>/dev/null | head -40 || true; echo '--- /proc/loadavg ---'; cat /proc/loadavg 2>/dev/null || true; echo '--- recent dmesg (oom/killed) ---'; dmesg -T 2>/dev/null | tail -20 || journalctl --user -n 20 --no-pager 2>/dev/null | tail -20 || true; echo '=== end ==='
hermes    123230  0.0  0.0  10888  4644 ?        R    18:15   0:00          \_ ps auxf --sort=-pcpu
hermes    123231  0.0  0.0   5696  2080 ?        S    18:15   0:00          \_ head -60
--- pstree of self ---
hermes,123203,hermes -m hermes_cli.main gateway run --replace
  |-timeout,123227 5 bash -c echo '=== shutdown diagnostic @ SIGTERM ==='; echo '--- date ---'; date -u +%Y-%m-%dT%H:%M:%SZ; echo '--- ps auxf (top 60 by cpu) ---'; ps auxf --sort=-pcpu 2>/dev/null | head -60; echo '--- pstree of self ---'; pstree -plau 123203 2>/dev/null | head -40 || true; echo '--- /proc/loadavg ---'; cat /proc/loadavg 2>/dev/null || true; echo '--- recent dmesg (oom/killed) ---'; dmesg -T 2>/dev/null | tail -20 || journalctl --user -n 20 --no-pager 2>/dev/null | tail -20 || true; echo '=== end ==='
  |   `-bash,123228 -c echo '=== shutdown diagnostic @ SIGTERM ==='; echo '--- date ---'; date -u +%Y-%m-%dT%H:%M:%SZ; echo '--- ps auxf (top 60 by cpu) ---'; ps auxf --sort=-pcpu 2>/dev/null | head -60; echo '--- pstree of self ---'; pstree -plau 123203 2>/dev/null | head -40 || true; echo '--- /proc/loadavg ---'; cat /proc/loadavg 2>/dev/null || true; echo '--- recent dmesg (oom/killed) ---'; dmesg -T 2>/dev/null | tail -20 || journalctl --user -n 20 --no-pager 2>/dev/null | tail -20 || true; echo '=== end ==='
  |       |-head,123233 -40
  |       `-pstree,123232 -plau 123203
  |-{hermes},123216
  |-{hermes},123217
  |-{hermes},123220
  |-{hermes},123221
  `-{hermes},123223
--- /proc/loadavg ---
0.07 0.03 0.00 1/250 123234
--- recent dmesg (oom/killed) ---
=== end ===
=== shutdown diagnostic @ SIGTERM ===
--- date ---
2026-09-09T18:20:29Z
--- ps auxf (top 60 by cpu) ---
USER         PID %CPU %MEM    VSZ   RSS TTY      STAT START   TIME COMMAND
root           2  0.0  0.0      0     0 ?        S    Sep03   0:00 [kthreadd]
root      122383  0.0  0.0      0     0 ?        I    17:59   0:00  \_ [kworker/u4:0-events_unbound]
root           1  0.0  0.0  22560 14064 ?        Ss   Sep03   0:30 /usr/lib/systemd/systemd --system --deserialize=75 vultr
hermes    123754 97.0  0.7 130732 115524 ?       Ss   18:20   0:00 /home/hermes/.local/share/uv/tools/hermes-agent/bin/python -m hermes_cli.main gateway run --replace
--- pstree of self ---
hermes,123226,hermes -m hermes_cli.main gateway run --replace
  |-timeout,123755 5 bash -c echo '=== shutdown diagnostic @ SIGTERM ==='; echo '--- date ---'; date -u +%Y-%m-%dT%H:%M:%SZ; echo '--- ps auxf (top 60 by cpu) ---'; ps auxf --sort=-pcpu 2>/dev/null | head -60; echo '--- pstree of self ---'; pstree -plau 123226 2>/dev/null | head -40 || true; echo '--- /proc/loadavg ---'; cat /proc/loadavg 2>/dev/null || true; echo '--- recent dmesg (oom/killed) ---'; dmesg -T 2>/dev/null | tail -20 || journalctl --user -n 20 --no-pager 2>/dev/null | tail -20 || true; echo '=== end ==='
  |   `-bash,123756 -c echo '=== shutdown diagnostic @ SIGTERM ==='; echo '--- date ---'; date -u +%Y-%m-%dT%H:%M:%SZ; echo '--- ps auxf (top 60 by cpu) ---'; ps auxf --sort=-pcpu 2>/dev/null | head -60; echo '--- pstree of self ---'; pstree -plau 123226 2>/dev/null | head -40 || true; echo '--- /proc/loadavg ---'; cat /proc/loadavg 2>/dev/null || true; echo '--- recent dmesg (oom/killed) ---'; dmesg -T 2>/dev/null | tail -20 || journalctl --user -n 20 --no-pager 2>/dev/null | tail -20 || true; echo '=== end ==='
  |       |-head,123761 -40
  |       `-pstree,123760 -plau 123226
  |-{hermes},123240
  |-{hermes},123241
  |-{hermes},123243
  |-{hermes},123244
  |-{hermes},123246
  |-{hermes},123297
  `-{hermes},123563
--- /proc/loadavg ---
0.02 0.02 0.00 1/257 123762
--- recent dmesg (oom/killed) ---
=== end ===
=== shutdown diagnostic @ SIGTERM ===
--- date ---
2026-09-09T18:21:06Z
--- ps auxf (top 60 by cpu) ---
USER         PID %CPU %MEM    VSZ   RSS TTY      STAT START   TIME COMMAND
root           2  0.0  0.0      0     0 ?        S    Sep03   0:00 [kthreadd]
root      122383  0.0  0.0      0     0 ?        I    17:59   0:00  \_ [kworker/u4:0-flush-253:0]
root           1  0.0  0.0  22560 14064 ?        Ss   Sep03   0:30 /usr/lib/systemd/systemd --system --deserialize=75 vultr
hermes    123754  9.2  1.1 550916 194472 ?       Ssl  18:20   0:03 /home/hermes/.local/share/uv/tools/hermes-agent/bin/python -m hermes_cli.main gateway run --replace
hermes    123779  0.0  0.0   5692  2128 ?        Ss   18:21   0:00  \_ timeout 5 bash -c echo '=== shutdown diagnostic @ SIGTERM ==='; echo '--- date ---'; date -u +%Y-%m-%dT%H:%M:%SZ; echo '--- ps auxf (top 60 by cpu) ---'; ps auxf --sort=-pcpu 2>/dev/null | head -60; echo '--- pstree of self ---'; pstree -plau 123754 2>/dev/null | head -40 || true; echo '--- /proc/loadavg ---'; cat /proc/loadavg 2>/dev/null || true; echo '--- recent dmesg (oom/killed) ---'; dmesg -T 2>/dev/null | tail -20 || journalctl --user -n 20 --no-pager 2>/dev/null | tail -20 || true; echo '=== end ==='
hermes    123780  0.0  0.0   7340  3688 ?        S    18:21   0:00      \_ bash -c echo '=== shutdown diagnostic @ SIGTERM ==='; echo '--- date ---'; date -u +%Y-%m-%dT%H:%M:%SZ; echo '--- ps auxf (top 60 by cpu) ---'; ps auxf --sort=-pcpu 2>/dev/null | head -60; echo '--- pstree of self ---'; pstree -plau 123754 2>/dev/null | head -40 || true; echo '--- /proc/loadavg ---'; cat /proc/loadavg 2>/dev/null || true; echo '--- recent dmesg (oom/killed) ---'; dmesg -T 2>/dev/null | tail -20 || journalctl --user -n 20 --no-pager 2>/dev/null | tail -20 || true; echo '=== end ==='
hermes    123782  0.0  0.0  10888  4648 ?        R    18:21   0:00          \_ ps auxf --sort=-pcpu
hermes    123783  0.0  0.0   5696  2080 ?        S    18:21   0:00          \_ head -60
--- pstree of self ---
hermes,123754,hermes -m hermes_cli.main gateway run --replace
  |-timeout,123779 5 bash -c echo '=== shutdown diagnostic @ SIGTERM ==='; echo '--- date ---'; date -u +%Y-%m-%dT%H:%M:%SZ; echo '--- ps auxf (top 60 by cpu) ---'; ps auxf --sort=-pcpu 2>/dev/null | head -60; echo '--- pstree of self ---'; pstree -plau 123754 2>/dev/null | head -40 || true; echo '--- /proc/loadavg ---'; cat /proc/loadavg 2>/dev/null || true; echo '--- recent dmesg (oom/killed) ---'; dmesg -T 2>/dev/null | tail -20 || journalctl --user -n 20 --no-pager 2>/dev/null | tail -20 || true; echo '=== end ==='
  |   `-bash,123780 -c echo '=== shutdown diagnostic @ SIGTERM ==='; echo '--- date ---'; date -u +%Y-%m-%dT%H:%M:%SZ; echo '--- ps auxf (top 60 by cpu) ---'; ps auxf --sort=-pcpu 2>/dev/null | head -60; echo '--- pstree of self ---'; pstree -plau 123754 2>/dev/null | head -40 || true; echo '--- /proc/loadavg ---'; cat /proc/loadavg 2>/dev/null || true; echo '--- recent dmesg (oom/killed) ---'; dmesg -T 2>/dev/null | tail -20 || journalctl --user -n 20 --no-pager 2>/dev/null | tail -20 || true; echo '=== end ==='
  |       |-head,123785 -40
  |       `-pstree,123784 -plau 123754
  |-{hermes},123766
  |-{hermes},123767
  |-{hermes},123770
  |-{hermes},123771
  `-{hermes},123773
--- /proc/loadavg ---
0.09 0.04 0.01 1/256 123786
--- recent dmesg (oom/killed) ---
=== end ===
=== shutdown diagnostic @ SIGTERM ===
--- date ---
2026-09-09T18:26:17Z
--- ps auxf (top 60 by cpu) ---
USER         PID %CPU %MEM    VSZ   RSS TTY      STAT START   TIME COMMAND
root           2  0.0  0.0      0     0 ?        S    Sep03   0:00 [kthreadd]
root      122383  0.0  0.0      0     0 ?        I    17:59   0:00  \_ [kworker/u4:0-flush-253:0]
root      123818  0.0  0.0      0     0 ?        I    18:23   0:00  \_ [kworker/u4:2-flush-253:0]
root           1  0.0  0.0  22560 14064 ?        Ss   Sep03   0:30 /usr/lib/systemd/systemd --system --deserialize=75 vultr
hermes    123825 97.0  0.7 130956 115336 ?       Ss   18:26   0:00 /home/hermes/.local/share/uv/tools/hermes-agent/bin/python -m hermes_cli.main gateway run --replace
--- pstree of self ---
hermes,123778,hermes -m hermes_cli.main gateway run --replace
  |-timeout,123826 5 bash -c echo '=== shutdown diagnostic @ SIGTERM ==='; echo '--- date ---'; date -u +%Y-%m-%dT%H:%M:%SZ; echo '--- ps auxf (top 60 by cpu) ---'; ps auxf --sort=-pcpu 2>/dev/null | head -60; echo '--- pstree of self ---'; pstree -plau 123778 2>/dev/null | head -40 || true; echo '--- /proc/loadavg ---'; cat /proc/loadavg 2>/dev/null || true; echo '--- recent dmesg (oom/killed) ---'; dmesg -T 2>/dev/null | tail -20 || journalctl --user -n 20 --no-pager 2>/dev/null | tail -20 || true; echo '=== end ==='
  |   `-bash,123827 -c echo '=== shutdown diagnostic @ SIGTERM ==='; echo '--- date ---'; date -u +%Y-%m-%dT%H:%M:%SZ; echo '--- ps auxf (top 60 by cpu) ---'; ps auxf --sort=-pcpu 2>/dev/null | head -60; echo '--- pstree of self ---'; pstree -plau 123778 2>/dev/null | head -40 || true; echo '--- /proc/loadavg ---'; cat /proc/loadavg 2>/dev/null || true; echo '--- recent dmesg (oom/killed) ---'; dmesg -T 2>/dev/null | tail -20 || journalctl --user -n 20 --no-pager 2>/dev/null | tail -20 || true; echo '=== end ==='
  |       |-head,123832 -40
  |       `-pstree,123831 -plau 123778
  |-{hermes},123800
  |-{hermes},123801
  |-{hermes},123803
  |-{hermes},123804
  |-{hermes},123806
  `-{hermes},123807
--- /proc/loadavg ---
0.10 0.07 0.01 1/253 123833
--- recent dmesg (oom/killed) ---
=== end ===
=== shutdown diagnostic @ SIGTERM ===
--- date ---
2026-09-09T18:27:27Z
--- ps auxf (top 60 by cpu) ---
USER         PID %CPU %MEM    VSZ   RSS TTY      STAT START   TIME COMMAND
root           2  0.0  0.0      0     0 ?        S    Sep03   0:00 [kthreadd]
root      122383  0.0  0.0      0     0 ?        I    17:59   0:00  \_ [kworker/u4:0-writeback]
root           1  0.0  0.0  22560 14064 ?        Ss   Sep03   0:30 /usr/lib/systemd/systemd --system --deserialize=75 vultr
hermes    123825  5.9  1.2 699660 199296 ?       Ssl  18:26   0:04 /home/hermes/.local/share/uv/tools/hermes-agent/bin/python -m hermes_cli.main gateway run --replace
hermes    123889  0.0  0.0   5692  2132 ?        Ss   18:27   0:00  \_ timeout 5 bash -c echo '=== shutdown diagnostic @ SIGTERM ==='; echo '--- date ---'; date -u +%Y-%m-%dT%H:%M:%SZ; echo '--- ps auxf (top 60 by cpu) ---'; ps auxf --sort=-pcpu 2>/dev/null | head -60; echo '--- pstree of self ---'; pstree -plau 123825 2>/dev/null | head -40 || true; echo '--- /proc/loadavg ---'; cat /proc/loadavg 2>/dev/null || true; echo '--- recent dmesg (oom/killed) ---'; dmesg -T 2>/dev/null | tail -20 || journalctl --user -n 20 --no-pager 2>/dev/null | tail -20 || true; echo '=== end ==='
hermes    123890  0.0  0.0   7340  3692 ?        S    18:27   0:00      \_ bash -c echo '=== shutdown diagnostic @ SIGTERM ==='; echo '--- date ---'; date -u +%Y-%m-%dT%H:%M:%SZ; echo '--- ps auxf (top 60 by cpu) ---'; ps auxf --sort=-pcpu 2>/dev/null | head -60; echo '--- pstree of self ---'; pstree -plau 123825 2>/dev/null | head -40 || true; echo '--- /proc/loadavg ---'; cat /proc/loadavg 2>/dev/null || true; echo '--- recent dmesg (oom/killed) ---'; dmesg -T 2>/dev/null | tail -20 || journalctl --user -n 20 --no-pager 2>/dev/null | tail -20 || true; echo '=== end ==='
hermes    123892  0.0  0.0  10888  4648 ?        R    18:27   0:00          \_ ps auxf --sort=-pcpu
hermes    123893  0.0  0.0   5696  2080 ?        S    18:27   0:00          \_ head -60
--- pstree of self ---
hermes,123825,hermes -m hermes_cli.main gateway run --replace
  |-timeout,123889 5 bash -c echo '=== shutdown diagnostic @ SIGTERM ==='; echo '--- date ---'; date -u +%Y-%m-%dT%H:%M:%SZ; echo '--- ps auxf (top 60 by cpu) ---'; ps auxf --sort=-pcpu 2>/dev/null | head -60; echo '--- pstree of self ---'; pstree -plau 123825 2>/dev/null | head -40 || true; echo '--- /proc/loadavg ---'; cat /proc/loadavg 2>/dev/null || true; echo '--- recent dmesg (oom/killed) ---'; dmesg -T 2>/dev/null | tail -20 || journalctl --user -n 20 --no-pager 2>/dev/null | tail -20 || true; echo '=== end ==='
  |   `-bash,123890 -c echo '=== shutdown diagnostic @ SIGTERM ==='; echo '--- date ---'; date -u +%Y-%m-%dT%H:%M:%SZ; echo '--- ps auxf (top 60 by cpu) ---'; ps auxf --sort=-pcpu 2>/dev/null | head -60; echo '--- pstree of self ---'; pstree -plau 123825 2>/dev/null | head -40 || true; echo '--- /proc/loadavg ---'; cat /proc/loadavg 2>/dev/null || true; echo '--- recent dmesg (oom/killed) ---'; dmesg -T 2>/dev/null | tail -20 || journalctl --user -n 20 --no-pager 2>/dev/null | tail -20 || true; echo '=== end ==='
  |       |-head,123895 -40
  |       `-pstree,123894 -plau 123825
  |-{hermes},123837
  |-{hermes},123838
  |-{hermes},123841
  |-{hermes},123842
  |-{hermes},123844
  |-{hermes},123865
  `-{hermes},123885
--- /proc/loadavg ---
0.06 0.07 0.01 3/254 123896
--- recent dmesg (oom/killed) ---
=== end ===
=== shutdown diagnostic @ SIGTERM ===
--- date ---
2026-09-09T18:32:38Z
--- ps auxf (top 60 by cpu) ---
USER         PID %CPU %MEM    VSZ   RSS TTY      STAT START   TIME COMMAND
root           2  0.0  0.0      0     0 ?        S    Sep03   0:00 [kthreadd]
root      122383  0.0  0.0      0     0 ?        I    17:59   0:00  \_ [kworker/u4:0-events_unbound]
root      123818  0.0  0.0      0     0 ?        I    18:23   0:00  \_ [kworker/u4:2-flush-253:0]
root           1  0.0  0.0  22560 14064 ?        Ss   Sep03   0:30 /usr/lib/systemd/systemd --system --deserialize=75 vultr
hermes    124470 98.0  0.7 130732 115564 ?       Ss   18:32   0:00 /home/hermes/.local/share/uv/tools/hermes-agent/bin/python -m hermes_cli.main gateway run --replace
--- pstree of self ---
hermes,123856,hermes -m hermes_cli.main gateway run --replace
  |-timeout,124471 5 bash -c echo '=== shutdown diagnostic @ SIGTERM ==='; echo '--- date ---'; date -u +%Y-%m-%dT%H:%M:%SZ; echo '--- ps auxf (top 60 by cpu) ---'; ps auxf --sort=-pcpu 2>/dev/null | head -60; echo '--- pstree of self ---'; pstree -plau 123856 2>/dev/null | head -40 || true; echo '--- /proc/loadavg ---'; cat /proc/loadavg 2>/dev/null || true; echo '--- recent dmesg (oom/killed) ---'; dmesg -T 2>/dev/null | tail -20 || journalctl --user -n 20 --no-pager 2>/dev/null | tail -20 || true; echo '=== end ==='
  |   `-bash,124472 -c echo '=== shutdown diagnostic @ SIGTERM ==='; echo '--- date ---'; date -u +%Y-%m-%dT%H:%M:%SZ; echo '--- ps auxf (top 60 by cpu) ---'; ps auxf --sort=-pcpu 2>/dev/null | head -60; echo '--- pstree of self ---'; pstree -plau 123856 2>/dev/null | head -40 || true; echo '--- /proc/loadavg ---'; cat /proc/loadavg 2>/dev/null || true; echo '--- recent dmesg (oom/killed) ---'; dmesg -T 2>/dev/null | tail -20 || journalctl --user -n 20 --no-pager 2>/dev/null | tail -20 || true; echo '=== end ==='
  |       |-head,124477 -40
  |       `-pstree,124476 -plau 123856
  |-{hermes},123907
  |-{hermes},123908
  |-{hermes},123910
  |-{hermes},123912
  |-{hermes},123913
  |-{hermes},123935
  `-{hermes},124463
--- /proc/loadavg ---
0.08 0.05 0.01 1/247 124478
--- recent dmesg (oom/killed) ---
=== end ===
=== shutdown diagnostic @ SIGTERM ===
--- date ---
2026-09-09T18:35:01Z
--- ps auxf (top 60 by cpu) ---
USER         PID %CPU %MEM    VSZ   RSS TTY      STAT START   TIME COMMAND
root           2  0.0  0.0      0     0 ?        S    Sep03   0:00 [kthreadd]
root      122383  0.0  0.0      0     0 ?        I    17:59   0:00  \_ [kworker/u4:0-flush-253:0]
root      123818  0.0  0.0      0     0 ?        I    18:23   0:00  \_ [kworker/u4:2-events_unbound]
root      122319  0.0  0.0      0     0 ?        I    17:52   0:00  \_ [kworker/u4:4-flush-253:0]
root           1  0.0  0.0  22560 14064 ?        Ss   Sep03   0:30 /usr/lib/systemd/systemd --system --deserialize=75 vultr
hermes    124470  4.1  1.2 920632 212140 ?       Ssl  18:32   0:05 /home/hermes/.local/share/uv/tools/hermes-agent/bin/python -m hermes_cli.main gateway run --replace
hermes    124722  0.0  0.0   5692  2132 ?        Ss   18:35   0:00  \_ timeout 5 bash -c echo '=== shutdown diagnostic @ SIGTERM ==='; echo '--- date ---'; date -u +%Y-%m-%dT%H:%M:%SZ; echo '--- ps auxf (top 60 by cpu) ---'; ps auxf --sort=-pcpu 2>/dev/null | head -60; echo '--- pstree of self ---'; pstree -plau 124470 2>/dev/null | head -40 || true; echo '--- /proc/loadavg ---'; cat /proc/loadavg 2>/dev/null || true; echo '--- recent dmesg (oom/killed) ---'; dmesg -T 2>/dev/null | tail -20 || journalctl --user -n 20 --no-pager 2>/dev/null | tail -20 || true; echo '=== end ==='
hermes    124723  0.0  0.0   7340  3732 ?        S    18:35   0:00      \_ bash -c echo '=== shutdown diagnostic @ SIGTERM ==='; echo '--- date ---'; date -u +%Y-%m-%dT%H:%M:%SZ; echo '--- ps auxf (top 60 by cpu) ---'; ps auxf --sort=-pcpu 2>/dev/null | head -60; echo '--- pstree of self ---'; pstree -plau 124470 2>/dev/null | head -40 || true; echo '--- /proc/loadavg ---'; cat /proc/loadavg 2>/dev/null || true; echo '--- recent dmesg (oom/killed) ---'; dmesg -T 2>/dev/null | tail -20 || journalctl --user -n 20 --no-pager 2>/dev/null | tail -20 || true; echo '=== end ==='
hermes    124725  0.0  0.0  10888  4632 ?        R    18:35   0:00          \_ ps auxf --sort=-pcpu
hermes    124726  0.0  0.0   5696  2080 ?        S    18:35   0:00          \_ head -60
--- pstree of self ---
hermes,124470,hermes -m hermes_cli.main gateway run --replace
  |-timeout,124722 5 bash -c echo '=== shutdown diagnostic @ SIGTERM ==='; echo '--- date ---'; date -u +%Y-%m-%dT%H:%M:%SZ; echo '--- ps auxf (top 60 by cpu) ---'; ps auxf --sort=-pcpu 2>/dev/null | head -60; echo '--- pstree of self ---'; pstree -plau 124470 2>/dev/null | head -40 || true; echo '--- /proc/loadavg ---'; cat /proc/loadavg 2>/dev/null || true; echo '--- recent dmesg (oom/killed) ---'; dmesg -T 2>/dev/null | tail -20 || journalctl --user -n 20 --no-pager 2>/dev/null | tail -20 || true; echo '=== end ==='
  |   `-bash,124723 -c echo '=== shutdown diagnostic @ SIGTERM ==='; echo '--- date ---'; date -u +%Y-%m-%dT%H:%M:%SZ; echo '--- ps auxf (top 60 by cpu) ---'; ps auxf --sort=-pcpu 2>/dev/null | head -60; echo '--- pstree of self ---'; pstree -plau 124470 2>/dev/null | head -40 || true; echo '--- /proc/loadavg ---'; cat /proc/loadavg 2>/dev/null || true; echo '--- recent dmesg (oom/killed) ---'; dmesg -T 2>/dev/null | tail -20 || journalctl --user -n 20 --no-pager 2>/dev/null | tail -20 || true; echo '=== end ==='
  |       |-head,124728 -40
  |       `-pstree,124727 -plau 124470
  |-{hermes},124488
  |-{hermes},124489
  |-{hermes},124492
  |-{hermes},124493
  |-{hermes},124495
  |-{hermes},124496
  `-{hermes},124500
--- /proc/loadavg ---
0.08 0.06 0.00 1/248 124729
--- recent dmesg (oom/killed) ---
=== end ===
=== shutdown diagnostic @ SIGTERM ===
--- date ---
2026-09-09T18:40:13Z
--- ps auxf (top 60 by cpu) ---
USER         PID %CPU %MEM    VSZ   RSS TTY      STAT START   TIME COMMAND
root           2  0.0  0.0      0     0 ?        S    Sep03   0:00 [kthreadd]
root      123818  0.0  0.0      0     0 ?        I    18:23   0:00  \_ [kworker/u4:2-flush-253:0]
root      124319  0.0  0.0      0     0 ?        I    18:31   0:00  \_ [kworker/1:3-mm_percpu_wq]
root      122383  0.0  0.0      0     0 ?        I    17:59   0:00  \_ [kworker/u4:0-events_unbound]
root      123163  0.0  0.0      0     0 ?        I    18:10   0:00  \_ [kworker/0:2-mm_percpu_wq]
root      122319  0.0  0.0      0     0 ?        I    17:52   0:00  \_ [kworker/u4:4-events_unbound]
root           1  0.0  0.0  22560 14064 ?        Ss   Sep03   0:30 /usr/lib/systemd/systemd --system --deserialize=75 vultr
hermes    124787 96.2  0.7 130964 115396 ?       Ss   18:40   0:01 /home/hermes/.local/share/uv/tools/hermes-agent/bin/python -m hermes_cli.main gateway run --replace
root      124795 13.5  0.2 480280 44412 ?        Ssl  18:40   0:00 /usr/libexec/fwupd/fwupd
--- pstree of self ---
hermes,124718,hermes -m hermes_cli.main gateway run --replace
  |-timeout,124804 5 bash -c echo '=== shutdown diagnostic @ SIGTERM ==='; echo '--- date ---'; date -u +%Y-%m-%dT%H:%M:%SZ; echo '--- ps auxf (top 60 by cpu) ---'; ps auxf --sort=-pcpu 2>/dev/null | head -60; echo '--- pstree of self ---'; pstree -plau 124718 2>/dev/null | head -40 || true; echo '--- /proc/loadavg ---'; cat /proc/loadavg 2>/dev/null || true; echo '--- recent dmesg (oom/killed) ---'; dmesg -T 2>/dev/null | tail -20 || journalctl --user -n 20 --no-pager 2>/dev/null | tail -20 || true; echo '=== end ==='
  |   `-bash,124805 -c echo '=== shutdown diagnostic @ SIGTERM ==='; echo '--- date ---'; date -u +%Y-%m-%dT%H:%M:%SZ; echo '--- ps auxf (top 60 by cpu) ---'; ps auxf --sort=-pcpu 2>/dev/null | head -60; echo '--- pstree of self ---'; pstree -plau 124718 2>/dev/null | head -40 || true; echo '--- /proc/loadavg ---'; cat /proc/loadavg 2>/dev/null || true; echo '--- recent dmesg (oom/killed) ---'; dmesg -T 2>/dev/null | tail -20 || journalctl --user -n 20 --no-pager 2>/dev/null | tail -20 || true; echo '=== end ==='
  |       |-head,124810 -40
  |       `-pstree,124809 -plau 124718
  |-{hermes},124735
  |-{hermes},124736
  |-{hermes},124738
  |-{hermes},124739
  |-{hermes},124741
  `-{hermes},124747
--- /proc/loadavg ---
0.03 0.03 0.00 1/250 124811
--- recent dmesg (oom/killed) ---
=== end ===
=== shutdown diagnostic @ SIGTERM ===
--- date ---
2026-09-09T18:45:15Z
--- ps auxf (top 60 by cpu) ---
USER         PID %CPU %MEM    VSZ   RSS TTY      STAT START   TIME COMMAND
root           2  0.0  0.0      0     0 ?        S    Sep03   0:00 [kthreadd]
root      123818  0.0  0.0      0     0 ?        I    18:23   0:00  \_ [kworker/u4:2-events_unbound]
root      124319  0.0  0.0      0     0 ?        I    18:31   0:00  \_ [kworker/1:3-events]
root      122383  0.0  0.0      0     0 ?        I    17:59   0:00  \_ [kworker/u4:0-events_power_efficient]
root      122319  0.0  0.0      0     0 ?        I    17:52   0:00  \_ [kworker/u4:4-events_power_efficient]
root      123163  0.0  0.0      0     0 ?        I    18:10   0:00  \_ [kworker/0:2-events]
root           1  0.0  0.0  22560 14064 ?        Ss   Sep03   0:30 /usr/lib/systemd/systemd --system --deserialize=75 vultr
hermes    124787  0.6  0.8 521900 136520 ?       Ssl  18:40   0:02 /home/hermes/.local/share/uv/tools/hermes-agent/bin/python -m hermes_cli.main gateway run --replace
hermes    124841  0.0  0.0   5692  2132 ?        Ss   18:45   0:00  \_ timeout 5 bash -c echo '=== shutdown diagnostic @ SIGTERM ==='; echo '--- date ---'; date -u +%Y-%m-%dT%H:%M:%SZ; echo '--- ps auxf (top 60 by cpu) ---'; ps auxf --sort=-pcpu 2>/dev/null | head -60; echo '--- pstree of self ---'; pstree -plau 124787 2>/dev/null | head -40 || true; echo '--- /proc/loadavg ---'; cat /proc/loadavg 2>/dev/null || true; echo '--- recent dmesg (oom/killed) ---'; dmesg -T 2>/dev/null | tail -20 || journalctl --user -n 20 --no-pager 2>/dev/null | tail -20 || true; echo '=== end ==='
hermes    124842  0.0  0.0   7340  3732 ?        S    18:45   0:00      \_ bash -c echo '=== shutdown diagnostic @ SIGTERM ==='; echo '--- date ---'; date -u +%Y-%m-%dT%H:%M:%SZ; echo '--- ps auxf (top 60 by cpu) ---'; ps auxf --sort=-pcpu 2>/dev/null | head -60; echo '--- pstree of self ---'; pstree -plau 124787 2>/dev/null | head -40 || true; echo '--- /proc/loadavg ---'; cat /proc/loadavg 2>/dev/null || true; echo '--- recent dmesg (oom/killed) ---'; dmesg -T 2>/dev/null | tail -20 || journalctl --user -n 20 --no-pager 2>/dev/null | tail -20 || true; echo '=== end ==='
hermes    124844  0.0  0.0  10888  4632 ?        R    18:45   0:00          \_ ps auxf --sort=-pcpu
hermes    124845  0.0  0.0   5696  2084 ?        S    18:45   0:00          \_ head -60
--- pstree of self ---
hermes,124787,hermes -m hermes_cli.main gateway run --replace
  |-timeout,124841 5 bash -c echo '=== shutdown diagnostic @ SIGTERM ==='; echo '--- date ---'; date -u +%Y-%m-%dT%H:%M:%SZ; echo '--- ps auxf (top 60 by cpu) ---'; ps auxf --sort=-pcpu 2>/dev/null | head -60; echo '--- pstree of self ---'; pstree -plau 124787 2>/dev/null | head -40 || true; echo '--- /proc/loadavg ---'; cat /proc/loadavg 2>/dev/null || true; echo '--- recent dmesg (oom/killed) ---'; dmesg -T 2>/dev/null | tail -20 || journalctl --user -n 20 --no-pager 2>/dev/null | tail -20 || true; echo '=== end ==='
  |   `-bash,124842 -c echo '=== shutdown diagnostic @ SIGTERM ==='; echo '--- date ---'; date -u +%Y-%m-%dT%H:%M:%SZ; echo '--- ps auxf (top 60 by cpu) ---'; ps auxf --sort=-pcpu 2>/dev/null | head -60; echo '--- pstree of self ---'; pstree -plau 124787 2>/dev/null | head -40 || true; echo '--- /proc/loadavg ---'; cat /proc/loadavg 2>/dev/null || true; echo '--- recent dmesg (oom/killed) ---'; dmesg -T 2>/dev/null | tail -20 || journalctl --user -n 20 --no-pager 2>/dev/null | tail -20 || true; echo '=== end ==='
  |       |-head,124847 -40
  |       `-pstree,124846 -plau 124787
  |-{hermes},124816
  |-{hermes},124817
  |-{hermes},124820
  |-{hermes},124821
  `-{hermes},124823
--- /proc/loadavg ---
0.00 0.02 0.00 1/243 124848
--- recent dmesg (oom/killed) ---
=== end ===
=== shutdown diagnostic @ SIGTERM ===
--- date ---
2026-09-09T18:50:16Z
--- ps auxf (top 60 by cpu) ---
USER         PID %CPU %MEM    VSZ   RSS TTY      STAT START   TIME COMMAND
root           2  0.0  0.0      0     0 ?        S    Sep03   0:00 [kthreadd]
root      123818  0.0  0.0      0     0 ?        I    18:23   0:00  \_ [kworker/u4:2-events_unbound]
root      124319  0.0  0.0      0     0 ?        I    18:31   0:00  \_ [kworker/1:3-events]
root      122319  0.0  0.0      0     0 ?        I    17:52   0:00  \_ [kworker/u4:4-writeback]
root      123163  0.0  0.0      0     0 ?        I    18:10   0:00  \_ [kworker/0:2-events]
root           1  0.0  0.0  22560 14064 ?        Ss   Sep03   0:30 /usr/lib/systemd/systemd --system --deserialize=75 vultr
hermes    124877 97.9  0.7 130956 115460 ?       Ss   18:50   0:00 /home/hermes/.local/share/uv/tools/hermes-agent/bin/python -m hermes_cli.main gateway run --replace
--- pstree of self ---
hermes,124840,hermes -m hermes_cli.main gateway run --replace
  |-timeout,124878 5 bash -c echo '=== shutdown diagnostic @ SIGTERM ==='; echo '--- date ---'; date -u +%Y-%m-%dT%H:%M:%SZ; echo '--- ps auxf (top 60 by cpu) ---'; ps auxf --sort=-pcpu 2>/dev/null | head -60; echo '--- pstree of self ---'; pstree -plau 124840 2>/dev/null | head -40 || true; echo '--- /proc/loadavg ---'; cat /proc/loadavg 2>/dev/null || true; echo '--- recent dmesg (oom/killed) ---'; dmesg -T 2>/dev/null | tail -20 || journalctl --user -n 20 --no-pager 2>/dev/null | tail -20 || true; echo '=== end ==='
  |   `-bash,124879 -c echo '=== shutdown diagnostic @ SIGTERM ==='; echo '--- date ---'; date -u +%Y-%m-%dT%H:%M:%SZ; echo '--- ps auxf (top 60 by cpu) ---'; ps auxf --sort=-pcpu 2>/dev/null | head -60; echo '--- pstree of self ---'; pstree -plau 124840 2>/dev/null | head -40 || true; echo '--- /proc/loadavg ---'; cat /proc/loadavg 2>/dev/null || true; echo '--- recent dmesg (oom/killed) ---'; dmesg -T 2>/dev/null | tail -20 || journalctl --user -n 20 --no-pager 2>/dev/null | tail -20 || true; echo '=== end ==='
  |       |-head,124884 -40
  |       `-pstree,124883 -plau 124840
  |-{hermes},124853
  |-{hermes},124854
  |-{hermes},124856
  `-{hermes},124858
--- /proc/loadavg ---
0.15 0.05 0.01 1/241 124885
--- recent dmesg (oom/killed) ---
=== end ===
=== shutdown diagnostic @ SIGTERM ===
--- date ---
2026-09-09T18:55:18Z
--- ps auxf (top 60 by cpu) ---
USER         PID %CPU %MEM    VSZ   RSS TTY      STAT START   TIME COMMAND
root           2  0.0  0.0      0     0 ?        S    Sep03   0:00 [kthreadd]
root      124319  0.0  0.0      0     0 ?        I    18:31   0:00  \_ [kworker/1:3-events]
root      122319  0.0  0.0      0     0 ?        I    17:52   0:00  \_ [kworker/u4:4-events_unbound]
root      123163  0.0  0.0      0     0 ?        I    18:10   0:00  \_ [kworker/0:2-events]
root      124826  0.0  0.0      0     0 ?        I    18:40   0:00  \_ [kworker/u4:3-flush-253:0]
root           1  0.0  0.0  22560 14064 ?        Ss   Sep03   0:30 /usr/lib/systemd/systemd --system --deserialize=75 vultr
hermes    124877  1.6  1.2 773392 204644 ?       Ssl  18:50   0:04 /home/hermes/.local/share/uv/tools/hermes-agent/bin/python -m hermes_cli.main gateway run --replace
hermes    124991  0.0  0.0   5692  2128 ?        Ss   18:55   0:00  \_ timeout 5 bash -c echo '=== shutdown diagnostic @ SIGTERM ==='; echo '--- date ---'; date -u +%Y-%m-%dT%H:%M:%SZ; echo '--- ps auxf (top 60 by cpu) ---'; ps auxf --sort=-pcpu 2>/dev/null | head -60; echo '--- pstree of self ---'; pstree -plau 124877 2>/dev/null | head -40 || true; echo '--- /proc/loadavg ---'; cat /proc/loadavg 2>/dev/null || true; echo '--- recent dmesg (oom/killed) ---'; dmesg -T 2>/dev/null | tail -20 || journalctl --user -n 20 --no-pager 2>/dev/null | tail -20 || true; echo '=== end ==='
hermes    124992  0.0  0.0   7340  3772 ?        S    18:55   0:00      \_ bash -c echo '=== shutdown diagnostic @ SIGTERM ==='; echo '--- date ---'; date -u +%Y-%m-%dT%H:%M:%SZ; echo '--- ps auxf (top 60 by cpu) ---'; ps auxf --sort=-pcpu 2>/dev/null | head -60; echo '--- pstree of self ---'; pstree -plau 124877 2>/dev/null | head -40 || true; echo '--- /proc/loadavg ---'; cat /proc/loadavg 2>/dev/null || true; echo '--- recent dmesg (oom/killed) ---'; dmesg -T 2>/dev/null | tail -20 || journalctl --user -n 20 --no-pager 2>/dev/null | tail -20 || true; echo '=== end ==='
hermes    124994  0.0  0.0  10888  4640 ?        R    18:55   0:00          \_ ps auxf --sort=-pcpu
hermes    124995  0.0  0.0   5696  2084 ?        S    18:55   0:00          \_ head -60
--- pstree of self ---
hermes,124877,hermes -m hermes_cli.main gateway run --replace
  |-timeout,124991 5 bash -c echo '=== shutdown diagnostic @ SIGTERM ==='; echo '--- date ---'; date -u +%Y-%m-%dT%H:%M:%SZ; echo '--- ps auxf (top 60 by cpu) ---'; ps auxf --sort=-pcpu 2>/dev/null | head -60; echo '--- pstree of self ---'; pstree -plau 124877 2>/dev/null | head -40 || true; echo '--- /proc/loadavg ---'; cat /proc/loadavg 2>/dev/null || true; echo '--- recent dmesg (oom/killed) ---'; dmesg -T 2>/dev/null | tail -20 || journalctl --user -n 20 --no-pager 2>/dev/null | tail -20 || true; echo '=== end ==='
  |   `-bash,124992 -c echo '=== shutdown diagnostic @ SIGTERM ==='; echo '--- date ---'; date -u +%Y-%m-%dT%H:%M:%SZ; echo '--- ps auxf (top 60 by cpu) ---'; ps auxf --sort=-pcpu 2>/dev/null | head -60; echo '--- pstree of self ---'; pstree -plau 124877 2>/dev/null | head -40 || true; echo '--- /proc/loadavg ---'; cat /proc/loadavg 2>/dev/null || true; echo '--- recent dmesg (oom/killed) ---'; dmesg -T 2>/dev/null | tail -20 || journalctl --user -n 20 --no-pager 2>/dev/null | tail -20 || true; echo '=== end ==='
  |       |-head,124997 -40
  |       `-pstree,124996 -plau 124877
  |-{hermes},124890
  |-{hermes},124891
  |-{hermes},124894
  |-{hermes},124895
  |-{hermes},124897
  |-{hermes},124910
  `-{hermes},124944
--- /proc/loadavg ---
0.02 0.03 0.00 1/244 124998
--- recent dmesg (oom/killed) ---
=== end ===
=== shutdown diagnostic @ SIGTERM ===
--- date ---
2026-09-09T19:00:24Z
--- ps auxf (top 60 by cpu) ---
USER         PID %CPU %MEM    VSZ   RSS TTY      STAT START   TIME COMMAND
root           2  0.0  0.0      0     0 ?        S    Sep03   0:00 [kthreadd]
root      124319  0.0  0.0      0     0 ?        I    18:31   0:00  \_ [kworker/1:3-events]
root      122319  0.0  0.0      0     0 ?        I    17:52   0:00  \_ [kworker/u4:4-events_unbound]
root      123163  0.0  0.0      0     0 ?        I    18:10   0:00  \_ [kworker/0:2-events]
root           1  0.0  0.0  22560 14064 ?        Ss   Sep03   0:30 /usr/lib/systemd/systemd --system --deserialize=75 vultr
hermes    125023 97.0  0.7 130716 115492 ?       Ss   19:00   0:00 /home/hermes/.local/share/uv/tools/hermes-agent/bin/python -m hermes_cli.main gateway run --replace
--- pstree of self ---
hermes,124990,hermes -m hermes_cli.main gateway run --replace
  |-timeout,125027 5 bash -c echo '=== shutdown diagnostic @ SIGTERM ==='; echo '--- date ---'; date -u +%Y-%m-%dT%H:%M:%SZ; echo '--- ps auxf (top 60 by cpu) ---'; ps auxf --sort=-pcpu 2>/dev/null | head -60; echo '--- pstree of self ---'; pstree -plau 124990 2>/dev/null | head -40 || true; echo '--- /proc/loadavg ---'; cat /proc/loadavg 2>/dev/null || true; echo '--- recent dmesg (oom/killed) ---'; dmesg -T 2>/dev/null | tail -20 || journalctl --user -n 20 --no-pager 2>/dev/null | tail -20 || true; echo '=== end ==='
  |   `-bash,125028 -c echo '=== shutdown diagnostic @ SIGTERM ==='; echo '--- date ---'; date -u +%Y-%m-%dT%H:%M:%SZ; echo '--- ps auxf (top 60 by cpu) ---'; ps auxf --sort=-pcpu 2>/dev/null | head -60; echo '--- pstree of self ---'; pstree -plau 124990 2>/dev/null | head -40 || true; echo '--- /proc/loadavg ---'; cat /proc/loadavg 2>/dev/null || true; echo '--- recent dmesg (oom/killed) ---'; dmesg -T 2>/dev/null | tail -20 || journalctl --user -n 20 --no-pager 2>/dev/null | tail -20 || true; echo '=== end ==='
  |       |-head,125033 -40
  |       `-pstree,125032 -plau 124990
  |-{hermes},125003
  |-{hermes},125004
  |-{hermes},125006
  |-{hermes},125007
  `-{hermes},125009
--- /proc/loadavg ---
0.07 0.03 0.00 1/243 125034
--- recent dmesg (oom/killed) ---
=== end ===
=== shutdown diagnostic @ SIGTERM ===
--- date ---
2026-09-09T19:05:27Z
--- ps auxf (top 60 by cpu) ---
USER         PID %CPU %MEM    VSZ   RSS TTY      STAT START   TIME COMMAND
root           2  0.0  0.0      0     0 ?        S    Sep03   0:00 [kthreadd]
root      124319  0.0  0.0      0     0 ?        I    18:31   0:00  \_ [kworker/1:3-events]
root      122319  0.0  0.0      0     0 ?        I    17:52   0:00  \_ [kworker/u4:4-flush-253:0]
root      123163  0.0  0.0      0     0 ?        I    18:10   0:00  \_ [kworker/0:2-events]
root      124987  0.0  0.0      0     0 ?        I    18:55   0:00  \_ [kworker/u4:0-flush-253:0]
root           1  0.0  0.0  22560 14064 ?        Ss   Sep03   0:30 /usr/lib/systemd/systemd --system --deserialize=75 vultr
hermes    125023  0.6  0.8 521652 136744 ?       Ssl  19:00   0:02 /home/hermes/.local/share/uv/tools/hermes-agent/bin/python -m hermes_cli.main gateway run --replace
hermes    125057  0.0  0.0   5692  2132 ?        Ss   19:05   0:00  \_ timeout 5 bash -c echo '=== shutdown diagnostic @ SIGTERM ==='; echo '--- date ---'; date -u +%Y-%m-%dT%H:%M:%SZ; echo '--- ps auxf (top 60 by cpu) ---'; ps auxf --sort=-pcpu 2>/dev/null | head -60; echo '--- pstree of self ---'; pstree -plau 125023 2>/dev/null | head -40 || true; echo '--- /proc/loadavg ---'; cat /proc/loadavg 2>/dev/null || true; echo '--- recent dmesg (oom/killed) ---'; dmesg -T 2>/dev/null | tail -20 || journalctl --user -n 20 --no-pager 2>/dev/null | tail -20 || true; echo '=== end ==='
hermes    125058  0.0  0.0   7340  3744 ?        S    19:05   0:00      \_ bash -c echo '=== shutdown diagnostic @ SIGTERM ==='; echo '--- date ---'; date -u +%Y-%m-%dT%H:%M:%SZ; echo '--- ps auxf (top 60 by cpu) ---'; ps auxf --sort=-pcpu 2>/dev/null | head -60; echo '--- pstree of self ---'; pstree -plau 125023 2>/dev/null | head -40 || true; echo '--- /proc/loadavg ---'; cat /proc/loadavg 2>/dev/null || true; echo '--- recent dmesg (oom/killed) ---'; dmesg -T 2>/dev/null | tail -20 || journalctl --user -n 20 --no-pager 2>/dev/null | tail -20 || true; echo '=== end ==='
hermes    125060  0.0  0.0  10888  4644 ?        R    19:05   0:00          \_ ps auxf --sort=-pcpu
hermes    125061  0.0  0.0   5696  2080 ?        S    19:05   0:00          \_ head -60
--- pstree of self ---
hermes,125023,hermes -m hermes_cli.main gateway run --replace
  |-timeout,125057 5 bash -c echo '=== shutdown diagnostic @ SIGTERM ==='; echo '--- date ---'; date -u +%Y-%m-%dT%H:%M:%SZ; echo '--- ps auxf (top 60 by cpu) ---'; ps auxf --sort=-pcpu 2>/dev/null | head -60; echo '--- pstree of self ---'; pstree -plau 125023 2>/dev/null | head -40 || true; echo '--- /proc/loadavg ---'; cat /proc/loadavg 2>/dev/null || true; echo '--- recent dmesg (oom/killed) ---'; dmesg -T 2>/dev/null | tail -20 || journalctl --user -n 20 --no-pager 2>/dev/null | tail -20 || true; echo '=== end ==='
  |   `-bash,125058 -c echo '=== shutdown diagnostic @ SIGTERM ==='; echo '--- date ---'; date -u +%Y-%m-%dT%H:%M:%SZ; echo '--- ps auxf (top 60 by cpu) ---'; ps auxf --sort=-pcpu 2>/dev/null | head -60; echo '--- pstree of self ---'; pstree -plau 125023 2>/dev/null | head -40 || true; echo '--- /proc/loadavg ---'; cat /proc/loadavg 2>/dev/null || true; echo '--- recent dmesg (oom/killed) ---'; dmesg -T 2>/dev/null | tail -20 || journalctl --user -n 20 --no-pager 2>/dev/null | tail -20 || true; echo '=== end ==='
  |       |-head,125063 -40
  |       `-pstree,125062 -plau 125023
  |-{hermes},125039
  |-{hermes},125040
  |-{hermes},125043
  |-{hermes},125044
  `-{hermes},125046
--- /proc/loadavg ---
0.09 0.06 0.01 1/245 125064
--- recent dmesg (oom/killed) ---
=== end ===
=== shutdown diagnostic @ SIGTERM ===
--- date ---
2026-09-09T19:10:28Z
--- ps auxf (top 60 by cpu) ---
USER         PID %CPU %MEM    VSZ   RSS TTY      STAT START   TIME COMMAND
root           2  0.0  0.0      0     0 ?        S    Sep03   0:00 [kthreadd]
root      124319  0.0  0.0      0     0 ?        I    18:31   0:00  \_ [kworker/1:3-mm_percpu_wq]
root      123163  0.0  0.0      0     0 ?        I    18:10   0:00  \_ [kworker/0:2-events]
root           1  0.0  0.0  22560 14064 ?        Ss   Sep03   0:30 /usr/lib/systemd/systemd --system --deserialize=75 vultr
hermes    125108 96.9  0.7 130724 115456 ?       Ss   19:10   0:00 /home/hermes/.local/share/uv/tools/hermes-agent/bin/python -m hermes_cli.main gateway run --replace
--- pstree of self ---
hermes,125056,hermes -m hermes_cli.main gateway run --replace
  |-timeout,125109 5 bash -c echo '=== shutdown diagnostic @ SIGTERM ==='; echo '--- date ---'; date -u +%Y-%m-%dT%H:%M:%SZ; echo '--- ps auxf (top 60 by cpu) ---'; ps auxf --sort=-pcpu 2>/dev/null | head -60; echo '--- pstree of self ---'; pstree -plau 125056 2>/dev/null | head -40 || true; echo '--- /proc/loadavg ---'; cat /proc/loadavg 2>/dev/null || true; echo '--- recent dmesg (oom/killed) ---'; dmesg -T 2>/dev/null | tail -20 || journalctl --user -n 20 --no-pager 2>/dev/null | tail -20 || true; echo '=== end ==='
  |   `-bash,125110 -c echo '=== shutdown diagnostic @ SIGTERM ==='; echo '--- date ---'; date -u +%Y-%m-%dT%H:%M:%SZ; echo '--- ps auxf (top 60 by cpu) ---'; ps auxf --sort=-pcpu 2>/dev/null | head -60; echo '--- pstree of self ---'; pstree -plau 125056 2>/dev/null | head -40 || true; echo '--- /proc/loadavg ---'; cat /proc/loadavg 2>/dev/null || true; echo '--- recent dmesg (oom/killed) ---'; dmesg -T 2>/dev/null | tail -20 || journalctl --user -n 20 --no-pager 2>/dev/null | tail -20 || true; echo '=== end ==='
  |       |-head,125115 -40
  |       `-pstree,125114 -plau 125056
  |-{hermes},125070
  |-{hermes},125071
  |-{hermes},125073
  |-{hermes},125074
  `-{hermes},125076
--- /proc/loadavg ---
0.00 0.02 0.00 1/251 125116
--- recent dmesg (oom/killed) ---
=== end ===
=== shutdown diagnostic @ SIGTERM ===
--- date ---
2026-09-09T19:15:30Z
--- ps auxf (top 60 by cpu) ---
USER         PID %CPU %MEM    VSZ   RSS TTY      STAT START   TIME COMMAND
root           2  0.0  0.0      0     0 ?        S    Sep03   0:00 [kthreadd]
root      124319  0.0  0.0      0     0 ?        I    18:31   0:00  \_ [kworker/1:3-events]
root      123163  0.0  0.0      0     0 ?        I    18:10   0:00  \_ [kworker/0:2-events]
root           1  0.0  0.0  22560 14064 ?        Ss   Sep03   0:30 /usr/lib/systemd/systemd --system --deserialize=75 vultr
hermes    125108  0.6  0.8 521660 136340 ?       Ssl  19:10   0:01 /home/hermes/.local/share/uv/tools/hermes-agent/bin/python -m hermes_cli.main gateway run --replace
hermes    125144  0.0  0.0   5692  2132 ?        Ss   19:15   0:00  \_ timeout 5 bash -c echo '=== shutdown diagnostic @ SIGTERM ==='; echo '--- date ---'; date -u +%Y-%m-%dT%H:%M:%SZ; echo '--- ps auxf (top 60 by cpu) ---'; ps auxf --sort=-pcpu 2>/dev/null | head -60; echo '--- pstree of self ---'; pstree -plau 125108 2>/dev/null | head -40 || true; echo '--- /proc/loadavg ---'; cat /proc/loadavg 2>/dev/null || true; echo '--- recent dmesg (oom/killed) ---'; dmesg -T 2>/dev/null | tail -20 || journalctl --user -n 20 --no-pager 2>/dev/null | tail -20 || true; echo '=== end ==='
hermes    125145  0.0  0.0   7340  3736 ?        S    19:15   0:00      \_ bash -c echo '=== shutdown diagnostic @ SIGTERM ==='; echo '--- date ---'; date -u +%Y-%m-%dT%H:%M:%SZ; echo '--- ps auxf (top 60 by cpu) ---'; ps auxf --sort=-pcpu 2>/dev/null | head -60; echo '--- pstree of self ---'; pstree -plau 125108 2>/dev/null | head -40 || true; echo '--- /proc/loadavg ---'; cat /proc/loadavg 2>/dev/null || true; echo '--- recent dmesg (oom/killed) ---'; dmesg -T 2>/dev/null | tail -20 || journalctl --user -n 20 --no-pager 2>/dev/null | tail -20 || true; echo '=== end ==='
hermes    125147  0.0  0.0  10888  4636 ?        R    19:15   0:00          \_ ps auxf --sort=-pcpu
hermes    125148  0.0  0.0   5696  2080 ?        S    19:15   0:00          \_ head -60
--- pstree of self ---
hermes,125108,hermes -m hermes_cli.main gateway run --replace
  |-timeout,125144 5 bash -c echo '=== shutdown diagnostic @ SIGTERM ==='; echo '--- date ---'; date -u +%Y-%m-%dT%H:%M:%SZ; echo '--- ps auxf (top 60 by cpu) ---'; ps auxf --sort=-pcpu 2>/dev/null | head -60; echo '--- pstree of self ---'; pstree -plau 125108 2>/dev/null | head -40 || true; echo '--- /proc/loadavg ---'; cat /proc/loadavg 2>/dev/null || true; echo '--- recent dmesg (oom/killed) ---'; dmesg -T 2>/dev/null | tail -20 || journalctl --user -n 20 --no-pager 2>/dev/null | tail -20 || true; echo '=== end ==='
  |   `-bash,125145 -c echo '=== shutdown diagnostic @ SIGTERM ==='; echo '--- date ---'; date -u +%Y-%m-%dT%H:%M:%SZ; echo '--- ps auxf (top 60 by cpu) ---'; ps auxf --sort=-pcpu 2>/dev/null | head -60; echo '--- pstree of self ---'; pstree -plau 125108 2>/dev/null | head -40 || true; echo '--- /proc/loadavg ---'; cat /proc/loadavg 2>/dev/null || true; echo '--- recent dmesg (oom/killed) ---'; dmesg -T 2>/dev/null | tail -20 || journalctl --user -n 20 --no-pager 2>/dev/null | tail -20 || true; echo '=== end ==='
  |       |-head,125150 -40
  |       `-pstree,125149 -plau 125108
  |-{hermes},125121
  |-{hermes},125122
  |-{hermes},125125
  |-{hermes},125126
  `-{hermes},125128
--- /proc/loadavg ---
0.00 0.00 0.00 1/246 125151
--- recent dmesg (oom/killed) ---
=== end ===
=== shutdown diagnostic @ SIGTERM ===
--- date ---
2026-09-09T19:20:36Z
--- ps auxf (top 60 by cpu) ---
USER         PID %CPU %MEM    VSZ   RSS TTY      STAT START   TIME COMMAND
root           2  0.0  0.0      0     0 ?        S    Sep03   0:00 [kthreadd]
root      124319  0.0  0.0      0     0 ?        I    18:31   0:00  \_ [kworker/1:3-events]
root      123163  0.0  0.0      0     0 ?        I    18:10   0:00  \_ [kworker/0:2-events]
root           1  0.0  0.0  22560 14064 ?        Ss   Sep03   0:30 /usr/lib/systemd/systemd --system --deserialize=75 vultr
hermes    125179 98.0  0.7 130732 115504 ?       Ss   19:20   0:00 /home/hermes/.local/share/uv/tools/hermes-agent/bin/python -m hermes_cli.main gateway run --replace
--- pstree of self ---
hermes,125143,hermes -m hermes_cli.main gateway run --replace
  |-timeout,125180 5 bash -c echo '=== shutdown diagnostic @ SIGTERM ==='; echo '--- date ---'; date -u +%Y-%m-%dT%H:%M:%SZ; echo '--- ps auxf (top 60 by cpu) ---'; ps auxf --sort=-pcpu 2>/dev/null | head -60; echo '--- pstree of self ---'; pstree -plau 125143 2>/dev/null | head -40 || true; echo '--- /proc/loadavg ---'; cat /proc/loadavg 2>/dev/null || true; echo '--- recent dmesg (oom/killed) ---'; dmesg -T 2>/dev/null | tail -20 || journalctl --user -n 20 --no-pager 2>/dev/null | tail -20 || true; echo '=== end ==='
  |   `-bash,125181 -c echo '=== shutdown diagnostic @ SIGTERM ==='; echo '--- date ---'; date -u +%Y-%m-%dT%H:%M:%SZ; echo '--- ps auxf (top 60 by cpu) ---'; ps auxf --sort=-pcpu 2>/dev/null | head -60; echo '--- pstree of self ---'; pstree -plau 125143 2>/dev/null | head -40 || true; echo '--- /proc/loadavg ---'; cat /proc/loadavg 2>/dev/null || true; echo '--- recent dmesg (oom/killed) ---'; dmesg -T 2>/dev/null | tail -20 || journalctl --user -n 20 --no-pager 2>/dev/null | tail -20 || true; echo '=== end ==='
  |       |-head,125186 -40
  |       `-pstree,125185 -plau 125143
  |-{hermes},125157
  |-{hermes},125158
  |-{hermes},125160
  |-{hermes},125161
  `-{hermes},125163
--- /proc/loadavg ---
0.08 0.02 0.01 1/248 125187
--- recent dmesg (oom/killed) ---
=== end ===
=== shutdown diagnostic @ SIGTERM ===
--- date ---
2026-09-09T19:25:38Z
--- ps auxf (top 60 by cpu) ---
USER         PID %CPU %MEM    VSZ   RSS TTY      STAT START   TIME COMMAND
root           2  0.0  0.0      0     0 ?        S    Sep03   0:00 [kthreadd]
root      124319  0.0  0.0      0     0 ?        I    18:31   0:00  \_ [kworker/1:3-events]
root      123163  0.0  0.0      0     0 ?        I    18:10   0:00  \_ [kworker/0:2-events]
root      124826  0.0  0.0      0     0 ?        I    18:40   0:00  \_ [kworker/u4:3-flush-253:0]
root           1  0.0  0.0  22560 14064 ?        Ss   Sep03   0:30 /usr/lib/systemd/systemd --system --deserialize=75 vultr
hermes    125179  1.1  1.1 476144 192724 ?       Ssl  19:20   0:03 /home/hermes/.local/share/uv/tools/hermes-agent/bin/python -m hermes_cli.main gateway run --replace
hermes    125208  0.0  0.0   5692  2128 ?        Ss   19:25   0:00  \_ timeout 5 bash -c echo '=== shutdown diagnostic @ SIGTERM ==='; echo '--- date ---'; date -u +%Y-%m-%dT%H:%M:%SZ; echo '--- ps auxf (top 60 by cpu) ---'; ps auxf --sort=-pcpu 2>/dev/null | head -60; echo '--- pstree of self ---'; pstree -plau 125179 2>/dev/null | head -40 || true; echo '--- /proc/loadavg ---'; cat /proc/loadavg 2>/dev/null || true; echo '--- recent dmesg (oom/killed) ---'; dmesg -T 2>/dev/null | tail -20 || journalctl --user -n 20 --no-pager 2>/dev/null | tail -20 || true; echo '=== end ==='
hermes    125209  0.0  0.0   7340  3736 ?        S    19:25   0:00      \_ bash -c echo '=== shutdown diagnostic @ SIGTERM ==='; echo '--- date ---'; date -u +%Y-%m-%dT%H:%M:%SZ; echo '--- ps auxf (top 60 by cpu) ---'; ps auxf --sort=-pcpu 2>/dev/null | head -60; echo '--- pstree of self ---'; pstree -plau 125179 2>/dev/null | head -40 || true; echo '--- /proc/loadavg ---'; cat /proc/loadavg 2>/dev/null || true; echo '--- recent dmesg (oom/killed) ---'; dmesg -T 2>/dev/null | tail -20 || journalctl --user -n 20 --no-pager 2>/dev/null | tail -20 || true; echo '=== end ==='
hermes    125211  0.0  0.0  10888  4644 ?        R    19:25   0:00          \_ ps auxf --sort=-pcpu
hermes    125212  0.0  0.0   5696  2080 ?        S    19:25   0:00          \_ head -60
--- pstree of self ---
hermes,125179,hermes -m hermes_cli.main gateway run --replace
  |-timeout,125208 5 bash -c echo '=== shutdown diagnostic @ SIGTERM ==='; echo '--- date ---'; date -u +%Y-%m-%dT%H:%M:%SZ; echo '--- ps auxf (top 60 by cpu) ---'; ps auxf --sort=-pcpu 2>/dev/null | head -60; echo '--- pstree of self ---'; pstree -plau 125179 2>/dev/null | head -40 || true; echo '--- /proc/loadavg ---'; cat /proc/loadavg 2>/dev/null || true; echo '--- recent dmesg (oom/killed) ---'; dmesg -T 2>/dev/null | tail -20 || journalctl --user -n 20 --no-pager 2>/dev/null | tail -20 || true; echo '=== end ==='
  |   `-bash,125209 -c echo '=== shutdown diagnostic @ SIGTERM ==='; echo '--- date ---'; date -u +%Y-%m-%dT%H:%M:%SZ; echo '--- ps auxf (top 60 by cpu) ---'; ps auxf --sort=-pcpu 2>/dev/null | head -60; echo '--- pstree of self ---'; pstree -plau 125179 2>/dev/null | head -40 || true; echo '--- /proc/loadavg ---'; cat /proc/loadavg 2>/dev/null || true; echo '--- recent dmesg (oom/killed) ---'; dmesg -T 2>/dev/null | tail -20 || journalctl --user -n 20 --no-pager 2>/dev/null | tail -20 || true; echo '=== end ==='
  |       |-head,125214 -40
  |       `-pstree,125213 -plau 125179
  |-{hermes},125192
  |-{hermes},125193
  |-{hermes},125196
  `-{hermes},125198
--- /proc/loadavg ---
0.08 0.02 0.01 1/245 125215
--- recent dmesg (oom/killed) ---
=== end ===
=== shutdown diagnostic @ SIGTERM ===
--- date ---
2026-09-09T19:30:49Z
--- ps auxf (top 60 by cpu) ---
USER         PID %CPU %MEM    VSZ   RSS TTY      STAT START   TIME COMMAND
root           2  0.0  0.0      0     0 ?        S    Sep03   0:00 [kthreadd]
root      125273  0.0  0.0      0     0 ?        I    19:28   0:00  \_ [kworker/u4:2-events_unbound]
root      124319  0.0  0.0      0     0 ?        I    18:31   0:00  \_ [kworker/1:3-events]
root      125199  0.0  0.0      0     0 ?        I    19:21   0:00  \_ [kworker/u4:0-events_power_efficient]
root      123163  0.0  0.0      0     0 ?        I    18:10   0:00  \_ [kworker/0:2-events]
root           1  0.0  0.0  22560 14064 ?        Ss   Sep03   0:30 /usr/lib/systemd/systemd --system --deserialize=75 vultr
hermes    125283 97.9  0.7 130732 115296 ?       Ss   19:30   0:00 /home/hermes/.local/share/uv/tools/hermes-agent/bin/python -m hermes_cli.main gateway run --replace
--- pstree of self ---
hermes,125207,hermes -m hermes_cli.main gateway run --replace
  |-timeout,125284 5 bash -c echo '=== shutdown diagnostic @ SIGTERM ==='; echo '--- date ---'; date -u +%Y-%m-%dT%H:%M:%SZ; echo '--- ps auxf (top 60 by cpu) ---'; ps auxf --sort=-pcpu 2>/dev/null | head -60; echo '--- pstree of self ---'; pstree -plau 125207 2>/dev/null | head -40 || true; echo '--- /proc/loadavg ---'; cat /proc/loadavg 2>/dev/null || true; echo '--- recent dmesg (oom/killed) ---'; dmesg -T 2>/dev/null | tail -20 || journalctl --user -n 20 --no-pager 2>/dev/null | tail -20 || true; echo '=== end ==='
  |   `-bash,125285 -c echo '=== shutdown diagnostic @ SIGTERM ==='; echo '--- date ---'; date -u +%Y-%m-%dT%H:%M:%SZ; echo '--- ps auxf (top 60 by cpu) ---'; ps auxf --sort=-pcpu 2>/dev/null | head -60; echo '--- pstree of self ---'; pstree -plau 125207 2>/dev/null | head -40 || true; echo '--- /proc/loadavg ---'; cat /proc/loadavg 2>/dev/null || true; echo '--- recent dmesg (oom/killed) ---'; dmesg -T 2>/dev/null | tail -20 || journalctl --user -n 20 --no-pager 2>/dev/null | tail -20 || true; echo '=== end ==='
  |       |-head,125290 -40
  |       `-pstree,125289 -plau 125207
  |-{hermes},125225
  |-{hermes},125226
  |-{hermes},125228
  |-{hermes},125230
  |-{hermes},125234
  `-{hermes},125240
--- /proc/loadavg ---
0.00 0.01 0.00 1/249 125291
--- recent dmesg (oom/killed) ---
=== end ===
=== shutdown diagnostic @ SIGTERM ===
--- date ---
2026-09-09T19:35:52Z
--- ps auxf (top 60 by cpu) ---
USER         PID %CPU %MEM    VSZ   RSS TTY      STAT START   TIME COMMAND
root           2  0.0  0.0      0     0 ?        S    Sep03   0:00 [kthreadd]
root      124319  0.0  0.0      0     0 ?        I    18:31   0:00  \_ [kworker/1:3-events]
root      123163  0.0  0.0      0     0 ?        I    18:10   0:00  \_ [kworker/0:2-events]
root           1  0.0  0.0  22560 14064 ?        Ss   Sep03   0:30 /usr/lib/systemd/systemd --system --deserialize=75 vultr
hermes    125283  0.6  0.8 521668 136256 ?       Ssl  19:30   0:01 /home/hermes/.local/share/uv/tools/hermes-agent/bin/python -m hermes_cli.main gateway run --replace
hermes    125318  0.0  0.0   5692  2128 ?        Ss   19:35   0:00  \_ timeout 5 bash -c echo '=== shutdown diagnostic @ SIGTERM ==='; echo '--- date ---'; date -u +%Y-%m-%dT%H:%M:%SZ; echo '--- ps auxf (top 60 by cpu) ---'; ps auxf --sort=-pcpu 2>/dev/null | head -60; echo '--- pstree of self ---'; pstree -plau 125283 2>/dev/null | head -40 || true; echo '--- /proc/loadavg ---'; cat /proc/loadavg 2>/dev/null || true; echo '--- recent dmesg (oom/killed) ---'; dmesg -T 2>/dev/null | tail -20 || journalctl --user -n 20 --no-pager 2>/dev/null | tail -20 || true; echo '=== end ==='
hermes    125319  0.0  0.0   7340  3712 ?        S    19:35   0:00      \_ bash -c echo '=== shutdown diagnostic @ SIGTERM ==='; echo '--- date ---'; date -u +%Y-%m-%dT%H:%M:%SZ; echo '--- ps auxf (top 60 by cpu) ---'; ps auxf --sort=-pcpu 2>/dev/null | head -60; echo '--- pstree of self ---'; pstree -plau 125283 2>/dev/null | head -40 || true; echo '--- /proc/loadavg ---'; cat /proc/loadavg 2>/dev/null || true; echo '--- recent dmesg (oom/killed) ---'; dmesg -T 2>/dev/null | tail -20 || journalctl --user -n 20 --no-pager 2>/dev/null | tail -20 || true; echo '=== end ==='
hermes    125321  0.0  0.0  10888  4644 ?        R    19:35   0:00          \_ ps auxf --sort=-pcpu
hermes    125322  0.0  0.0   5696  2084 ?        S    19:35   0:00          \_ head -60
--- pstree of self ---
hermes,125283,hermes -m hermes_cli.main gateway run --replace
  |-timeout,125318 5 bash -c echo '=== shutdown diagnostic @ SIGTERM ==='; echo '--- date ---'; date -u +%Y-%m-%dT%H:%M:%SZ; echo '--- ps auxf (top 60 by cpu) ---'; ps auxf --sort=-pcpu 2>/dev/null | head -60; echo '--- pstree of self ---'; pstree -plau 125283 2>/dev/null | head -40 || true; echo '--- /proc/loadavg ---'; cat /proc/loadavg 2>/dev/null || true; echo '--- recent dmesg (oom/killed) ---'; dmesg -T 2>/dev/null | tail -20 || journalctl --user -n 20 --no-pager 2>/dev/null | tail -20 || true; echo '=== end ==='
  |   `-bash,125319 -c echo '=== shutdown diagnostic @ SIGTERM ==='; echo '--- date ---'; date -u +%Y-%m-%dT%H:%M:%SZ; echo '--- ps auxf (top 60 by cpu) ---'; ps auxf --sort=-pcpu 2>/dev/null | head -60; echo '--- pstree of self ---'; pstree -plau 125283 2>/dev/null | head -40 || true; echo '--- /proc/loadavg ---'; cat /proc/loadavg 2>/dev/null || true; echo '--- recent dmesg (oom/killed) ---'; dmesg -T 2>/dev/null | tail -20 || journalctl --user -n 20 --no-pager 2>/dev/null | tail -20 || true; echo '=== end ==='
  |       |-head,125324 -40
  |       `-pstree,125323 -plau 125283
  |-{hermes},125296
  |-{hermes},125297
  |-{hermes},125300
  |-{hermes},125301
  `-{hermes},125303
--- /proc/loadavg ---
0.00 0.00 0.00 1/246 125325
--- recent dmesg (oom/killed) ---
=== end ===
=== shutdown diagnostic @ SIGTERM ===
--- date ---
2026-09-09T19:40:54Z
--- ps auxf (top 60 by cpu) ---
USER         PID %CPU %MEM    VSZ   RSS TTY      STAT START   TIME COMMAND
root           2  0.0  0.0      0     0 ?        S    Sep03   0:00 [kthreadd]
root      124319  0.0  0.0      0     0 ?        I    18:31   0:00  \_ [kworker/1:3-events]
root      123163  0.0  0.0      0     0 ?        I    18:10   0:00  \_ [kworker/0:2-events]
root           1  0.0  0.0  22560 14064 ?        Ss   Sep03   0:30 /usr/lib/systemd/systemd --system --deserialize=75 vultr
hermes    125346 97.9  0.7 130712 115304 ?       Ss   19:40   0:00 /home/hermes/.local/share/uv/tools/hermes-agent/bin/python -m hermes_cli.main gateway run --replace
--- pstree of self ---
hermes,125317,hermes -m hermes_cli.main gateway run --replace
  |-timeout,125347 5 bash -c echo '=== shutdown diagnostic @ SIGTERM ==='; echo '--- date ---'; date -u +%Y-%m-%dT%H:%M:%SZ; echo '--- ps auxf (top 60 by cpu) ---'; ps auxf --sort=-pcpu 2>/dev/null | head -60; echo '--- pstree of self ---'; pstree -plau 125317 2>/dev/null | head -40 || true; echo '--- /proc/loadavg ---'; cat /proc/loadavg 2>/dev/null || true; echo '--- recent dmesg (oom/killed) ---'; dmesg -T 2>/dev/null | tail -20 || journalctl --user -n 20 --no-pager 2>/dev/null | tail -20 || true; echo '=== end ==='
  |   `-bash,125348 -c echo '=== shutdown diagnostic @ SIGTERM ==='; echo '--- date ---'; date -u +%Y-%m-%dT%H:%M:%SZ; echo '--- ps auxf (top 60 by cpu) ---'; ps auxf --sort=-pcpu 2>/dev/null | head -60; echo '--- pstree of self ---'; pstree -plau 125317 2>/dev/null | head -40 || true; echo '--- /proc/loadavg ---'; cat /proc/loadavg 2>/dev/null || true; echo '--- recent dmesg (oom/killed) ---'; dmesg -T 2>/dev/null | tail -20 || journalctl --user -n 20 --no-pager 2>/dev/null | tail -20 || true; echo '=== end ==='
  |       |-head,125353 -40
  |       `-pstree,125352 -plau 125317
  |-{hermes},125331
  |-{hermes},125332
  |-{hermes},125334
  |-{hermes},125335
  `-{hermes},125337
--- /proc/loadavg ---
0.00 0.00 0.00 1/248 125354
--- recent dmesg (oom/killed) ---
=== end ===
=== shutdown diagnostic @ SIGTERM ===
--- date ---
2026-09-09T19:45:56Z
--- ps auxf (top 60 by cpu) ---
USER         PID %CPU %MEM    VSZ   RSS TTY      STAT START   TIME COMMAND
root           2  0.0  0.0      0     0 ?        S    Sep03   0:00 [kthreadd]
root      125367  0.0  0.0      0     0 ?        I    19:40   0:00  \_ [kworker/u4:4-events_power_efficient]
root      124319  0.0  0.0      0     0 ?        I    18:31   0:00  \_ [kworker/1:3-events]
root      123163  0.0  0.0      0     0 ?        I    18:10   0:00  \_ [kworker/0:2-events]
root           1  0.0  0.0  22560 14064 ?        Ss   Sep03   0:30 /usr/lib/systemd/systemd --system --deserialize=75 vultr
hermes    125346  0.6  0.8 521648 136264 ?       Ssl  19:40   0:01 /home/hermes/.local/share/uv/tools/hermes-agent/bin/python -m hermes_cli.main gateway run --replace
hermes    125379  0.0  0.0   5692  2132 ?        Ss   19:45   0:00  \_ timeout 5 bash -c echo '=== shutdown diagnostic @ SIGTERM ==='; echo '--- date ---'; date -u +%Y-%m-%dT%H:%M:%SZ; echo '--- ps auxf (top 60 by cpu) ---'; ps auxf --sort=-pcpu 2>/dev/null | head -60; echo '--- pstree of self ---'; pstree -plau 125346 2>/dev/null | head -40 || true; echo '--- /proc/loadavg ---'; cat /proc/loadavg 2>/dev/null || true; echo '--- recent dmesg (oom/killed) ---'; dmesg -T 2>/dev/null | tail -20 || journalctl --user -n 20 --no-pager 2>/dev/null | tail -20 || true; echo '=== end ==='
hermes    125380  0.0  0.0   7340  3776 ?        S    19:45   0:00      \_ bash -c echo '=== shutdown diagnostic @ SIGTERM ==='; echo '--- date ---'; date -u +%Y-%m-%dT%H:%M:%SZ; echo '--- ps auxf (top 60 by cpu) ---'; ps auxf --sort=-pcpu 2>/dev/null | head -60; echo '--- pstree of self ---'; pstree -plau 125346 2>/dev/null | head -40 || true; echo '--- /proc/loadavg ---'; cat /proc/loadavg 2>/dev/null || true; echo '--- recent dmesg (oom/killed) ---'; dmesg -T 2>/dev/null | tail -20 || journalctl --user -n 20 --no-pager 2>/dev/null | tail -20 || true; echo '=== end ==='
hermes    125382  0.0  0.0  10888  4628 ?        R    19:45   0:00          \_ ps auxf --sort=-pcpu
hermes    125383  0.0  0.0   5696  2084 ?        S    19:45   0:00          \_ head -60
--- pstree of self ---
hermes,125346,hermes -m hermes_cli.main gateway run --replace
  |-timeout,125379 5 bash -c echo '=== shutdown diagnostic @ SIGTERM ==='; echo '--- date ---'; date -u +%Y-%m-%dT%H:%M:%SZ; echo '--- ps auxf (top 60 by cpu) ---'; ps auxf --sort=-pcpu 2>/dev/null | head -60; echo '--- pstree of self ---'; pstree -plau 125346 2>/dev/null | head -40 || true; echo '--- /proc/loadavg ---'; cat /proc/loadavg 2>/dev/null || true; echo '--- recent dmesg (oom/killed) ---'; dmesg -T 2>/dev/null | tail -20 || journalctl --user -n 20 --no-pager 2>/dev/null | tail -20 || true; echo '=== end ==='
  |   `-bash,125380 -c echo '=== shutdown diagnostic @ SIGTERM ==='; echo '--- date ---'; date -u +%Y-%m-%dT%H:%M:%SZ; echo '--- ps auxf (top 60 by cpu) ---'; ps auxf --sort=-pcpu 2>/dev/null | head -60; echo '--- pstree of self ---'; pstree -plau 125346 2>/dev/null | head -40 || true; echo '--- /proc/loadavg ---'; cat /proc/loadavg 2>/dev/null || true; echo '--- recent dmesg (oom/killed) ---'; dmesg -T 2>/dev/null | tail -20 || journalctl --user -n 20 --no-pager 2>/dev/null | tail -20 || true; echo '=== end ==='
  |       |-head,125385 -40
  |       `-pstree,125384 -plau 125346
  |-{hermes},125359
  |-{hermes},125360
  |-{hermes},125363
  |-{hermes},125364
  `-{hermes},125366
--- /proc/loadavg ---
0.00 0.00 0.00 1/249 125386
--- recent dmesg (oom/killed) ---
=== end ===
=== shutdown diagnostic @ SIGTERM ===
--- date ---
2026-09-09T19:50:57Z
--- ps auxf (top 60 by cpu) ---
USER         PID %CPU %MEM    VSZ   RSS TTY      STAT START   TIME COMMAND
root           2  0.0  0.0      0     0 ?        S    Sep03   0:00 [kthreadd]
root      125407  0.0  0.0      0     0 ?        I    19:50   0:00  \_ [kworker/u4:2-events_power_efficient]
root      124319  0.0  0.0      0     0 ?        I    18:31   0:00  \_ [kworker/1:3-events]
root      123163  0.0  0.0      0     0 ?        I    18:10   0:00  \_ [kworker/0:2-events]
root      125367  0.0  0.0      0     0 ?        I    19:40   0:00  \_ [kworker/u4:4-events_unbound]
root           1  0.0  0.0  22560 14064 ?        Ss   Sep03   0:30 /usr/lib/systemd/systemd --system --deserialize=75 vultr
hermes    125410 96.9  0.7 130720 115324 ?       Ss   19:50   0:00 /home/hermes/.local/share/uv/tools/hermes-agent/bin/python -m hermes_cli.main gateway run --replace
--- pstree of self ---
hermes,125378,hermes -m hermes_cli.main gateway run --replace
  |-timeout,125411 5 bash -c echo '=== shutdown diagnostic @ SIGTERM ==='; echo '--- date ---'; date -u +%Y-%m-%dT%H:%M:%SZ; echo '--- ps auxf (top 60 by cpu) ---'; ps auxf --sort=-pcpu 2>/dev/null | head -60; echo '--- pstree of self ---'; pstree -plau 125378 2>/dev/null | head -40 || true; echo '--- /proc/loadavg ---'; cat /proc/loadavg 2>/dev/null || true; echo '--- recent dmesg (oom/killed) ---'; dmesg -T 2>/dev/null | tail -20 || journalctl --user -n 20 --no-pager 2>/dev/null | tail -20 || true; echo '=== end ==='
  |   `-bash,125412 -c echo '=== shutdown diagnostic @ SIGTERM ==='; echo '--- date ---'; date -u +%Y-%m-%dT%H:%M:%SZ; echo '--- ps auxf (top 60 by cpu) ---'; ps auxf --sort=-pcpu 2>/dev/null | head -60; echo '--- pstree of self ---'; pstree -plau 125378 2>/dev/null | head -40 || true; echo '--- /proc/loadavg ---'; cat /proc/loadavg 2>/dev/null || true; echo '--- recent dmesg (oom/killed) ---'; dmesg -T 2>/dev/null | tail -20 || journalctl --user -n 20 --no-pager 2>/dev/null | tail -20 || true; echo '=== end ==='
  |       |-head,125417 -40
  |       `-pstree,125416 -plau 125378
  |-{hermes},125392
  |-{hermes},125393
  |-{hermes},125395
  |-{hermes},125396
  `-{hermes},125398
--- /proc/loadavg ---
0.00 0.00 0.00 1/249 125418
--- recent dmesg (oom/killed) ---
=== end ===
=== shutdown diagnostic @ SIGTERM ===
--- date ---
2026-09-09T19:55:59Z
--- ps auxf (top 60 by cpu) ---
USER         PID %CPU %MEM    VSZ   RSS TTY      STAT START   TIME COMMAND
root           2  0.0  0.0      0     0 ?        S    Sep03   0:00 [kthreadd]
root      124319  0.0  0.0      0     0 ?        I    18:31   0:00  \_ [kworker/1:3-events]
root      125367  0.0  0.0      0     0 ?        I    19:40   0:00  \_ [kworker/u4:4-flush-253:0]
root      123163  0.0  0.0      0     0 ?        I    18:10   0:00  \_ [kworker/0:2-events]
root      125407  0.0  0.0      0     0 ?        I    19:50   0:00  \_ [kworker/u4:2-flush-253:0]
root           1  0.0  0.0  22560 14064 ?        Ss   Sep03   0:30 /usr/lib/systemd/systemd --system --deserialize=75 vultr
hermes    125410  0.6  0.8 521656 136656 ?       Ssl  19:50   0:01 /home/hermes/.local/share/uv/tools/hermes-agent/bin/python -m hermes_cli.main gateway run --replace
hermes    125439  0.0  0.0   5692  2132 ?        Ss   19:55   0:00  \_ timeout 5 bash -c echo '=== shutdown diagnostic @ SIGTERM ==='; echo '--- date ---'; date -u +%Y-%m-%dT%H:%M:%SZ; echo '--- ps auxf (top 60 by cpu) ---'; ps auxf --sort=-pcpu 2>/dev/null | head -60; echo '--- pstree of self ---'; pstree -plau 125410 2>/dev/null | head -40 || true; echo '--- /proc/loadavg ---'; cat /proc/loadavg 2>/dev/null || true; echo '--- recent dmesg (oom/killed) ---'; dmesg -T 2>/dev/null | tail -20 || journalctl --user -n 20 --no-pager 2>/dev/null | tail -20 || true; echo '=== end ==='
hermes    125440  0.0  0.0   7340  3744 ?        S    19:55   0:00      \_ bash -c echo '=== shutdown diagnostic @ SIGTERM ==='; echo '--- date ---'; date -u +%Y-%m-%dT%H:%M:%SZ; echo '--- ps auxf (top 60 by cpu) ---'; ps auxf --sort=-pcpu 2>/dev/null | head -60; echo '--- pstree of self ---'; pstree -plau 125410 2>/dev/null | head -40 || true; echo '--- /proc/loadavg ---'; cat /proc/loadavg 2>/dev/null || true; echo '--- recent dmesg (oom/killed) ---'; dmesg -T 2>/dev/null | tail -20 || journalctl --user -n 20 --no-pager 2>/dev/null | tail -20 || true; echo '=== end ==='
hermes    125442  0.0  0.0  10888  4636 ?        R    19:55   0:00          \_ ps auxf --sort=-pcpu
hermes    125443  0.0  0.0   5696  2080 ?        S    19:55   0:00          \_ head -60
--- pstree of self ---
hermes,125410,hermes -m hermes_cli.main gateway run --replace
  |-timeout,125439 5 bash -c echo '=== shutdown diagnostic @ SIGTERM ==='; echo '--- date ---'; date -u +%Y-%m-%dT%H:%M:%SZ; echo '--- ps auxf (top 60 by cpu) ---'; ps auxf --sort=-pcpu 2>/dev/null | head -60; echo '--- pstree of self ---'; pstree -plau 125410 2>/dev/null | head -40 || true; echo '--- /proc/loadavg ---'; cat /proc/loadavg 2>/dev/null || true; echo '--- recent dmesg (oom/killed) ---'; dmesg -T 2>/dev/null | tail -20 || journalctl --user -n 20 --no-pager 2>/dev/null | tail -20 || true; echo '=== end ==='
  |   `-bash,125440 -c echo '=== shutdown diagnostic @ SIGTERM ==='; echo '--- date ---'; date -u +%Y-%m-%dT%H:%M:%SZ; echo '--- ps auxf (top 60 by cpu) ---'; ps auxf --sort=-pcpu 2>/dev/null | head -60; echo '--- pstree of self ---'; pstree -plau 125410 2>/dev/null | head -40 || true; echo '--- /proc/loadavg ---'; cat /proc/loadavg 2>/dev/null || true; echo '--- recent dmesg (oom/killed) ---'; dmesg -T 2>/dev/null | tail -20 || journalctl --user -n 20 --no-pager 2>/dev/null | tail -20 || true; echo '=== end ==='
  |       |-head,125445 -40
  |       `-pstree,125444 -plau 125410
  |-{hermes},125423
  |-{hermes},125424
  |-{hermes},125427
  |-{hermes},125428
  `-{hermes},125430
--- /proc/loadavg ---
0.00 0.00 0.00 1/245 125446
--- recent dmesg (oom/killed) ---
=== end ===
=== shutdown diagnostic @ SIGTERM ===
--- date ---
2026-09-09T20:01:02Z
--- ps auxf (top 60 by cpu) ---
USER         PID %CPU %MEM    VSZ   RSS TTY      STAT START   TIME COMMAND
root           2  0.0  0.0      0     0 ?        S    Sep03   0:00 [kthreadd]
root      124319  0.0  0.0      0     0 ?        I    18:31   0:00  \_ [kworker/1:3-events]
root      125367  0.0  0.0      0     0 ?        I    19:40   0:00  \_ [kworker/u4:4-flush-253:0]
root      123163  0.0  0.0      0     0 ?        I    18:10   0:00  \_ [kworker/0:2-events]
root           1  0.0  0.0  22560 14064 ?        Ss   Sep03   0:30 /usr/lib/systemd/systemd --system --deserialize=75 vultr
hermes    125468 96.9  0.7 130728 115484 ?       Ss   20:01   0:00 /home/hermes/.local/share/uv/tools/hermes-agent/bin/python -m hermes_cli.main gateway run --replace
--- pstree of self ---
hermes,125438,hermes -m hermes_cli.main gateway run --replace
  |-timeout,125469 5 bash -c echo '=== shutdown diagnostic @ SIGTERM ==='; echo '--- date ---'; date -u +%Y-%m-%dT%H:%M:%SZ; echo '--- ps auxf (top 60 by cpu) ---'; ps auxf --sort=-pcpu 2>/dev/null | head -60; echo '--- pstree of self ---'; pstree -plau 125438 2>/dev/null | head -40 || true; echo '--- /proc/loadavg ---'; cat /proc/loadavg 2>/dev/null || true; echo '--- recent dmesg (oom/killed) ---'; dmesg -T 2>/dev/null | tail -20 || journalctl --user -n 20 --no-pager 2>/dev/null | tail -20 || true; echo '=== end ==='
  |   `-bash,125470 -c echo '=== shutdown diagnostic @ SIGTERM ==='; echo '--- date ---'; date -u +%Y-%m-%dT%H:%M:%SZ; echo '--- ps auxf (top 60 by cpu) ---'; ps auxf --sort=-pcpu 2>/dev/null | head -60; echo '--- pstree of self ---'; pstree -plau 125438 2>/dev/null | head -40 || true; echo '--- /proc/loadavg ---'; cat /proc/loadavg 2>/dev/null || true; echo '--- recent dmesg (oom/killed) ---'; dmesg -T 2>/dev/null | tail -20 || journalctl --user -n 20 --no-pager 2>/dev/null | tail -20 || true; echo '=== end ==='
  |       |-head,125475 -40
  |       `-pstree,125474 -plau 125438
  |-{hermes},125452
  |-{hermes},125453
  |-{hermes},125455
  |-{hermes},125456
  `-{hermes},125458
--- /proc/loadavg ---
0.08 0.02 0.01 1/248 125476
--- recent dmesg (oom/killed) ---
=== end ===
=== shutdown diagnostic @ SIGTERM ===
--- date ---
2026-09-09T20:06:04Z
--- ps auxf (top 60 by cpu) ---
USER         PID %CPU %MEM    VSZ   RSS TTY      STAT START   TIME COMMAND
root           2  0.0  0.0      0     0 ?        S    Sep03   0:00 [kthreadd]
root      124319  0.0  0.0      0     0 ?        I    18:31   0:00  \_ [kworker/1:3-events]
root      125367  0.0  0.0      0     0 ?        I    19:40   0:00  \_ [kworker/u4:4-flush-253:0]
root      123163  0.0  0.0      0     0 ?        I    18:10   0:00  \_ [kworker/0:2-events]
root           1  0.0  0.0  22560 14064 ?        Ss   Sep03   0:30 /usr/lib/systemd/systemd --system --deserialize=75 vultr
hermes    125468  0.6  0.8 447916 136376 ?       Ssl  20:01   0:01 /home/hermes/.local/share/uv/tools/hermes-agent/bin/python -m hermes_cli.main gateway run --replace
hermes    125497  0.0  0.0   5692  2132 ?        Ss   20:06   0:00  \_ timeout 5 bash -c echo '=== shutdown diagnostic @ SIGTERM ==='; echo '--- date ---'; date -u +%Y-%m-%dT%H:%M:%SZ; echo '--- ps auxf (top 60 by cpu) ---'; ps auxf --sort=-pcpu 2>/dev/null | head -60; echo '--- pstree of self ---'; pstree -plau 125468 2>/dev/null | head -40 || true; echo '--- /proc/loadavg ---'; cat /proc/loadavg 2>/dev/null || true; echo '--- recent dmesg (oom/killed) ---'; dmesg -T 2>/dev/null | tail -20 || journalctl --user -n 20 --no-pager 2>/dev/null | tail -20 || true; echo '=== end ==='
hermes    125498  0.0  0.0   7340  3744 ?        S    20:06   0:00      \_ bash -c echo '=== shutdown diagnostic @ SIGTERM ==='; echo '--- date ---'; date -u +%Y-%m-%dT%H:%M:%SZ; echo '--- ps auxf (top 60 by cpu) ---'; ps auxf --sort=-pcpu 2>/dev/null | head -60; echo '--- pstree of self ---'; pstree -plau 125468 2>/dev/null | head -40 || true; echo '--- /proc/loadavg ---'; cat /proc/loadavg 2>/dev/null || true; echo '--- recent dmesg (oom/killed) ---'; dmesg -T 2>/dev/null | tail -20 || journalctl --user -n 20 --no-pager 2>/dev/null | tail -20 || true; echo '=== end ==='
hermes    125500  0.0  0.0  10888  4644 ?        R    20:06   0:00          \_ ps auxf --sort=-pcpu
hermes    125501  0.0  0.0   5696  2084 ?        S    20:06   0:00          \_ head -60
--- pstree of self ---
hermes,125468,hermes -m hermes_cli.main gateway run --replace
  |-timeout,125497 5 bash -c echo '=== shutdown diagnostic @ SIGTERM ==='; echo '--- date ---'; date -u +%Y-%m-%dT%H:%M:%SZ; echo '--- ps auxf (top 60 by cpu) ---'; ps auxf --sort=-pcpu 2>/dev/null | head -60; echo '--- pstree of self ---'; pstree -plau 125468 2>/dev/null | head -40 || true; echo '--- /proc/loadavg ---'; cat /proc/loadavg 2>/dev/null || true; echo '--- recent dmesg (oom/killed) ---'; dmesg -T 2>/dev/null | tail -20 || journalctl --user -n 20 --no-pager 2>/dev/null | tail -20 || true; echo '=== end ==='
  |   `-bash,125498 -c echo '=== shutdown diagnostic @ SIGTERM ==='; echo '--- date ---'; date -u +%Y-%m-%dT%H:%M:%SZ; echo '--- ps auxf (top 60 by cpu) ---'; ps auxf --sort=-pcpu 2>/dev/null | head -60; echo '--- pstree of self ---'; pstree -plau 125468 2>/dev/null | head -40 || true; echo '--- /proc/loadavg ---'; cat /proc/loadavg 2>/dev/null || true; echo '--- recent dmesg (oom/killed) ---'; dmesg -T 2>/dev/null | tail -20 || journalctl --user -n 20 --no-pager 2>/dev/null | tail -20 || true; echo '=== end ==='
  |       |-head,125503 -40
  |       `-pstree,125502 -plau 125468
  |-{hermes},125481
  |-{hermes},125482
  |-{hermes},125485
  `-{hermes},125487
--- /proc/loadavg ---
0.00 0.00 0.00 1/246 125504
--- recent dmesg (oom/killed) ---
=== end ===
=== shutdown diagnostic @ SIGTERM ===
--- date ---
2026-09-09T20:11:07Z
--- ps auxf (top 60 by cpu) ---
USER         PID %CPU %MEM    VSZ   RSS TTY      STAT START   TIME COMMAND
root           2  0.0  0.0      0     0 ?        S    Sep03   0:00 [kthreadd]
root      124319  0.0  0.0      0     0 ?        I    18:31   0:00  \_ [kworker/1:3-mm_percpu_wq]
root      125367  0.0  0.0      0     0 ?        I    19:40   0:00  \_ [kworker/u4:4-flush-253:0]
root      125461  0.0  0.0      0     0 ?        I    19:57   0:00  \_ [kworker/u4:0-events_power_efficient]
root      125467  0.0  0.0      0     0 ?        I    20:00   0:00  \_ [kworker/0:1-events]
root      123163  0.0  0.0      0     0 ?        I    18:10   0:00  \_ [kworker/0:2-cgroup_free]
root           1  0.0  0.0  22560 14064 ?        Ss   Sep03   0:30 /usr/lib/systemd/systemd --system --deserialize=75 vultr
hermes    125527 97.9  0.6 129692 114316 ?       Ss   20:11   0:00 /home/hermes/.local/share/uv/tools/hermes-agent/bin/python -m hermes_cli.main gateway run --replace
--- pstree of self ---
hermes,125496,hermes -m hermes_cli.main gateway run --replace
  |-timeout,125528 5 bash -c echo '=== shutdown diagnostic @ SIGTERM ==='; echo '--- date ---'; date -u +%Y-%m-%dT%H:%M:%SZ; echo '--- ps auxf (top 60 by cpu) ---'; ps auxf --sort=-pcpu 2>/dev/null | head -60; echo '--- pstree of self ---'; pstree -plau 125496 2>/dev/null | head -40 || true; echo '--- /proc/loadavg ---'; cat /proc/loadavg 2>/dev/null || true; echo '--- recent dmesg (oom/killed) ---'; dmesg -T 2>/dev/null | tail -20 || journalctl --user -n 20 --no-pager 2>/dev/null | tail -20 || true; echo '=== end ==='
  |   `-bash,125529 -c echo '=== shutdown diagnostic @ SIGTERM ==='; echo '--- date ---'; date -u +%Y-%m-%dT%H:%M:%SZ; echo '--- ps auxf (top 60 by cpu) ---'; ps auxf --sort=-pcpu 2>/dev/null | head -60; echo '--- pstree of self ---'; pstree -plau 125496 2>/dev/null | head -40 || true; echo '--- /proc/loadavg ---'; cat /proc/loadavg 2>/dev/null || true; echo '--- recent dmesg (oom/killed) ---'; dmesg -T 2>/dev/null | tail -20 || journalctl --user -n 20 --no-pager 2>/dev/null | tail -20 || true; echo '=== end ==='
  |       |-head,125534 -40
  |       `-pstree,125533 -plau 125496
  |-{hermes},125510
  |-{hermes},125511
  |-{hermes},125513
  |-{hermes},125514
  `-{hermes},125516
--- /proc/loadavg ---
0.08 0.02 0.01 1/250 125535
--- recent dmesg (oom/killed) ---
=== end ===
=== shutdown diagnostic @ SIGTERM ===
--- date ---
2026-09-09T20:16:09Z
--- ps auxf (top 60 by cpu) ---
USER         PID %CPU %MEM    VSZ   RSS TTY      STAT START   TIME COMMAND
root           2  0.0  0.0      0     0 ?        S    Sep03   0:00 [kthreadd]
root      125548  0.0  0.0      0     0 ?        I    20:13   0:00  \_ [kworker/u4:1-flush-253:0]
root      124319  0.0  0.0      0     0 ?        I    18:31   0:00  \_ [kworker/1:3-events]
root      125367  0.0  0.0      0     0 ?        I    19:40   0:00  \_ [kworker/u4:4-events_power_efficient]
root           1  0.0  0.0  22560 14064 ?        Ss   Sep03   0:30 /usr/lib/systemd/systemd --system --deserialize=75 vultr
hermes    125527  0.6  0.8 521652 136244 ?       Ssl  20:11   0:01 /home/hermes/.local/share/uv/tools/hermes-agent/bin/python -m hermes_cli.main gateway run --replace
hermes    125555  0.0  0.0   5692  2132 ?        Ss   20:16   0:00  \_ timeout 5 bash -c echo '=== shutdown diagnostic @ SIGTERM ==='; echo '--- date ---'; date -u +%Y-%m-%dT%H:%M:%SZ; echo '--- ps auxf (top 60 by cpu) ---'; ps auxf --sort=-pcpu 2>/dev/null | head -60; echo '--- pstree of self ---'; pstree -plau 125527 2>/dev/null | head -40 || true; echo '--- /proc/loadavg ---'; cat /proc/loadavg 2>/dev/null || true; echo '--- recent dmesg (oom/killed) ---'; dmesg -T 2>/dev/null | tail -20 || journalctl --user -n 20 --no-pager 2>/dev/null | tail -20 || true; echo '=== end ==='
hermes    125556  0.0  0.0   7340  3732 ?        S    20:16   0:00      \_ bash -c echo '=== shutdown diagnostic @ SIGTERM ==='; echo '--- date ---'; date -u +%Y-%m-%dT%H:%M:%SZ; echo '--- ps auxf (top 60 by cpu) ---'; ps auxf --sort=-pcpu 2>/dev/null | head -60; echo '--- pstree of self ---'; pstree -plau 125527 2>/dev/null | head -40 || true; echo '--- /proc/loadavg ---'; cat /proc/loadavg 2>/dev/null || true; echo '--- recent dmesg (oom/killed) ---'; dmesg -T 2>/dev/null | tail -20 || journalctl --user -n 20 --no-pager 2>/dev/null | tail -20 || true; echo '=== end ==='
hermes    125558  0.0  0.0  10888  4644 ?        R    20:16   0:00          \_ ps auxf --sort=-pcpu
hermes    125559  0.0  0.0   5696  2080 ?        S    20:16   0:00          \_ head -60
--- pstree of self ---
hermes,125527,hermes -m hermes_cli.main gateway run --replace
  |-timeout,125555 5 bash -c echo '=== shutdown diagnostic @ SIGTERM ==='; echo '--- date ---'; date -u +%Y-%m-%dT%H:%M:%SZ; echo '--- ps auxf (top 60 by cpu) ---'; ps auxf --sort=-pcpu 2>/dev/null | head -60; echo '--- pstree of self ---'; pstree -plau 125527 2>/dev/null | head -40 || true; echo '--- /proc/loadavg ---'; cat /proc/loadavg 2>/dev/null || true; echo '--- recent dmesg (oom/killed) ---'; dmesg -T 2>/dev/null | tail -20 || journalctl --user -n 20 --no-pager 2>/dev/null | tail -20 || true; echo '=== end ==='
  |   `-bash,125556 -c echo '=== shutdown diagnostic @ SIGTERM ==='; echo '--- date ---'; date -u +%Y-%m-%dT%H:%M:%SZ; echo '--- ps auxf (top 60 by cpu) ---'; ps auxf --sort=-pcpu 2>/dev/null | head -60; echo '--- pstree of self ---'; pstree -plau 125527 2>/dev/null | head -40 || true; echo '--- /proc/loadavg ---'; cat /proc/loadavg 2>/dev/null || true; echo '--- recent dmesg (oom/killed) ---'; dmesg -T 2>/dev/null | tail -20 || journalctl --user -n 20 --no-pager 2>/dev/null | tail -20 || true; echo '=== end ==='
  |       |-head,125561 -40
  |       `-pstree,125560 -plau 125527
  |-{hermes},125540
  |-{hermes},125541
  |-{hermes},125544
  |-{hermes},125545
  `-{hermes},125547
--- /proc/loadavg ---
0.00 0.00 0.00 1/246 125562
--- recent dmesg (oom/killed) ---
=== end ===
=== shutdown diagnostic @ SIGTERM ===
--- date ---
2026-09-09T20:21:10Z
--- ps auxf (top 60 by cpu) ---
USER         PID %CPU %MEM    VSZ   RSS TTY      STAT START   TIME COMMAND
root           2  0.0  0.0      0     0 ?        S    Sep03   0:00 [kthreadd]
root      125548  0.0  0.0      0     0 ?        I    20:13   0:00  \_ [kworker/u4:1-events_unbound]
root      124319  0.0  0.0      0     0 ?        I    18:31   0:00  \_ [kworker/1:3-events]
root      125367  0.0  0.0      0     0 ?        I    19:40   0:00  \_ [kworker/u4:4-events_unbound]
root      125467  0.0  0.0      0     0 ?        I    20:00   0:00  \_ [kworker/0:1-events]
root           1  0.0  0.0  22560 14064 ?        Ss   Sep03   0:30 /usr/lib/systemd/systemd --system --deserialize=75 vultr
hermes    125586 96.9  0.7 130736 115336 ?       Ss   20:21   0:00 /home/hermes/.local/share/uv/tools/hermes-agent/bin/python -m hermes_cli.main gateway run --replace
--- pstree of self ---
hermes,125554,hermes -m hermes_cli.main gateway run --replace
  |-timeout,125587 5 bash -c echo '=== shutdown diagnostic @ SIGTERM ==='; echo '--- date ---'; date -u +%Y-%m-%dT%H:%M:%SZ; echo '--- ps auxf (top 60 by cpu) ---'; ps auxf --sort=-pcpu 2>/dev/null | head -60; echo '--- pstree of self ---'; pstree -plau 125554 2>/dev/null | head -40 || true; echo '--- /proc/loadavg ---'; cat /proc/loadavg 2>/dev/null || true; echo '--- recent dmesg (oom/killed) ---'; dmesg -T 2>/dev/null | tail -20 || journalctl --user -n 20 --no-pager 2>/dev/null | tail -20 || true; echo '=== end ==='
  |   `-bash,125588 -c echo '=== shutdown diagnostic @ SIGTERM ==='; echo '--- date ---'; date -u +%Y-%m-%dT%H:%M:%SZ; echo '--- ps auxf (top 60 by cpu) ---'; ps auxf --sort=-pcpu 2>/dev/null | head -60; echo '--- pstree of self ---'; pstree -plau 125554 2>/dev/null | head -40 || true; echo '--- /proc/loadavg ---'; cat /proc/loadavg 2>/dev/null || true; echo '--- recent dmesg (oom/killed) ---'; dmesg -T 2>/dev/null | tail -20 || journalctl --user -n 20 --no-pager 2>/dev/null | tail -20 || true; echo '=== end ==='
  |       |-head,125593 -40
  |       `-pstree,125592 -plau 125554
  |-{hermes},125568
  |-{hermes},125569
  |-{hermes},125571
  |-{hermes},125572
  `-{hermes},125574
--- /proc/loadavg ---
0.06 0.03 0.00 1/250 125594
--- recent dmesg (oom/killed) ---
=== end ===
=== shutdown diagnostic @ SIGTERM ===
--- date ---
2026-09-09T20:26:13Z
--- ps auxf (top 60 by cpu) ---
USER         PID %CPU %MEM    VSZ   RSS TTY      STAT START   TIME COMMAND
root           2  0.0  0.0      0     0 ?        S    Sep03   0:00 [kthreadd]
root      124319  0.0  0.0      0     0 ?        I    18:31   0:00  \_ [kworker/1:3-events]
root      125467  0.0  0.0      0     0 ?        I    20:00   0:00  \_ [kworker/0:1-events]
root      125461  0.0  0.0      0     0 ?        I    19:57   0:00  \_ [kworker/u4:0-events_unbound]
root           1  0.0  0.0  22560 14064 ?        Ss   Sep03   0:30 /usr/lib/systemd/systemd --system --deserialize=75 vultr
hermes    125586  0.6  0.8 521672 136624 ?       Ssl  20:21   0:01 /home/hermes/.local/share/uv/tools/hermes-agent/bin/python -m hermes_cli.main gateway run --replace
hermes    125614  0.0  0.0   5692  2132 ?        Ss   20:26   0:00  \_ timeout 5 bash -c echo '=== shutdown diagnostic @ SIGTERM ==='; echo '--- date ---'; date -u +%Y-%m-%dT%H:%M:%SZ; echo '--- ps auxf (top 60 by cpu) ---'; ps auxf --sort=-pcpu 2>/dev/null | head -60; echo '--- pstree of self ---'; pstree -plau 125586 2>/dev/null | head -40 || true; echo '--- /proc/loadavg ---'; cat /proc/loadavg 2>/dev/null || true; echo '--- recent dmesg (oom/killed) ---'; dmesg -T 2>/dev/null | tail -20 || journalctl --user -n 20 --no-pager 2>/dev/null | tail -20 || true; echo '=== end ==='
hermes    125615  0.0  0.0   7340  3768 ?        S    20:26   0:00      \_ bash -c echo '=== shutdown diagnostic @ SIGTERM ==='; echo '--- date ---'; date -u +%Y-%m-%dT%H:%M:%SZ; echo '--- ps auxf (top 60 by cpu) ---'; ps auxf --sort=-pcpu 2>/dev/null | head -60; echo '--- pstree of self ---'; pstree -plau 125586 2>/dev/null | head -40 || true; echo '--- /proc/loadavg ---'; cat /proc/loadavg 2>/dev/null || true; echo '--- recent dmesg (oom/killed) ---'; dmesg -T 2>/dev/null | tail -20 || journalctl --user -n 20 --no-pager 2>/dev/null | tail -20 || true; echo '=== end ==='
hermes    125617  0.0  0.0  10888  4648 ?        R    20:26   0:00          \_ ps auxf --sort=-pcpu
hermes    125618  0.0  0.0   5696  2084 ?        S    20:26   0:00          \_ head -60
--- pstree of self ---
hermes,125586,hermes -m hermes_cli.main gateway run --replace
  |-timeout,125614 5 bash -c echo '=== shutdown diagnostic @ SIGTERM ==='; echo '--- date ---'; date -u +%Y-%m-%dT%H:%M:%SZ; echo '--- ps auxf (top 60 by cpu) ---'; ps auxf --sort=-pcpu 2>/dev/null | head -60; echo '--- pstree of self ---'; pstree -plau 125586 2>/dev/null | head -40 || true; echo '--- /proc/loadavg ---'; cat /proc/loadavg 2>/dev/null || true; echo '--- recent dmesg (oom/killed) ---'; dmesg -T 2>/dev/null | tail -20 || journalctl --user -n 20 --no-pager 2>/dev/null | tail -20 || true; echo '=== end ==='
  |   `-bash,125615 -c echo '=== shutdown diagnostic @ SIGTERM ==='; echo '--- date ---'; date -u +%Y-%m-%dT%H:%M:%SZ; echo '--- ps auxf (top 60 by cpu) ---'; ps auxf --sort=-pcpu 2>/dev/null | head -60; echo '--- pstree of self ---'; pstree -plau 125586 2>/dev/null | head -40 || true; echo '--- /proc/loadavg ---'; cat /proc/loadavg 2>/dev/null || true; echo '--- recent dmesg (oom/killed) ---'; dmesg -T 2>/dev/null | tail -20 || journalctl --user -n 20 --no-pager 2>/dev/null | tail -20 || true; echo '=== end ==='
  |       |-head,125620 -40
  |       `-pstree,125619 -plau 125586
  |-{hermes},125599
  |-{hermes},125600
  |-{hermes},125603
  |-{hermes},125604
  `-{hermes},125606
--- /proc/loadavg ---
0.08 0.02 0.01 1/246 125621
--- recent dmesg (oom/killed) ---
=== end ===
=== shutdown diagnostic @ SIGTERM ===
--- date ---
2026-09-09T20:31:15Z
--- ps auxf (top 60 by cpu) ---
USER         PID %CPU %MEM    VSZ   RSS TTY      STAT START   TIME COMMAND
root           2  0.0  0.0      0     0 ?        S    Sep03   0:00 [kthreadd]
root      124319  0.0  0.0      0     0 ?        I    18:31   0:00  \_ [kworker/1:3-events]
root      125548  0.0  0.0      0     0 ?        I    20:13   0:00  \_ [kworker/u4:1-flush-253:0]
root      125461  0.0  0.0      0     0 ?        I    19:57   0:00  \_ [kworker/u4:0-events_power_efficient]
root      125467  0.0  0.0      0     0 ?        I    20:00   0:00  \_ [kworker/0:1-events]
root           1  0.0  0.0  22560 14064 ?        Ss   Sep03   0:30 /usr/lib/systemd/systemd --system --deserialize=75 vultr
hermes    125640 96.8  0.7 131012 115472 ?       Ss   20:31   0:00 /home/hermes/.local/share/uv/tools/hermes-agent/bin/python -m hermes_cli.main gateway run --replace
--- pstree of self ---
hermes,125613,hermes -m hermes_cli.main gateway run --replace
  |-timeout,125641 5 bash -c echo '=== shutdown diagnostic @ SIGTERM ==='; echo '--- date ---'; date -u +%Y-%m-%dT%H:%M:%SZ; echo '--- ps auxf (top 60 by cpu) ---'; ps auxf --sort=-pcpu 2>/dev/null | head -60; echo '--- pstree of self ---'; pstree -plau 125613 2>/dev/null | head -40 || true; echo '--- /proc/loadavg ---'; cat /proc/loadavg 2>/dev/null || true; echo '--- recent dmesg (oom/killed) ---'; dmesg -T 2>/dev/null | tail -20 || journalctl --user -n 20 --no-pager 2>/dev/null | tail -20 || true; echo '=== end ==='
  |   `-bash,125642 -c echo '=== shutdown diagnostic @ SIGTERM ==='; echo '--- date ---'; date -u +%Y-%m-%dT%H:%M:%SZ; echo '--- ps auxf (top 60 by cpu) ---'; ps auxf --sort=-pcpu 2>/dev/null | head -60; echo '--- pstree of self ---'; pstree -plau 125613 2>/dev/null | head -40 || true; echo '--- /proc/loadavg ---'; cat /proc/loadavg 2>/dev/null || true; echo '--- recent dmesg (oom/killed) ---'; dmesg -T 2>/dev/null | tail -20 || journalctl --user -n 20 --no-pager 2>/dev/null | tail -20 || true; echo '=== end ==='
  |       |-head,125647 -40
  |       `-pstree,125646 -plau 125613
  |-{hermes},125627
  |-{hermes},125628
  |-{hermes},125630
  |-{hermes},125631
  `-{hermes},125633
--- /proc/loadavg ---
0.00 0.00 0.00 1/248 125648
--- recent dmesg (oom/killed) ---
=== end ===
=== shutdown diagnostic @ SIGTERM ===
--- date ---
2026-09-09T20:36:17Z
--- ps auxf (top 60 by cpu) ---
USER         PID %CPU %MEM    VSZ   RSS TTY      STAT START   TIME COMMAND
root           2  0.0  0.0      0     0 ?        S    Sep03   0:00 [kthreadd]
root      125661  0.0  0.0      0     0 ?        I    20:33   0:00  \_ [kworker/u4:3-events_unbound]
root      124319  0.0  0.0      0     0 ?        I    18:31   0:00  \_ [kworker/1:3-events]
root      125461  0.0  0.0      0     0 ?        I    19:57   0:00  \_ [kworker/u4:0-flush-253:0]
root      125548  0.0  0.0      0     0 ?        I    20:13   0:00  \_ [kworker/u4:1-events_power_efficient]
root           1  0.0  0.0  22560 14064 ?        Ss   Sep03   0:30 /usr/lib/systemd/systemd --system --deserialize=75 vultr
hermes    125640  1.3  1.2 773448 201876 ?       Ssl  20:31   0:04 /home/hermes/.local/share/uv/tools/hermes-agent/bin/python -m hermes_cli.main gateway run --replace
hermes    125709  0.0  0.0   5692  2132 ?        Ss   20:36   0:00  \_ timeout 5 bash -c echo '=== shutdown diagnostic @ SIGTERM ==='; echo '--- date ---'; date -u +%Y-%m-%dT%H:%M:%SZ; echo '--- ps auxf (top 60 by cpu) ---'; ps auxf --sort=-pcpu 2>/dev/null | head -60; echo '--- pstree of self ---'; pstree -plau 125640 2>/dev/null | head -40 || true; echo '--- /proc/loadavg ---'; cat /proc/loadavg 2>/dev/null || true; echo '--- recent dmesg (oom/killed) ---'; dmesg -T 2>/dev/null | tail -20 || journalctl --user -n 20 --no-pager 2>/dev/null | tail -20 || true; echo '=== end ==='
hermes    125710  0.0  0.0   7340  3744 ?        S    20:36   0:00      \_ bash -c echo '=== shutdown diagnostic @ SIGTERM ==='; echo '--- date ---'; date -u +%Y-%m-%dT%H:%M:%SZ; echo '--- ps auxf (top 60 by cpu) ---'; ps auxf --sort=-pcpu 2>/dev/null | head -60; echo '--- pstree of self ---'; pstree -plau 125640 2>/dev/null | head -40 || true; echo '--- /proc/loadavg ---'; cat /proc/loadavg 2>/dev/null || true; echo '--- recent dmesg (oom/killed) ---'; dmesg -T 2>/dev/null | tail -20 || journalctl --user -n 20 --no-pager 2>/dev/null | tail -20 || true; echo '=== end ==='
hermes    125712  0.0  0.0  10888  4644 ?        R    20:36   0:00          \_ ps auxf --sort=-pcpu
hermes    125713  0.0  0.0   5696  2076 ?        S    20:36   0:00          \_ head -60
--- pstree of self ---
hermes,125640,hermes -m hermes_cli.main gateway run --replace
  |-timeout,125709 5 bash -c echo '=== shutdown diagnostic @ SIGTERM ==='; echo '--- date ---'; date -u +%Y-%m-%dT%H:%M:%SZ; echo '--- ps auxf (top 60 by cpu) ---'; ps auxf --sort=-pcpu 2>/dev/null | head -60; echo '--- pstree of self ---'; pstree -plau 125640 2>/dev/null | head -40 || true; echo '--- /proc/loadavg ---'; cat /proc/loadavg 2>/dev/null || true; echo '--- recent dmesg (oom/killed) ---'; dmesg -T 2>/dev/null | tail -20 || journalctl --user -n 20 --no-pager 2>/dev/null | tail -20 || true; echo '=== end ==='
  |   `-bash,125710 -c echo '=== shutdown diagnostic @ SIGTERM ==='; echo '--- date ---'; date -u +%Y-%m-%dT%H:%M:%SZ; echo '--- ps auxf (top 60 by cpu) ---'; ps auxf --sort=-pcpu 2>/dev/null | head -60; echo '--- pstree of self ---'; pstree -plau 125640 2>/dev/null | head -40 || true; echo '--- /proc/loadavg ---'; cat /proc/loadavg 2>/dev/null || true; echo '--- recent dmesg (oom/killed) ---'; dmesg -T 2>/dev/null | tail -20 || journalctl --user -n 20 --no-pager 2>/dev/null | tail -20 || true; echo '=== end ==='
  |       |-head,125715 -40
  |       `-pstree,125714 -plau 125640
  |-{hermes},125653
  |-{hermes},125654
  |-{hermes},125657
  |-{hermes},125658
  |-{hermes},125660
  |-{hermes},125671
  `-{hermes},125672
--- /proc/loadavg ---
0.26 0.09 0.03 1/248 125716
--- recent dmesg (oom/killed) ---
=== end ===
=== shutdown diagnostic @ SIGTERM ===
--- date ---
2026-09-09T20:41:28Z
--- ps auxf (top 60 by cpu) ---
USER         PID %CPU %MEM    VSZ   RSS TTY      STAT START   TIME COMMAND
root           2  0.0  0.0      0     0 ?        S    Sep03   0:00 [kthreadd]
root      125799  0.0  0.0      0     0 ?        I    20:39   0:00  \_ [kworker/u4:1-flush-253:0]
root      125661  0.0  0.0      0     0 ?        I    20:33   0:00  \_ [kworker/u4:3-events_power_efficient]
root      124319  0.0  0.0      0     0 ?        I    18:31   0:00  \_ [kworker/1:3-events]
root      125461  0.0  0.0      0     0 ?        I    19:57   0:00  \_ [kworker/u4:0-events_power_efficient]
root      125637  0.0  0.0      0     0 ?        I    20:30   0:00  \_ [kworker/0:2-events]
root           1  0.0  0.0  22560 14064 ?        Ss   Sep03   0:30 /usr/lib/systemd/systemd --system --deserialize=75 vultr
hermes    125810 97.9  0.7 130948 115440 ?       Ss   20:41   0:00 /home/hermes/.local/share/uv/tools/hermes-agent/bin/python -m hermes_cli.main gateway run --replace
--- pstree of self ---
hermes,125708,hermes -m hermes_cli.main gateway run --replace
  |-timeout,125811 5 bash -c echo '=== shutdown diagnostic @ SIGTERM ==='; echo '--- date ---'; date -u +%Y-%m-%dT%H:%M:%SZ; echo '--- ps auxf (top 60 by cpu) ---'; ps auxf --sort=-pcpu 2>/dev/null | head -60; echo '--- pstree of self ---'; pstree -plau 125708 2>/dev/null | head -40 || true; echo '--- /proc/loadavg ---'; cat /proc/loadavg 2>/dev/null || true; echo '--- recent dmesg (oom/killed) ---'; dmesg -T 2>/dev/null | tail -20 || journalctl --user -n 20 --no-pager 2>/dev/null | tail -20 || true; echo '=== end ==='
  |   `-bash,125812 -c echo '=== shutdown diagnostic @ SIGTERM ==='; echo '--- date ---'; date -u +%Y-%m-%dT%H:%M:%SZ; echo '--- ps auxf (top 60 by cpu) ---'; ps auxf --sort=-pcpu 2>/dev/null | head -60; echo '--- pstree of self ---'; pstree -plau 125708 2>/dev/null | head -40 || true; echo '--- /proc/loadavg ---'; cat /proc/loadavg 2>/dev/null || true; echo '--- recent dmesg (oom/killed) ---'; dmesg -T 2>/dev/null | tail -20 || journalctl --user -n 20 --no-pager 2>/dev/null | tail -20 || true; echo '=== end ==='
  |       |-head,125817 -40
  |       `-pstree,125816 -plau 125708
  |-{hermes},125720
  |-{hermes},125721
  |-{hermes},125723
  |-{hermes},125724
  |-{hermes},125726
  |-{hermes},125748
  `-{hermes},125761
--- /proc/loadavg ---
0.16 0.06 0.01 1/249 125818
--- recent dmesg (oom/killed) ---
=== end ===
=== shutdown diagnostic @ SIGTERM ===
--- date ---
2026-09-09T20:46:30Z
--- ps auxf (top 60 by cpu) ---
USER         PID %CPU %MEM    VSZ   RSS TTY      STAT START   TIME COMMAND
root           2  0.0  0.0      0     0 ?        S    Sep03   0:00 [kthreadd]
root      124319  0.0  0.0      0     0 ?        I    18:31   0:01  \_ [kworker/1:3-events]
root      125461  0.0  0.0      0     0 ?        I    19:57   0:00  \_ [kworker/u4:0-events_unbound]
root      125799  0.0  0.0      0     0 ?        I    20:39   0:00  \_ [kworker/u4:1-events_unbound]
root           1  0.0  0.0  22560 14064 ?        Ss   Sep03   0:30 /usr/lib/systemd/systemd --system --deserialize=75 vultr
hermes    125810  0.6  0.8 521884 136340 ?       Ssl  20:41   0:01 /home/hermes/.local/share/uv/tools/hermes-agent/bin/python -m hermes_cli.main gateway run --replace
hermes    125837  0.0  0.0   5692  2128 ?        Ss   20:46   0:00  \_ timeout 5 bash -c echo '=== shutdown diagnostic @ SIGTERM ==='; echo '--- date ---'; date -u +%Y-%m-%dT%H:%M:%SZ; echo '--- ps auxf (top 60 by cpu) ---'; ps auxf --sort=-pcpu 2>/dev/null | head -60; echo '--- pstree of self ---'; pstree -plau 125810 2>/dev/null | head -40 || true; echo '--- /proc/loadavg ---'; cat /proc/loadavg 2>/dev/null || true; echo '--- recent dmesg (oom/killed) ---'; dmesg -T 2>/dev/null | tail -20 || journalctl --user -n 20 --no-pager 2>/dev/null | tail -20 || true; echo '=== end ==='
hermes    125838  0.0  0.0   7340  3744 ?        S    20:46   0:00      \_ bash -c echo '=== shutdown diagnostic @ SIGTERM ==='; echo '--- date ---'; date -u +%Y-%m-%dT%H:%M:%SZ; echo '--- ps auxf (top 60 by cpu) ---'; ps auxf --sort=-pcpu 2>/dev/null | head -60; echo '--- pstree of self ---'; pstree -plau 125810 2>/dev/null | head -40 || true; echo '--- /proc/loadavg ---'; cat /proc/loadavg 2>/dev/null || true; echo '--- recent dmesg (oom/killed) ---'; dmesg -T 2>/dev/null | tail -20 || journalctl --user -n 20 --no-pager 2>/dev/null | tail -20 || true; echo '=== end ==='
hermes    125840  0.0  0.0  10888  4644 ?        R    20:46   0:00          \_ ps auxf --sort=-pcpu
hermes    125841  0.0  0.0   5696  2080 ?        S    20:46   0:00          \_ head -60
--- pstree of self ---
hermes,125810,hermes -m hermes_cli.main gateway run --replace
  |-timeout,125837 5 bash -c echo '=== shutdown diagnostic @ SIGTERM ==='; echo '--- date ---'; date -u +%Y-%m-%dT%H:%M:%SZ; echo '--- ps auxf (top 60 by cpu) ---'; ps auxf --sort=-pcpu 2>/dev/null | head -60; echo '--- pstree of self ---'; pstree -plau 125810 2>/dev/null | head -40 || true; echo '--- /proc/loadavg ---'; cat /proc/loadavg 2>/dev/null || true; echo '--- recent dmesg (oom/killed) ---'; dmesg -T 2>/dev/null | tail -20 || journalctl --user -n 20 --no-pager 2>/dev/null | tail -20 || true; echo '=== end ==='
  |   `-bash,125838 -c echo '=== shutdown diagnostic @ SIGTERM ==='; echo '--- date ---'; date -u +%Y-%m-%dT%H:%M:%SZ; echo '--- ps auxf (top 60 by cpu) ---'; ps auxf --sort=-pcpu 2>/dev/null | head -60; echo '--- pstree of self ---'; pstree -plau 125810 2>/dev/null | head -40 || true; echo '--- /proc/loadavg ---'; cat /proc/loadavg 2>/dev/null || true; echo '--- recent dmesg (oom/killed) ---'; dmesg -T 2>/dev/null | tail -20 || journalctl --user -n 20 --no-pager 2>/dev/null | tail -20 || true; echo '=== end ==='
  |       |-head,125843 -40
  |       `-pstree,125842 -plau 125810
  |-{hermes},125823
  |-{hermes},125824
  |-{hermes},125827
  |-{hermes},125828
  `-{hermes},125830
--- /proc/loadavg ---
0.03 0.05 0.00 2/246 125844
--- recent dmesg (oom/killed) ---
=== end ===
=== shutdown diagnostic @ SIGTERM ===
--- date ---
2026-09-09T20:51:33Z
--- ps auxf (top 60 by cpu) ---
USER         PID %CPU %MEM    VSZ   RSS TTY      STAT START   TIME COMMAND
root           2  0.0  0.0      0     0 ?        S    Sep03   0:00 [kthreadd]
root      124319  0.0  0.0      0     0 ?        I    18:31   0:01  \_ [kworker/1:3-events]
root      125461  0.0  0.0      0     0 ?        I    19:57   0:00  \_ [kworker/u4:0-flush-253:0]
root      125637  0.0  0.0      0     0 ?        I    20:30   0:00  \_ [kworker/0:2-events]
root           1  0.0  0.0  22560 14064 ?        Ss   Sep03   0:30 /usr/lib/systemd/systemd --system --deserialize=75 vultr
hermes    125958 98.0  0.6 129924 114332 ?       Ss   20:51   0:00 /home/hermes/.local/share/uv/tools/hermes-agent/bin/python -m hermes_cli.main gateway run --replace
--- pstree of self ---
hermes,125836,hermes -m hermes_cli.main gateway run --replace
  |-timeout,125959 5 bash -c echo '=== shutdown diagnostic @ SIGTERM ==='; echo '--- date ---'; date -u +%Y-%m-%dT%H:%M:%SZ; echo '--- ps auxf (top 60 by cpu) ---'; ps auxf --sort=-pcpu 2>/dev/null | head -60; echo '--- pstree of self ---'; pstree -plau 125836 2>/dev/null | head -40 || true; echo '--- /proc/loadavg ---'; cat /proc/loadavg 2>/dev/null || true; echo '--- recent dmesg (oom/killed) ---'; dmesg -T 2>/dev/null | tail -20 || journalctl --user -n 20 --no-pager 2>/dev/null | tail -20 || true; echo '=== end ==='
  |   `-bash,125960 -c echo '=== shutdown diagnostic @ SIGTERM ==='; echo '--- date ---'; date -u +%Y-%m-%dT%H:%M:%SZ; echo '--- ps auxf (top 60 by cpu) ---'; ps auxf --sort=-pcpu 2>/dev/null | head -60; echo '--- pstree of self ---'; pstree -plau 125836 2>/dev/null | head -40 || true; echo '--- /proc/loadavg ---'; cat /proc/loadavg 2>/dev/null || true; echo '--- recent dmesg (oom/killed) ---'; dmesg -T 2>/dev/null | tail -20 || journalctl --user -n 20 --no-pager 2>/dev/null | tail -20 || true; echo '=== end ==='
  |       |-head,125965 -40
  |       `-pstree,125964 -plau 125836
  |-{hermes},125850
  |-{hermes},125851
  |-{hermes},125853
  |-{hermes},125855
  `-{hermes},125856
--- /proc/loadavg ---
0.00 0.02 0.00 1/249 125966
--- recent dmesg (oom/killed) ---
=== end ===
=== shutdown diagnostic @ SIGTERM ===
--- date ---
2026-09-09T20:56:40Z
--- ps auxf (top 60 by cpu) ---
USER         PID %CPU %MEM    VSZ   RSS TTY      STAT START   TIME COMMAND
root           2  0.0  0.0      0     0 ?        S    Sep03   0:00 [kthreadd]
root      124319  0.0  0.0      0     0 ?        I    18:31   0:01  \_ [kworker/1:3-events]
root      125949  0.0  0.0      0     0 ?        I    20:49   0:00  \_ [kworker/u4:4-events_power_efficient]
root      125637  0.0  0.0      0     0 ?        I    20:30   0:00  \_ [kworker/0:2-events]
root           1  0.0  0.0  22560 14064 ?        Ss   Sep03   0:30 /usr/lib/systemd/systemd --system --deserialize=75 vultr
hermes    125958  0.6  0.8 521884 136384 ?       Ssl  20:51   0:01 /home/hermes/.local/share/uv/tools/hermes-agent/bin/python -m hermes_cli.main gateway run --replace
hermes    125989  0.0  0.0   5692  2128 ?        Ss   20:56   0:00  \_ timeout 5 bash -c echo '=== shutdown diagnostic @ SIGTERM ==='; echo '--- date ---'; date -u +%Y-%m-%dT%H:%M:%SZ; echo '--- ps auxf (top 60 by cpu) ---'; ps auxf --sort=-pcpu 2>/dev/null | head -60; echo '--- pstree of self ---'; pstree -plau 125958 2>/dev/null | head -40 || true; echo '--- /proc/loadavg ---'; cat /proc/loadavg 2>/dev/null || true; echo '--- recent dmesg (oom/killed) ---'; dmesg -T 2>/dev/null | tail -20 || journalctl --user -n 20 --no-pager 2>/dev/null | tail -20 || true; echo '=== end ==='
hermes    125990  0.0  0.0   7340  3720 ?        S    20:56   0:00      \_ bash -c echo '=== shutdown diagnostic @ SIGTERM ==='; echo '--- date ---'; date -u +%Y-%m-%dT%H:%M:%SZ; echo '--- ps auxf (top 60 by cpu) ---'; ps auxf --sort=-pcpu 2>/dev/null | head -60; echo '--- pstree of self ---'; pstree -plau 125958 2>/dev/null | head -40 || true; echo '--- /proc/loadavg ---'; cat /proc/loadavg 2>/dev/null || true; echo '--- recent dmesg (oom/killed) ---'; dmesg -T 2>/dev/null | tail -20 || journalctl --user -n 20 --no-pager 2>/dev/null | tail -20 || true; echo '=== end ==='
hermes    125992  0.0  0.0  10888  4644 ?        R    20:56   0:00          \_ ps auxf --sort=-pcpu
hermes    125993  0.0  0.0   5696  2080 ?        S    20:56   0:00          \_ head -60
--- pstree of self ---
hermes,125958,hermes -m hermes_cli.main gateway run --replace
  |-timeout,125989 5 bash -c echo '=== shutdown diagnostic @ SIGTERM ==='; echo '--- date ---'; date -u +%Y-%m-%dT%H:%M:%SZ; echo '--- ps auxf (top 60 by cpu) ---'; ps auxf --sort=-pcpu 2>/dev/null | head -60; echo '--- pstree of self ---'; pstree -plau 125958 2>/dev/null | head -40 || true; echo '--- /proc/loadavg ---'; cat /proc/loadavg 2>/dev/null || true; echo '--- recent dmesg (oom/killed) ---'; dmesg -T 2>/dev/null | tail -20 || journalctl --user -n 20 --no-pager 2>/dev/null | tail -20 || true; echo '=== end ==='
  |   `-bash,125990 -c echo '=== shutdown diagnostic @ SIGTERM ==='; echo '--- date ---'; date -u +%Y-%m-%dT%H:%M:%SZ; echo '--- ps auxf (top 60 by cpu) ---'; ps auxf --sort=-pcpu 2>/dev/null | head -60; echo '--- pstree of self ---'; pstree -plau 125958 2>/dev/null | head -40 || true; echo '--- /proc/loadavg ---'; cat /proc/loadavg 2>/dev/null || true; echo '--- recent dmesg (oom/killed) ---'; dmesg -T 2>/dev/null | tail -20 || journalctl --user -n 20 --no-pager 2>/dev/null | tail -20 || true; echo '=== end ==='
  |       |-head,125995 -40
  |       `-pstree,125994 -plau 125958
  |-{hermes},125971
  |-{hermes},125972
  |-{hermes},125975
  |-{hermes},125976
  `-{hermes},125978
--- /proc/loadavg ---
0.00 0.00 0.00 1/246 125996
--- recent dmesg (oom/killed) ---
=== end ===
=== shutdown diagnostic @ SIGTERM ===
--- date ---
2026-09-09T21:01:42Z
--- ps auxf (top 60 by cpu) ---
USER         PID %CPU %MEM    VSZ   RSS TTY      STAT START   TIME COMMAND
root           2  0.0  0.0      0     0 ?        S    Sep03   0:00 [kthreadd]
root      126022  0.0  0.0      0     0 ?        I    20:57   0:00  \_ [kworker/u4:0-events_unbound]
root      126028  0.0  0.0      0     0 ?        I    21:00   0:00  \_ [kworker/0:3-events]
root      124319  0.0  0.0      0     0 ?        I    18:31   0:01  \_ [kworker/1:3-events]
root      125637  0.0  0.0      0     0 ?        I    20:30   0:00  \_ [kworker/0:2-events]
root           1  0.0  0.0  22560 14064 ?        Ss   Sep03   0:30 /usr/lib/systemd/systemd --system --deserialize=75 vultr
hermes    126031 97.0  0.7 130720 115392 ?       Ss   21:01   0:00 /home/hermes/.local/share/uv/tools/hermes-agent/bin/python -m hermes_cli.main gateway run --replace
--- pstree of self ---
hermes,125988,hermes -m hermes_cli.main gateway run --replace
  |-timeout,126032 5 bash -c echo '=== shutdown diagnostic @ SIGTERM ==='; echo '--- date ---'; date -u +%Y-%m-%dT%H:%M:%SZ; echo '--- ps auxf (top 60 by cpu) ---'; ps auxf --sort=-pcpu 2>/dev/null | head -60; echo '--- pstree of self ---'; pstree -plau 125988 2>/dev/null | head -40 || true; echo '--- /proc/loadavg ---'; cat /proc/loadavg 2>/dev/null || true; echo '--- recent dmesg (oom/killed) ---'; dmesg -T 2>/dev/null | tail -20 || journalctl --user -n 20 --no-pager 2>/dev/null | tail -20 || true; echo '=== end ==='
  |   `-bash,126033 -c echo '=== shutdown diagnostic @ SIGTERM ==='; echo '--- date ---'; date -u +%Y-%m-%dT%H:%M:%SZ; echo '--- ps auxf (top 60 by cpu) ---'; ps auxf --sort=-pcpu 2>/dev/null | head -60; echo '--- pstree of self ---'; pstree -plau 125988 2>/dev/null | head -40 || true; echo '--- /proc/loadavg ---'; cat /proc/loadavg 2>/dev/null || true; echo '--- recent dmesg (oom/killed) ---'; dmesg -T 2>/dev/null | tail -20 || journalctl --user -n 20 --no-pager 2>/dev/null | tail -20 || true; echo '=== end ==='
  |       |-head,126038 -40
  |       `-pstree,126037 -plau 125988
  |-{hermes},126002
  |-{hermes},126003
  |-{hermes},126005
  |-{hermes},126007
  `-{hermes},126023
--- /proc/loadavg ---
0.00 0.00 0.00 1/256 126039
--- recent dmesg (oom/killed) ---
=== end ===
=== shutdown diagnostic @ SIGTERM ===
--- date ---
2026-09-09T21:06:44Z
--- ps auxf (top 60 by cpu) ---
USER         PID %CPU %MEM    VSZ   RSS TTY      STAT START   TIME COMMAND
root           2  0.0  0.0      0     0 ?        S    Sep03   0:00 [kthreadd]
root      124319  0.0  0.0      0     0 ?        I    18:31   0:01  \_ [kworker/1:3-events]
root           1  0.0  0.0  22560 14064 ?        Ss   Sep03   0:30 /usr/lib/systemd/systemd --system --deserialize=75 vultr
hermes    126031  0.6  0.8 521656 136656 ?       Ssl  21:01   0:01 /home/hermes/.local/share/uv/tools/hermes-agent/bin/python -m hermes_cli.main gateway run --replace
hermes    126066  0.0  0.0   5692  2128 ?        Ss   21:06   0:00  \_ timeout 5 bash -c echo '=== shutdown diagnostic @ SIGTERM ==='; echo '--- date ---'; date -u +%Y-%m-%dT%H:%M:%SZ; echo '--- ps auxf (top 60 by cpu) ---'; ps auxf --sort=-pcpu 2>/dev/null | head -60; echo '--- pstree of self ---'; pstree -plau 126031 2>/dev/null | head -40 || true; echo '--- /proc/loadavg ---'; cat /proc/loadavg 2>/dev/null || true; echo '--- recent dmesg (oom/killed) ---'; dmesg -T 2>/dev/null | tail -20 || journalctl --user -n 20 --no-pager 2>/dev/null | tail -20 || true; echo '=== end ==='
hermes    126067  0.0  0.0   7340  3740 ?        S    21:06   0:00      \_ bash -c echo '=== shutdown diagnostic @ SIGTERM ==='; echo '--- date ---'; date -u +%Y-%m-%dT%H:%M:%SZ; echo '--- ps auxf (top 60 by cpu) ---'; ps auxf --sort=-pcpu 2>/dev/null | head -60; echo '--- pstree of self ---'; pstree -plau 126031 2>/dev/null | head -40 || true; echo '--- /proc/loadavg ---'; cat /proc/loadavg 2>/dev/null || true; echo '--- recent dmesg (oom/killed) ---'; dmesg -T 2>/dev/null | tail -20 || journalctl --user -n 20 --no-pager 2>/dev/null | tail -20 || true; echo '=== end ==='
hermes    126069  0.0  0.0  10888  4644 ?        R    21:06   0:00          \_ ps auxf --sort=-pcpu
hermes    126070  0.0  0.0   5696  2080 ?        S    21:06   0:00          \_ head -60
--- pstree of self ---
hermes,126031,hermes -m hermes_cli.main gateway run --replace
  |-timeout,126066 5 bash -c echo '=== shutdown diagnostic @ SIGTERM ==='; echo '--- date ---'; date -u +%Y-%m-%dT%H:%M:%SZ; echo '--- ps auxf (top 60 by cpu) ---'; ps auxf --sort=-pcpu 2>/dev/null | head -60; echo '--- pstree of self ---'; pstree -plau 126031 2>/dev/null | head -40 || true; echo '--- /proc/loadavg ---'; cat /proc/loadavg 2>/dev/null || true; echo '--- recent dmesg (oom/killed) ---'; dmesg -T 2>/dev/null | tail -20 || journalctl --user -n 20 --no-pager 2>/dev/null | tail -20 || true; echo '=== end ==='
  |   `-bash,126067 -c echo '=== shutdown diagnostic @ SIGTERM ==='; echo '--- date ---'; date -u +%Y-%m-%dT%H:%M:%SZ; echo '--- ps auxf (top 60 by cpu) ---'; ps auxf --sort=-pcpu 2>/dev/null | head -60; echo '--- pstree of self ---'; pstree -plau 126031 2>/dev/null | head -40 || true; echo '--- /proc/loadavg ---'; cat /proc/loadavg 2>/dev/null || true; echo '--- recent dmesg (oom/killed) ---'; dmesg -T 2>/dev/null | tail -20 || journalctl --user -n 20 --no-pager 2>/dev/null | tail -20 || true; echo '=== end ==='
  |       |-head,126072 -40
  |       `-pstree,126071 -plau 126031
  |-{hermes},126044
  |-{hermes},126045
  |-{hermes},126048
  |-{hermes},126049
  `-{hermes},126051
--- /proc/loadavg ---
0.13 0.04 0.01 1/247 126073
--- recent dmesg (oom/killed) ---
=== end ===
=== shutdown diagnostic @ SIGTERM ===
--- date ---
2026-09-09T21:11:46Z
--- ps auxf (top 60 by cpu) ---
USER         PID %CPU %MEM    VSZ   RSS TTY      STAT START   TIME COMMAND
root           2  0.0  0.0      0     0 ?        S    Sep03   0:00 [kthreadd]
root      124319  0.0  0.0      0     0 ?        I    18:31   0:01  \_ [kworker/1:3-events]
root      126028  0.0  0.0      0     0 ?        I    21:00   0:00  \_ [kworker/0:3-mm_percpu_wq]
root      126058  0.0  0.0      0     0 ?        I    21:04   0:00  \_ [kworker/u4:1-events_unbound]
root           1  0.0  0.0  22560 14064 ?        Ss   Sep03   0:30 /usr/lib/systemd/systemd --system --deserialize=75 vultr
hermes    126093 97.9  0.6 129712 114456 ?       Ss   21:11   0:00 /home/hermes/.local/share/uv/tools/hermes-agent/bin/python -m hermes_cli.main gateway run --replace
--- pstree of self ---
hermes,126065,hermes -m hermes_cli.main gateway run --replace
  |-timeout,126094 5 bash -c echo '=== shutdown diagnostic @ SIGTERM ==='; echo '--- date ---'; date -u +%Y-%m-%dT%H:%M:%SZ; echo '--- ps auxf (top 60 by cpu) ---'; ps auxf --sort=-pcpu 2>/dev/null | head -60; echo '--- pstree of self ---'; pstree -plau 126065 2>/dev/null | head -40 || true; echo '--- /proc/loadavg ---'; cat /proc/loadavg 2>/dev/null || true; echo '--- recent dmesg (oom/killed) ---'; dmesg -T 2>/dev/null | tail -20 || journalctl --user -n 20 --no-pager 2>/dev/null | tail -20 || true; echo '=== end ==='
  |   `-bash,126095 -c echo '=== shutdown diagnostic @ SIGTERM ==='; echo '--- date ---'; date -u +%Y-%m-%dT%H:%M:%SZ; echo '--- ps auxf (top 60 by cpu) ---'; ps auxf --sort=-pcpu 2>/dev/null | head -60; echo '--- pstree of self ---'; pstree -plau 126065 2>/dev/null | head -40 || true; echo '--- /proc/loadavg ---'; cat /proc/loadavg 2>/dev/null || true; echo '--- recent dmesg (oom/killed) ---'; dmesg -T 2>/dev/null | tail -20 || journalctl --user -n 20 --no-pager 2>/dev/null | tail -20 || true; echo '=== end ==='
  |       |-head,126100 -40
  |       `-pstree,126099 -plau 126065
  |-{hermes},126078
  |-{hermes},126079
  |-{hermes},126081
  |-{hermes},126082
  `-{hermes},126084
--- /proc/loadavg ---
0.01 0.04 0.01 1/247 126101
--- recent dmesg (oom/killed) ---
=== end ===
=== shutdown diagnostic @ SIGTERM ===
--- date ---
2026-09-09T21:16:48Z
--- ps auxf (top 60 by cpu) ---
USER         PID %CPU %MEM    VSZ   RSS TTY      STAT START   TIME COMMAND
root           2  0.0  0.0      0     0 ?        S    Sep03   0:00 [kthreadd]
root      126106  0.0  0.0      0     0 ?        I    21:11   0:00  \_ [kworker/u4:0-events_unbound]
root           1  0.0  0.0  22560 14064 ?        Ss   Sep03   0:30 /usr/lib/systemd/systemd --system --deserialize=75 vultr
hermes    126093  0.8  0.9 542708 154936 ?       Ssl  21:11   0:02 /home/hermes/.local/share/uv/tools/hermes-agent/bin/python -m hermes_cli.main gateway run --replace
hermes    126143  0.0  0.0   5692  2132 ?        Ss   21:16   0:00  \_ timeout 5 bash -c echo '=== shutdown diagnostic @ SIGTERM ==='; echo '--- date ---'; date -u +%Y-%m-%dT%H:%M:%SZ; echo '--- ps auxf (top 60 by cpu) ---'; ps auxf --sort=-pcpu 2>/dev/null | head -60; echo '--- pstree of self ---'; pstree -plau 126093 2>/dev/null | head -40 || true; echo '--- /proc/loadavg ---'; cat /proc/loadavg 2>/dev/null || true; echo '--- recent dmesg (oom/killed) ---'; dmesg -T 2>/dev/null | tail -20 || journalctl --user -n 20 --no-pager 2>/dev/null | tail -20 || true; echo '=== end ==='
hermes    126144  0.0  0.0   7340  3768 ?        S    21:16   0:00      \_ bash -c echo '=== shutdown diagnostic @ SIGTERM ==='; echo '--- date ---'; date -u +%Y-%m-%dT%H:%M:%SZ; echo '--- ps auxf (top 60 by cpu) ---'; ps auxf --sort=-pcpu 2>/dev/null | head -60; echo '--- pstree of self ---'; pstree -plau 126093 2>/dev/null | head -40 || true; echo '--- /proc/loadavg ---'; cat /proc/loadavg 2>/dev/null || true; echo '--- recent dmesg (oom/killed) ---'; dmesg -T 2>/dev/null | tail -20 || journalctl --user -n 20 --no-pager 2>/dev/null | tail -20 || true; echo '=== end ==='
hermes    126146  0.0  0.0  10888  4648 ?        R    21:16   0:00          \_ ps auxf --sort=-pcpu
hermes    126147  0.0  0.0   5696  2076 ?        S    21:16   0:00          \_ head -60
--- pstree of self ---
hermes,126093,hermes -m hermes_cli.main gateway run --replace
  |-timeout,126143 5 bash -c echo '=== shutdown diagnostic @ SIGTERM ==='; echo '--- date ---'; date -u +%Y-%m-%dT%H:%M:%SZ; echo '--- ps auxf (top 60 by cpu) ---'; ps auxf --sort=-pcpu 2>/dev/null | head -60; echo '--- pstree of self ---'; pstree -plau 126093 2>/dev/null | head -40 || true; echo '--- /proc/loadavg ---'; cat /proc/loadavg 2>/dev/null || true; echo '--- recent dmesg (oom/killed) ---'; dmesg -T 2>/dev/null | tail -20 || journalctl --user -n 20 --no-pager 2>/dev/null | tail -20 || true; echo '=== end ==='
  |   `-bash,126144 -c echo '=== shutdown diagnostic @ SIGTERM ==='; echo '--- date ---'; date -u +%Y-%m-%dT%H:%M:%SZ; echo '--- ps auxf (top 60 by cpu) ---'; ps auxf --sort=-pcpu 2>/dev/null | head -60; echo '--- pstree of self ---'; pstree -plau 126093 2>/dev/null | head -40 || true; echo '--- /proc/loadavg ---'; cat /proc/loadavg 2>/dev/null || true; echo '--- recent dmesg (oom/killed) ---'; dmesg -T 2>/dev/null | tail -20 || journalctl --user -n 20 --no-pager 2>/dev/null | tail -20 || true; echo '=== end ==='
  |       |-head,126149 -40
  |       `-pstree,126148 -plau 126093
  |-{hermes},126107
  |-{hermes},126108
  |-{hermes},126111
  |-{hermes},126112
  `-{hermes},126114
--- /proc/loadavg ---
0.15 0.05 0.01 1/256 126150
--- recent dmesg (oom/killed) ---
=== end ===
=== shutdown diagnostic @ SIGTERM ===
--- date ---
2026-09-09T21:21:59Z
--- ps auxf (top 60 by cpu) ---
USER         PID %CPU %MEM    VSZ   RSS TTY      STAT START   TIME COMMAND
root           2  0.0  0.0      0     0 ?        S    Sep03   0:00 [kthreadd]
root      126106  0.0  0.0      0     0 ?        I    21:11   0:00  \_ [kworker/u4:0-events_power_efficient]
root      124319  0.0  0.0      0     0 ?        I    18:31   0:01  \_ [kworker/1:3-events]
root      126028  0.0  0.0      0     0 ?        I    21:00   0:00  \_ [kworker/0:3-cgroup_free]
root           1  0.0  0.0  22560 14064 ?        Ss   Sep03   0:30 /usr/lib/systemd/systemd --system --deserialize=75 vultr
hermes    126448 99.0  0.5 113340 96268 ?        Rs   21:21   0:00 /home/hermes/.local/share/uv/tools/hermes-agent/bin/python -m hermes_cli.main dashboard --host 0.0.0.0 --port 9119 --insecure --no-open
hermes    126447 97.0  0.6 129696 114480 ?       Ss   21:21   0:00 /home/hermes/.local/share/uv/tools/hermes-agent/bin/python -m hermes_cli.main gateway run --replace
--- pstree of self ---
hermes,126142,hermes -m hermes_cli.main gateway run --replace
  |-timeout,126449 5 bash -c echo '=== shutdown diagnostic @ SIGTERM ==='; echo '--- date ---'; date -u +%Y-%m-%dT%H:%M:%SZ; echo '--- ps auxf (top 60 by cpu) ---'; ps auxf --sort=-pcpu 2>/dev/null | head -60; echo '--- pstree of self ---'; pstree -plau 126142 2>/dev/null | head -40 || true; echo '--- /proc/loadavg ---'; cat /proc/loadavg 2>/dev/null || true; echo '--- recent dmesg (oom/killed) ---'; dmesg -T 2>/dev/null | tail -20 || journalctl --user -n 20 --no-pager 2>/dev/null | tail -20 || true; echo '=== end ==='
  |   `-bash,126450 -c echo '=== shutdown diagnostic @ SIGTERM ==='; echo '--- date ---'; date -u +%Y-%m-%dT%H:%M:%SZ; echo '--- ps auxf (top 60 by cpu) ---'; ps auxf --sort=-pcpu 2>/dev/null | head -60; echo '--- pstree of self ---'; pstree -plau 126142 2>/dev/null | head -40 || true; echo '--- /proc/loadavg ---'; cat /proc/loadavg 2>/dev/null || true; echo '--- recent dmesg (oom/killed) ---'; dmesg -T 2>/dev/null | tail -20 || journalctl --user -n 20 --no-pager 2>/dev/null | tail -20 || true; echo '=== end ==='
  |       |-head,126455 -40
  |       `-pstree,126454 -plau 126142
  |-{hermes},126162
  |-{hermes},126163
  |-{hermes},126165
  |-{hermes},126166
  |-{hermes},126171
  |-{hermes},126173
  |-{hermes},126179
  |-{hermes},126210
  |-{hermes},126326
  `-{hermes},126442
--- /proc/loadavg ---
0.01 0.05 0.01 2/268 126456
--- recent dmesg (oom/killed) ---
=== end ===
=== shutdown diagnostic @ SIGTERM ===
--- date ---
2026-09-09T21:27:10Z
--- ps auxf (top 60 by cpu) ---
USER         PID %CPU %MEM    VSZ   RSS TTY      STAT START   TIME COMMAND
root           2  0.0  0.0      0     0 ?        S    Sep03   0:00 [kthreadd]
root      126309  0.0  0.0      0     0 ?        I    21:20   0:00  \_ [kworker/0:1-events]
root           1  0.0  0.0  22560 14064 ?        Ss   Sep03   0:30 /usr/lib/systemd/systemd --system --deserialize=75 vultr
hermes    126819 92.5  0.2  48460 37968 ?        Rs   21:27   0:00 /home/hermes/.local/share/uv/tools/hermes-agent/bin/python -m hermes_cli.main dashboard --host 0.0.0.0 --port 9119 --insecure --no-open
hermes    126447  1.4  1.2 699408 200388 ?       Ssl  21:21   0:04 /home/hermes/.local/share/uv/tools/hermes-agent/bin/python -m hermes_cli.main gateway run --replace
hermes    126820  0.0  0.0   5692  2132 ?        Ss   21:27   0:00  \_ timeout 5 bash -c echo '=== shutdown diagnostic @ SIGTERM ==='; echo '--- date ---'; date -u +%Y-%m-%dT%H:%M:%SZ; echo '--- ps auxf (top 60 by cpu) ---'; ps auxf --sort=-pcpu 2>/dev/null | head -60; echo '--- pstree of self ---'; pstree -plau 126447 2>/dev/null | head -40 || true; echo '--- /proc/loadavg ---'; cat /proc/loadavg 2>/dev/null || true; echo '--- recent dmesg (oom/killed) ---'; dmesg -T 2>/dev/null | tail -20 || journalctl --user -n 20 --no-pager 2>/dev/null | tail -20 || true; echo '=== end ==='
hermes    126821  0.0  0.0   7340  3692 ?        S    21:27   0:00      \_ bash -c echo '=== shutdown diagnostic @ SIGTERM ==='; echo '--- date ---'; date -u +%Y-%m-%dT%H:%M:%SZ; echo '--- ps auxf (top 60 by cpu) ---'; ps auxf --sort=-pcpu 2>/dev/null | head -60; echo '--- pstree of self ---'; pstree -plau 126447 2>/dev/null | head -40 || true; echo '--- /proc/loadavg ---'; cat /proc/loadavg 2>/dev/null || true; echo '--- recent dmesg (oom/killed) ---'; dmesg -T 2>/dev/null | tail -20 || journalctl --user -n 20 --no-pager 2>/dev/null | tail -20 || true; echo '=== end ==='
hermes    126823  0.0  0.0  11020  4656 ?        R    21:27   0:00          \_ ps auxf --sort=-pcpu
hermes    126824  0.0  0.0   5696  2080 ?        S    21:27   0:00          \_ head -60
--- pstree of self ---
hermes,126447,hermes -m hermes_cli.main gateway run --replace
  |-timeout,126820 5 bash -c echo '=== shutdown diagnostic @ SIGTERM ==='; echo '--- date ---'; date -u +%Y-%m-%dT%H:%M:%SZ; echo '--- ps auxf (top 60 by cpu) ---'; ps auxf --sort=-pcpu 2>/dev/null | head -60; echo '--- pstree of self ---'; pstree -plau 126447 2>/dev/null | head -40 || true; echo '--- /proc/loadavg ---'; cat /proc/loadavg 2>/dev/null || true; echo '--- recent dmesg (oom/killed) ---'; dmesg -T 2>/dev/null | tail -20 || journalctl --user -n 20 --no-pager 2>/dev/null | tail -20 || true; echo '=== end ==='
  |   `-bash,126821 -c echo '=== shutdown diagnostic @ SIGTERM ==='; echo '--- date ---'; date -u +%Y-%m-%dT%H:%M:%SZ; echo '--- ps auxf (top 60 by cpu) ---'; ps auxf --sort=-pcpu 2>/dev/null | head -60; echo '--- pstree of self ---'; pstree -plau 126447 2>/dev/null | head -40 || true; echo '--- /proc/loadavg ---'; cat /proc/loadavg 2>/dev/null || true; echo '--- recent dmesg (oom/killed) ---'; dmesg -T 2>/dev/null | tail -20 || journalctl --user -n 20 --no-pager 2>/dev/null | tail -20 || true; echo '=== end ==='
  |       |-head,126826 -40
  |       `-pstree,126825 -plau 126447
  |-{hermes},126474
  |-{hermes},126475
  |-{hermes},126478
  |-{hermes},126487
  |-{hermes},126495
  `-{hermes},126496
--- /proc/loadavg ---
0.23 0.14 0.05 2/264 126827
--- recent dmesg (oom/killed) ---
=== end ===
=== shutdown diagnostic @ SIGTERM ===
--- date ---
2026-09-09T21:32:15Z
--- ps auxf (top 60 by cpu) ---
USER         PID %CPU %MEM    VSZ   RSS TTY      STAT START   TIME COMMAND
root           2  0.0  0.0      0     0 ?        S    Sep03   0:00 [kthreadd]
root      126309  0.0  0.0      0     0 ?        I    21:20   0:00  \_ [kworker/0:1-events]
root      126710  0.0  0.0      0     0 ?        I    21:25   0:00  \_ [kworker/1:2-events]
root      124319  0.0  0.0      0     0 ?        I    18:31   0:01  \_ [kworker/1:3-cgroup_release]
root           1  0.0  0.0  22560 14064 ?        Ss   Sep03   0:30 /usr/lib/systemd/systemd --system --deserialize=75 vultr
hermes    126884 99.0  0.5 115360 97712 ?        Rs   21:32   0:01 /home/hermes/.local/share/uv/tools/hermes-agent/bin/python -m hermes_cli.main dashboard --host 0.0.0.0 --port 9119 --insecure --no-open
hermes    126883 97.0  0.7 130952 115404 ?       Ss   21:32   0:00 /home/hermes/.local/share/uv/tools/hermes-agent/bin/python -m hermes_cli.main gateway run --replace
--- pstree of self ---
hermes,126818,hermes -m hermes_cli.main gateway run --replace
  |-timeout,126885 5 bash -c echo '=== shutdown diagnostic @ SIGTERM ==='; echo '--- date ---'; date -u +%Y-%m-%dT%H:%M:%SZ; echo '--- ps auxf (top 60 by cpu) ---'; ps auxf --sort=-pcpu 2>/dev/null | head -60; echo '--- pstree of self ---'; pstree -plau 126818 2>/dev/null | head -40 || true; echo '--- /proc/loadavg ---'; cat /proc/loadavg 2>/dev/null || true; echo '--- recent dmesg (oom/killed) ---'; dmesg -T 2>/dev/null | tail -20 || journalctl --user -n 20 --no-pager 2>/dev/null | tail -20 || true; echo '=== end ==='
  |   `-bash,126886 -c echo '=== shutdown diagnostic @ SIGTERM ==='; echo '--- date ---'; date -u +%Y-%m-%dT%H:%M:%SZ; echo '--- ps auxf (top 60 by cpu) ---'; ps auxf --sort=-pcpu 2>/dev/null | head -60; echo '--- pstree of self ---'; pstree -plau 126818 2>/dev/null | head -40 || true; echo '--- /proc/loadavg ---'; cat /proc/loadavg 2>/dev/null || true; echo '--- recent dmesg (oom/killed) ---'; dmesg -T 2>/dev/null | tail -20 || journalctl --user -n 20 --no-pager 2>/dev/null | tail -20 || true; echo '=== end ==='
  |       |-head,126891 -40
  |       `-pstree,126890 -plau 126818
  |-{hermes},126838
  |-{hermes},126839
  |-{hermes},126841
  |-{hermes},126842
  |-{hermes},126844
  `-{hermes},126851
--- /proc/loadavg ---
0.00 0.05 0.02 2/261 126892
--- recent dmesg (oom/killed) ---
=== end ===
=== shutdown diagnostic @ SIGTERM ===
--- date ---
2026-09-09T21:37:18Z
--- ps auxf (top 60 by cpu) ---
USER         PID %CPU %MEM    VSZ   RSS TTY      STAT START   TIME COMMAND
root           2  0.0  0.0      0     0 ?        S    Sep03   0:00 [kthreadd]
root      126710  0.0  0.0      0     0 ?        I    21:25   0:00  \_ [kworker/1:2-cgroup_free]
root           1  0.0  0.0  22560 14064 ?        Ss   Sep03   0:31 /usr/lib/systemd/systemd --system --deserialize=75 vultr
hermes    126883  0.6  0.8 521888 136668 ?       Ssl  21:32   0:01 /home/hermes/.local/share/uv/tools/hermes-agent/bin/python -m hermes_cli.main gateway run --replace
hermes    127242  0.0  0.0   5692  2128 ?        Ss   21:37   0:00  \_ timeout 5 bash -c echo '=== shutdown diagnostic @ SIGTERM ==='; echo '--- date ---'; date -u +%Y-%m-%dT%H:%M:%SZ; echo '--- ps auxf (top 60 by cpu) ---'; ps auxf --sort=-pcpu 2>/dev/null | head -60; echo '--- pstree of self ---'; pstree -plau 126883 2>/dev/null | head -40 || true; echo '--- /proc/loadavg ---'; cat /proc/loadavg 2>/dev/null || true; echo '--- recent dmesg (oom/killed) ---'; dmesg -T 2>/dev/null | tail -20 || journalctl --user -n 20 --no-pager 2>/dev/null | tail -20 || true; echo '=== end ==='
hermes    127243  0.0  0.0   7340  3688 ?        S    21:37   0:00      \_ bash -c echo '=== shutdown diagnostic @ SIGTERM ==='; echo '--- date ---'; date -u +%Y-%m-%dT%H:%M:%SZ; echo '--- ps auxf (top 60 by cpu) ---'; ps auxf --sort=-pcpu 2>/dev/null | head -60; echo '--- pstree of self ---'; pstree -plau 126883 2>/dev/null | head -40 || true; echo '--- /proc/loadavg ---'; cat /proc/loadavg 2>/dev/null || true; echo '--- recent dmesg (oom/killed) ---'; dmesg -T 2>/dev/null | tail -20 || journalctl --user -n 20 --no-pager 2>/dev/null | tail -20 || true; echo '=== end ==='
hermes    127245  0.0  0.0  11020  4656 ?        R    21:37   0:00          \_ ps auxf --sort=-pcpu
hermes    127246  0.0  0.0   5696  2080 ?        S    21:37   0:00          \_ head -60
--- pstree of self ---
hermes,126883,hermes -m hermes_cli.main gateway run --replace
  |-timeout,127242 5 bash -c echo '=== shutdown diagnostic @ SIGTERM ==='; echo '--- date ---'; date -u +%Y-%m-%dT%H:%M:%SZ; echo '--- ps auxf (top 60 by cpu) ---'; ps auxf --sort=-pcpu 2>/dev/null | head -60; echo '--- pstree of self ---'; pstree -plau 126883 2>/dev/null | head -40 || true; echo '--- /proc/loadavg ---'; cat /proc/loadavg 2>/dev/null || true; echo '--- recent dmesg (oom/killed) ---'; dmesg -T 2>/dev/null | tail -20 || journalctl --user -n 20 --no-pager 2>/dev/null | tail -20 || true; echo '=== end ==='
  |   `-bash,127243 -c echo '=== shutdown diagnostic @ SIGTERM ==='; echo '--- date ---'; date -u +%Y-%m-%dT%H:%M:%SZ; echo '--- ps auxf (top 60 by cpu) ---'; ps auxf --sort=-pcpu 2>/dev/null | head -60; echo '--- pstree of self ---'; pstree -plau 126883 2>/dev/null | head -40 || true; echo '--- /proc/loadavg ---'; cat /proc/loadavg 2>/dev/null || true; echo '--- recent dmesg (oom/killed) ---'; dmesg -T 2>/dev/null | tail -20 || journalctl --user -n 20 --no-pager 2>/dev/null | tail -20 || true; echo '=== end ==='
  |       |-head,127248 -40
  |       `-pstree,127247 -plau 126883
  |-{hermes},126904
  |-{hermes},126905
  |-{hermes},126908
  |-{hermes},126909
  `-{hermes},126911
--- /proc/loadavg ---
0.26 0.16 0.08 1/262 127249
--- recent dmesg (oom/killed) ---
=== end ===
=== shutdown diagnostic @ SIGTERM ===
--- date ---
2026-09-09T21:42:23Z
--- ps auxf (top 60 by cpu) ---
USER         PID %CPU %MEM    VSZ   RSS TTY      STAT START   TIME COMMAND
root           2  0.0  0.0      0     0 ?        S    Sep03   0:00 [kthreadd]
root      126710  0.0  0.0      0     0 ?        I    21:25   0:00  \_ [kworker/1:2-events]
root      127286  0.0  0.0      0     0 ?        I    21:40   0:00  \_ [kworker/u4:4-events_unbound]
root           1  0.0  0.0  22560 14064 ?        Ss   Sep03   0:31 /usr/lib/systemd/systemd --system --deserialize=75 vultr
hermes    127290 98.9  0.5 112308 95488 ?        Rs   21:42   0:00 /home/hermes/.local/share/uv/tools/hermes-agent/bin/python -m hermes_cli.main dashboard --host 0.0.0.0 --port 9119 --insecure --no-open
hermes    127289 97.0  0.7 130736 115404 ?       Ss   21:42   0:00 /home/hermes/.local/share/uv/tools/hermes-agent/bin/python -m hermes_cli.main gateway run --replace
--- pstree of self ---
hermes,127241,hermes -m hermes_cli.main gateway run --replace
  |-timeout,127291 5 bash -c echo '=== shutdown diagnostic @ SIGTERM ==='; echo '--- date ---'; date -u +%Y-%m-%dT%H:%M:%SZ; echo '--- ps auxf (top 60 by cpu) ---'; ps auxf --sort=-pcpu 2>/dev/null | head -60; echo '--- pstree of self ---'; pstree -plau 127241 2>/dev/null | head -40 || true; echo '--- /proc/loadavg ---'; cat /proc/loadavg 2>/dev/null || true; echo '--- recent dmesg (oom/killed) ---'; dmesg -T 2>/dev/null | tail -20 || journalctl --user -n 20 --no-pager 2>/dev/null | tail -20 || true; echo '=== end ==='
  |   `-bash,127292 -c echo '=== shutdown diagnostic @ SIGTERM ==='; echo '--- date ---'; date -u +%Y-%m-%dT%H:%M:%SZ; echo '--- ps auxf (top 60 by cpu) ---'; ps auxf --sort=-pcpu 2>/dev/null | head -60; echo '--- pstree of self ---'; pstree -plau 127241 2>/dev/null | head -40 || true; echo '--- /proc/loadavg ---'; cat /proc/loadavg 2>/dev/null || true; echo '--- recent dmesg (oom/killed) ---'; dmesg -T 2>/dev/null | tail -20 || journalctl --user -n 20 --no-pager 2>/dev/null | tail -20 || true; echo '=== end ==='
  |       |-head,127297 -40
  |       `-pstree,127296 -plau 127241
  |-{hermes},127261
  |-{hermes},127262
  |-{hermes},127264
  |-{hermes},127265
  `-{hermes},127267
--- /proc/loadavg ---
0.28 0.15 0.09 2/266 127298
--- recent dmesg (oom/killed) ---
=== end ===
=== shutdown diagnostic @ SIGTERM ===
--- date ---
2026-09-09T21:47:25Z
--- ps auxf (top 60 by cpu) ---
USER         PID %CPU %MEM    VSZ   RSS TTY      STAT START   TIME COMMAND
root           2  0.0  0.0      0     0 ?        S    Sep03   0:00 [kthreadd]
root      127286  0.0  0.0      0     0 ?        I    21:40   0:00  \_ [kworker/u4:4-flush-253:0]
root      127325  0.0  0.0      0     0 ?        I    21:42   0:00  \_ [kworker/1:0-events]
root           1  0.0  0.0  22560 14064 ?        Ss   Sep03   0:31 /usr/lib/systemd/systemd --system --deserialize=75 vultr
hermes    127289  0.6  0.8 521672 136636 ?       Ssl  21:42   0:01 /home/hermes/.local/share/uv/tools/hermes-agent/bin/python -m hermes_cli.main gateway run --replace
hermes    127656  0.0  0.0   5692  2132 ?        Ss   21:47   0:00  \_ timeout 5 bash -c echo '=== shutdown diagnostic @ SIGTERM ==='; echo '--- date ---'; date -u +%Y-%m-%dT%H:%M:%SZ; echo '--- ps auxf (top 60 by cpu) ---'; ps auxf --sort=-pcpu 2>/dev/null | head -60; echo '--- pstree of self ---'; pstree -plau 127289 2>/dev/null | head -40 || true; echo '--- /proc/loadavg ---'; cat /proc/loadavg 2>/dev/null || true; echo '--- recent dmesg (oom/killed) ---'; dmesg -T 2>/dev/null | tail -20 || journalctl --user -n 20 --no-pager 2>/dev/null | tail -20 || true; echo '=== end ==='
hermes    127657  0.0  0.0   7340  3740 ?        S    21:47   0:00      \_ bash -c echo '=== shutdown diagnostic @ SIGTERM ==='; echo '--- date ---'; date -u +%Y-%m-%dT%H:%M:%SZ; echo '--- ps auxf (top 60 by cpu) ---'; ps auxf --sort=-pcpu 2>/dev/null | head -60; echo '--- pstree of self ---'; pstree -plau 127289 2>/dev/null | head -40 || true; echo '--- /proc/loadavg ---'; cat /proc/loadavg 2>/dev/null || true; echo '--- recent dmesg (oom/killed) ---'; dmesg -T 2>/dev/null | tail -20 || journalctl --user -n 20 --no-pager 2>/dev/null | tail -20 || true; echo '=== end ==='
hermes    127659  0.0  0.0  11020  4656 ?        R    21:47   0:00          \_ ps auxf --sort=-pcpu
hermes    127660  0.0  0.0   5696  2080 ?        S    21:47   0:00          \_ head -60
--- pstree of self ---
hermes,127289,hermes -m hermes_cli.main gateway run --replace
  |-timeout,127656 5 bash -c echo '=== shutdown diagnostic @ SIGTERM ==='; echo '--- date ---'; date -u +%Y-%m-%dT%H:%M:%SZ; echo '--- ps auxf (top 60 by cpu) ---'; ps auxf --sort=-pcpu 2>/dev/null | head -60; echo '--- pstree of self ---'; pstree -plau 127289 2>/dev/null | head -40 || true; echo '--- /proc/loadavg ---'; cat /proc/loadavg 2>/dev/null || true; echo '--- recent dmesg (oom/killed) ---'; dmesg -T 2>/dev/null | tail -20 || journalctl --user -n 20 --no-pager 2>/dev/null | tail -20 || true; echo '=== end ==='
  |   `-bash,127657 -c echo '=== shutdown diagnostic @ SIGTERM ==='; echo '--- date ---'; date -u +%Y-%m-%dT%H:%M:%SZ; echo '--- ps auxf (top 60 by cpu) ---'; ps auxf --sort=-pcpu 2>/dev/null | head -60; echo '--- pstree of self ---'; pstree -plau 127289 2>/dev/null | head -40 || true; echo '--- /proc/loadavg ---'; cat /proc/loadavg 2>/dev/null || true; echo '--- recent dmesg (oom/killed) ---'; dmesg -T 2>/dev/null | tail -20 || journalctl --user -n 20 --no-pager 2>/dev/null | tail -20 || true; echo '=== end ==='
  |       |-head,127662 -40
  |       `-pstree,127661 -plau 127289
  |-{hermes},127310
  |-{hermes},127311
  |-{hermes},127314
  |-{hermes},127315
  `-{hermes},127317
--- /proc/loadavg ---
0.22 0.20 0.11 1/261 127663
--- recent dmesg (oom/killed) ---
=== end ===
=== shutdown diagnostic @ SIGTERM ===
--- date ---
2026-09-09T21:52:27Z
--- ps auxf (top 60 by cpu) ---
USER         PID %CPU %MEM    VSZ   RSS TTY      STAT START   TIME COMMAND
root           2  0.0  0.0      0     0 ?        S    Sep03   0:00 [kthreadd]
root      127325  0.0  0.0      0     0 ?        I    21:42   0:00  \_ [kworker/1:0-events]
root           1  0.0  0.0  22560 14064 ?        Ss   Sep03   0:31 /usr/lib/systemd/systemd --system --deserialize=75 vultr
hermes    127681 99.0  0.5 111264 94888 ?        Rs   21:52   0:01 /home/hermes/.local/share/uv/tools/hermes-agent/bin/python -m hermes_cli.main dashboard --host 0.0.0.0 --port 9119 --insecure --no-open
hermes    127680 98.0  0.7 130724 115496 ?       Ss   21:52   0:01 /home/hermes/.local/share/uv/tools/hermes-agent/bin/python -m hermes_cli.main gateway run --replace
--- pstree of self ---
hermes,127655,hermes -m hermes_cli.main gateway run --replace
  |-timeout,127682 5 bash -c echo '=== shutdown diagnostic @ SIGTERM ==='; echo '--- date ---'; date -u +%Y-%m-%dT%H:%M:%SZ; echo '--- ps auxf (top 60 by cpu) ---'; ps auxf --sort=-pcpu 2>/dev/null | head -60; echo '--- pstree of self ---'; pstree -plau 127655 2>/dev/null | head -40 || true; echo '--- /proc/loadavg ---'; cat /proc/loadavg 2>/dev/null || true; echo '--- recent dmesg (oom/killed) ---'; dmesg -T 2>/dev/null | tail -20 || journalctl --user -n 20 --no-pager 2>/dev/null | tail -20 || true; echo '=== end ==='
  |   `-bash,127683 -c echo '=== shutdown diagnostic @ SIGTERM ==='; echo '--- date ---'; date -u +%Y-%m-%dT%H:%M:%SZ; echo '--- ps auxf (top 60 by cpu) ---'; ps auxf --sort=-pcpu 2>/dev/null | head -60; echo '--- pstree of self ---'; pstree -plau 127655 2>/dev/null | head -40 || true; echo '--- /proc/loadavg ---'; cat /proc/loadavg 2>/dev/null || true; echo '--- recent dmesg (oom/killed) ---'; dmesg -T 2>/dev/null | tail -20 || journalctl --user -n 20 --no-pager 2>/dev/null | tail -20 || true; echo '=== end ==='
  |       |-head,127688 -40
  |       `-pstree,127687 -plau 127655
  |-{hermes},127668
  |-{hermes},127669
  |-{hermes},127671
  `-{hermes},127673
--- /proc/loadavg ---
0.00 0.07 0.08 2/259 127689
--- recent dmesg (oom/killed) ---
=== end ===
=== shutdown diagnostic @ SIGTERM ===
--- date ---
2026-09-09T21:57:29Z
--- ps auxf (top 60 by cpu) ---
USER         PID %CPU %MEM    VSZ   RSS TTY      STAT START   TIME COMMAND
root           2  0.0  0.0      0     0 ?        S    Sep03   0:00 [kthreadd]
root      127714  0.0  0.0      0     0 ?        I    21:52   0:00  \_ [kworker/u4:1-events_unbound]
root           1  0.0  0.0  22560 14064 ?        Ss   Sep03   0:31 /usr/lib/systemd/systemd --system --deserialize=75 vultr
hermes    127680  0.6  0.8 447912 136316 ?       Ssl  21:52   0:02 /home/hermes/.local/share/uv/tools/hermes-agent/bin/python -m hermes_cli.main gateway run --replace
hermes    128042  0.0  0.0   5692  2128 ?        Ss   21:57   0:00  \_ timeout 5 bash -c echo '=== shutdown diagnostic @ SIGTERM ==='; echo '--- date ---'; date -u +%Y-%m-%dT%H:%M:%SZ; echo '--- ps auxf (top 60 by cpu) ---'; ps auxf --sort=-pcpu 2>/dev/null | head -60; echo '--- pstree of self ---'; pstree -plau 127680 2>/dev/null | head -40 || true; echo '--- /proc/loadavg ---'; cat /proc/loadavg 2>/dev/null || true; echo '--- recent dmesg (oom/killed) ---'; dmesg -T 2>/dev/null | tail -20 || journalctl --user -n 20 --no-pager 2>/dev/null | tail -20 || true; echo '=== end ==='
hermes    128043  0.0  0.0   7340  3752 ?        S    21:57   0:00      \_ bash -c echo '=== shutdown diagnostic @ SIGTERM ==='; echo '--- date ---'; date -u +%Y-%m-%dT%H:%M:%SZ; echo '--- ps auxf (top 60 by cpu) ---'; ps auxf --sort=-pcpu 2>/dev/null | head -60; echo '--- pstree of self ---'; pstree -plau 127680 2>/dev/null | head -40 || true; echo '--- /proc/loadavg ---'; cat /proc/loadavg 2>/dev/null || true; echo '--- recent dmesg (oom/killed) ---'; dmesg -T 2>/dev/null | tail -20 || journalctl --user -n 20 --no-pager 2>/dev/null | tail -20 || true; echo '=== end ==='
hermes    128045  0.0  0.0  11020  4652 ?        R    21:57   0:00          \_ ps auxf --sort=-pcpu
hermes    128046  0.0  0.0   5696  2084 ?        S    21:57   0:00          \_ head -60
--- pstree of self ---
hermes,127680,hermes -m hermes_cli.main gateway run --replace
  |-timeout,128042 5 bash -c echo '=== shutdown diagnostic @ SIGTERM ==='; echo '--- date ---'; date -u +%Y-%m-%dT%H:%M:%SZ; echo '--- ps auxf (top 60 by cpu) ---'; ps auxf --sort=-pcpu 2>/dev/null | head -60; echo '--- pstree of self ---'; pstree -plau 127680 2>/dev/null | head -40 || true; echo '--- /proc/loadavg ---'; cat /proc/loadavg 2>/dev/null || true; echo '--- recent dmesg (oom/killed) ---'; dmesg -T 2>/dev/null | tail -20 || journalctl --user -n 20 --no-pager 2>/dev/null | tail -20 || true; echo '=== end ==='
  |   `-bash,128043 -c echo '=== shutdown diagnostic @ SIGTERM ==='; echo '--- date ---'; date -u +%Y-%m-%dT%H:%M:%SZ; echo '--- ps auxf (top 60 by cpu) ---'; ps auxf --sort=-pcpu 2>/dev/null | head -60; echo '--- pstree of self ---'; pstree -plau 127680 2>/dev/null | head -40 || true; echo '--- /proc/loadavg ---'; cat /proc/loadavg 2>/dev/null || true; echo '--- recent dmesg (oom/killed) ---'; dmesg -T 2>/dev/null | tail -20 || journalctl --user -n 20 --no-pager 2>/dev/null | tail -20 || true; echo '=== end ==='
  |       |-head,128048 -40
  |       `-pstree,128047 -plau 127680
  |-{hermes},127700
  |-{hermes},127701
  |-{hermes},127704
  `-{hermes},127706
--- /proc/loadavg ---
0.29 0.23 0.13 1/261 128049
--- recent dmesg (oom/killed) ---
=== end ===
=== shutdown diagnostic @ SIGTERM ===
--- date ---
2026-09-09T22:02:31Z
--- ps auxf (top 60 by cpu) ---
USER         PID %CPU %MEM    VSZ   RSS TTY      STAT START   TIME COMMAND
root           2  0.0  0.0      0     0 ?        S    Sep03   0:00 [kthreadd]
root      127780  0.0  0.0      0     0 ?        I    21:53   0:00  \_ [kworker/u4:4-events_unbound]
root           1  0.0  0.0  22560 14064 ?        Ss   Sep03   0:31 /usr/lib/systemd/systemd --system --deserialize=75 vultr
hermes    128073 99.0  0.5 112256 94848 ?        Rs   22:02   0:00 /home/hermes/.local/share/uv/tools/hermes-agent/bin/python -m hermes_cli.main dashboard --host 0.0.0.0 --port 9119 --insecure --no-open
hermes    128072 97.0  0.7 130728 115476 ?       Ss   22:02   0:00 /home/hermes/.local/share/uv/tools/hermes-agent/bin/python -m hermes_cli.main gateway run --replace
--- pstree of self ---
hermes,128041,hermes -m hermes_cli.main gateway run --replace
  |-timeout,128074 5 bash -c echo '=== shutdown diagnostic @ SIGTERM ==='; echo '--- date ---'; date -u +%Y-%m-%dT%H:%M:%SZ; echo '--- ps auxf (top 60 by cpu) ---'; ps auxf --sort=-pcpu 2>/dev/null | head -60; echo '--- pstree of self ---'; pstree -plau 128041 2>/dev/null | head -40 || true; echo '--- /proc/loadavg ---'; cat /proc/loadavg 2>/dev/null || true; echo '--- recent dmesg (oom/killed) ---'; dmesg -T 2>/dev/null | tail -20 || journalctl --user -n 20 --no-pager 2>/dev/null | tail -20 || true; echo '=== end ==='
  |   `-bash,128075 -c echo '=== shutdown diagnostic @ SIGTERM ==='; echo '--- date ---'; date -u +%Y-%m-%dT%H:%M:%SZ; echo '--- ps auxf (top 60 by cpu) ---'; ps auxf --sort=-pcpu 2>/dev/null | head -60; echo '--- pstree of self ---'; pstree -plau 128041 2>/dev/null | head -40 || true; echo '--- /proc/loadavg ---'; cat /proc/loadavg 2>/dev/null || true; echo '--- recent dmesg (oom/killed) ---'; dmesg -T 2>/dev/null | tail -20 || journalctl --user -n 20 --no-pager 2>/dev/null | tail -20 || true; echo '=== end ==='
  |       |-head,128080 -40
  |       `-pstree,128079 -plau 128041
  |-{hermes},128054
  |-{hermes},128055
  |-{hermes},128057
  |-{hermes},128058
  `-{hermes},128060
--- /proc/loadavg ---
0.00 0.07 0.08 2/258 128081
--- recent dmesg (oom/killed) ---
=== end ===
=== shutdown diagnostic @ SIGTERM ===
--- date ---
2026-09-09T22:07:33Z
--- ps auxf (top 60 by cpu) ---
USER         PID %CPU %MEM    VSZ   RSS TTY      STAT START   TIME COMMAND
root           2  0.0  0.0      0     0 ?        S    Sep03   0:00 [kthreadd]
root      128110  0.0  0.0      0     0 ?        I    22:02   0:00  \_ [kworker/0:2-events]
root      127714  0.0  0.0      0     0 ?        I    21:52   0:00  \_ [kworker/u4:1-events_unbound]
root           1  0.0  0.0  22560 14064 ?        Ss   Sep03   0:31 /usr/lib/systemd/systemd --system --deserialize=75 vultr
hermes    128072  0.6  0.8 521664 136788 ?       Ssl  22:02   0:01 /home/hermes/.local/share/uv/tools/hermes-agent/bin/python -m hermes_cli.main gateway run --replace
hermes    128435  0.0  0.0   5692  2132 ?        Ss   22:07   0:00  \_ timeout 5 bash -c echo '=== shutdown diagnostic @ SIGTERM ==='; echo '--- date ---'; date -u +%Y-%m-%dT%H:%M:%SZ; echo '--- ps auxf (top 60 by cpu) ---'; ps auxf --sort=-pcpu 2>/dev/null | head -60; echo '--- pstree of self ---'; pstree -plau 128072 2>/dev/null | head -40 || true; echo '--- /proc/loadavg ---'; cat /proc/loadavg 2>/dev/null || true; echo '--- recent dmesg (oom/killed) ---'; dmesg -T 2>/dev/null | tail -20 || journalctl --user -n 20 --no-pager 2>/dev/null | tail -20 || true; echo '=== end ==='
hermes    128436  0.0  0.0   7340  3732 ?        S    22:07   0:00      \_ bash -c echo '=== shutdown diagnostic @ SIGTERM ==='; echo '--- date ---'; date -u +%Y-%m-%dT%H:%M:%SZ; echo '--- ps auxf (top 60 by cpu) ---'; ps auxf --sort=-pcpu 2>/dev/null | head -60; echo '--- pstree of self ---'; pstree -plau 128072 2>/dev/null | head -40 || true; echo '--- /proc/loadavg ---'; cat /proc/loadavg 2>/dev/null || true; echo '--- recent dmesg (oom/killed) ---'; dmesg -T 2>/dev/null | tail -20 || journalctl --user -n 20 --no-pager 2>/dev/null | tail -20 || true; echo '=== end ==='
hermes    128438  0.0  0.0  11020  4636 ?        R    22:07   0:00          \_ ps auxf --sort=-pcpu
hermes    128439  0.0  0.0   5696  2084 ?        S    22:07   0:00          \_ head -60
--- pstree of self ---
hermes,128072,hermes -m hermes_cli.main gateway run --replace
  |-timeout,128435 5 bash -c echo '=== shutdown diagnostic @ SIGTERM ==='; echo '--- date ---'; date -u +%Y-%m-%dT%H:%M:%SZ; echo '--- ps auxf (top 60 by cpu) ---'; ps auxf --sort=-pcpu 2>/dev/null | head -60; echo '--- pstree of self ---'; pstree -plau 128072 2>/dev/null | head -40 || true; echo '--- /proc/loadavg ---'; cat /proc/loadavg 2>/dev/null || true; echo '--- recent dmesg (oom/killed) ---'; dmesg -T 2>/dev/null | tail -20 || journalctl --user -n 20 --no-pager 2>/dev/null | tail -20 || true; echo '=== end ==='
  |   `-bash,128436 -c echo '=== shutdown diagnostic @ SIGTERM ==='; echo '--- date ---'; date -u +%Y-%m-%dT%H:%M:%SZ; echo '--- ps auxf (top 60 by cpu) ---'; ps auxf --sort=-pcpu 2>/dev/null | head -60; echo '--- pstree of self ---'; pstree -plau 128072 2>/dev/null | head -40 || true; echo '--- /proc/loadavg ---'; cat /proc/loadavg 2>/dev/null || true; echo '--- recent dmesg (oom/killed) ---'; dmesg -T 2>/dev/null | tail -20 || journalctl --user -n 20 --no-pager 2>/dev/null | tail -20 || true; echo '=== end ==='
  |       |-head,128441 -40
  |       `-pstree,128440 -plau 128072
  |-{hermes},128094
  |-{hermes},128095
  |-{hermes},128098
  |-{hermes},128099
  `-{hermes},128101
--- /proc/loadavg ---
0.28 0.16 0.10 1/262 128442
--- recent dmesg (oom/killed) ---
=== end ===
=== shutdown diagnostic @ SIGTERM ===
--- date ---
2026-09-09T22:12:38Z
--- ps auxf (top 60 by cpu) ---
USER         PID %CPU %MEM    VSZ   RSS TTY      STAT START   TIME COMMAND
root           2  0.0  0.0      0     0 ?        S    Sep03   0:00 [kthreadd]
root      128110  0.0  0.0      0     0 ?        I    22:02   0:00  \_ [kworker/0:2-events]
root           1  0.0  0.0  22560 14064 ?        Ss   Sep03   0:31 /usr/lib/systemd/systemd --system --deserialize=75 vultr
hermes    128475 99.0  0.6 124148 107332 ?       Rs   22:12   0:01 /home/hermes/.local/share/uv/tools/hermes-agent/bin/python -m hermes_cli.main dashboard --host 0.0.0.0 --port 9119 --insecure --no-open
hermes    128474 96.1  0.7 130736 115600 ?       Ss   22:12   0:00 /home/hermes/.local/share/uv/tools/hermes-agent/bin/python -m hermes_cli.main gateway run --replace
--- pstree of self ---
hermes,128434,hermes -m hermes_cli.main gateway run --replace
  |-timeout,128476 5 bash -c echo '=== shutdown diagnostic @ SIGTERM ==='; echo '--- date ---'; date -u +%Y-%m-%dT%H:%M:%SZ; echo '--- ps auxf (top 60 by cpu) ---'; ps auxf --sort=-pcpu 2>/dev/null | head -60; echo '--- pstree of self ---'; pstree -plau 128434 2>/dev/null | head -40 || true; echo '--- /proc/loadavg ---'; cat /proc/loadavg 2>/dev/null || true; echo '--- recent dmesg (oom/killed) ---'; dmesg -T 2>/dev/null | tail -20 || journalctl --user -n 20 --no-pager 2>/dev/null | tail -20 || true; echo '=== end ==='
  |   `-bash,128477 -c echo '=== shutdown diagnostic @ SIGTERM ==='; echo '--- date ---'; date -u +%Y-%m-%dT%H:%M:%SZ; echo '--- ps auxf (top 60 by cpu) ---'; ps auxf --sort=-pcpu 2>/dev/null | head -60; echo '--- pstree of self ---'; pstree -plau 128434 2>/dev/null | head -40 || true; echo '--- /proc/loadavg ---'; cat /proc/loadavg 2>/dev/null || true; echo '--- recent dmesg (oom/killed) ---'; dmesg -T 2>/dev/null | tail -20 || journalctl --user -n 20 --no-pager 2>/dev/null | tail -20 || true; echo '=== end ==='
  |       |-head,128482 -40
  |       `-pstree,128481 -plau 128434
  |-{hermes},128454
  |-{hermes},128455
  |-{hermes},128457
  `-{hermes},128459
--- /proc/loadavg ---
0.16 0.08 0.08 2/259 128483
--- recent dmesg (oom/killed) ---
=== end ===
=== shutdown diagnostic @ SIGTERM ===
--- date ---
2026-09-09T22:17:40Z
--- ps auxf (top 60 by cpu) ---
USER         PID %CPU %MEM    VSZ   RSS TTY      STAT START   TIME COMMAND
root           2  0.0  0.0      0     0 ?        S    Sep03   0:00 [kthreadd]
root      128567  0.0  0.0      0     0 ?        I    22:13   0:00  \_ [kworker/u4:1-events_unbound]
root      128110  0.0  0.0      0     0 ?        I    22:02   0:00  \_ [kworker/0:2-cgroup_free]
root           1  0.0  0.0  22560 14064 ?        Ss   Sep03   0:32 /usr/lib/systemd/systemd --system --deserialize=75 vultr
hermes    128474  0.6  0.8 447924 136436 ?       Ssl  22:12   0:01 /home/hermes/.local/share/uv/tools/hermes-agent/bin/python -m hermes_cli.main gateway run --replace
hermes    128841  0.0  0.0   5692  2132 ?        Ss   22:17   0:00  \_ timeout 5 bash -c echo '=== shutdown diagnostic @ SIGTERM ==='; echo '--- date ---'; date -u +%Y-%m-%dT%H:%M:%SZ; echo '--- ps auxf (top 60 by cpu) ---'; ps auxf --sort=-pcpu 2>/dev/null | head -60; echo '--- pstree of self ---'; pstree -plau 128474 2>/dev/null | head -40 || true; echo '--- /proc/loadavg ---'; cat /proc/loadavg 2>/dev/null || true; echo '--- recent dmesg (oom/killed) ---'; dmesg -T 2>/dev/null | tail -20 || journalctl --user -n 20 --no-pager 2>/dev/null | tail -20 || true; echo '=== end ==='
hermes    128842  0.0  0.0   7340  3688 ?        S    22:17   0:00      \_ bash -c echo '=== shutdown diagnostic @ SIGTERM ==='; echo '--- date ---'; date -u +%Y-%m-%dT%H:%M:%SZ; echo '--- ps auxf (top 60 by cpu) ---'; ps auxf --sort=-pcpu 2>/dev/null | head -60; echo '--- pstree of self ---'; pstree -plau 128474 2>/dev/null | head -40 || true; echo '--- /proc/loadavg ---'; cat /proc/loadavg 2>/dev/null || true; echo '--- recent dmesg (oom/killed) ---'; dmesg -T 2>/dev/null | tail -20 || journalctl --user -n 20 --no-pager 2>/dev/null | tail -20 || true; echo '=== end ==='
hermes    128844  0.0  0.0  11020  4652 ?        R    22:17   0:00          \_ ps auxf --sort=-pcpu
hermes    128845  0.0  0.0   5696  2084 ?        S    22:17   0:00          \_ head -60
--- pstree of self ---
hermes,128474,hermes -m hermes_cli.main gateway run --replace
  |-timeout,128841 5 bash -c echo '=== shutdown diagnostic @ SIGTERM ==='; echo '--- date ---'; date -u +%Y-%m-%dT%H:%M:%SZ; echo '--- ps auxf (top 60 by cpu) ---'; ps auxf --sort=-pcpu 2>/dev/null | head -60; echo '--- pstree of self ---'; pstree -plau 128474 2>/dev/null | head -40 || true; echo '--- /proc/loadavg ---'; cat /proc/loadavg 2>/dev/null || true; echo '--- recent dmesg (oom/killed) ---'; dmesg -T 2>/dev/null | tail -20 || journalctl --user -n 20 --no-pager 2>/dev/null | tail -20 || true; echo '=== end ==='
  |   `-bash,128842 -c echo '=== shutdown diagnostic @ SIGTERM ==='; echo '--- date ---'; date -u +%Y-%m-%dT%H:%M:%SZ; echo '--- ps auxf (top 60 by cpu) ---'; ps auxf --sort=-pcpu 2>/dev/null | head -60; echo '--- pstree of self ---'; pstree -plau 128474 2>/dev/null | head -40 || true; echo '--- /proc/loadavg ---'; cat /proc/loadavg 2>/dev/null || true; echo '--- recent dmesg (oom/killed) ---'; dmesg -T 2>/dev/null | tail -20 || journalctl --user -n 20 --no-pager 2>/dev/null | tail -20 || true; echo '=== end ==='
  |       |-head,128847 -40
  |       `-pstree,128846 -plau 128474
  |-{hermes},128495
  |-{hermes},128496
  |-{hermes},128499
  `-{hermes},128501
--- /proc/loadavg ---
0.11 0.13 0.09 1/261 128848
--- recent dmesg (oom/killed) ---
=== end ===
=== shutdown diagnostic @ SIGTERM ===
--- date ---
2026-09-09T22:22:42Z
--- ps auxf (top 60 by cpu) ---
USER         PID %CPU %MEM    VSZ   RSS TTY      STAT START   TIME COMMAND
root           2  0.0  0.0      0     0 ?        S    Sep03   0:00 [kthreadd]
root      128567  0.0  0.0      0     0 ?        I    22:13   0:00  \_ [kworker/u4:1-events_unbound]
root           1  0.0  0.0  22560 14064 ?        Ss   Sep03   0:32 /usr/lib/systemd/systemd --system --deserialize=75 vultr
hermes    128871 99.0  0.6 116372 98992 ?        Rs   22:22   0:01 /home/hermes/.local/share/uv/tools/hermes-agent/bin/python -m hermes_cli.main dashboard --host 0.0.0.0 --port 9119 --insecure --no-open
hermes    128870 97.0  0.7 131004 115252 ?       Ss   22:22   0:00 /home/hermes/.local/share/uv/tools/hermes-agent/bin/python -m hermes_cli.main gateway run --replace
--- pstree of self ---
hermes,128840,hermes -m hermes_cli.main gateway run --replace
  |-timeout,128872 5 bash -c echo '=== shutdown diagnostic @ SIGTERM ==='; echo '--- date ---'; date -u +%Y-%m-%dT%H:%M:%SZ; echo '--- ps auxf (top 60 by cpu) ---'; ps auxf --sort=-pcpu 2>/dev/null | head -60; echo '--- pstree of self ---'; pstree -plau 128840 2>/dev/null | head -40 || true; echo '--- /proc/loadavg ---'; cat /proc/loadavg 2>/dev/null || true; echo '--- recent dmesg (oom/killed) ---'; dmesg -T 2>/dev/null | tail -20 || journalctl --user -n 20 --no-pager 2>/dev/null | tail -20 || true; echo '=== end ==='
  |   `-bash,128873 -c echo '=== shutdown diagnostic @ SIGTERM ==='; echo '--- date ---'; date -u +%Y-%m-%dT%H:%M:%SZ; echo '--- ps auxf (top 60 by cpu) ---'; ps auxf --sort=-pcpu 2>/dev/null | head -60; echo '--- pstree of self ---'; pstree -plau 128840 2>/dev/null | head -40 || true; echo '--- /proc/loadavg ---'; cat /proc/loadavg 2>/dev/null || true; echo '--- recent dmesg (oom/killed) ---'; dmesg -T 2>/dev/null | tail -20 || journalctl --user -n 20 --no-pager 2>/dev/null | tail -20 || true; echo '=== end ==='
  |       |-head,128878 -40
  |       `-pstree,128877 -plau 128840
  |-{hermes},128853
  |-{hermes},128854
  |-{hermes},128856
  |-{hermes},128857
  `-{hermes},128859
--- /proc/loadavg ---
0.01 0.05 0.07 2/260 128879
--- recent dmesg (oom/killed) ---
=== end ===
=== shutdown diagnostic @ SIGTERM ===
--- date ---
2026-09-09T22:27:47Z
--- ps auxf (top 60 by cpu) ---
USER         PID %CPU %MEM    VSZ   RSS TTY      STAT START   TIME COMMAND
root           2  0.0  0.0      0     0 ?        S    Sep03   0:00 [kthreadd]
root      128492  0.0  0.0      0     0 ?        I    22:12   0:00  \_ [kworker/0:1-events]
root      128538  0.0  0.0      0     0 ?        I    22:13   0:00  \_ [kworker/1:3-events]
root      128567  0.0  0.0      0     0 ?        I    22:13   0:00  \_ [kworker/u4:1-flush-253:0]
root           1  0.0  0.0  22560 14064 ?        Ss   Sep03   0:32 /usr/lib/systemd/systemd --system --deserialize=75 vultr
hermes    129234 98.0  0.3  66256 54444 ?        Rs   22:27   0:00 /home/hermes/.local/share/uv/tools/hermes-agent/bin/python -m hermes_cli.main dashboard --host 0.0.0.0 --port 9119 --insecure --no-open
--- pstree of self ---
hermes,128870,hermes -m hermes_cli.main gateway run --replace
  |-timeout,129235 5 bash -c echo '=== shutdown diagnostic @ SIGTERM ==='; echo '--- date ---'; date -u +%Y-%m-%dT%H:%M:%SZ; echo '--- ps auxf (top 60 by cpu) ---'; ps auxf --sort=-pcpu 2>/dev/null | head -60; echo '--- pstree of self ---'; pstree -plau 128870 2>/dev/null | head -40 || true; echo '--- /proc/loadavg ---'; cat /proc/loadavg 2>/dev/null || true; echo '--- recent dmesg (oom/killed) ---'; dmesg -T 2>/dev/null | tail -20 || journalctl --user -n 20 --no-pager 2>/dev/null | tail -20 || true; echo '=== end ==='
  |   `-bash,129236 -c echo '=== shutdown diagnostic @ SIGTERM ==='; echo '--- date ---'; date -u +%Y-%m-%dT%H:%M:%SZ; echo '--- ps auxf (top 60 by cpu) ---'; ps auxf --sort=-pcpu 2>/dev/null | head -60; echo '--- pstree of self ---'; pstree -plau 128870 2>/dev/null | head -40 || true; echo '--- /proc/loadavg ---'; cat /proc/loadavg 2>/dev/null || true; echo '--- recent dmesg (oom/killed) ---'; dmesg -T 2>/dev/null | tail -20 || journalctl --user -n 20 --no-pager 2>/dev/null | tail -20 || true; echo '=== end ==='
  |       |-head,129241 -40
  |       `-pstree,129240 -plau 128870
  |-{hermes},128891
  |-{hermes},128892
  |-{hermes},128895
  |-{hermes},128904
  `-{hermes},129175
--- /proc/loadavg ---
0.21 0.16 0.10 2/263 129242
--- recent dmesg (oom/killed) ---
=== end ===
=== shutdown diagnostic @ SIGTERM ===
--- date ---
2026-09-09T22:32:49Z
--- ps auxf (top 60 by cpu) ---
USER         PID %CPU %MEM    VSZ   RSS TTY      STAT START   TIME COMMAND
root           2  0.0  0.0      0     0 ?        S    Sep03   0:00 [kthreadd]
root      128492  0.0  0.0      0     0 ?        I    22:12   0:00  \_ [kworker/0:1-events]
root      128538  0.0  0.0      0     0 ?        I    22:13   0:00  \_ [kworker/1:3-mm_percpu_wq]
root           1  0.0  0.0  22560 14064 ?        Ss   Sep03   0:32 /usr/lib/systemd/systemd --system --deserialize=75 vultr
hermes    129283 98.0  0.5 113332 96264 ?        Rs   22:32   0:00 /home/hermes/.local/share/uv/tools/hermes-agent/bin/python -m hermes_cli.main dashboard --host 0.0.0.0 --port 9119 --insecure --no-open
hermes    129282 97.0  0.7 130740 115512 ?       Ss   22:32   0:00 /home/hermes/.local/share/uv/tools/hermes-agent/bin/python -m hermes_cli.main gateway run --replace
--- pstree of self ---
hermes,129233,hermes -m hermes_cli.main gateway run --replace
  |-timeout,129284 5 bash -c echo '=== shutdown diagnostic @ SIGTERM ==='; echo '--- date ---'; date -u +%Y-%m-%dT%H:%M:%SZ; echo '--- ps auxf (top 60 by cpu) ---'; ps auxf --sort=-pcpu 2>/dev/null | head -60; echo '--- pstree of self ---'; pstree -plau 129233 2>/dev/null | head -40 || true; echo '--- /proc/loadavg ---'; cat /proc/loadavg 2>/dev/null || true; echo '--- recent dmesg (oom/killed) ---'; dmesg -T 2>/dev/null | tail -20 || journalctl --user -n 20 --no-pager 2>/dev/null | tail -20 || true; echo '=== end ==='
  |   `-bash,129285 -c echo '=== shutdown diagnostic @ SIGTERM ==='; echo '--- date ---'; date -u +%Y-%m-%dT%H:%M:%SZ; echo '--- ps auxf (top 60 by cpu) ---'; ps auxf --sort=-pcpu 2>/dev/null | head -60; echo '--- pstree of self ---'; pstree -plau 129233 2>/dev/null | head -40 || true; echo '--- /proc/loadavg ---'; cat /proc/loadavg 2>/dev/null || true; echo '--- recent dmesg (oom/killed) ---'; dmesg -T 2>/dev/null | tail -20 || journalctl --user -n 20 --no-pager 2>/dev/null | tail -20 || true; echo '=== end ==='
  |       `-pstree,129289 -plau 129233
  |-{hermes},129253
  |-{hermes},129254
  |-{hermes},129256
  `-{hermes},129258
--- /proc/loadavg ---
0.16 0.09 0.08 2/265 129291
--- recent dmesg (oom/killed) ---
=== end ===
=== shutdown diagnostic @ SIGTERM ===
--- date ---
2026-09-09T22:37:52Z
--- ps auxf (top 60 by cpu) ---
USER         PID %CPU %MEM    VSZ   RSS TTY      STAT START   TIME COMMAND
root           2  0.0  0.0      0     0 ?        S    Sep03   0:00 [kthreadd]
root      129375  0.0  0.0      0     0 ?        I    22:33   0:00  \_ [kworker/u4:1-flush-253:0]
root           1  0.0  0.0  22560 14064 ?        Ss   Sep03   0:32 /usr/lib/systemd/systemd --system --deserialize=75 vultr
hermes    129282  0.6  0.8 521676 136716 ?       Ssl  22:32   0:01 /home/hermes/.local/share/uv/tools/hermes-agent/bin/python -m hermes_cli.main gateway run --replace
hermes    129650  0.0  0.0   5692  2132 ?        Ss   22:37   0:00  \_ timeout 5 bash -c echo '=== shutdown diagnostic @ SIGTERM ==='; echo '--- date ---'; date -u +%Y-%m-%dT%H:%M:%SZ; echo '--- ps auxf (top 60 by cpu) ---'; ps auxf --sort=-pcpu 2>/dev/null | head -60; echo '--- pstree of self ---'; pstree -plau 129282 2>/dev/null | head -40 || true; echo '--- /proc/loadavg ---'; cat /proc/loadavg 2>/dev/null || true; echo '--- recent dmesg (oom/killed) ---'; dmesg -T 2>/dev/null | tail -20 || journalctl --user -n 20 --no-pager 2>/dev/null | tail -20 || true; echo '=== end ==='
hermes    129651  0.0  0.0   7340  3736 ?        S    22:37   0:00      \_ bash -c echo '=== shutdown diagnostic @ SIGTERM ==='; echo '--- date ---'; date -u +%Y-%m-%dT%H:%M:%SZ; echo '--- ps auxf (top 60 by cpu) ---'; ps auxf --sort=-pcpu 2>/dev/null | head -60; echo '--- pstree of self ---'; pstree -plau 129282 2>/dev/null | head -40 || true; echo '--- /proc/loadavg ---'; cat /proc/loadavg 2>/dev/null || true; echo '--- recent dmesg (oom/killed) ---'; dmesg -T 2>/dev/null | tail -20 || journalctl --user -n 20 --no-pager 2>/dev/null | tail -20 || true; echo '=== end ==='
hermes    129653  0.0  0.0  11020  4652 ?        R    22:37   0:00          \_ ps auxf --sort=-pcpu
hermes    129654  0.0  0.0   5696  2084 ?        S    22:37   0:00          \_ head -60
--- pstree of self ---
hermes,129282,hermes -m hermes_cli.main gateway run --replace
  |-timeout,129650 5 bash -c echo '=== shutdown diagnostic @ SIGTERM ==='; echo '--- date ---'; date -u +%Y-%m-%dT%H:%M:%SZ; echo '--- ps auxf (top 60 by cpu) ---'; ps auxf --sort=-pcpu 2>/dev/null | head -60; echo '--- pstree of self ---'; pstree -plau 129282 2>/dev/null | head -40 || true; echo '--- /proc/loadavg ---'; cat /proc/loadavg 2>/dev/null || true; echo '--- recent dmesg (oom/killed) ---'; dmesg -T 2>/dev/null | tail -20 || journalctl --user -n 20 --no-pager 2>/dev/null | tail -20 || true; echo '=== end ==='
  |   `-bash,129651 -c echo '=== shutdown diagnostic @ SIGTERM ==='; echo '--- date ---'; date -u +%Y-%m-%dT%H:%M:%SZ; echo '--- ps auxf (top 60 by cpu) ---'; ps auxf --sort=-pcpu 2>/dev/null | head -60; echo '--- pstree of self ---'; pstree -plau 129282 2>/dev/null | head -40 || true; echo '--- /proc/loadavg ---'; cat /proc/loadavg 2>/dev/null || true; echo '--- recent dmesg (oom/killed) ---'; dmesg -T 2>/dev/null | tail -20 || journalctl --user -n 20 --no-pager 2>/dev/null | tail -20 || true; echo '=== end ==='
  |       |-head,129656 -40
  |       `-pstree,129655 -plau 129282
  |-{hermes},129303
  |-{hermes},129304
  |-{hermes},129307
  |-{hermes},129308
  `-{hermes},129310
--- /proc/loadavg ---
0.19 0.16 0.11 1/260 129657
--- recent dmesg (oom/killed) ---
=== end ===
=== shutdown diagnostic @ SIGTERM ===
--- date ---
2026-09-09T22:42:55Z
--- ps auxf (top 60 by cpu) ---
USER         PID %CPU %MEM    VSZ   RSS TTY      STAT START   TIME COMMAND
root           2  0.0  0.0      0     0 ?        S    Sep03   0:00 [kthreadd]
root      129808  0.0  0.0      0     0 ?        I    22:39   0:00  \_ [kworker/u4:2-events_unbound]
root      128492  0.0  0.0      0     0 ?        I    22:12   0:00  \_ [kworker/0:1-mm_percpu_wq]
root      129375  0.0  0.0      0     0 ?        I    22:33   0:00  \_ [kworker/u4:1-events_unbound]
root      128538  0.0  0.0      0     0 ?        I    22:13   0:00  \_ [kworker/1:3-mm_percpu_wq]
root           1  0.0  0.0  22560 14064 ?        Ss   Sep03   0:32 /usr/lib/systemd/systemd --system --deserialize=75 vultr
hermes    129819 98.0  0.5 113312 96500 ?        Rs   22:42   0:01 /home/hermes/.local/share/uv/tools/hermes-agent/bin/python -m hermes_cli.main dashboard --host 0.0.0.0 --port 9119 --insecure --no-open
hermes    129818 96.1  0.7 130732 115464 ?       Ss   22:42   0:00 /home/hermes/.local/share/uv/tools/hermes-agent/bin/python -m hermes_cli.main gateway run --replace
--- pstree of self ---
hermes,129649,hermes -m hermes_cli.main gateway run --replace
  |-timeout,129820 5 bash -c echo '=== shutdown diagnostic @ SIGTERM ==='; echo '--- date ---'; date -u +%Y-%m-%dT%H:%M:%SZ; echo '--- ps auxf (top 60 by cpu) ---'; ps auxf --sort=-pcpu 2>/dev/null | head -60; echo '--- pstree of self ---'; pstree -plau 129649 2>/dev/null | head -40 || true; echo '--- /proc/loadavg ---'; cat /proc/loadavg 2>/dev/null || true; echo '--- recent dmesg (oom/killed) ---'; dmesg -T 2>/dev/null | tail -20 || journalctl --user -n 20 --no-pager 2>/dev/null | tail -20 || true; echo '=== end ==='
  |   `-bash,129821 -c echo '=== shutdown diagnostic @ SIGTERM ==='; echo '--- date ---'; date -u +%Y-%m-%dT%H:%M:%SZ; echo '--- ps auxf (top 60 by cpu) ---'; ps auxf --sort=-pcpu 2>/dev/null | head -60; echo '--- pstree of self ---'; pstree -plau 129649 2>/dev/null | head -40 || true; echo '--- /proc/loadavg ---'; cat /proc/loadavg 2>/dev/null || true; echo '--- recent dmesg (oom/killed) ---'; dmesg -T 2>/dev/null | tail -20 || journalctl --user -n 20 --no-pager 2>/dev/null | tail -20 || true; echo '=== end ==='
  |       |-head,129826 -40
  |       `-pstree,129825 -plau 129649
  |-{hermes},129663
  |-{hermes},129664
  |-{hermes},129666
  |-{hermes},129675
  |-{hermes},129682
  `-{hermes},129714
--- /proc/loadavg ---
0.00 0.08 0.08 2/264 129827
--- recent dmesg (oom/killed) ---
=== end ===
=== shutdown diagnostic @ SIGTERM ===
--- date ---
2026-09-09T22:48:06Z
--- ps auxf (top 60 by cpu) ---
USER         PID %CPU %MEM    VSZ   RSS TTY      STAT START   TIME COMMAND
root           2  0.0  0.0      0     0 ?        S    Sep03   0:00 [kthreadd]
root      129375  0.0  0.0      0     0 ?        I    22:33   0:00  \_ [kworker/u4:1-events_unbound]
root           1  0.0  0.0  22560 14064 ?        Ss   Sep03   0:32 /usr/lib/systemd/systemd --system --deserialize=75 vultr
hermes    131044 89.4  0.3  67280 54748 ?        Rs   22:48   0:00 /home/hermes/.local/share/uv/tools/hermes-agent/bin/python -m hermes_cli.main dashboard --host 0.0.0.0 --port 9119 --insecure --no-open
hermes    129818  3.1  1.4 773184 231444 ?       Ssl  22:42   0:09 /home/hermes/.local/share/uv/tools/hermes-agent/bin/python -m hermes_cli.main gateway run --replace
hermes    130465  0.1  0.0   7472  3904 ?        Ss   22:47   0:00  \_ /bin/bash /home/hermes/tools/watch-ghost.sh
--- pstree of self ---
hermes,129818,hermes -m hermes_cli.main gateway run --replace
  |-timeout,131081 5 bash -c echo '=== shutdown diagnostic @ SIGTERM ==='; echo '--- date ---'; date -u +%Y-%m-%dT%H:%M:%SZ; echo '--- ps auxf (top 60 by cpu) ---'; ps auxf --sort=-pcpu 2>/dev/null | head -60; echo '--- pstree of self ---'; pstree -plau 129818 2>/dev/null | head -40 || true; echo '--- /proc/loadavg ---'; cat /proc/loadavg 2>/dev/null || true; echo '--- recent dmesg (oom/killed) ---'; dmesg -T 2>/dev/null | tail -20 || journalctl --user -n 20 --no-pager 2>/dev/null | tail -20 || true; echo '=== end ==='
  |   `-bash,131083 -c echo '=== shutdown diagnostic @ SIGTERM ==='; echo '--- date ---'; date -u +%Y-%m-%dT%H:%M:%SZ; echo '--- ps auxf (top 60 by cpu) ---'; ps auxf --sort=-pcpu 2>/dev/null | head -60; echo '--- pstree of self ---'; pstree -plau 129818 2>/dev/null | head -40 || true; echo '--- /proc/loadavg ---'; cat /proc/loadavg 2>/dev/null || true; echo '--- recent dmesg (oom/killed) ---'; dmesg -T 2>/dev/null | tail -20 || journalctl --user -n 20 --no-pager 2>/dev/null | tail -20 || true; echo '=== end ==='
  |       |-head,131091 -40
  |       `-pstree,131090 -plau 129818
  |-watch-ghost.sh,130465 /home/hermes/tools/watch-ghost.sh
  |-{hermes},129844
  |-{hermes},129845
  |-{hermes},129848
  |-{hermes},129849
  |-{hermes},129858
  |-{hermes},129874
  |-{hermes},130466
  `-{hermes},130657
--- /proc/loadavg ---
0.63 0.30 0.17 2/267 131097
--- recent dmesg (oom/killed) ---
=== end ===
=== shutdown diagnostic @ SIGTERM ===
--- date ---
2026-09-09T22:53:08Z
--- ps auxf (top 60 by cpu) ---
USER         PID %CPU %MEM    VSZ   RSS TTY      STAT START   TIME COMMAND
root           2  0.0  0.0      0     0 ?        S    Sep03   0:00 [kthreadd]
root      129375  0.0  0.0      0     0 ?        I    22:33   0:00  \_ [kworker/u4:1-events_unbound]
root           1  0.0  0.0  22560 14064 ?        Ss   Sep03   0:32 /usr/lib/systemd/systemd --system --deserialize=75 vultr
hermes    131124  100  0.6 129012 111788 ?       Rs   22:53   0:01 /home/hermes/.local/share/uv/tools/hermes-agent/bin/python -m hermes_cli.main dashboard --host 0.0.0.0 --port 9119 --insecure --no-open
hermes    131123 97.1  0.7 130724 115552 ?       Ss   22:53   0:01 /home/hermes/.local/share/uv/tools/hermes-agent/bin/python -m hermes_cli.main gateway run --replace
--- pstree of self ---
hermes,131043,hermes -m hermes_cli.main gateway run --replace
  |-timeout,131125 5 bash -c echo '=== shutdown diagnostic @ SIGTERM ==='; echo '--- date ---'; date -u +%Y-%m-%dT%H:%M:%SZ; echo '--- ps auxf (top 60 by cpu) ---'; ps auxf --sort=-pcpu 2>/dev/null | head -60; echo '--- pstree of self ---'; pstree -plau 131043 2>/dev/null | head -40 || true; echo '--- /proc/loadavg ---'; cat /proc/loadavg 2>/dev/null || true; echo '--- recent dmesg (oom/killed) ---'; dmesg -T 2>/dev/null | tail -20 || journalctl --user -n 20 --no-pager 2>/dev/null | tail -20 || true; echo '=== end ==='
  |   `-bash,131126 -c echo '=== shutdown diagnostic @ SIGTERM ==='; echo '--- date ---'; date -u +%Y-%m-%dT%H:%M:%SZ; echo '--- ps auxf (top 60 by cpu) ---'; ps auxf --sort=-pcpu 2>/dev/null | head -60; echo '--- pstree of self ---'; pstree -plau 131043 2>/dev/null | head -40 || true; echo '--- /proc/loadavg ---'; cat /proc/loadavg 2>/dev/null || true; echo '--- recent dmesg (oom/killed) ---'; dmesg -T 2>/dev/null | tail -20 || journalctl --user -n 20 --no-pager 2>/dev/null | tail -20 || true; echo '=== end ==='
  |       |-head,131131 -40
  |       `-pstree,131130 -plau 131043
  |-{hermes},131108
  |-{hermes},131109
  |-{hermes},131111
  |-{hermes},131112
  `-{hermes},131114
--- /proc/loadavg ---
0.00 0.10 0.11 2/260 131132
--- recent dmesg (oom/killed) ---
=== end ===
=== shutdown diagnostic @ SIGTERM ===
--- date ---
2026-09-09T22:58:10Z
--- ps auxf (top 60 by cpu) ---
USER         PID %CPU %MEM    VSZ   RSS TTY      STAT START   TIME COMMAND
root           2  0.0  0.0      0     0 ?        S    Sep03   0:00 [kthreadd]
root      129375  0.0  0.0      0     0 ?        I    22:33   0:00  \_ [kworker/u4:1-events_unbound]
root           1  0.0  0.0  22560 14064 ?        Ss   Sep03   0:32 /usr/lib/systemd/systemd --system --deserialize=75 vultr
hermes    131123  0.6  0.8 521660 136868 ?       Ssl  22:53   0:02 /home/hermes/.local/share/uv/tools/hermes-agent/bin/python -m hermes_cli.main gateway run --replace
hermes    131487  0.0  0.0   5692  2132 ?        Ss   22:58   0:00  \_ timeout 5 bash -c echo '=== shutdown diagnostic @ SIGTERM ==='; echo '--- date ---'; date -u +%Y-%m-%dT%H:%M:%SZ; echo '--- ps auxf (top 60 by cpu) ---'; ps auxf --sort=-pcpu 2>/dev/null | head -60; echo '--- pstree of self ---'; pstree -plau 131123 2>/dev/null | head -40 || true; echo '--- /proc/loadavg ---'; cat /proc/loadavg 2>/dev/null || true; echo '--- recent dmesg (oom/killed) ---'; dmesg -T 2>/dev/null | tail -20 || journalctl --user -n 20 --no-pager 2>/dev/null | tail -20 || true; echo '=== end ==='
hermes    131488  0.0  0.0   7340  3696 ?        S    22:58   0:00      \_ bash -c echo '=== shutdown diagnostic @ SIGTERM ==='; echo '--- date ---'; date -u +%Y-%m-%dT%H:%M:%SZ; echo '--- ps auxf (top 60 by cpu) ---'; ps auxf --sort=-pcpu 2>/dev/null | head -60; echo '--- pstree of self ---'; pstree -plau 131123 2>/dev/null | head -40 || true; echo '--- /proc/loadavg ---'; cat /proc/loadavg 2>/dev/null || true; echo '--- recent dmesg (oom/killed) ---'; dmesg -T 2>/dev/null | tail -20 || journalctl --user -n 20 --no-pager 2>/dev/null | tail -20 || true; echo '=== end ==='
hermes    131490  0.0  0.0  11020  4632 ?        R    22:58   0:00          \_ ps auxf --sort=-pcpu
hermes    131491  0.0  0.0   5696  2076 ?        S    22:58   0:00          \_ head -60
--- pstree of self ---
hermes,131123,hermes -m hermes_cli.main gateway run --replace
  |-timeout,131487 5 bash -c echo '=== shutdown diagnostic @ SIGTERM ==='; echo '--- date ---'; date -u +%Y-%m-%dT%H:%M:%SZ; echo '--- ps auxf (top 60 by cpu) ---'; ps auxf --sort=-pcpu 2>/dev/null | head -60; echo '--- pstree of self ---'; pstree -plau 131123 2>/dev/null | head -40 || true; echo '--- /proc/loadavg ---'; cat /proc/loadavg 2>/dev/null || true; echo '--- recent dmesg (oom/killed) ---'; dmesg -T 2>/dev/null | tail -20 || journalctl --user -n 20 --no-pager 2>/dev/null | tail -20 || true; echo '=== end ==='
  |   `-bash,131488 -c echo '=== shutdown diagnostic @ SIGTERM ==='; echo '--- date ---'; date -u +%Y-%m-%dT%H:%M:%SZ; echo '--- ps auxf (top 60 by cpu) ---'; ps auxf --sort=-pcpu 2>/dev/null | head -60; echo '--- pstree of self ---'; pstree -plau 131123 2>/dev/null | head -40 || true; echo '--- /proc/loadavg ---'; cat /proc/loadavg 2>/dev/null || true; echo '--- recent dmesg (oom/killed) ---'; dmesg -T 2>/dev/null | tail -20 || journalctl --user -n 20 --no-pager 2>/dev/null | tail -20 || true; echo '=== end ==='
  |       |-head,131493 -40
  |       `-pstree,131492 -plau 131123
  |-{hermes},131143
  |-{hermes},131144
  |-{hermes},131147
  |-{hermes},131148
  `-{hermes},131150
--- /proc/loadavg ---
0.20 0.18 0.13 1/262 131494
--- recent dmesg (oom/killed) ---
=== end ===
=== shutdown diagnostic @ SIGTERM ===
--- date ---
2026-09-09T23:03:12Z
--- ps auxf (top 60 by cpu) ---
USER         PID %CPU %MEM    VSZ   RSS TTY      STAT START   TIME COMMAND
root           2  0.0  0.0      0     0 ?        S    Sep03   0:00 [kthreadd]
root      129375  0.0  0.0      0     0 ?        I    22:33   0:00  \_ [kworker/u4:1-events_power_efficient]
root           1  0.0  0.0  22560 14064 ?        Ss   Sep03   0:32 /usr/lib/systemd/systemd --system --deserialize=75 vultr
hermes    131520 98.9  0.5 111284 94560 ?        Rs   23:03   0:00 /home/hermes/.local/share/uv/tools/hermes-agent/bin/python -m hermes_cli.main dashboard --host 0.0.0.0 --port 9119 --insecure --no-open
hermes    131519 97.0  0.7 130728 115396 ?       Ss   23:03   0:00 /home/hermes/.local/share/uv/tools/hermes-agent/bin/python -m hermes_cli.main gateway run --replace
--- pstree of self ---
hermes,131486,hermes -m hermes_cli.main gateway run --replace
  |-timeout,131521 5 bash -c echo '=== shutdown diagnostic @ SIGTERM ==='; echo '--- date ---'; date -u +%Y-%m-%dT%H:%M:%SZ; echo '--- ps auxf (top 60 by cpu) ---'; ps auxf --sort=-pcpu 2>/dev/null | head -60; echo '--- pstree of self ---'; pstree -plau 131486 2>/dev/null | head -40 || true; echo '--- /proc/loadavg ---'; cat /proc/loadavg 2>/dev/null || true; echo '--- recent dmesg (oom/killed) ---'; dmesg -T 2>/dev/null | tail -20 || journalctl --user -n 20 --no-pager 2>/dev/null | tail -20 || true; echo '=== end ==='
  |   `-bash,131522 -c echo '=== shutdown diagnostic @ SIGTERM ==='; echo '--- date ---'; date -u +%Y-%m-%dT%H:%M:%SZ; echo '--- ps auxf (top 60 by cpu) ---'; ps auxf --sort=-pcpu 2>/dev/null | head -60; echo '--- pstree of self ---'; pstree -plau 131486 2>/dev/null | head -40 || true; echo '--- /proc/loadavg ---'; cat /proc/loadavg 2>/dev/null || true; echo '--- recent dmesg (oom/killed) ---'; dmesg -T 2>/dev/null | tail -20 || journalctl --user -n 20 --no-pager 2>/dev/null | tail -20 || true; echo '=== end ==='
  |       |-head,131527 -40
  |       `-pstree,131526 -plau 131486
  |-{hermes},131499
  |-{hermes},131500
  |-{hermes},131502
  |-{hermes},131503
  `-{hermes},131505
--- /proc/loadavg ---
0.00 0.06 0.08 2/261 131528
--- recent dmesg (oom/killed) ---
=== end ===
=== shutdown diagnostic @ SIGTERM ===
--- date ---
2026-09-09T23:08:14Z
--- ps auxf (top 60 by cpu) ---
USER         PID %CPU %MEM    VSZ   RSS TTY      STAT START   TIME COMMAND
root           2  0.0  0.0      0     0 ?        S    Sep03   0:00 [kthreadd]
root      131318  0.0  0.0      0     0 ?        I    22:55   0:00  \_ [kworker/1:2-events]
root      129375  0.0  0.0      0     0 ?        I    22:33   0:00  \_ [kworker/u4:1-events_power_efficient]
root           1  0.0  0.0  22560 14064 ?        Ss   Sep03   0:33 /usr/lib/systemd/systemd --system --deserialize=75 vultr
hermes    131519  0.6  0.8 521664 136696 ?       Ssl  23:03   0:01 /home/hermes/.local/share/uv/tools/hermes-agent/bin/python -m hermes_cli.main gateway run --replace
hermes    131884  0.0  0.0   5692  2132 ?        Ss   23:08   0:00  \_ timeout 5 bash -c echo '=== shutdown diagnostic @ SIGTERM ==='; echo '--- date ---'; date -u +%Y-%m-%dT%H:%M:%SZ; echo '--- ps auxf (top 60 by cpu) ---'; ps auxf --sort=-pcpu 2>/dev/null | head -60; echo '--- pstree of self ---'; pstree -plau 131519 2>/dev/null | head -40 || true; echo '--- /proc/loadavg ---'; cat /proc/loadavg 2>/dev/null || true; echo '--- recent dmesg (oom/killed) ---'; dmesg -T 2>/dev/null | tail -20 || journalctl --user -n 20 --no-pager 2>/dev/null | tail -20 || true; echo '=== end ==='
hermes    131885  0.0  0.0   7340  3696 ?        S    23:08   0:00      \_ bash -c echo '=== shutdown diagnostic @ SIGTERM ==='; echo '--- date ---'; date -u +%Y-%m-%dT%H:%M:%SZ; echo '--- ps auxf (top 60 by cpu) ---'; ps auxf --sort=-pcpu 2>/dev/null | head -60; echo '--- pstree of self ---'; pstree -plau 131519 2>/dev/null | head -40 || true; echo '--- /proc/loadavg ---'; cat /proc/loadavg 2>/dev/null || true; echo '--- recent dmesg (oom/killed) ---'; dmesg -T 2>/dev/null | tail -20 || journalctl --user -n 20 --no-pager 2>/dev/null | tail -20 || true; echo '=== end ==='
hermes    131887  0.0  0.0  11020  4640 ?        R    23:08   0:00          \_ ps auxf --sort=-pcpu
hermes    131888  0.0  0.0   5696  2080 ?        S    23:08   0:00          \_ head -60
--- pstree of self ---
hermes,131519,hermes -m hermes_cli.main gateway run --replace
  |-timeout,131884 5 bash -c echo '=== shutdown diagnostic @ SIGTERM ==='; echo '--- date ---'; date -u +%Y-%m-%dT%H:%M:%SZ; echo '--- ps auxf (top 60 by cpu) ---'; ps auxf --sort=-pcpu 2>/dev/null | head -60; echo '--- pstree of self ---'; pstree -plau 131519 2>/dev/null | head -40 || true; echo '--- /proc/loadavg ---'; cat /proc/loadavg 2>/dev/null || true; echo '--- recent dmesg (oom/killed) ---'; dmesg -T 2>/dev/null | tail -20 || journalctl --user -n 20 --no-pager 2>/dev/null | tail -20 || true; echo '=== end ==='
  |   `-bash,131885 -c echo '=== shutdown diagnostic @ SIGTERM ==='; echo '--- date ---'; date -u +%Y-%m-%dT%H:%M:%SZ; echo '--- ps auxf (top 60 by cpu) ---'; ps auxf --sort=-pcpu 2>/dev/null | head -60; echo '--- pstree of self ---'; pstree -plau 131519 2>/dev/null | head -40 || true; echo '--- /proc/loadavg ---'; cat /proc/loadavg 2>/dev/null || true; echo '--- recent dmesg (oom/killed) ---'; dmesg -T 2>/dev/null | tail -20 || journalctl --user -n 20 --no-pager 2>/dev/null | tail -20 || true; echo '=== end ==='
  |       |-head,131890 -40
  |       `-pstree,131889 -plau 131519
  |-{hermes},131540
  |-{hermes},131541
  |-{hermes},131544
  |-{hermes},131545
  `-{hermes},131547
--- /proc/loadavg ---
0.35 0.20 0.13 1/262 131891
--- recent dmesg (oom/killed) ---
=== end ===
=== shutdown diagnostic @ SIGTERM ===
--- date ---
2026-09-09T23:13:16Z
--- ps auxf (top 60 by cpu) ---
USER         PID %CPU %MEM    VSZ   RSS TTY      STAT START   TIME COMMAND
root           2  0.0  0.0      0     0 ?        S    Sep03   0:00 [kthreadd]
root      131318  0.0  0.0      0     0 ?        I    22:55   0:00  \_ [kworker/1:2-mm_percpu_wq]
root           1  0.0  0.0  22560 14064 ?        Ss   Sep03   0:33 /usr/lib/systemd/systemd --system --deserialize=75 vultr
hermes    131926 98.0  0.5 113312 95792 ?        Rs   23:13   0:00 /home/hermes/.local/share/uv/tools/hermes-agent/bin/python -m hermes_cli.main dashboard --host 0.0.0.0 --port 9119 --insecure --no-open
hermes    131925 97.0  0.7 130952 115564 ?       Ss   23:13   0:00 /home/hermes/.local/share/uv/tools/hermes-agent/bin/python -m hermes_cli.main gateway run --replace
--- pstree of self ---
hermes,131883,hermes -m hermes_cli.main gateway run --replace
  |-timeout,131927 5 bash -c echo '=== shutdown diagnostic @ SIGTERM ==='; echo '--- date ---'; date -u +%Y-%m-%dT%H:%M:%SZ; echo '--- ps auxf (top 60 by cpu) ---'; ps auxf --sort=-pcpu 2>/dev/null | head -60; echo '--- pstree of self ---'; pstree -plau 131883 2>/dev/null | head -40 || true; echo '--- /proc/loadavg ---'; cat /proc/loadavg 2>/dev/null || true; echo '--- recent dmesg (oom/killed) ---'; dmesg -T 2>/dev/null | tail -20 || journalctl --user -n 20 --no-pager 2>/dev/null | tail -20 || true; echo '=== end ==='
  |   `-bash,131928 -c echo '=== shutdown diagnostic @ SIGTERM ==='; echo '--- date ---'; date -u +%Y-%m-%dT%H:%M:%SZ; echo '--- ps auxf (top 60 by cpu) ---'; ps auxf --sort=-pcpu 2>/dev/null | head -60; echo '--- pstree of self ---'; pstree -plau 131883 2>/dev/null | head -40 || true; echo '--- /proc/loadavg ---'; cat /proc/loadavg 2>/dev/null || true; echo '--- recent dmesg (oom/killed) ---'; dmesg -T 2>/dev/null | tail -20 || journalctl --user -n 20 --no-pager 2>/dev/null | tail -20 || true; echo '=== end ==='
  |       |-head,131933 -40
  |       `-pstree,131932 -plau 131883
  |-{hermes},131896
  |-{hermes},131897
  |-{hermes},131899
  |-{hermes},131900
  `-{hermes},131902
--- /proc/loadavg ---
0.00 0.07 0.08 3/267 131934
--- recent dmesg (oom/killed) ---
=== end ===
=== shutdown diagnostic @ SIGTERM ===
--- date ---
2026-09-09T23:18:18Z
--- ps auxf (top 60 by cpu) ---
USER         PID %CPU %MEM    VSZ   RSS TTY      STAT START   TIME COMMAND
root           2  0.0  0.0      0     0 ?        S    Sep03   0:00 [kthreadd]
root      131988  0.0  0.0      0     0 ?        I    23:13   0:00  \_ [kworker/0:0-mm_percpu_wq]
root      131318  0.0  0.0      0     0 ?        I    22:55   0:00  \_ [kworker/1:2-cgroup_free]
root           1  0.0  0.0  22560 14064 ?        Ss   Sep03   0:33 /usr/lib/systemd/systemd --system --deserialize=75 vultr
hermes    131925  0.6  0.8 521888 136812 ?       Ssl  23:13   0:01 /home/hermes/.local/share/uv/tools/hermes-agent/bin/python -m hermes_cli.main gateway run --replace
hermes    132293  0.0  0.0   5692  2128 ?        Ss   23:18   0:00  \_ timeout 5 bash -c echo '=== shutdown diagnostic @ SIGTERM ==='; echo '--- date ---'; date -u +%Y-%m-%dT%H:%M:%SZ; echo '--- ps auxf (top 60 by cpu) ---'; ps auxf --sort=-pcpu 2>/dev/null | head -60; echo '--- pstree of self ---'; pstree -plau 131925 2>/dev/null | head -40 || true; echo '--- /proc/loadavg ---'; cat /proc/loadavg 2>/dev/null || true; echo '--- recent dmesg (oom/killed) ---'; dmesg -T 2>/dev/null | tail -20 || journalctl --user -n 20 --no-pager 2>/dev/null | tail -20 || true; echo '=== end ==='
hermes    132294  0.0  0.0   7340  3740 ?        S    23:18   0:00      \_ bash -c echo '=== shutdown diagnostic @ SIGTERM ==='; echo '--- date ---'; date -u +%Y-%m-%dT%H:%M:%SZ; echo '--- ps auxf (top 60 by cpu) ---'; ps auxf --sort=-pcpu 2>/dev/null | head -60; echo '--- pstree of self ---'; pstree -plau 131925 2>/dev/null | head -40 || true; echo '--- /proc/loadavg ---'; cat /proc/loadavg 2>/dev/null || true; echo '--- recent dmesg (oom/killed) ---'; dmesg -T 2>/dev/null | tail -20 || journalctl --user -n 20 --no-pager 2>/dev/null | tail -20 || true; echo '=== end ==='
hermes    132296  0.0  0.0  11020  4652 ?        R    23:18   0:00          \_ ps auxf --sort=-pcpu
hermes    132297  0.0  0.0   5696  2084 ?        S    23:18   0:00          \_ head -60
--- pstree of self ---
hermes,131925,hermes -m hermes_cli.main gateway run --replace
  |-timeout,132293 5 bash -c echo '=== shutdown diagnostic @ SIGTERM ==='; echo '--- date ---'; date -u +%Y-%m-%dT%H:%M:%SZ; echo '--- ps auxf (top 60 by cpu) ---'; ps auxf --sort=-pcpu 2>/dev/null | head -60; echo '--- pstree of self ---'; pstree -plau 131925 2>/dev/null | head -40 || true; echo '--- /proc/loadavg ---'; cat /proc/loadavg 2>/dev/null || true; echo '--- recent dmesg (oom/killed) ---'; dmesg -T 2>/dev/null | tail -20 || journalctl --user -n 20 --no-pager 2>/dev/null | tail -20 || true; echo '=== end ==='
  |   `-bash,132294 -c echo '=== shutdown diagnostic @ SIGTERM ==='; echo '--- date ---'; date -u +%Y-%m-%dT%H:%M:%SZ; echo '--- ps auxf (top 60 by cpu) ---'; ps auxf --sort=-pcpu 2>/dev/null | head -60; echo '--- pstree of self ---'; pstree -plau 131925 2>/dev/null | head -40 || true; echo '--- /proc/loadavg ---'; cat /proc/loadavg 2>/dev/null || true; echo '--- recent dmesg (oom/killed) ---'; dmesg -T 2>/dev/null | tail -20 || journalctl --user -n 20 --no-pager 2>/dev/null | tail -20 || true; echo '=== end ==='
  |       |-head,132299 -40
  |       `-pstree,132298 -plau 131925
  |-{hermes},131945
  |-{hermes},131946
  |-{hermes},131949
  |-{hermes},131951
  `-{hermes},132097
--- /proc/loadavg ---
0.25 0.17 0.11 1/262 132300
--- recent dmesg (oom/killed) ---
=== end ===
=== shutdown diagnostic @ SIGTERM ===
--- date ---
2026-09-09T23:23:20Z
--- ps auxf (top 60 by cpu) ---
USER         PID %CPU %MEM    VSZ   RSS TTY      STAT START   TIME COMMAND
root           2  0.0  0.0      0     0 ?        S    Sep03   0:00 [kthreadd]
root      131988  0.0  0.0      0     0 ?        I    23:13   0:00  \_ [kworker/0:0-events]
root      131318  0.0  0.0      0     0 ?        I    22:55   0:00  \_ [kworker/1:2-cgroup_release]
root      131512  0.0  0.0      0     0 ?        I    23:02   0:00  \_ [kworker/u4:2-events_power_efficient]
root      128118  0.0  0.0      0     0 ?        I    22:02   0:00  \_ [kworker/u4:3-flush-253:0]
root           1  0.0  0.0  22560 14064 ?        Ss   Sep03   0:33 /usr/lib/systemd/systemd --system --deserialize=75 vultr
hermes    132323 98.1  0.6 129004 112480 ?       Rs   23:23   0:01 /home/hermes/.local/share/uv/tools/hermes-agent/bin/python -m hermes_cli.main dashboard --host 0.0.0.0 --port 9119 --insecure --no-open
hermes    132322 97.2  0.7 130728 115368 ?       Ss   23:23   0:01 /home/hermes/.local/share/uv/tools/hermes-agent/bin/python -m hermes_cli.main gateway run --replace
--- pstree of self ---
hermes,132292,hermes -m hermes_cli.main gateway run --replace
  |-timeout,132324 5 bash -c echo '=== shutdown diagnostic @ SIGTERM ==='; echo '--- date ---'; date -u +%Y-%m-%dT%H:%M:%SZ; echo '--- ps auxf (top 60 by cpu) ---'; ps auxf --sort=-pcpu 2>/dev/null | head -60; echo '--- pstree of self ---'; pstree -plau 132292 2>/dev/null | head -40 || true; echo '--- /proc/loadavg ---'; cat /proc/loadavg 2>/dev/null || true; echo '--- recent dmesg (oom/killed) ---'; dmesg -T 2>/dev/null | tail -20 || journalctl --user -n 20 --no-pager 2>/dev/null | tail -20 || true; echo '=== end ==='
  |   `-bash,132325 -c echo '=== shutdown diagnostic @ SIGTERM ==='; echo '--- date ---'; date -u +%Y-%m-%dT%H:%M:%SZ; echo '--- ps auxf (top 60 by cpu) ---'; ps auxf --sort=-pcpu 2>/dev/null | head -60; echo '--- pstree of self ---'; pstree -plau 132292 2>/dev/null | head -40 || true; echo '--- /proc/loadavg ---'; cat /proc/loadavg 2>/dev/null || true; echo '--- recent dmesg (oom/killed) ---'; dmesg -T 2>/dev/null | tail -20 || journalctl --user -n 20 --no-pager 2>/dev/null | tail -20 || true; echo '=== end ==='
  |       |-head,132330 -40
  |       `-pstree,132329 -plau 132292
  |-{hermes},132305
  |-{hermes},132306
  |-{hermes},132308
  |-{hermes},132309
  `-{hermes},132311
--- /proc/loadavg ---
0.16 0.10 0.09 2/261 132331
--- recent dmesg (oom/killed) ---
=== end ===
=== shutdown diagnostic @ SIGTERM ===
--- date ---
2026-09-09T23:28:22Z
--- ps auxf (top 60 by cpu) ---
USER         PID %CPU %MEM    VSZ   RSS TTY      STAT START   TIME COMMAND
root           2  0.0  0.0      0     0 ?        S    Sep03   0:00 [kthreadd]
root      131988  0.0  0.0      0     0 ?        I    23:13   0:00  \_ [kworker/0:0-cgwb_release]
root      132160  0.0  0.0      0     0 ?        I    23:16   0:00  \_ [kworker/1:0-events]
root      131512  0.0  0.0      0     0 ?        I    23:02   0:00  \_ [kworker/u4:2-flush-253:0]
root           1  0.0  0.0  22560 14064 ?        Ss   Sep03   0:33 /usr/lib/systemd/systemd --system --deserialize=75 vultr
hermes    132322  0.6  0.8 521664 136808 ?       Ssl  23:23   0:02 /home/hermes/.local/share/uv/tools/hermes-agent/bin/python -m hermes_cli.main gateway run --replace
hermes    132683  0.0  0.0   5692  2132 ?        Ss   23:28   0:00  \_ timeout 5 bash -c echo '=== shutdown diagnostic @ SIGTERM ==='; echo '--- date ---'; date -u +%Y-%m-%dT%H:%M:%SZ; echo '--- ps auxf (top 60 by cpu) ---'; ps auxf --sort=-pcpu 2>/dev/null | head -60; echo '--- pstree of self ---'; pstree -plau 132322 2>/dev/null | head -40 || true; echo '--- /proc/loadavg ---'; cat /proc/loadavg 2>/dev/null || true; echo '--- recent dmesg (oom/killed) ---'; dmesg -T 2>/dev/null | tail -20 || journalctl --user -n 20 --no-pager 2>/dev/null | tail -20 || true; echo '=== end ==='
hermes    132684  0.0  0.0   7340  3768 ?        S    23:28   0:00      \_ bash -c echo '=== shutdown diagnostic @ SIGTERM ==='; echo '--- date ---'; date -u +%Y-%m-%dT%H:%M:%SZ; echo '--- ps auxf (top 60 by cpu) ---'; ps auxf --sort=-pcpu 2>/dev/null | head -60; echo '--- pstree of self ---'; pstree -plau 132322 2>/dev/null | head -40 || true; echo '--- /proc/loadavg ---'; cat /proc/loadavg 2>/dev/null || true; echo '--- recent dmesg (oom/killed) ---'; dmesg -T 2>/dev/null | tail -20 || journalctl --user -n 20 --no-pager 2>/dev/null | tail -20 || true; echo '=== end ==='
hermes    132686  0.0  0.0  11020  4656 ?        R    23:28   0:00          \_ ps auxf --sort=-pcpu
hermes    132687  0.0  0.0   5696  2084 ?        S    23:28   0:00          \_ head -60
--- pstree of self ---
hermes,132322,hermes -m hermes_cli.main gateway run --replace
  |-timeout,132683 5 bash -c echo '=== shutdown diagnostic @ SIGTERM ==='; echo '--- date ---'; date -u +%Y-%m-%dT%H:%M:%SZ; echo '--- ps auxf (top 60 by cpu) ---'; ps auxf --sort=-pcpu 2>/dev/null | head -60; echo '--- pstree of self ---'; pstree -plau 132322 2>/dev/null | head -40 || true; echo '--- /proc/loadavg ---'; cat /proc/loadavg 2>/dev/null || true; echo '--- recent dmesg (oom/killed) ---'; dmesg -T 2>/dev/null | tail -20 || journalctl --user -n 20 --no-pager 2>/dev/null | tail -20 || true; echo '=== end ==='
  |   `-bash,132684 -c echo '=== shutdown diagnostic @ SIGTERM ==='; echo '--- date ---'; date -u +%Y-%m-%dT%H:%M:%SZ; echo '--- ps auxf (top 60 by cpu) ---'; ps auxf --sort=-pcpu 2>/dev/null | head -60; echo '--- pstree of self ---'; pstree -plau 132322 2>/dev/null | head -40 || true; echo '--- /proc/loadavg ---'; cat /proc/loadavg 2>/dev/null || true; echo '--- recent dmesg (oom/killed) ---'; dmesg -T 2>/dev/null | tail -20 || journalctl --user -n 20 --no-pager 2>/dev/null | tail -20 || true; echo '=== end ==='
  |       |-head,132689 -40
  |       `-pstree,132688 -plau 132322
  |-{hermes},132343
  |-{hermes},132344
  |-{hermes},132347
  |-{hermes},132348
  `-{hermes},132350
--- /proc/loadavg ---
0.35 0.20 0.12 1/262 132690
--- recent dmesg (oom/killed) ---
=== end ===
=== shutdown diagnostic @ SIGTERM ===
--- date ---
2026-09-09T23:33:23Z
--- ps auxf (top 60 by cpu) ---
USER         PID %CPU %MEM    VSZ   RSS TTY      STAT START   TIME COMMAND
root           2  0.0  0.0      0     0 ?        S    Sep03   0:00 [kthreadd]
root      131512  0.0  0.0      0     0 ?        I    23:02   0:00  \_ [kworker/u4:2-events_unbound]
root      132160  0.0  0.0      0     0 ?        I    23:16   0:00  \_ [kworker/1:0-events]
root      131988  0.0  0.0      0     0 ?        I    23:13   0:00  \_ [kworker/0:0-events]
root           1  0.0  0.0  22560 14064 ?        Ss   Sep03   0:33 /usr/lib/systemd/systemd --system --deserialize=75 vultr
hermes    132712 98.1  0.6 129228 112256 ?       Rs   23:33   0:01 /home/hermes/.local/share/uv/tools/hermes-agent/bin/python -m hermes_cli.main dashboard --host 0.0.0.0 --port 9119 --insecure --no-open
hermes    132711 96.2  0.7 130952 115420 ?       Ss   23:33   0:01 /home/hermes/.local/share/uv/tools/hermes-agent/bin/python -m hermes_cli.main gateway run --replace
--- pstree of self ---
hermes,132682,hermes -m hermes_cli.main gateway run --replace
  |-timeout,132713 5 bash -c echo '=== shutdown diagnostic @ SIGTERM ==='; echo '--- date ---'; date -u +%Y-%m-%dT%H:%M:%SZ; echo '--- ps auxf (top 60 by cpu) ---'; ps auxf --sort=-pcpu 2>/dev/null | head -60; echo '--- pstree of self ---'; pstree -plau 132682 2>/dev/null | head -40 || true; echo '--- /proc/loadavg ---'; cat /proc/loadavg 2>/dev/null || true; echo '--- recent dmesg (oom/killed) ---'; dmesg -T 2>/dev/null | tail -20 || journalctl --user -n 20 --no-pager 2>/dev/null | tail -20 || true; echo '=== end ==='
  |   `-bash,132714 -c echo '=== shutdown diagnostic @ SIGTERM ==='; echo '--- date ---'; date -u +%Y-%m-%dT%H:%M:%SZ; echo '--- ps auxf (top 60 by cpu) ---'; ps auxf --sort=-pcpu 2>/dev/null | head -60; echo '--- pstree of self ---'; pstree -plau 132682 2>/dev/null | head -40 || true; echo '--- /proc/loadavg ---'; cat /proc/loadavg 2>/dev/null || true; echo '--- recent dmesg (oom/killed) ---'; dmesg -T 2>/dev/null | tail -20 || journalctl --user -n 20 --no-pager 2>/dev/null | tail -20 || true; echo '=== end ==='
  |       |-head,132719 -40
  |       `-pstree,132718 -plau 132682
  |-{hermes},132695
  |-{hermes},132696
  |-{hermes},132698
  |-{hermes},132700
  `-{hermes},132704
--- /proc/loadavg ---
0.00 0.07 0.08 2/263 132720
--- recent dmesg (oom/killed) ---
=== end ===
=== shutdown diagnostic @ SIGTERM ===
--- date ---
2026-09-09T23:38:25Z
--- ps auxf (top 60 by cpu) ---
USER         PID %CPU %MEM    VSZ   RSS TTY      STAT START   TIME COMMAND
root           2  0.0  0.0      0     0 ?        S    Sep03   0:00 [kthreadd]
root      132746  0.0  0.0      0     0 ?        I    23:33   0:00  \_ [kworker/0:1-events]
root      132160  0.0  0.0      0     0 ?        I    23:16   0:00  \_ [kworker/1:0-events]
root      132708  0.0  0.0      0     0 ?        I    23:31   0:00  \_ [kworker/u4:3-events_power_efficient]
root      131512  0.0  0.0      0     0 ?        I    23:02   0:00  \_ [kworker/u4:2-flush-253:0]
root           1  0.0  0.0  22560 14064 ?        Ss   Sep03   0:33 /usr/lib/systemd/systemd --system --deserialize=75 vultr
hermes    132711  0.6  0.8 521888 136656 ?       Ssl  23:33   0:01 /home/hermes/.local/share/uv/tools/hermes-agent/bin/python -m hermes_cli.main gateway run --replace
hermes    133077  0.0  0.0   5692  2128 ?        Ss   23:38   0:00  \_ timeout 5 bash -c echo '=== shutdown diagnostic @ SIGTERM ==='; echo '--- date ---'; date -u +%Y-%m-%dT%H:%M:%SZ; echo '--- ps auxf (top 60 by cpu) ---'; ps auxf --sort=-pcpu 2>/dev/null | head -60; echo '--- pstree of self ---'; pstree -plau 132711 2>/dev/null | head -40 || true; echo '--- /proc/loadavg ---'; cat /proc/loadavg 2>/dev/null || true; echo '--- recent dmesg (oom/killed) ---'; dmesg -T 2>/dev/null | tail -20 || journalctl --user -n 20 --no-pager 2>/dev/null | tail -20 || true; echo '=== end ==='
hermes    133078  0.0  0.0   7340  3744 ?        S    23:38   0:00      \_ bash -c echo '=== shutdown diagnostic @ SIGTERM ==='; echo '--- date ---'; date -u +%Y-%m-%dT%H:%M:%SZ; echo '--- ps auxf (top 60 by cpu) ---'; ps auxf --sort=-pcpu 2>/dev/null | head -60; echo '--- pstree of self ---'; pstree -plau 132711 2>/dev/null | head -40 || true; echo '--- /proc/loadavg ---'; cat /proc/loadavg 2>/dev/null || true; echo '--- recent dmesg (oom/killed) ---'; dmesg -T 2>/dev/null | tail -20 || journalctl --user -n 20 --no-pager 2>/dev/null | tail -20 || true; echo '=== end ==='
hermes    133080  0.0  0.0  11020  4640 ?        R    23:38   0:00          \_ ps auxf --sort=-pcpu
hermes    133081  0.0  0.0   5696  2080 ?        S    23:38   0:00          \_ head -60
--- pstree of self ---
hermes,132711,hermes -m hermes_cli.main gateway run --replace
  |-timeout,133077 5 bash -c echo '=== shutdown diagnostic @ SIGTERM ==='; echo '--- date ---'; date -u +%Y-%m-%dT%H:%M:%SZ; echo '--- ps auxf (top 60 by cpu) ---'; ps auxf --sort=-pcpu 2>/dev/null | head -60; echo '--- pstree of self ---'; pstree -plau 132711 2>/dev/null | head -40 || true; echo '--- /proc/loadavg ---'; cat /proc/loadavg 2>/dev/null || true; echo '--- recent dmesg (oom/killed) ---'; dmesg -T 2>/dev/null | tail -20 || journalctl --user -n 20 --no-pager 2>/dev/null | tail -20 || true; echo '=== end ==='
  |   `-bash,133078 -c echo '=== shutdown diagnostic @ SIGTERM ==='; echo '--- date ---'; date -u +%Y-%m-%dT%H:%M:%SZ; echo '--- ps auxf (top 60 by cpu) ---'; ps auxf --sort=-pcpu 2>/dev/null | head -60; echo '--- pstree of self ---'; pstree -plau 132711 2>/dev/null | head -40 || true; echo '--- /proc/loadavg ---'; cat /proc/loadavg 2>/dev/null || true; echo '--- recent dmesg (oom/killed) ---'; dmesg -T 2>/dev/null | tail -20 || journalctl --user -n 20 --no-pager 2>/dev/null | tail -20 || true; echo '=== end ==='
  |       |-head,133083 -40
  |       `-pstree,133082 -plau 132711
  |-{hermes},132731
  |-{hermes},132732
  |-{hermes},132735
  |-{hermes},132736
  `-{hermes},132738
--- /proc/loadavg ---
0.20 0.17 0.11 1/262 133084
--- recent dmesg (oom/killed) ---
=== end ===
=== shutdown diagnostic @ SIGTERM ===
--- date ---
2026-09-09T23:43:27Z
--- ps auxf (top 60 by cpu) ---
USER         PID %CPU %MEM    VSZ   RSS TTY      STAT START   TIME COMMAND
root           2  0.0  0.0      0     0 ?        S    Sep03   0:00 [kthreadd]
root      132746  0.0  0.0      0     0 ?        I    23:33   0:00  \_ [kworker/0:1-events]
root      132160  0.0  0.0      0     0 ?        I    23:16   0:00  \_ [kworker/1:0-events]
root      133059  0.0  0.0      0     0 ?        I    23:38   0:00  \_ [kworker/u4:0-events_unbound]
root      131512  0.0  0.0      0     0 ?        I    23:02   0:00  \_ [kworker/u4:2-writeback]
root           1  0.0  0.0  22560 14064 ?        Ss   Sep03   0:33 /usr/lib/systemd/systemd --system --deserialize=75 vultr
hermes    133114  100  0.5 114336 97576 ?        Rs   23:43   0:01 /home/hermes/.local/share/uv/tools/hermes-agent/bin/python -m hermes_cli.main dashboard --host 0.0.0.0 --port 9119 --insecure --no-open
hermes    133113 97.1  0.7 130728 115388 ?       Ss   23:43   0:01 /home/hermes/.local/share/uv/tools/hermes-agent/bin/python -m hermes_cli.main gateway run --replace
--- pstree of self ---
hermes,133076,hermes -m hermes_cli.main gateway run --replace
  |-timeout,133115 5 bash -c echo '=== shutdown diagnostic @ SIGTERM ==='; echo '--- date ---'; date -u +%Y-%m-%dT%H:%M:%SZ; echo '--- ps auxf (top 60 by cpu) ---'; ps auxf --sort=-pcpu 2>/dev/null | head -60; echo '--- pstree of self ---'; pstree -plau 133076 2>/dev/null | head -40 || true; echo '--- /proc/loadavg ---'; cat /proc/loadavg 2>/dev/null || true; echo '--- recent dmesg (oom/killed) ---'; dmesg -T 2>/dev/null | tail -20 || journalctl --user -n 20 --no-pager 2>/dev/null | tail -20 || true; echo '=== end ==='
  |   `-bash,133116 -c echo '=== shutdown diagnostic @ SIGTERM ==='; echo '--- date ---'; date -u +%Y-%m-%dT%H:%M:%SZ; echo '--- ps auxf (top 60 by cpu) ---'; ps auxf --sort=-pcpu 2>/dev/null | head -60; echo '--- pstree of self ---'; pstree -plau 133076 2>/dev/null | head -40 || true; echo '--- /proc/loadavg ---'; cat /proc/loadavg 2>/dev/null || true; echo '--- recent dmesg (oom/killed) ---'; dmesg -T 2>/dev/null | tail -20 || journalctl --user -n 20 --no-pager 2>/dev/null | tail -20 || true; echo '=== end ==='
  |       |-head,133121 -40
  |       `-pstree,133120 -plau 133076
  |-{hermes},133089
  |-{hermes},133090
  |-{hermes},133092
  `-{hermes},133094
--- /proc/loadavg ---
0.00 0.08 0.08 2/261 133122
--- recent dmesg (oom/killed) ---
=== end ===
=== shutdown diagnostic @ SIGTERM ===
--- date ---
2026-09-09T23:48:29Z
--- ps auxf (top 60 by cpu) ---
USER         PID %CPU %MEM    VSZ   RSS TTY      STAT START   TIME COMMAND
root           2  0.0  0.0      0     0 ?        S    Sep03   0:00 [kthreadd]
root      133131  0.0  0.0      0     0 ?        I    23:43   0:00  \_ [kworker/1:2-events]
root      132746  0.0  0.0      0     0 ?        I    23:33   0:00  \_ [kworker/0:1-events]
root      133059  0.0  0.0      0     0 ?        I    23:38   0:00  \_ [kworker/u4:0-events_power_efficient]
root      132160  0.0  0.0      0     0 ?        I    23:16   0:00  \_ [kworker/1:0-cgwb_release]
root           1  0.0  0.0  22560 14064 ?        Ss   Sep03   0:33 /usr/lib/systemd/systemd --system --deserialize=75 vultr
hermes    133113  0.6  0.8 521664 136664 ?       Ssl  23:43   0:02 /home/hermes/.local/share/uv/tools/hermes-agent/bin/python -m hermes_cli.main gateway run --replace
hermes    133480  0.0  0.0   5692  2132 ?        Ss   23:48   0:00  \_ timeout 5 bash -c echo '=== shutdown diagnostic @ SIGTERM ==='; echo '--- date ---'; date -u +%Y-%m-%dT%H:%M:%SZ; echo '--- ps auxf (top 60 by cpu) ---'; ps auxf --sort=-pcpu 2>/dev/null | head -60; echo '--- pstree of self ---'; pstree -plau 133113 2>/dev/null | head -40 || true; echo '--- /proc/loadavg ---'; cat /proc/loadavg 2>/dev/null || true; echo '--- recent dmesg (oom/killed) ---'; dmesg -T 2>/dev/null | tail -20 || journalctl --user -n 20 --no-pager 2>/dev/null | tail -20 || true; echo '=== end ==='
hermes    133481  0.0  0.0   7340  3776 ?        S    23:48   0:00      \_ bash -c echo '=== shutdown diagnostic @ SIGTERM ==='; echo '--- date ---'; date -u +%Y-%m-%dT%H:%M:%SZ; echo '--- ps auxf (top 60 by cpu) ---'; ps auxf --sort=-pcpu 2>/dev/null | head -60; echo '--- pstree of self ---'; pstree -plau 133113 2>/dev/null | head -40 || true; echo '--- /proc/loadavg ---'; cat /proc/loadavg 2>/dev/null || true; echo '--- recent dmesg (oom/killed) ---'; dmesg -T 2>/dev/null | tail -20 || journalctl --user -n 20 --no-pager 2>/dev/null | tail -20 || true; echo '=== end ==='
hermes    133483  0.0  0.0  11020  4652 ?        R    23:48   0:00          \_ ps auxf --sort=-pcpu
hermes    133484  0.0  0.0   5696  2080 ?        S    23:48   0:00          \_ head -60
--- pstree of self ---
hermes,133113,hermes -m hermes_cli.main gateway run --replace
  |-timeout,133480 5 bash -c echo '=== shutdown diagnostic @ SIGTERM ==='; echo '--- date ---'; date -u +%Y-%m-%dT%H:%M:%SZ; echo '--- ps auxf (top 60 by cpu) ---'; ps auxf --sort=-pcpu 2>/dev/null | head -60; echo '--- pstree of self ---'; pstree -plau 133113 2>/dev/null | head -40 || true; echo '--- /proc/loadavg ---'; cat /proc/loadavg 2>/dev/null || true; echo '--- recent dmesg (oom/killed) ---'; dmesg -T 2>/dev/null | tail -20 || journalctl --user -n 20 --no-pager 2>/dev/null | tail -20 || true; echo '=== end ==='
  |   `-bash,133481 -c echo '=== shutdown diagnostic @ SIGTERM ==='; echo '--- date ---'; date -u +%Y-%m-%dT%H:%M:%SZ; echo '--- ps auxf (top 60 by cpu) ---'; ps auxf --sort=-pcpu 2>/dev/null | head -60; echo '--- pstree of self ---'; pstree -plau 133113 2>/dev/null | head -40 || true; echo '--- /proc/loadavg ---'; cat /proc/loadavg 2>/dev/null || true; echo '--- recent dmesg (oom/killed) ---'; dmesg -T 2>/dev/null | tail -20 || journalctl --user -n 20 --no-pager 2>/dev/null | tail -20 || true; echo '=== end ==='
  |       |-head,133486 -40
  |       `-pstree,133485 -plau 133113
  |-{hermes},133134
  |-{hermes},133135
  |-{hermes},133138
  |-{hermes},133139
  `-{hermes},133141
--- /proc/loadavg ---
0.23 0.14 0.10 1/262 133487
--- recent dmesg (oom/killed) ---
=== end ===
=== shutdown diagnostic @ SIGTERM ===
--- date ---
2026-09-09T23:53:31Z
--- ps auxf (top 60 by cpu) ---
USER         PID %CPU %MEM    VSZ   RSS TTY      STAT START   TIME COMMAND
root           2  0.0  0.0      0     0 ?        S    Sep03   0:00 [kthreadd]
root      133131  0.0  0.0      0     0 ?        I    23:43   0:00  \_ [kworker/1:2-events]
root      132746  0.0  0.0      0     0 ?        I    23:33   0:00  \_ [kworker/0:1-events]
root      133059  0.0  0.0      0     0 ?        I    23:38   0:00  \_ [kworker/u4:0-events_unbound]
root           1  0.0  0.0  22560 14064 ?        Ss   Sep03   0:34 /usr/lib/systemd/systemd --system --deserialize=75 vultr
hermes    133516 98.0  0.6 123588 106856 ?       Rs   23:53   0:01 /home/hermes/.local/share/uv/tools/hermes-agent/bin/python -m hermes_cli.main dashboard --host 0.0.0.0 --port 9119 --insecure --no-open
hermes    133515 96.1  0.7 130728 115200 ?       Ss   23:53   0:00 /home/hermes/.local/share/uv/tools/hermes-agent/bin/python -m hermes_cli.main gateway run --replace
--- pstree of self ---
hermes,133479,hermes -m hermes_cli.main gateway run --replace
  |-timeout,133517 5 bash -c echo '=== shutdown diagnostic @ SIGTERM ==='; echo '--- date ---'; date -u +%Y-%m-%dT%H:%M:%SZ; echo '--- ps auxf (top 60 by cpu) ---'; ps auxf --sort=-pcpu 2>/dev/null | head -60; echo '--- pstree of self ---'; pstree -plau 133479 2>/dev/null | head -40 || true; echo '--- /proc/loadavg ---'; cat /proc/loadavg 2>/dev/null || true; echo '--- recent dmesg (oom/killed) ---'; dmesg -T 2>/dev/null | tail -20 || journalctl --user -n 20 --no-pager 2>/dev/null | tail -20 || true; echo '=== end ==='
  |   `-bash,133518 -c echo '=== shutdown diagnostic @ SIGTERM ==='; echo '--- date ---'; date -u +%Y-%m-%dT%H:%M:%SZ; echo '--- ps auxf (top 60 by cpu) ---'; ps auxf --sort=-pcpu 2>/dev/null | head -60; echo '--- pstree of self ---'; pstree -plau 133479 2>/dev/null | head -40 || true; echo '--- /proc/loadavg ---'; cat /proc/loadavg 2>/dev/null || true; echo '--- recent dmesg (oom/killed) ---'; dmesg -T 2>/dev/null | tail -20 || journalctl --user -n 20 --no-pager 2>/dev/null | tail -20 || true; echo '=== end ==='
  |       |-head,133523 -40
  |       `-pstree,133522 -plau 133479
  |-{hermes},133492
  |-{hermes},133493
  |-{hermes},133495
  |-{hermes},133496
  `-{hermes},133498
--- /proc/loadavg ---
0.00 0.04 0.07 2/263 133524
--- recent dmesg (oom/killed) ---
=== end ===
=== shutdown diagnostic @ SIGTERM ===
--- date ---
2026-09-09T23:58:33Z
--- ps auxf (top 60 by cpu) ---
USER         PID %CPU %MEM    VSZ   RSS TTY      STAT START   TIME COMMAND
root           2  0.0  0.0      0     0 ?        S    Sep03   0:00 [kthreadd]
root      133131  0.0  0.0      0     0 ?        I    23:43   0:00  \_ [kworker/1:2-events]
root      132746  0.0  0.0      0     0 ?        I    23:33   0:00  \_ [kworker/0:1-cgroup_release]
root      133059  0.0  0.0      0     0 ?        I    23:38   0:00  \_ [kworker/u4:0-flush-253:0]
root           1  0.0  0.0  22560 14064 ?        Ss   Sep03   0:34 /usr/lib/systemd/systemd --system --deserialize=75 vultr
hermes    133515  0.6  0.8 521664 136616 ?       Ssl  23:53   0:01 /home/hermes/.local/share/uv/tools/hermes-agent/bin/python -m hermes_cli.main gateway run --replace
hermes    133885  0.0  0.0   5692  2132 ?        Ss   23:58   0:00  \_ timeout 5 bash -c echo '=== shutdown diagnostic @ SIGTERM ==='; echo '--- date ---'; date -u +%Y-%m-%dT%H:%M:%SZ; echo '--- ps auxf (top 60 by cpu) ---'; ps auxf --sort=-pcpu 2>/dev/null | head -60; echo '--- pstree of self ---'; pstree -plau 133515 2>/dev/null | head -40 || true; echo '--- /proc/loadavg ---'; cat /proc/loadavg 2>/dev/null || true; echo '--- recent dmesg (oom/killed) ---'; dmesg -T 2>/dev/null | tail -20 || journalctl --user -n 20 --no-pager 2>/dev/null | tail -20 || true; echo '=== end ==='
hermes    133886  0.0  0.0   7340  3768 ?        S    23:58   0:00      \_ bash -c echo '=== shutdown diagnostic @ SIGTERM ==='; echo '--- date ---'; date -u +%Y-%m-%dT%H:%M:%SZ; echo '--- ps auxf (top 60 by cpu) ---'; ps auxf --sort=-pcpu 2>/dev/null | head -60; echo '--- pstree of self ---'; pstree -plau 133515 2>/dev/null | head -40 || true; echo '--- /proc/loadavg ---'; cat /proc/loadavg 2>/dev/null || true; echo '--- recent dmesg (oom/killed) ---'; dmesg -T 2>/dev/null | tail -20 || journalctl --user -n 20 --no-pager 2>/dev/null | tail -20 || true; echo '=== end ==='
hermes    133888  0.0  0.0  11020  4632 ?        R    23:58   0:00          \_ ps auxf --sort=-pcpu
hermes    133889  0.0  0.0   5696  2084 ?        S    23:58   0:00          \_ head -60
--- pstree of self ---
hermes,133515,hermes -m hermes_cli.main gateway run --replace
  |-timeout,133885 5 bash -c echo '=== shutdown diagnostic @ SIGTERM ==='; echo '--- date ---'; date -u +%Y-%m-%dT%H:%M:%SZ; echo '--- ps auxf (top 60 by cpu) ---'; ps auxf --sort=-pcpu 2>/dev/null | head -60; echo '--- pstree of self ---'; pstree -plau 133515 2>/dev/null | head -40 || true; echo '--- /proc/loadavg ---'; cat /proc/loadavg 2>/dev/null || true; echo '--- recent dmesg (oom/killed) ---'; dmesg -T 2>/dev/null | tail -20 || journalctl --user -n 20 --no-pager 2>/dev/null | tail -20 || true; echo '=== end ==='
  |   `-bash,133886 -c echo '=== shutdown diagnostic @ SIGTERM ==='; echo '--- date ---'; date -u +%Y-%m-%dT%H:%M:%SZ; echo '--- ps auxf (top 60 by cpu) ---'; ps auxf --sort=-pcpu 2>/dev/null | head -60; echo '--- pstree of self ---'; pstree -plau 133515 2>/dev/null | head -40 || true; echo '--- /proc/loadavg ---'; cat /proc/loadavg 2>/dev/null || true; echo '--- recent dmesg (oom/killed) ---'; dmesg -T 2>/dev/null | tail -20 || journalctl --user -n 20 --no-pager 2>/dev/null | tail -20 || true; echo '=== end ==='
  |       |-head,133891 -40
  |       `-pstree,133890 -plau 133515
  |-{hermes},133537
  |-{hermes},133538
  |-{hermes},133541
  |-{hermes},133542
  `-{hermes},133544
--- /proc/loadavg ---
0.25 0.16 0.10 1/264 133892
--- recent dmesg (oom/killed) ---
=== end ===
=== shutdown diagnostic @ SIGTERM ===
--- date ---
2026-09-10T00:03:35Z
--- ps auxf (top 60 by cpu) ---
USER         PID %CPU %MEM    VSZ   RSS TTY      STAT START   TIME COMMAND
root           2  0.0  0.0      0     0 ?        S    Sep03   0:00 [kthreadd]
root      133131  0.0  0.0      0     0 ?        I    Sep09   0:00  \_ [kworker/1:2-events]
root      133059  0.0  0.0      0     0 ?        I    Sep09   0:00  \_ [kworker/u4:0-events_unbound]
root      132746  0.0  0.0      0     0 ?        I    Sep09   0:00  \_ [kworker/0:1-cgroup_release]
root           1  0.0  0.0  22560 14064 ?        Ss   Sep03   0:34 /usr/lib/systemd/systemd --system --deserialize=75 vultr
hermes    133932 98.0  0.5 113332 96200 ?        Rs   00:03   0:00 /home/hermes/.local/share/uv/tools/hermes-agent/bin/python -m hermes_cli.main dashboard --host 0.0.0.0 --port 9119 --insecure --no-open
hermes    133931 97.0  0.6 129712 114384 ?       Ss   00:03   0:00 /home/hermes/.local/share/uv/tools/hermes-agent/bin/python -m hermes_cli.main gateway run --replace
--- pstree of self ---
hermes,133884,hermes -m hermes_cli.main gateway run --replace
  |-timeout,133933 5 bash -c echo '=== shutdown diagnostic @ SIGTERM ==='; echo '--- date ---'; date -u +%Y-%m-%dT%H:%M:%SZ; echo '--- ps auxf (top 60 by cpu) ---'; ps auxf --sort=-pcpu 2>/dev/null | head -60; echo '--- pstree of self ---'; pstree -plau 133884 2>/dev/null | head -40 || true; echo '--- /proc/loadavg ---'; cat /proc/loadavg 2>/dev/null || true; echo '--- recent dmesg (oom/killed) ---'; dmesg -T 2>/dev/null | tail -20 || journalctl --user -n 20 --no-pager 2>/dev/null | tail -20 || true; echo '=== end ==='
  |   `-bash,133934 -c echo '=== shutdown diagnostic @ SIGTERM ==='; echo '--- date ---'; date -u +%Y-%m-%dT%H:%M:%SZ; echo '--- ps auxf (top 60 by cpu) ---'; ps auxf --sort=-pcpu 2>/dev/null | head -60; echo '--- pstree of self ---'; pstree -plau 133884 2>/dev/null | head -40 || true; echo '--- /proc/loadavg ---'; cat /proc/loadavg 2>/dev/null || true; echo '--- recent dmesg (oom/killed) ---'; dmesg -T 2>/dev/null | tail -20 || journalctl --user -n 20 --no-pager 2>/dev/null | tail -20 || true; echo '=== end ==='
  |       |-head,133939 -40
  |       `-pstree,133938 -plau 133884
  |-{hermes},133897
  |-{hermes},133898
  |-{hermes},133900
  |-{hermes},133901
  |-{hermes},133903
  `-{hermes},133926
--- /proc/loadavg ---
0.16 0.09 0.08 2/262 133940
--- recent dmesg (oom/killed) ---
=== end ===
=== shutdown diagnostic @ SIGTERM ===
--- date ---
2026-09-10T00:08:37Z
--- ps auxf (top 60 by cpu) ---
USER         PID %CPU %MEM    VSZ   RSS TTY      STAT START   TIME COMMAND
root           2  0.0  0.0      0     0 ?        S    Sep03   0:00 [kthreadd]
root      133131  0.0  0.0      0     0 ?        I    Sep09   0:00  \_ [kworker/1:2-events]
root      133534  0.0  0.0      0     0 ?        I    Sep09   0:00  \_ [kworker/0:3-events]
root      133059  0.0  0.0      0     0 ?        I    Sep09   0:00  \_ [kworker/u4:0-events_power_efficient]
root           1  0.0  0.0  22560 14064 ?        Ss   Sep03   0:34 /usr/lib/systemd/systemd --system --deserialize=75 vultr
hermes    133931  0.6  0.8 521672 136780 ?       Ssl  00:03   0:01 /home/hermes/.local/share/uv/tools/hermes-agent/bin/python -m hermes_cli.main gateway run --replace
hermes    134326  0.0  0.0   5692  2132 ?        Ss   00:08   0:00  \_ timeout 5 bash -c echo '=== shutdown diagnostic @ SIGTERM ==='; echo '--- date ---'; date -u +%Y-%m-%dT%H:%M:%SZ; echo '--- ps auxf (top 60 by cpu) ---'; ps auxf --sort=-pcpu 2>/dev/null | head -60; echo '--- pstree of self ---'; pstree -plau 133931 2>/dev/null | head -40 || true; echo '--- /proc/loadavg ---'; cat /proc/loadavg 2>/dev/null || true; echo '--- recent dmesg (oom/killed) ---'; dmesg -T 2>/dev/null | tail -20 || journalctl --user -n 20 --no-pager 2>/dev/null | tail -20 || true; echo '=== end ==='
hermes    134327  0.0  0.0   7340  3732 ?        S    00:08   0:00      \_ bash -c echo '=== shutdown diagnostic @ SIGTERM ==='; echo '--- date ---'; date -u +%Y-%m-%dT%H:%M:%SZ; echo '--- ps auxf (top 60 by cpu) ---'; ps auxf --sort=-pcpu 2>/dev/null | head -60; echo '--- pstree of self ---'; pstree -plau 133931 2>/dev/null | head -40 || true; echo '--- /proc/loadavg ---'; cat /proc/loadavg 2>/dev/null || true; echo '--- recent dmesg (oom/killed) ---'; dmesg -T 2>/dev/null | tail -20 || journalctl --user -n 20 --no-pager 2>/dev/null | tail -20 || true; echo '=== end ==='
hermes    134329  0.0  0.0  11020  4656 ?        R    00:08   0:00          \_ ps auxf --sort=-pcpu
hermes    134330  0.0  0.0   5696  2080 ?        S    00:08   0:00          \_ head -60
--- pstree of self ---
hermes,133931,hermes -m hermes_cli.main gateway run --replace
  |-timeout,134326 5 bash -c echo '=== shutdown diagnostic @ SIGTERM ==='; echo '--- date ---'; date -u +%Y-%m-%dT%H:%M:%SZ; echo '--- ps auxf (top 60 by cpu) ---'; ps auxf --sort=-pcpu 2>/dev/null | head -60; echo '--- pstree of self ---'; pstree -plau 133931 2>/dev/null | head -40 || true; echo '--- /proc/loadavg ---'; cat /proc/loadavg 2>/dev/null || true; echo '--- recent dmesg (oom/killed) ---'; dmesg -T 2>/dev/null | tail -20 || journalctl --user -n 20 --no-pager 2>/dev/null | tail -20 || true; echo '=== end ==='
  |   `-bash,134327 -c echo '=== shutdown diagnostic @ SIGTERM ==='; echo '--- date ---'; date -u +%Y-%m-%dT%H:%M:%SZ; echo '--- ps auxf (top 60 by cpu) ---'; ps auxf --sort=-pcpu 2>/dev/null | head -60; echo '--- pstree of self ---'; pstree -plau 133931 2>/dev/null | head -40 || true; echo '--- /proc/loadavg ---'; cat /proc/loadavg 2>/dev/null || true; echo '--- recent dmesg (oom/killed) ---'; dmesg -T 2>/dev/null | tail -20 || journalctl --user -n 20 --no-pager 2>/dev/null | tail -20 || true; echo '=== end ==='
  |       |-head,134332 -40
  |       `-pstree,134331 -plau 133931
  |-{hermes},133952
  |-{hermes},133953
  |-{hermes},133956
  |-{hermes},133957
  `-{hermes},133959
--- /proc/loadavg ---
0.15 0.12 0.09 1/268 134333
--- recent dmesg (oom/killed) ---
=== end ===
=== shutdown diagnostic @ SIGTERM ===
--- date ---
2026-09-10T00:13:39Z
--- ps auxf (top 60 by cpu) ---
USER         PID %CPU %MEM    VSZ   RSS TTY      STAT START   TIME COMMAND
root           2  0.0  0.0      0     0 ?        S    Sep03   0:00 [kthreadd]
root      133131  0.0  0.0      0     0 ?        I    Sep09   0:00  \_ [kworker/1:2-events]
root      133059  0.0  0.0      0     0 ?        I    Sep09   0:00  \_ [kworker/u4:0-events_power_efficient]
root           1  0.0  0.0  22560 14064 ?        Ss   Sep03   0:34 /usr/lib/systemd/systemd --system --deserialize=75 vultr
hermes    134363 99.0  0.5 115360 97768 ?        Rs   00:13   0:01 /home/hermes/.local/share/uv/tools/hermes-agent/bin/python -m hermes_cli.main dashboard --host 0.0.0.0 --port 9119 --insecure --no-open
hermes    134362 97.0  0.7 130728 115512 ?       Ss   00:13   0:00 /home/hermes/.local/share/uv/tools/hermes-agent/bin/python -m hermes_cli.main gateway run --replace
--- pstree of self ---
hermes,134325,hermes -m hermes_cli.main gateway run --replace
  |-timeout,134364 5 bash -c echo '=== shutdown diagnostic @ SIGTERM ==='; echo '--- date ---'; date -u +%Y-%m-%dT%H:%M:%SZ; echo '--- ps auxf (top 60 by cpu) ---'; ps auxf --sort=-pcpu 2>/dev/null | head -60; echo '--- pstree of self ---'; pstree -plau 134325 2>/dev/null | head -40 || true; echo '--- /proc/loadavg ---'; cat /proc/loadavg 2>/dev/null || true; echo '--- recent dmesg (oom/killed) ---'; dmesg -T 2>/dev/null | tail -20 || journalctl --user -n 20 --no-pager 2>/dev/null | tail -20 || true; echo '=== end ==='
  |   `-bash,134365 -c echo '=== shutdown diagnostic @ SIGTERM ==='; echo '--- date ---'; date -u +%Y-%m-%dT%H:%M:%SZ; echo '--- ps auxf (top 60 by cpu) ---'; ps auxf --sort=-pcpu 2>/dev/null | head -60; echo '--- pstree of self ---'; pstree -plau 134325 2>/dev/null | head -40 || true; echo '--- /proc/loadavg ---'; cat /proc/loadavg 2>/dev/null || true; echo '--- recent dmesg (oom/killed) ---'; dmesg -T 2>/dev/null | tail -20 || journalctl --user -n 20 --no-pager 2>/dev/null | tail -20 || true; echo '=== end ==='
  |       |-head,134370 -40
  |       `-pstree,134369 -plau 134325
  |-{hermes},134338
  |-{hermes},134339
  |-{hermes},134341
  `-{hermes},134343
--- /proc/loadavg ---
0.00 0.04 0.06 2/261 134371
--- recent dmesg (oom/killed) ---
=== end ===
=== shutdown diagnostic @ SIGTERM ===
--- date ---
2026-09-10T00:18:43Z
--- ps auxf (top 60 by cpu) ---
USER         PID %CPU %MEM    VSZ   RSS TTY      STAT START   TIME COMMAND
root           2  0.0  0.0      0     0 ?        S    Sep03   0:00 [kthreadd]
root      133131  0.0  0.0      0     0 ?        I    Sep09   0:00  \_ [kworker/1:2-events]
root      134352  0.0  0.0      0     0 ?        I    00:10   0:00  \_ [kworker/0:1-events]
root      133059  0.0  0.0      0     0 ?        I    Sep09   0:00  \_ [kworker/u4:0-events_power_efficient]
root           1  0.0  0.0  22560 14064 ?        Ss   Sep03   0:34 /usr/lib/systemd/systemd --system --deserialize=75 vultr
hermes    134362  0.8  0.8 455104 144852 ?       Ssl  00:13   0:02 /home/hermes/.local/share/uv/tools/hermes-agent/bin/python -m hermes_cli.main gateway run --replace
hermes    134735  0.0  0.0   5692  2132 ?        Ss   00:18   0:00  \_ timeout 5 bash -c echo '=== shutdown diagnostic @ SIGTERM ==='; echo '--- date ---'; date -u +%Y-%m-%dT%H:%M:%SZ; echo '--- ps auxf (top 60 by cpu) ---'; ps auxf --sort=-pcpu 2>/dev/null | head -60; echo '--- pstree of self ---'; pstree -plau 134362 2>/dev/null | head -40 || true; echo '--- /proc/loadavg ---'; cat /proc/loadavg 2>/dev/null || true; echo '--- recent dmesg (oom/killed) ---'; dmesg -T 2>/dev/null | tail -20 || journalctl --user -n 20 --no-pager 2>/dev/null | tail -20 || true; echo '=== end ==='
hermes    134736  0.0  0.0   7340  3692 ?        S    00:18   0:00      \_ bash -c echo '=== shutdown diagnostic @ SIGTERM ==='; echo '--- date ---'; date -u +%Y-%m-%dT%H:%M:%SZ; echo '--- ps auxf (top 60 by cpu) ---'; ps auxf --sort=-pcpu 2>/dev/null | head -60; echo '--- pstree of self ---'; pstree -plau 134362 2>/dev/null | head -40 || true; echo '--- /proc/loadavg ---'; cat /proc/loadavg 2>/dev/null || true; echo '--- recent dmesg (oom/killed) ---'; dmesg -T 2>/dev/null | tail -20 || journalctl --user -n 20 --no-pager 2>/dev/null | tail -20 || true; echo '=== end ==='
hermes    134738  0.0  0.0  11020  4636 ?        R    00:18   0:00          \_ ps auxf --sort=-pcpu
hermes    134739  0.0  0.0   5696  2080 ?        S    00:18   0:00          \_ head -60
--- pstree of self ---
hermes,134362,hermes -m hermes_cli.main gateway run --replace
  |-timeout,134735 5 bash -c echo '=== shutdown diagnostic @ SIGTERM ==='; echo '--- date ---'; date -u +%Y-%m-%dT%H:%M:%SZ; echo '--- ps auxf (top 60 by cpu) ---'; ps auxf --sort=-pcpu 2>/dev/null | head -60; echo '--- pstree of self ---'; pstree -plau 134362 2>/dev/null | head -40 || true; echo '--- /proc/loadavg ---'; cat /proc/loadavg 2>/dev/null || true; echo '--- recent dmesg (oom/killed) ---'; dmesg -T 2>/dev/null | tail -20 || journalctl --user -n 20 --no-pager 2>/dev/null | tail -20 || true; echo '=== end ==='
  |   `-bash,134736 -c echo '=== shutdown diagnostic @ SIGTERM ==='; echo '--- date ---'; date -u +%Y-%m-%dT%H:%M:%SZ; echo '--- ps auxf (top 60 by cpu) ---'; ps auxf --sort=-pcpu 2>/dev/null | head -60; echo '--- pstree of self ---'; pstree -plau 134362 2>/dev/null | head -40 || true; echo '--- /proc/loadavg ---'; cat /proc/loadavg 2>/dev/null || true; echo '--- recent dmesg (oom/killed) ---'; dmesg -T 2>/dev/null | tail -20 || journalctl --user -n 20 --no-pager 2>/dev/null | tail -20 || true; echo '=== end ==='
  |       |-head,134741 -40
  |       `-pstree,134740 -plau 134362
  |-{hermes},134382
  |-{hermes},134383
  |-{hermes},134386
  `-{hermes},134388
--- /proc/loadavg ---
0.22 0.16 0.11 2/261 134742
--- recent dmesg (oom/killed) ---
=== end ===
=== shutdown diagnostic @ SIGTERM ===
--- date ---
2026-09-10T00:23:52Z
--- ps auxf (top 60 by cpu) ---
USER         PID %CPU %MEM    VSZ   RSS TTY      STAT START   TIME COMMAND
root           2  0.0  0.0      0     0 ?        S    Sep03   0:00 [kthreadd]
root      133131  0.0  0.0      0     0 ?        I    Sep09   0:00  \_ [kworker/1:2-events]
root      134352  0.0  0.0      0     0 ?        I    00:10   0:00  \_ [kworker/0:1-events]
root      133059  0.0  0.0      0     0 ?        I    Sep09   0:00  \_ [kworker/u4:0-events_unbound]
root           1  0.0  0.0  22560 14064 ?        Ss   Sep03   0:34 /usr/lib/systemd/systemd --system --deserialize=75 vultr
hermes    136271 98.0  0.5 112288 94716 ?        Rs   00:23   0:01 /home/hermes/.local/share/uv/tools/hermes-agent/bin/python -m hermes_cli.main dashboard --host 0.0.0.0 --port 9119 --insecure --no-open
hermes    136270 96.1  0.7 130720 115372 ?       Ss   00:23   0:00 /home/hermes/.local/share/uv/tools/hermes-agent/bin/python -m hermes_cli.main gateway run --replace
--- pstree of self ---
hermes,134733,hermes -m hermes_cli.main gateway run --replace
  |-bash,136261 -c source /tmp/hermes-snap-9f5b0770a6ad.sh >/dev/null 2>&1 || true\012builtin cd -- /home/hermes || exit 126\012eval 'sleep 330\012echo "=== QUEDAS desde 00:20 ==="\012journalctl --user -u hermes-gateway.service --since "00:20" --no-pager 2>/dev/null | grep -E "signal=SIGTERM|exited|Scheduled restart" | tail -8\012echo\012echo "=== FORENSE: tudo que nasceu desde cam-start (\303\272ltimas 30 linhas) ==="\012tail -30 /home/hermes/tools/forense.log'\012__hermes_ec=$?\012export -p > /tmp/hermes-snap-9f5b0770a6ad.sh 2>/dev/null || true\012pwd -P > /tmp/hermes-cwd-9f5b0770a6ad.txt 2>/dev/null || true\012printf '\\n__HERMES_CWD_9f5b0770a6ad__%s__HERMES_CWD_9f5b0770a6ad__\\n' "$(pwd -P)"\012exit $__hermes_ec
  |   `-sleep,136263 330
  |-python,136230 /home/hermes/tools/forense-cam.py
  |-timeout,136272 5 bash -c echo '=== shutdown diagnostic @ SIGTERM ==='; echo '--- date ---'; date -u +%Y-%m-%dT%H:%M:%SZ; echo '--- ps auxf (top 60 by cpu) ---'; ps auxf --sort=-pcpu 2>/dev/null | head -60; echo '--- pstree of self ---'; pstree -plau 134733 2>/dev/null | head -40 || true; echo '--- /proc/loadavg ---'; cat /proc/loadavg 2>/dev/null || true; echo '--- recent dmesg (oom/killed) ---'; dmesg -T 2>/dev/null | tail -20 || journalctl --user -n 20 --no-pager 2>/dev/null | tail -20 || true; echo '=== end ==='
  |   `-bash,136273 -c echo '=== shutdown diagnostic @ SIGTERM ==='; echo '--- date ---'; date -u +%Y-%m-%dT%H:%M:%SZ; echo '--- ps auxf (top 60 by cpu) ---'; ps auxf --sort=-pcpu 2>/dev/null | head -60; echo '--- pstree of self ---'; pstree -plau 134733 2>/dev/null | head -40 || true; echo '--- /proc/loadavg ---'; cat /proc/loadavg 2>/dev/null || true; echo '--- recent dmesg (oom/killed) ---'; dmesg -T 2>/dev/null | tail -20 || journalctl --user -n 20 --no-pager 2>/dev/null | tail -20 || true; echo '=== end ==='
  |       |-head,136278 -40
  |       `-pstree,136277 -plau 134733
  |-{hermes},134761
  |-{hermes},134762
  |-{hermes},134764
  |-{hermes},134765
  |-{hermes},134767
  |-{hermes},134778
  |-{hermes},136144
  |-{hermes},136231
  `-{hermes},136262
--- /proc/loadavg ---
0.00 0.05 0.07 2/269 136279
--- recent dmesg (oom/killed) ---
=== end ===
=== shutdown diagnostic @ SIGTERM ===
--- date ---
2026-09-10T00:29:03Z
--- ps auxf (top 60 by cpu) ---
USER         PID %CPU %MEM    VSZ   RSS TTY      STAT START   TIME COMMAND
root           2  0.0  0.0      0     0 ?        S    Sep03   0:00 [kthreadd]
root      133131  0.0  0.0      0     0 ?        I    Sep09   0:00  \_ [kworker/1:2-events]
root      134352  0.0  0.0      0     0 ?        I    00:10   0:00  \_ [kworker/0:1-events]
root      133059  0.0  0.0      0     0 ?        I    Sep09   0:00  \_ [kworker/u4:0-flush-253:0]
root           1  0.0  0.0  22560 14064 ?        Ss   Sep03   0:34 /usr/lib/systemd/systemd --system --deserialize=75 vultr
hermes    137205 92.8  0.2  48612 38076 ?        Rs   00:29   0:00 /home/hermes/.local/share/uv/tools/hermes-agent/bin/python -m hermes_cli.main dashboard --host 0.0.0.0 --port 9119 --insecure --no-open
hermes    136270  3.1  1.3 699408 216488 ?       Ssl  00:23   0:09 /home/hermes/.local/share/uv/tools/hermes-agent/bin/python -m hermes_cli.main gateway run --replace
hermes    137206  0.0  0.0   5692  2128 ?        Ss   00:29   0:00  \_ timeout 5 bash -c echo '=== shutdown diagnostic @ SIGTERM ==='; echo '--- date ---'; date -u +%Y-%m-%dT%H:%M:%SZ; echo '--- ps auxf (top 60 by cpu) ---'; ps auxf --sort=-pcpu 2>/dev/null | head -60; echo '--- pstree of self ---'; pstree -plau 136270 2>/dev/null | head -40 || true; echo '--- /proc/loadavg ---'; cat /proc/loadavg 2>/dev/null || true; echo '--- recent dmesg (oom/killed) ---'; dmesg -T 2>/dev/null | tail -20 || journalctl --user -n 20 --no-pager 2>/dev/null | tail -20 || true; echo '=== end ==='
hermes    137207  0.0  0.0   7340  3736 ?        S    00:29   0:00      \_ bash -c echo '=== shutdown diagnostic @ SIGTERM ==='; echo '--- date ---'; date -u +%Y-%m-%dT%H:%M:%SZ; echo '--- ps auxf (top 60 by cpu) ---'; ps auxf --sort=-pcpu 2>/dev/null | head -60; echo '--- pstree of self ---'; pstree -plau 136270 2>/dev/null | head -40 || true; echo '--- /proc/loadavg ---'; cat /proc/loadavg 2>/dev/null || true; echo '--- recent dmesg (oom/killed) ---'; dmesg -T 2>/dev/null | tail -20 || journalctl --user -n 20 --no-pager 2>/dev/null | tail -20 || true; echo '=== end ==='
hermes    137209  0.0  0.0  11020  4656 ?        R    00:29   0:00          \_ ps auxf --sort=-pcpu
hermes    137210  0.0  0.0   5696  2080 ?        S    00:29   0:00          \_ head -60
--- pstree of self ---
hermes,136270,hermes -m hermes_cli.main gateway run --replace
  |-timeout,137206 5 bash -c echo '=== shutdown diagnostic @ SIGTERM ==='; echo '--- date ---'; date -u +%Y-%m-%dT%H:%M:%SZ; echo '--- ps auxf (top 60 by cpu) ---'; ps auxf --sort=-pcpu 2>/dev/null | head -60; echo '--- pstree of self ---'; pstree -plau 136270 2>/dev/null | head -40 || true; echo '--- /proc/loadavg ---'; cat /proc/loadavg 2>/dev/null || true; echo '--- recent dmesg (oom/killed) ---'; dmesg -T 2>/dev/null | tail -20 || journalctl --user -n 20 --no-pager 2>/dev/null | tail -20 || true; echo '=== end ==='
  |   `-bash,137207 -c echo '=== shutdown diagnostic @ SIGTERM ==='; echo '--- date ---'; date -u +%Y-%m-%dT%H:%M:%SZ; echo '--- ps auxf (top 60 by cpu) ---'; ps auxf --sort=-pcpu 2>/dev/null | head -60; echo '--- pstree of self ---'; pstree -plau 136270 2>/dev/null | head -40 || true; echo '--- /proc/loadavg ---'; cat /proc/loadavg 2>/dev/null || true; echo '--- recent dmesg (oom/killed) ---'; dmesg -T 2>/dev/null | tail -20 || journalctl --user -n 20 --no-pager 2>/dev/null | tail -20 || true; echo '=== end ==='
  |       |-head,137212 -40
  |       `-pstree,137211 -plau 136270
  |-{hermes},136298
  |-{hermes},136299
  |-{hermes},136302
  |-{hermes},136303
  |-{hermes},136312
  `-{hermes},136367
--- /proc/loadavg ---
0.22 0.17 0.11 2/266 137213
--- recent dmesg (oom/killed) ---
=== end ===
=== shutdown diagnostic @ SIGTERM ===
--- date ---
2026-09-10T00:34:15Z
--- ps auxf (top 60 by cpu) ---
USER         PID %CPU %MEM    VSZ   RSS TTY      STAT START   TIME COMMAND
root           2  0.0  0.0      0     0 ?        S    Sep03   0:00 [kthreadd]
root      134352  0.0  0.0      0     0 ?        I    00:10   0:00  \_ [kworker/0:1-mm_percpu_wq]
root      133131  0.0  0.0      0     0 ?        I    Sep09   0:00  \_ [kworker/1:2-events]
root      133059  0.0  0.0      0     0 ?        I    Sep09   0:00  \_ [kworker/u4:0-events_unbound]
root           1  0.0  0.0  22560 14064 ?        Ss   Sep03   0:34 /usr/lib/systemd/systemd --system --deserialize=75 vultr
hermes    137410 99.0  0.6 129016 111816 ?       Rs   00:34   0:01 /home/hermes/.local/share/uv/tools/hermes-agent/bin/python -m hermes_cli.main dashboard --host 0.0.0.0 --port 9119 --insecure --no-open
hermes    137409 96.2  0.7 130712 115384 ?       Ss   00:34   0:01 /home/hermes/.local/share/uv/tools/hermes-agent/bin/python -m hermes_cli.main gateway run --replace
--- pstree of self ---
hermes,137204,hermes -m hermes_cli.main gateway run --replace
  |-python,137387 /tmp/hermes_sandbox_xz0h9dxf/script.py
  |-timeout,137411 5 bash -c echo '=== shutdown diagnostic @ SIGTERM ==='; echo '--- date ---'; date -u +%Y-%m-%dT%H:%M:%SZ; echo '--- ps auxf (top 60 by cpu) ---'; ps auxf --sort=-pcpu 2>/dev/null | head -60; echo '--- pstree of self ---'; pstree -plau 137204 2>/dev/null | head -40 || true; echo '--- /proc/loadavg ---'; cat /proc/loadavg 2>/dev/null || true; echo '--- recent dmesg (oom/killed) ---'; dmesg -T 2>/dev/null | tail -20 || journalctl --user -n 20 --no-pager 2>/dev/null | tail -20 || true; echo '=== end ==='
  |   `-bash,137412 -c echo '=== shutdown diagnostic @ SIGTERM ==='; echo '--- date ---'; date -u +%Y-%m-%dT%H:%M:%SZ; echo '--- ps auxf (top 60 by cpu) ---'; ps auxf --sort=-pcpu 2>/dev/null | head -60; echo '--- pstree of self ---'; pstree -plau 137204 2>/dev/null | head -40 || true; echo '--- /proc/loadavg ---'; cat /proc/loadavg 2>/dev/null || true; echo '--- recent dmesg (oom/killed) ---'; dmesg -T 2>/dev/null | tail -20 || journalctl --user -n 20 --no-pager 2>/dev/null | tail -20 || true; echo '=== end ==='
  |       |-head,137417 -40
  |       `-pstree,137416 -plau 137204
  |-{hermes},137230
  |-{hermes},137231
  |-{hermes},137233
  |-{hermes},137234
  |-{hermes},137236
  |-{hermes},137250
  |-{hermes},137386
  |-{hermes},137388
  `-{hermes},137389
--- /proc/loadavg ---
0.26 0.14 0.10 2/268 137418
--- recent dmesg (oom/killed) ---
=== end ===
=== shutdown diagnostic @ SIGTERM ===
--- date ---
2026-09-10T00:43:31Z
--- ps auxf (top 60 by cpu) ---
USER         PID %CPU %MEM    VSZ   RSS TTY      STAT START   TIME COMMAND
root           2  0.0  0.0      0     0 ?        S    Sep03   0:00 [kthreadd]
root      137402  0.0  0.0      0     0 ?        I    00:32   0:00  \_ [kworker/u4:3-events_unbound]
root      134352  0.0  0.0      0     0 ?        I    00:10   0:00  \_ [kworker/0:1-cgroup_free]
root      133131  0.0  0.0      0     0 ?        I    Sep09   0:00  \_ [kworker/1:2-cgroup_free]
root      133059  0.0  0.0      0     0 ?        I    Sep09   0:00  \_ [kworker/u4:0-flush-253:0]
root           1  0.0  0.0  22560 14064 ?        Ss   Sep03   0:35 /usr/lib/systemd/systemd --system --deserialize=75 vultr
hermes    137409  2.2  1.2 773164 208728 ?       Ssl  00:34   0:12 /home/hermes/.local/share/uv/tools/hermes-agent/bin/python -m hermes_cli.main gateway run --replace
hermes    138380  0.0  0.0   7340  3768 ?        Ss   00:43   0:00  \_ /usr/bin/bash -c source /tmp/hermes-snap-ecf60e3a936d.sh >/dev/null 2>&1 || true builtin cd -- /home/hermes || exit 126 eval 'export DBUS_SESSION_BUS_ADDRESS=unix:path=/run/user/$(id -u)/bus echo "== ANTES: quem segura a porta 8642 ==" ss -tlnp | grep 8642 kill -TERM 137409 2>/dev/null sleep 4 ss -tlnp | grep 8642 || echo "porta 8642 LIVRE" kill -TERM 137409 2>/dev/null sleep 3 ss -tlnp | grep 8642 || echo "porta 8642 LIVRE (confirmado)" kill -9 137409 2>/dev/null echo "== levantando o porteiro OFICIAL (config nova, sem --replace) ==" systemctl --user reset-failed hermes-gateway.service systemctl --user start hermes-gateway.service sleep 8 echo "== DEPOIS ==" ss -tlnp | grep -E "8642|9119" systemctl --user is-active hermes-gateway.service hermes-dashboard.service hermes-gateway-lab.service' __hermes_ec=$? export -p > /tmp/hermes-snap-ecf60e3a936d.sh 2>/dev/null || true pwd -P > /tmp/hermes-cwd-ecf60e3a936d.txt 2>/dev/null || true printf '\n__HERMES_CWD_ecf60e3a936d__%s__HERMES_CWD_ecf60e3a936d__\n' "$(pwd -P)" exit $__hermes_ec
hermes    138385  0.0  0.0   5684  2132 ?        S    00:43   0:00      \_ sleep 4
--- pstree of self ---
hermes,137409,hermes -m hermes_cli.main gateway run --replace
  |-bash,138380 -c source /tmp/hermes-snap-ecf60e3a936d.sh >/dev/null 2>&1 || true\012builtin cd -- /home/hermes || exit 126\012eval 'export DBUS_SESSION_BUS_ADDRESS=unix:path=/run/user/$(id -u)/bus\012echo "== ANTES: quem segura a porta 8642 =="\012ss -tlnp | grep 8642\012kill -TERM 137409 2>/dev/null\012sleep 4\012ss -tlnp | grep 8642 || echo "porta 8642 LIVRE"\012kill -TERM 137409 2>/dev/null\012sleep 3\012ss -tlnp | grep 8642 || echo "porta 8642 LIVRE (confirmado)"\012kill -9 137409 2>/dev/null\012echo "== levantando o porteiro OFICIAL (config nova, sem --replace) =="\012systemctl --user reset-failed hermes-gateway.service\012systemctl --user start hermes-gateway.service\012sleep 8\012echo "== DEPOIS =="\012ss -tlnp | grep -E "8642|9119"\012systemctl --user is-active hermes-gateway.service hermes-dashboard.service hermes-gateway-lab.service'\012__hermes_ec=$?\012export -p > /tmp/hermes-snap-ecf60e3a936d.sh 2>/dev/null || true\012pwd -P > /tmp/hermes-cwd-ecf60e3a936d.txt 2>/dev/null || true\012printf '\\n__HERMES_CWD_ecf60e3a936d__%s__HERMES_CWD_ecf60e3a936d__\\n' "$(pwd -P)"\012exit $__hermes_ec
  |   `-sleep,138385 4
  |-timeout,138386 5 bash -c echo '=== shutdown diagnostic @ SIGTERM ==='; echo '--- date ---'; date -u +%Y-%m-%dT%H:%M:%SZ; echo '--- ps auxf (top 60 by cpu) ---'; ps auxf --sort=-pcpu 2>/dev/null | head -60; echo '--- pstree of self ---'; pstree -plau 137409 2>/dev/null | head -40 || true; echo '--- /proc/loadavg ---'; cat /proc/loadavg 2>/dev/null || true; echo '--- recent dmesg (oom/killed) ---'; dmesg -T 2>/dev/null | tail -20 || journalctl --user -n 20 --no-pager 2>/dev/null | tail -20 || true; echo '=== end ==='
  |   `-bash,138387 -c echo '=== shutdown diagnostic @ SIGTERM ==='; echo '--- date ---'; date -u +%Y-%m-%dT%H:%M:%SZ; echo '--- ps auxf (top 60 by cpu) ---'; ps auxf --sort=-pcpu 2>/dev/null | head -60; echo '--- pstree of self ---'; pstree -plau 137409 2>/dev/null | head -40 || true; echo '--- /proc/loadavg ---'; cat /proc/loadavg 2>/dev/null || true; echo '--- recent dmesg (oom/killed) ---'; dmesg -T 2>/dev/null | tail -20 || journalctl --user -n 20 --no-pager 2>/dev/null | tail -20 || true; echo '=== end ==='
  |       |-head,138392 -40
  |       `-pstree,138391 -plau 137409
  |-{hermes},137436
  |-{hermes},137437
  |-{hermes},137440
  |-{hermes},137441
  |-{hermes},137450
  |-{hermes},137515
  |-{hermes},137858
  `-{hermes},138381
--- /proc/loadavg ---
0.22 0.21 0.14 1/268 138393
--- recent dmesg (oom/killed) ---
=== end ===
=== shutdown diagnostic @ SIGTERM ===
--- date ---
2026-09-10T00:43:35Z
--- ps auxf (top 60 by cpu) ---
USER         PID %CPU %MEM    VSZ   RSS TTY      STAT START   TIME COMMAND
root           2  0.0  0.0      0     0 ?        S    Sep03   0:00 [kthreadd]
root      137402  0.0  0.0      0     0 ?        I    00:32   0:00  \_ [kworker/u4:3-events_unbound]
root      134352  0.0  0.0      0     0 ?        I    00:10   0:00  \_ [kworker/0:1-cgroup_free]
root      133131  0.0  0.0      0     0 ?        I    Sep09   0:00  \_ [kworker/1:2-cgroup_free]
root      133059  0.0  0.0      0     0 ?        I    Sep09   0:00  \_ [kworker/u4:0-flush-253:0]
root           1  0.0  0.0  22560 14064 ?        Ss   Sep03   0:35 /usr/lib/systemd/systemd --system --deserialize=75 vultr
hermes    137409  2.2  1.2 773164 208728 ?       Ssl  00:34   0:12 /home/hermes/.local/share/uv/tools/hermes-agent/bin/python -m hermes_cli.main gateway run --replace
hermes    138380  0.0  0.0   7340  3768 ?        Ss   00:43   0:00  \_ /usr/bin/bash -c source /tmp/hermes-snap-ecf60e3a936d.sh >/dev/null 2>&1 || true builtin cd -- /home/hermes || exit 126 eval 'export DBUS_SESSION_BUS_ADDRESS=unix:path=/run/user/$(id -u)/bus echo "== ANTES: quem segura a porta 8642 ==" ss -tlnp | grep 8642 kill -TERM 137409 2>/dev/null sleep 4 ss -tlnp | grep 8642 || echo "porta 8642 LIVRE" kill -TERM 137409 2>/dev/null sleep 3 ss -tlnp | grep 8642 || echo "porta 8642 LIVRE (confirmado)" kill -9 137409 2>/dev/null echo "== levantando o porteiro OFICIAL (config nova, sem --replace) ==" systemctl --user reset-failed hermes-gateway.service systemctl --user start hermes-gateway.service sleep 8 echo "== DEPOIS ==" ss -tlnp | grep -E "8642|9119" systemctl --user is-active hermes-gateway.service hermes-dashboard.service hermes-gateway-lab.service' __hermes_ec=$? export -p > /tmp/hermes-snap-ecf60e3a936d.sh 2>/dev/null || true pwd -P > /tmp/hermes-cwd-ecf60e3a936d.txt 2>/dev/null || true printf '\n__HERMES_CWD_ecf60e3a936d__%s__HERMES_CWD_ecf60e3a936d__\n' "$(pwd -P)" exit $__hermes_ec
hermes    138405  0.0  0.0   5684  2124 ?        S    00:43   0:00      \_ sleep 3
--- pstree of self ---
hermes,137409,hermes -m hermes_cli.main gateway run --replace
  |-bash,138380 -c source /tmp/hermes-snap-ecf60e3a936d.sh >/dev/null 2>&1 || true\012builtin cd -- /home/hermes || exit 126\012eval 'export DBUS_SESSION_BUS_ADDRESS=unix:path=/run/user/$(id -u)/bus\012echo "== ANTES: quem segura a porta 8642 =="\012ss -tlnp | grep 8642\012kill -TERM 137409 2>/dev/null\012sleep 4\012ss -tlnp | grep 8642 || echo "porta 8642 LIVRE"\012kill -TERM 137409 2>/dev/null\012sleep 3\012ss -tlnp | grep 8642 || echo "porta 8642 LIVRE (confirmado)"\012kill -9 137409 2>/dev/null\012echo "== levantando o porteiro OFICIAL (config nova, sem --replace) =="\012systemctl --user reset-failed hermes-gateway.service\012systemctl --user start hermes-gateway.service\012sleep 8\012echo "== DEPOIS =="\012ss -tlnp | grep -E "8642|9119"\012systemctl --user is-active hermes-gateway.service hermes-dashboard.service hermes-gateway-lab.service'\012__hermes_ec=$?\012export -p > /tmp/hermes-snap-ecf60e3a936d.sh 2>/dev/null || true\012pwd -P > /tmp/hermes-cwd-ecf60e3a936d.txt 2>/dev/null || true\012printf '\\n__HERMES_CWD_ecf60e3a936d__%s__HERMES_CWD_ecf60e3a936d__\\n' "$(pwd -P)"\012exit $__hermes_ec
  |   `-sleep,138405 3
  |-timeout,138406 5 bash -c echo '=== shutdown diagnostic @ SIGTERM ==='; echo '--- date ---'; date -u +%Y-%m-%dT%H:%M:%SZ; echo '--- ps auxf (top 60 by cpu) ---'; ps auxf --sort=-pcpu 2>/dev/null | head -60; echo '--- pstree of self ---'; pstree -plau 137409 2>/dev/null | head -40 || true; echo '--- /proc/loadavg ---'; cat /proc/loadavg 2>/dev/null || true; echo '--- recent dmesg (oom/killed) ---'; dmesg -T 2>/dev/null | tail -20 || journalctl --user -n 20 --no-pager 2>/dev/null | tail -20 || true; echo '=== end ==='
  |   `-bash,138407 -c echo '=== shutdown diagnostic @ SIGTERM ==='; echo '--- date ---'; date -u +%Y-%m-%dT%H:%M:%SZ; echo '--- ps auxf (top 60 by cpu) ---'; ps auxf --sort=-pcpu 2>/dev/null | head -60; echo '--- pstree of self ---'; pstree -plau 137409 2>/dev/null | head -40 || true; echo '--- /proc/loadavg ---'; cat /proc/loadavg 2>/dev/null || true; echo '--- recent dmesg (oom/killed) ---'; dmesg -T 2>/dev/null | tail -20 || journalctl --user -n 20 --no-pager 2>/dev/null | tail -20 || true; echo '=== end ==='
  |       |-head,138412 -40
  |       `-pstree,138411 -plau 137409
  |-{hermes},137436
  |-{hermes},137437
  |-{hermes},137440
  |-{hermes},137441
  |-{hermes},137450
  |-{hermes},137515
  |-{hermes},137858
  `-{hermes},138381
--- /proc/loadavg ---
0.20 0.21 0.14 1/268 138413
--- recent dmesg (oom/killed) ---
=== end ===
=== shutdown diagnostic @ SIGTERM ===
--- date ---
2026-09-10T00:48:39Z
--- ps auxf (top 60 by cpu) ---
USER         PID %CPU %MEM    VSZ   RSS TTY      STAT START   TIME COMMAND
root           2  0.0  0.0      0     0 ?        S    Sep03   0:00 [kthreadd]
root      133104  0.0  0.0      0     0 ?        I    Sep09   0:00  \_ [kworker/u4:4-events_unbound]
root      137402  0.0  0.0      0     0 ?        I    00:32   0:00  \_ [kworker/u4:3-events_power_efficient]
root      136543  0.0  0.0      0     0 ?        I    00:25   0:00  \_ [kworker/1:1-events]
root      136344  0.0  0.0      0     0 ?        I    00:24   0:00  \_ [kworker/u4:1-events_power_efficient]
root           1  0.0  0.0  22560 14064 ?        Ss   Sep03   0:35 /usr/lib/systemd/systemd --system --deserialize=75 vultr
hermes    138581 99.0  0.5 112268 94672 ?        Rs   00:48   0:01 /home/hermes/.local/share/uv/tools/hermes-agent/bin/python -m hermes_cli.main dashboard --host 0.0.0.0 --port 9119 --insecure --no-open
hermes    138580 96.1  0.6 129928 114316 ?       Ss   00:48   0:00 /home/hermes/.local/share/uv/tools/hermes-agent/bin/python -m hermes_cli.main gateway run --replace
--- pstree of self ---
hermes,138425,hermes -m hermes_cli.main gateway run --replace
  |-timeout,138582 5 bash -c echo '=== shutdown diagnostic @ SIGTERM ==='; echo '--- date ---'; date -u +%Y-%m-%dT%H:%M:%SZ; echo '--- ps auxf (top 60 by cpu) ---'; ps auxf --sort=-pcpu 2>/dev/null | head -60; echo '--- pstree of self ---'; pstree -plau 138425 2>/dev/null | head -40 || true; echo '--- /proc/loadavg ---'; cat /proc/loadavg 2>/dev/null || true; echo '--- recent dmesg (oom/killed) ---'; dmesg -T 2>/dev/null | tail -20 || journalctl --user -n 20 --no-pager 2>/dev/null | tail -20 || true; echo '=== end ==='
  |   `-bash,138583 -c echo '=== shutdown diagnostic @ SIGTERM ==='; echo '--- date ---'; date -u +%Y-%m-%dT%H:%M:%SZ; echo '--- ps auxf (top 60 by cpu) ---'; ps auxf --sort=-pcpu 2>/dev/null | head -60; echo '--- pstree of self ---'; pstree -plau 138425 2>/dev/null | head -40 || true; echo '--- /proc/loadavg ---'; cat /proc/loadavg 2>/dev/null || true; echo '--- recent dmesg (oom/killed) ---'; dmesg -T 2>/dev/null | tail -20 || journalctl --user -n 20 --no-pager 2>/dev/null | tail -20 || true; echo '=== end ==='
  |       |-head,138588 -40
  |       `-pstree,138587 -plau 138425
  |-{hermes},138426
  |-{hermes},138427
  |-{hermes},138429
  |-{hermes},138430
  |-{hermes},138432
  `-{hermes},138457
--- /proc/loadavg ---
0.00 0.07 0.09 3/261 138589
--- recent dmesg (oom/killed) ---
=== end ===
=== shutdown diagnostic @ SIGTERM ===
--- date ---
2026-09-10T00:48:53Z
--- ps auxf (top 60 by cpu) ---
USER         PID %CPU %MEM    VSZ   RSS TTY      STAT START   TIME COMMAND
root           2  0.0  0.0      0     0 ?        S    Sep03   0:00 [kthreadd]
root      133104  0.0  0.0      0     0 ?        I    Sep09   0:00  \_ [kworker/u4:4-events_power_efficient]
root      138284  0.0  0.0      0     0 ?        I    00:42   0:00  \_ [kworker/u4:2-events_power_efficient]
root      137402  0.0  0.0      0     0 ?        I    00:32   0:00  \_ [kworker/u4:3-events_unbound]
root      136344  0.0  0.0      0     0 ?        I    00:24   0:00  \_ [kworker/u4:1-iou_exit]
root      136543  0.0  0.0      0     0 ?        I    00:25   0:00  \_ [kworker/1:1-mm_percpu_wq]
root           1  0.0  0.0  22560 14064 ?        Ss   Sep03   0:35 /usr/lib/systemd/systemd --system --deserialize=75 vultr
hermes    138580 22.7  1.2 552160 199744 ?       Ssl  00:48   0:03 /home/hermes/.local/share/uv/tools/hermes-agent/bin/python -m hermes_cli.main gateway run --replace
hermes    138629  0.0  0.0   5692  2132 ?        Ss   00:48   0:00  \_ timeout 5 bash -c echo '=== shutdown diagnostic @ SIGTERM ==='; echo '--- date ---'; date -u +%Y-%m-%dT%H:%M:%SZ; echo '--- ps auxf (top 60 by cpu) ---'; ps auxf --sort=-pcpu 2>/dev/null | head -60; echo '--- pstree of self ---'; pstree -plau 138580 2>/dev/null | head -40 || true; echo '--- /proc/loadavg ---'; cat /proc/loadavg 2>/dev/null || true; echo '--- recent dmesg (oom/killed) ---'; dmesg -T 2>/dev/null | tail -20 || journalctl --user -n 20 --no-pager 2>/dev/null | tail -20 || true; echo '=== end ==='
hermes    138630  0.0  0.0   7340  3688 ?        S    00:48   0:00      \_ bash -c echo '=== shutdown diagnostic @ SIGTERM ==='; echo '--- date ---'; date -u +%Y-%m-%dT%H:%M:%SZ; echo '--- ps auxf (top 60 by cpu) ---'; ps auxf --sort=-pcpu 2>/dev/null | head -60; echo '--- pstree of self ---'; pstree -plau 138580 2>/dev/null | head -40 || true; echo '--- /proc/loadavg ---'; cat /proc/loadavg 2>/dev/null || true; echo '--- recent dmesg (oom/killed) ---'; dmesg -T 2>/dev/null | tail -20 || journalctl --user -n 20 --no-pager 2>/dev/null | tail -20 || true; echo '=== end ==='
hermes    138632  0.0  0.0  11020  4652 ?        R    00:48   0:00          \_ ps auxf --sort=-pcpu
hermes    138633  0.0  0.0   5696  2080 ?        S    00:48   0:00          \_ head -60
--- pstree of self ---
hermes,138580,hermes -m hermes_cli.main gateway run --replace
  |-timeout,138629 5 bash -c echo '=== shutdown diagnostic @ SIGTERM ==='; echo '--- date ---'; date -u +%Y-%m-%dT%H:%M:%SZ; echo '--- ps auxf (top 60 by cpu) ---'; ps auxf --sort=-pcpu 2>/dev/null | head -60; echo '--- pstree of self ---'; pstree -plau 138580 2>/dev/null | head -40 || true; echo '--- /proc/loadavg ---'; cat /proc/loadavg 2>/dev/null || true; echo '--- recent dmesg (oom/killed) ---'; dmesg -T 2>/dev/null | tail -20 || journalctl --user -n 20 --no-pager 2>/dev/null | tail -20 || true; echo '=== end ==='
  |   `-bash,138630 -c echo '=== shutdown diagnostic @ SIGTERM ==='; echo '--- date ---'; date -u +%Y-%m-%dT%H:%M:%SZ; echo '--- ps auxf (top 60 by cpu) ---'; ps auxf --sort=-pcpu 2>/dev/null | head -60; echo '--- pstree of self ---'; pstree -plau 138580 2>/dev/null | head -40 || true; echo '--- /proc/loadavg ---'; cat /proc/loadavg 2>/dev/null || true; echo '--- recent dmesg (oom/killed) ---'; dmesg -T 2>/dev/null | tail -20 || journalctl --user -n 20 --no-pager 2>/dev/null | tail -20 || true; echo '=== end ==='
  |       |-head,138635 -40
  |       `-pstree,138634 -plau 138580
  |-{hermes},138604
  |-{hermes},138605
  |-{hermes},138608
  |-{hermes},138610
  `-{hermes},138618
--- /proc/loadavg ---
0.14 0.10 0.10 1/261 138636
--- recent dmesg (oom/killed) ---
=== end ===
=== shutdown diagnostic @ SIGTERM ===
--- date ---
2026-09-10T00:54:04Z
--- ps auxf (top 60 by cpu) ---
USER         PID %CPU %MEM    VSZ   RSS TTY      STAT START   TIME COMMAND
root           2  0.0  0.0      0     0 ?        S    Sep03   0:00 [kthreadd]
root      138674  0.0  0.0      0     0 ?        I    00:52   0:00  \_ [kworker/u4:0-flush-253:0]
root           1  0.0  0.0  22560 14064 ?        Ss   Sep03   0:35 /usr/lib/systemd/systemd --system --deserialize=75 vultr
hermes    138676 98.0  0.5 111248 94548 ?        Rs   00:54   0:00 /home/hermes/.local/share/uv/tools/hermes-agent/bin/python -m hermes_cli.main dashboard --host 0.0.0.0 --port 9119 --insecure --no-open
hermes    138675 97.0  0.7 130728 115372 ?       Ss   00:54   0:00 /home/hermes/.local/share/uv/tools/hermes-agent/bin/python -m hermes_cli.main gateway run --replace
--- pstree of self ---
hermes,138622,hermes -m hermes_cli.main gateway run --replace
  |-timeout,138677 5 bash -c echo '=== shutdown diagnostic @ SIGTERM ==='; echo '--- date ---'; date -u +%Y-%m-%dT%H:%M:%SZ; echo '--- ps auxf (top 60 by cpu) ---'; ps auxf --sort=-pcpu 2>/dev/null | head -60; echo '--- pstree of self ---'; pstree -plau 138622 2>/dev/null | head -40 || true; echo '--- /proc/loadavg ---'; cat /proc/loadavg 2>/dev/null || true; echo '--- recent dmesg (oom/killed) ---'; dmesg -T 2>/dev/null | tail -20 || journalctl --user -n 20 --no-pager 2>/dev/null | tail -20 || true; echo '=== end ==='
  |   `-bash,138678 -c echo '=== shutdown diagnostic @ SIGTERM ==='; echo '--- date ---'; date -u +%Y-%m-%dT%H:%M:%SZ; echo '--- ps auxf (top 60 by cpu) ---'; ps auxf --sort=-pcpu 2>/dev/null | head -60; echo '--- pstree of self ---'; pstree -plau 138622 2>/dev/null | head -40 || true; echo '--- /proc/loadavg ---'; cat /proc/loadavg 2>/dev/null || true; echo '--- recent dmesg (oom/killed) ---'; dmesg -T 2>/dev/null | tail -20 || journalctl --user -n 20 --no-pager 2>/dev/null | tail -20 || true; echo '=== end ==='
  |       |-head,138683 -40
  |       `-pstree,138682 -plau 138622
  |-{hermes},138649
  |-{hermes},138650
  |-{hermes},138652
  |-{hermes},138654
  |-{hermes},138657
  |-{hermes},138658
  `-{hermes},138659
--- /proc/loadavg ---
0.00 0.03 0.06 2/265 138684
--- recent dmesg (oom/killed) ---
=== end ===
=== shutdown diagnostic @ SIGTERM ===
--- date ---
2026-09-10T00:54:32Z
--- ps auxf (top 60 by cpu) ---
USER         PID %CPU %MEM    VSZ   RSS TTY      STAT START   TIME COMMAND
root           2  0.0  0.0      0     0 ?        S    Sep03   0:00 [kthreadd]
root      137402  0.0  0.0      0     0 ?        I    00:32   0:00  \_ [kworker/u4:3-events_unbound]
root           1  0.0  0.0  22560 14064 ?        Ss   Sep03   0:35 /usr/lib/systemd/systemd --system --deserialize=75 vultr
hermes    138675 10.7  1.1 549888 192684 ?       Ssl  00:54   0:03 /home/hermes/.local/share/uv/tools/hermes-agent/bin/python -m hermes_cli.main gateway run --replace
hermes    138739  0.0  0.0   5692  2132 ?        Ss   00:54   0:00  \_ timeout 5 bash -c echo '=== shutdown diagnostic @ SIGTERM ==='; echo '--- date ---'; date -u +%Y-%m-%dT%H:%M:%SZ; echo '--- ps auxf (top 60 by cpu) ---'; ps auxf --sort=-pcpu 2>/dev/null | head -60; echo '--- pstree of self ---'; pstree -plau 138675 2>/dev/null | head -40 || true; echo '--- /proc/loadavg ---'; cat /proc/loadavg 2>/dev/null || true; echo '--- recent dmesg (oom/killed) ---'; dmesg -T 2>/dev/null | tail -20 || journalctl --user -n 20 --no-pager 2>/dev/null | tail -20 || true; echo '=== end ==='
hermes    138740  0.0  0.0   7340  3724 ?        S    00:54   0:00      \_ bash -c echo '=== shutdown diagnostic @ SIGTERM ==='; echo '--- date ---'; date -u +%Y-%m-%dT%H:%M:%SZ; echo '--- ps auxf (top 60 by cpu) ---'; ps auxf --sort=-pcpu 2>/dev/null | head -60; echo '--- pstree of self ---'; pstree -plau 138675 2>/dev/null | head -40 || true; echo '--- /proc/loadavg ---'; cat /proc/loadavg 2>/dev/null || true; echo '--- recent dmesg (oom/killed) ---'; dmesg -T 2>/dev/null | tail -20 || journalctl --user -n 20 --no-pager 2>/dev/null | tail -20 || true; echo '=== end ==='
hermes    138742  0.0  0.0  11020  4656 ?        R    00:54   0:00          \_ ps auxf --sort=-pcpu
hermes    138743  0.0  0.0   5696  2080 ?        S    00:54   0:00          \_ head -60
--- pstree of self ---
hermes,138675,hermes -m hermes_cli.main gateway run --replace
  |-timeout,138739 5 bash -c echo '=== shutdown diagnostic @ SIGTERM ==='; echo '--- date ---'; date -u +%Y-%m-%dT%H:%M:%SZ; echo '--- ps auxf (top 60 by cpu) ---'; ps auxf --sort=-pcpu 2>/dev/null | head -60; echo '--- pstree of self ---'; pstree -plau 138675 2>/dev/null | head -40 || true; echo '--- /proc/loadavg ---'; cat /proc/loadavg 2>/dev/null || true; echo '--- recent dmesg (oom/killed) ---'; dmesg -T 2>/dev/null | tail -20 || journalctl --user -n 20 --no-pager 2>/dev/null | tail -20 || true; echo '=== end ==='
  |   `-bash,138740 -c echo '=== shutdown diagnostic @ SIGTERM ==='; echo '--- date ---'; date -u +%Y-%m-%dT%H:%M:%SZ; echo '--- ps auxf (top 60 by cpu) ---'; ps auxf --sort=-pcpu 2>/dev/null | head -60; echo '--- pstree of self ---'; pstree -plau 138675 2>/dev/null | head -40 || true; echo '--- /proc/loadavg ---'; cat /proc/loadavg 2>/dev/null || true; echo '--- recent dmesg (oom/killed) ---'; dmesg -T 2>/dev/null | tail -20 || journalctl --user -n 20 --no-pager 2>/dev/null | tail -20 || true; echo '=== end ==='
  |       |-head,138745 -40
  |       `-pstree,138744 -plau 138675
  |-{hermes},138697
  |-{hermes},138698
  |-{hermes},138701
  |-{hermes},138702
  `-{hermes},138704
--- /proc/loadavg ---
0.19 0.07 0.08 1/264 138746
--- recent dmesg (oom/killed) ---
=== end ===
=== shutdown diagnostic @ SIGTERM ===
--- date ---
2026-09-10T00:59:43Z
--- ps auxf (top 60 by cpu) ---
USER         PID %CPU %MEM    VSZ   RSS TTY      STAT START   TIME COMMAND
root           2  0.0  0.0      0     0 ?        S    Sep03   0:00 [kthreadd]
root      137402  0.0  0.0      0     0 ?        I    00:32   0:00  \_ [kworker/u4:3-events_freezable_power_]
root           1  0.0  0.0  22560 14064 ?        Ss   Sep03   0:35 /usr/lib/systemd/systemd --system --deserialize=75 vultr
hermes    138971 98.9  0.5 110248 93280 ?        Rs   00:59   0:00 /home/hermes/.local/share/uv/tools/hermes-agent/bin/python -m hermes_cli.main dashboard --host 0.0.0.0 --port 9119 --insecure --no-open
hermes    138970 85.8  0.5 103712 87928 ?        Rs   00:59   0:00 /home/hermes/.local/share/uv/tools/hermes-agent/bin/python -m hermes_cli.main gateway run --replace
--- pstree of self ---
hermes,138738,hermes -m hermes_cli.main gateway run --replace
  |-timeout,138978 5 bash -c echo '=== shutdown diagnostic @ SIGTERM ==='; echo '--- date ---'; date -u +%Y-%m-%dT%H:%M:%SZ; echo '--- ps auxf (top 60 by cpu) ---'; ps auxf --sort=-pcpu 2>/dev/null | head -60; echo '--- pstree of self ---'; pstree -plau 138738 2>/dev/null | head -40 || true; echo '--- /proc/loadavg ---'; cat /proc/loadavg 2>/dev/null || true; echo '--- recent dmesg (oom/killed) ---'; dmesg -T 2>/dev/null | tail -20 || journalctl --user -n 20 --no-pager 2>/dev/null | tail -20 || true; echo '=== end ==='
  |   `-bash,138979 -c echo '=== shutdown diagnostic @ SIGTERM ==='; echo '--- date ---'; date -u +%Y-%m-%dT%H:%M:%SZ; echo '--- ps auxf (top 60 by cpu) ---'; ps auxf --sort=-pcpu 2>/dev/null | head -60; echo '--- pstree of self ---'; pstree -plau 138738 2>/dev/null | head -40 || true; echo '--- /proc/loadavg ---'; cat /proc/loadavg 2>/dev/null || true; echo '--- recent dmesg (oom/killed) ---'; dmesg -T 2>/dev/null | tail -20 || journalctl --user -n 20 --no-pager 2>/dev/null | tail -20 || true; echo '=== end ==='
  |       |-head,138984 -40
  |       `-pstree,138983 -plau 138738
  |-{hermes},138759
  |-{hermes},138760
  |-{hermes},138762
  |-{hermes},138763
  |-{hermes},138765
  |-{hermes},138781
  `-{hermes},138854
--- /proc/loadavg ---
0.01 0.05 0.07 3/258 138985
--- recent dmesg (oom/killed) ---
=== end ===
=== shutdown diagnostic @ SIGTERM ===
--- date ---
2026-09-10T00:59:43Z
--- ps auxf (top 60 by cpu) ---
USER         PID %CPU %MEM    VSZ   RSS TTY      STAT START   TIME COMMAND
root           2  0.0  0.0      0     0 ?        S    Sep03   0:00 [kthreadd]
root      137402  0.0  0.0      0     0 ?        I    00:32   0:00  \_ [kworker/u4:3-events_unbound]
root           1  0.0  0.0  22560 14064 ?        Ss   Sep03   0:35 /usr/lib/systemd/systemd --system --deserialize=75 vultr
hermes    138971 96.6  0.6 128996 112544 ?       Rs   00:59   0:01 /home/hermes/.local/share/uv/tools/hermes-agent/bin/python -m hermes_cli.main dashboard --host 0.0.0.0 --port 9119 --insecure --no-open
hermes    138970 85.8  0.7 130952 115516 ?       Ss   00:59   0:01 /home/hermes/.local/share/uv/tools/hermes-agent/bin/python -m hermes_cli.main gateway run --replace
--- pstree of self ---
hermes,138738,hermes -m hermes_cli.main gateway run --replace
  |-timeout,138988 5 bash -c echo '=== shutdown diagnostic @ SIGTERM ==='; echo '--- date ---'; date -u +%Y-%m-%dT%H:%M:%SZ; echo '--- ps auxf (top 60 by cpu) ---'; ps auxf --sort=-pcpu 2>/dev/null | head -60; echo '--- pstree of self ---'; pstree -plau 138738 2>/dev/null | head -40 || true; echo '--- /proc/loadavg ---'; cat /proc/loadavg 2>/dev/null || true; echo '--- recent dmesg (oom/killed) ---'; dmesg -T 2>/dev/null | tail -20 || journalctl --user -n 20 --no-pager 2>/dev/null | tail -20 || true; echo '=== end ==='
  |   `-bash,138989 -c echo '=== shutdown diagnostic @ SIGTERM ==='; echo '--- date ---'; date -u +%Y-%m-%dT%H:%M:%SZ; echo '--- ps auxf (top 60 by cpu) ---'; ps auxf --sort=-pcpu 2>/dev/null | head -60; echo '--- pstree of self ---'; pstree -plau 138738 2>/dev/null | head -40 || true; echo '--- /proc/loadavg ---'; cat /proc/loadavg 2>/dev/null || true; echo '--- recent dmesg (oom/killed) ---'; dmesg -T 2>/dev/null | tail -20 || journalctl --user -n 20 --no-pager 2>/dev/null | tail -20 || true; echo '=== end ==='
  |       |-head,138994 -40
  |       `-pstree,138993 -plau 138738
  |-{hermes},138759
  |-{hermes},138760
  |-{hermes},138762
  |-{hermes},138763
  |-{hermes},138765
  |-{hermes},138781
  `-{hermes},138854
--- /proc/loadavg ---
0.01 0.05 0.07 2/258 138995
--- recent dmesg (oom/killed) ---
=== end ===
=== shutdown diagnostic @ SIGTERM ===
--- date ---
2026-09-10T00:59:45Z
--- ps auxf (top 60 by cpu) ---
USER         PID %CPU %MEM    VSZ   RSS TTY      STAT START   TIME COMMAND
root           2  0.0  0.0      0     0 ?        S    Sep03   0:00 [kthreadd]
root      137402  0.0  0.0      0     0 ?        I    00:32   0:00  \_ [kworker/u4:3-events_unbound]
root           1  0.0  0.0  22560 14064 ?        Ss   Sep03   0:35 /usr/lib/systemd/systemd --system --deserialize=75 vultr
hermes    138970 43.0  0.7 370264 128856 ?       Rsl  00:59   0:01 /home/hermes/.local/share/uv/tools/hermes-agent/bin/python -m hermes_cli.main gateway run --replace
hermes    139013  0.0  0.0   5692  2132 ?        Ss   00:59   0:00  \_ timeout 5 bash -c echo '=== shutdown diagnostic @ SIGTERM ==='; echo '--- date ---'; date -u +%Y-%m-%dT%H:%M:%SZ; echo '--- ps auxf (top 60 by cpu) ---'; ps auxf --sort=-pcpu 2>/dev/null | head -60; echo '--- pstree of self ---'; pstree -plau 138970 2>/dev/null | head -40 || true; echo '--- /proc/loadavg ---'; cat /proc/loadavg 2>/dev/null || true; echo '--- recent dmesg (oom/killed) ---'; dmesg -T 2>/dev/null | tail -20 || journalctl --user -n 20 --no-pager 2>/dev/null | tail -20 || true; echo '=== end ==='
hermes    139014  0.0  0.0   7340  3692 ?        S    00:59   0:00      \_ bash -c echo '=== shutdown diagnostic @ SIGTERM ==='; echo '--- date ---'; date -u +%Y-%m-%dT%H:%M:%SZ; echo '--- ps auxf (top 60 by cpu) ---'; ps auxf --sort=-pcpu 2>/dev/null | head -60; echo '--- pstree of self ---'; pstree -plau 138970 2>/dev/null | head -40 || true; echo '--- /proc/loadavg ---'; cat /proc/loadavg 2>/dev/null || true; echo '--- recent dmesg (oom/killed) ---'; dmesg -T 2>/dev/null | tail -20 || journalctl --user -n 20 --no-pager 2>/dev/null | tail -20 || true; echo '=== end ==='
hermes    139016  0.0  0.0  11020  4656 ?        R    00:59   0:00          \_ ps auxf --sort=-pcpu
hermes    139017  0.0  0.0   5696  2080 ?        S    00:59   0:00          \_ head -60
hermes    138971 36.6  0.7 229476 114828 ?       Ssl  00:59   0:01 /home/hermes/.local/share/uv/tools/hermes-agent/bin/python -m hermes_cli.main dashboard --host 0.0.0.0 --port 9119 --insecure --no-open
--- pstree of self ---
hermes,138970,hermes -m hermes_cli.main gateway run --replace
  |-timeout,139013 5 bash -c echo '=== shutdown diagnostic @ SIGTERM ==='; echo '--- date ---'; date -u +%Y-%m-%dT%H:%M:%SZ; echo '--- ps auxf (top 60 by cpu) ---'; ps auxf --sort=-pcpu 2>/dev/null | head -60; echo '--- pstree of self ---'; pstree -plau 138970 2>/dev/null | head -40 || true; echo '--- /proc/loadavg ---'; cat /proc/loadavg 2>/dev/null || true; echo '--- recent dmesg (oom/killed) ---'; dmesg -T 2>/dev/null | tail -20 || journalctl --user -n 20 --no-pager 2>/dev/null | tail -20 || true; echo '=== end ==='
  |   `-bash,139014 -c echo '=== shutdown diagnostic @ SIGTERM ==='; echo '--- date ---'; date -u +%Y-%m-%dT%H:%M:%SZ; echo '--- ps auxf (top 60 by cpu) ---'; ps auxf --sort=-pcpu 2>/dev/null | head -60; echo '--- pstree of self ---'; pstree -plau 138970 2>/dev/null | head -40 || true; echo '--- /proc/loadavg ---'; cat /proc/loadavg 2>/dev/null || true; echo '--- recent dmesg (oom/killed) ---'; dmesg -T 2>/dev/null | tail -20 || journalctl --user -n 20 --no-pager 2>/dev/null | tail -20 || true; echo '=== end ==='
  |       |-head,139019 -40
  |       `-pstree,139018 -plau 138970
  |-{hermes},139009
  |-{hermes},139010
  `-{hermes},139012
--- /proc/loadavg ---
0.17 0.08 0.08 2/260 139020
--- recent dmesg (oom/killed) ---
=== end ===
=== shutdown diagnostic @ SIGTERM ===
--- date ---
2026-09-10T01:04:49Z
--- ps auxf (top 60 by cpu) ---
USER         PID %CPU %MEM    VSZ   RSS TTY      STAT START   TIME COMMAND
root           2  0.0  0.0      0     0 ?        S    Sep03   0:00 [kthreadd]
root      137402  0.0  0.0      0     0 ?        I    00:32   0:00  \_ [kworker/u4:3-events_power_efficient]
root           1  0.0  0.0  22560 14064 ?        Ss   Sep03   0:35 /usr/lib/systemd/systemd --system --deserialize=75 vultr
hermes    139049 98.0  0.7 130724 115556 ?       Ss   01:04   0:00 /home/hermes/.local/share/uv/tools/hermes-agent/bin/python -m hermes_cli.main gateway run --replace
--- pstree of self ---
hermes,139005,hermes -m hermes_cli.main gateway run --replace
  |-timeout,139050 5 bash -c echo '=== shutdown diagnostic @ SIGTERM ==='; echo '--- date ---'; date -u +%Y-%m-%dT%H:%M:%SZ; echo '--- ps auxf (top 60 by cpu) ---'; ps auxf --sort=-pcpu 2>/dev/null | head -60; echo '--- pstree of self ---'; pstree -plau 139005 2>/dev/null | head -40 || true; echo '--- /proc/loadavg ---'; cat /proc/loadavg 2>/dev/null || true; echo '--- recent dmesg (oom/killed) ---'; dmesg -T 2>/dev/null | tail -20 || journalctl --user -n 20 --no-pager 2>/dev/null | tail -20 || true; echo '=== end ==='
  |   `-bash,139051 -c echo '=== shutdown diagnostic @ SIGTERM ==='; echo '--- date ---'; date -u +%Y-%m-%dT%H:%M:%SZ; echo '--- ps auxf (top 60 by cpu) ---'; ps auxf --sort=-pcpu 2>/dev/null | head -60; echo '--- pstree of self ---'; pstree -plau 139005 2>/dev/null | head -40 || true; echo '--- /proc/loadavg ---'; cat /proc/loadavg 2>/dev/null || true; echo '--- recent dmesg (oom/killed) ---'; dmesg -T 2>/dev/null | tail -20 || journalctl --user -n 20 --no-pager 2>/dev/null | tail -20 || true; echo '=== end ==='
  |       |-head,139056 -40
  |       `-pstree,139055 -plau 139005
  |-{hermes},139027
  |-{hermes},139028
  |-{hermes},139030
  `-{hermes},139032
--- /proc/loadavg ---
0.03 0.03 0.06 1/261 139057
--- recent dmesg (oom/killed) ---
=== end ===
=== shutdown diagnostic @ SIGTERM ===
--- date ---
2026-09-10T01:04:56Z
--- ps auxf (top 60 by cpu) ---
USER         PID %CPU %MEM    VSZ   RSS TTY      STAT START   TIME COMMAND
root           2  0.0  0.0      0     0 ?        S    Sep03   0:00 [kthreadd]
root      139007  0.0  0.0      0     0 ?        I    00:59   0:00  \_ [kworker/0:2-events]
root      137402  0.0  0.0      0     0 ?        I    00:32   0:00  \_ [kworker/u4:3-events_power_efficient]
root           1  0.0  0.0  22560 14064 ?        Ss   Sep03   0:35 /usr/lib/systemd/systemd --system --deserialize=75 vultr
hermes    139049 20.0  0.8 521660 135096 ?       Ssl  01:04   0:01 /home/hermes/.local/share/uv/tools/hermes-agent/bin/python -m hermes_cli.main gateway run --replace
hermes    139071  0.0  0.0   5692  2132 ?        Ss   01:04   0:00  \_ timeout 5 bash -c echo '=== shutdown diagnostic @ SIGTERM ==='; echo '--- date ---'; date -u +%Y-%m-%dT%H:%M:%SZ; echo '--- ps auxf (top 60 by cpu) ---'; ps auxf --sort=-pcpu 2>/dev/null | head -60; echo '--- pstree of self ---'; pstree -plau 139049 2>/dev/null | head -40 || true; echo '--- /proc/loadavg ---'; cat /proc/loadavg 2>/dev/null || true; echo '--- recent dmesg (oom/killed) ---'; dmesg -T 2>/dev/null | tail -20 || journalctl --user -n 20 --no-pager 2>/dev/null | tail -20 || true; echo '=== end ==='
hermes    139072  0.0  0.0   7340  3776 ?        S    01:04   0:00      \_ bash -c echo '=== shutdown diagnostic @ SIGTERM ==='; echo '--- date ---'; date -u +%Y-%m-%dT%H:%M:%SZ; echo '--- ps auxf (top 60 by cpu) ---'; ps auxf --sort=-pcpu 2>/dev/null | head -60; echo '--- pstree of self ---'; pstree -plau 139049 2>/dev/null | head -40 || true; echo '--- /proc/loadavg ---'; cat /proc/loadavg 2>/dev/null || true; echo '--- recent dmesg (oom/killed) ---'; dmesg -T 2>/dev/null | tail -20 || journalctl --user -n 20 --no-pager 2>/dev/null | tail -20 || true; echo '=== end ==='
hermes    139074  0.0  0.0  10888  4632 ?        R    01:04   0:00          \_ ps auxf --sort=-pcpu
hermes    139075  0.0  0.0   5696  2084 ?        S    01:04   0:00          \_ head -60
hermes    138971  0.5  0.7 229476 114828 ?       Ssl  00:59   0:01 /home/hermes/.local/share/uv/tools/hermes-agent/bin/python -m hermes_cli.main dashboard --host 0.0.0.0 --port 9119 --insecure --no-open
--- pstree of self ---
hermes,139049,hermes -m hermes_cli.main gateway run --replace
  |-timeout,139071 5 bash -c echo '=== shutdown diagnostic @ SIGTERM ==='; echo '--- date ---'; date -u +%Y-%m-%dT%H:%M:%SZ; echo '--- ps auxf (top 60 by cpu) ---'; ps auxf --sort=-pcpu 2>/dev/null | head -60; echo '--- pstree of self ---'; pstree -plau 139049 2>/dev/null | head -40 || true; echo '--- /proc/loadavg ---'; cat /proc/loadavg 2>/dev/null || true; echo '--- recent dmesg (oom/killed) ---'; dmesg -T 2>/dev/null | tail -20 || journalctl --user -n 20 --no-pager 2>/dev/null | tail -20 || true; echo '=== end ==='
  |   `-bash,139072 -c echo '=== shutdown diagnostic @ SIGTERM ==='; echo '--- date ---'; date -u +%Y-%m-%dT%H:%M:%SZ; echo '--- ps auxf (top 60 by cpu) ---'; ps auxf --sort=-pcpu 2>/dev/null | head -60; echo '--- pstree of self ---'; pstree -plau 139049 2>/dev/null | head -40 || true; echo '--- /proc/loadavg ---'; cat /proc/loadavg 2>/dev/null || true; echo '--- recent dmesg (oom/killed) ---'; dmesg -T 2>/dev/null | tail -20 || journalctl --user -n 20 --no-pager 2>/dev/null | tail -20 || true; echo '=== end ==='
  |       |-head,139077 -40
  |       `-pstree,139076 -plau 139049
  |-{hermes},139062
  |-{hermes},139063
  |-{hermes},139066
  |-{hermes},139067
  `-{hermes},139069
--- /proc/loadavg ---
0.11 0.05 0.06 1/260 139078
--- recent dmesg (oom/killed) ---
=== end ===
=== shutdown diagnostic @ SIGTERM ===
--- date ---
2026-09-10T01:09:58Z
--- ps auxf (top 60 by cpu) ---
USER         PID %CPU %MEM    VSZ   RSS TTY      STAT START   TIME COMMAND
root           2  0.0  0.0      0     0 ?        S    Sep03   0:00 [kthreadd]
root      137402  0.0  0.0      0     0 ?        I    00:32   0:00  \_ [kworker/u4:3-events_unbound]
root      139007  0.0  0.0      0     0 ?        I    00:59   0:00  \_ [kworker/0:2-events]
root           1  0.0  0.0  22560 14064 ?        Ss   Sep03   0:35 /usr/lib/systemd/systemd --system --deserialize=75 vultr
hermes    139110 98.0  0.7 130744 115348 ?       Ss   01:09   0:01 /home/hermes/.local/share/uv/tools/hermes-agent/bin/python -m hermes_cli.main gateway run --replace
--- pstree of self ---
hermes,139070,hermes -m hermes_cli.main gateway run --replace
  |-timeout,139111 5 bash -c echo '=== shutdown diagnostic @ SIGTERM ==='; echo '--- date ---'; date -u +%Y-%m-%dT%H:%M:%SZ; echo '--- ps auxf (top 60 by cpu) ---'; ps auxf --sort=-pcpu 2>/dev/null | head -60; echo '--- pstree of self ---'; pstree -plau 139070 2>/dev/null | head -40 || true; echo '--- /proc/loadavg ---'; cat /proc/loadavg 2>/dev/null || true; echo '--- recent dmesg (oom/killed) ---'; dmesg -T 2>/dev/null | tail -20 || journalctl --user -n 20 --no-pager 2>/dev/null | tail -20 || true; echo '=== end ==='
  |   `-bash,139112 -c echo '=== shutdown diagnostic @ SIGTERM ==='; echo '--- date ---'; date -u +%Y-%m-%dT%H:%M:%SZ; echo '--- ps auxf (top 60 by cpu) ---'; ps auxf --sort=-pcpu 2>/dev/null | head -60; echo '--- pstree of self ---'; pstree -plau 139070 2>/dev/null | head -40 || true; echo '--- /proc/loadavg ---'; cat /proc/loadavg 2>/dev/null || true; echo '--- recent dmesg (oom/killed) ---'; dmesg -T 2>/dev/null | tail -20 || journalctl --user -n 20 --no-pager 2>/dev/null | tail -20 || true; echo '=== end ==='
  |       |-head,139117 -40
  |       `-pstree,139116 -plau 139070
  |-{hermes},139084
  |-{hermes},139085
  |-{hermes},139087
  |-{hermes},139088
  `-{hermes},139090
--- /proc/loadavg ---
0.00 0.01 0.03 1/261 139118
--- recent dmesg (oom/killed) ---
=== end ===
=== shutdown diagnostic @ SIGTERM ===
--- date ---
2026-09-10T01:10:11Z
--- ps auxf (top 60 by cpu) ---
USER         PID %CPU %MEM    VSZ   RSS TTY      STAT START   TIME COMMAND
root           2  0.0  0.0      0     0 ?        S    Sep03   0:00 [kthreadd]
root      137402  0.0  0.0      0     0 ?        I    00:32   0:00  \_ [kworker/u4:3-flush-253:0]
root      139007  0.0  0.0      0     0 ?        I    00:59   0:00  \_ [kworker/0:2-events]
root           1  0.0  0.0  22560 14064 ?        Ss   Sep03   0:35 /usr/lib/systemd/systemd --system --deserialize=75 vultr
hermes    139110 11.2  0.8 447932 136276 ?       Rsl  01:09   0:01 /home/hermes/.local/share/uv/tools/hermes-agent/bin/python -m hermes_cli.main gateway run --replace
hermes    139135  0.0  0.0   5692  2128 ?        Ss   01:10   0:00  \_ timeout 5 bash -c echo '=== shutdown diagnostic @ SIGTERM ==='; echo '--- date ---'; date -u +%Y-%m-%dT%H:%M:%SZ; echo '--- ps auxf (top 60 by cpu) ---'; ps auxf --sort=-pcpu 2>/dev/null | head -60; echo '--- pstree of self ---'; pstree -plau 139110 2>/dev/null | head -40 || true; echo '--- /proc/loadavg ---'; cat /proc/loadavg 2>/dev/null || true; echo '--- recent dmesg (oom/killed) ---'; dmesg -T 2>/dev/null | tail -20 || journalctl --user -n 20 --no-pager 2>/dev/null | tail -20 || true; echo '=== end ==='
hermes    139136  0.0  0.0   7340  3732 ?        S    01:10   0:00      \_ bash -c echo '=== shutdown diagnostic @ SIGTERM ==='; echo '--- date ---'; date -u +%Y-%m-%dT%H:%M:%SZ; echo '--- ps auxf (top 60 by cpu) ---'; ps auxf --sort=-pcpu 2>/dev/null | head -60; echo '--- pstree of self ---'; pstree -plau 139110 2>/dev/null | head -40 || true; echo '--- /proc/loadavg ---'; cat /proc/loadavg 2>/dev/null || true; echo '--- recent dmesg (oom/killed) ---'; dmesg -T 2>/dev/null | tail -20 || journalctl --user -n 20 --no-pager 2>/dev/null | tail -20 || true; echo '=== end ==='
hermes    139138  0.0  0.0  11020  4636 ?        R    01:10   0:00          \_ ps auxf --sort=-pcpu
hermes    139139  0.0  0.0   5696  2084 ?        S    01:10   0:00          \_ head -60
hermes    138971  0.3  0.7 229476 114828 ?       Ssl  00:59   0:01 /home/hermes/.local/share/uv/tools/hermes-agent/bin/python -m hermes_cli.main dashboard --host 0.0.0.0 --port 9119 --insecure --no-open
--- pstree of self ---
hermes,139110,hermes -m hermes_cli.main gateway run --replace
  |-timeout,139135 5 bash -c echo '=== shutdown diagnostic @ SIGTERM ==='; echo '--- date ---'; date -u +%Y-%m-%dT%H:%M:%SZ; echo '--- ps auxf (top 60 by cpu) ---'; ps auxf --sort=-pcpu 2>/dev/null | head -60; echo '--- pstree of self ---'; pstree -plau 139110 2>/dev/null | head -40 || true; echo '--- /proc/loadavg ---'; cat /proc/loadavg 2>/dev/null || true; echo '--- recent dmesg (oom/killed) ---'; dmesg -T 2>/dev/null | tail -20 || journalctl --user -n 20 --no-pager 2>/dev/null | tail -20 || true; echo '=== end ==='
  |   `-bash,139136 -c echo '=== shutdown diagnostic @ SIGTERM ==='; echo '--- date ---'; date -u +%Y-%m-%dT%H:%M:%SZ; echo '--- ps auxf (top 60 by cpu) ---'; ps auxf --sort=-pcpu 2>/dev/null | head -60; echo '--- pstree of self ---'; pstree -plau 139110 2>/dev/null | head -40 || true; echo '--- /proc/loadavg ---'; cat /proc/loadavg 2>/dev/null || true; echo '--- recent dmesg (oom/killed) ---'; dmesg -T 2>/dev/null | tail -20 || journalctl --user -n 20 --no-pager 2>/dev/null | tail -20 || true; echo '=== end ==='
  |       |-head,139141 -40
  |       `-pstree,139140 -plau 139110
  |-{hermes},139123
  |-{hermes},139124
  |-{hermes},139127
  `-{hermes},139129
--- /proc/loadavg ---
0.07 0.03 0.04 3/262 139142
--- recent dmesg (oom/killed) ---
=== end ===
=== shutdown diagnostic @ SIGTERM ===
--- date ---
2026-09-10T01:15:16Z
--- ps auxf (top 60 by cpu) ---
USER         PID %CPU %MEM    VSZ   RSS TTY      STAT START   TIME COMMAND
root           2  0.0  0.0      0     0 ?        S    Sep03   0:00 [kthreadd]
root      139007  0.0  0.0      0     0 ?        I    00:59   0:00  \_ [kworker/0:2-events]
root      137402  0.0  0.0      0     0 ?        I    00:32   0:00  \_ [kworker/u4:3-events_unbound]
root           1  0.0  0.0  22560 14064 ?        Ss   Sep03   0:35 /usr/lib/systemd/systemd --system --deserialize=75 vultr
hermes    139190 97.1  0.7 130740 115388 ?       Ss   01:15   0:01 /home/hermes/.local/share/uv/tools/hermes-agent/bin/python -m hermes_cli.main gateway run --replace
--- pstree of self ---
hermes,139130,hermes -m hermes_cli.main gateway run --replace
  |-timeout,139191 5 bash -c echo '=== shutdown diagnostic @ SIGTERM ==='; echo '--- date ---'; date -u +%Y-%m-%dT%H:%M:%SZ; echo '--- ps auxf (top 60 by cpu) ---'; ps auxf --sort=-pcpu 2>/dev/null | head -60; echo '--- pstree of self ---'; pstree -plau 139130 2>/dev/null | head -40 || true; echo '--- /proc/loadavg ---'; cat /proc/loadavg 2>/dev/null || true; echo '--- recent dmesg (oom/killed) ---'; dmesg -T 2>/dev/null | tail -20 || journalctl --user -n 20 --no-pager 2>/dev/null | tail -20 || true; echo '=== end ==='
  |   `-bash,139192 -c echo '=== shutdown diagnostic @ SIGTERM ==='; echo '--- date ---'; date -u +%Y-%m-%dT%H:%M:%SZ; echo '--- ps auxf (top 60 by cpu) ---'; ps auxf --sort=-pcpu 2>/dev/null | head -60; echo '--- pstree of self ---'; pstree -plau 139130 2>/dev/null | head -40 || true; echo '--- /proc/loadavg ---'; cat /proc/loadavg 2>/dev/null || true; echo '--- recent dmesg (oom/killed) ---'; dmesg -T 2>/dev/null | tail -20 || journalctl --user -n 20 --no-pager 2>/dev/null | tail -20 || true; echo '=== end ==='
  |       |-head,139197 -40
  |       `-pstree,139196 -plau 139130
  |-{hermes},139147
  |-{hermes},139148
  |-{hermes},139150
  |-{hermes},139151
  `-{hermes},139153
--- /proc/loadavg ---
0.16 0.03 0.02 1/269 139198
--- recent dmesg (oom/killed) ---
=== end ===
=== shutdown diagnostic @ SIGTERM ===
--- date ---
2026-09-10T01:15:44Z
--- ps auxf (top 60 by cpu) ---
USER         PID %CPU %MEM    VSZ   RSS TTY      STAT START   TIME COMMAND
root           2  0.0  0.0      0     0 ?        S    Sep03   0:00 [kthreadd]
root      137402  0.0  0.0      0     0 ?        I    00:32   0:00  \_ [kworker/u4:3-events_unbound]
root      139007  0.0  0.0      0     0 ?        I    00:59   0:00  \_ [kworker/0:2-events]
root           1  0.0  0.0  22560 14064 ?        Ss   Sep03   0:35 /usr/lib/systemd/systemd --system --deserialize=75 vultr
hermes    139190  5.7  0.8 447928 136168 ?       Rsl  01:15   0:01 /home/hermes/.local/share/uv/tools/hermes-agent/bin/python -m hermes_cli.main gateway run --replace
hermes    139213  0.0  0.0   5692  2132 ?        Ss   01:15   0:00  \_ timeout 5 bash -c echo '=== shutdown diagnostic @ SIGTERM ==='; echo '--- date ---'; date -u +%Y-%m-%dT%H:%M:%SZ; echo '--- ps auxf (top 60 by cpu) ---'; ps auxf --sort=-pcpu 2>/dev/null | head -60; echo '--- pstree of self ---'; pstree -plau 139190 2>/dev/null | head -40 || true; echo '--- /proc/loadavg ---'; cat /proc/loadavg 2>/dev/null || true; echo '--- recent dmesg (oom/killed) ---'; dmesg -T 2>/dev/null | tail -20 || journalctl --user -n 20 --no-pager 2>/dev/null | tail -20 || true; echo '=== end ==='
hermes    139214  0.0  0.0   7340  3748 ?        S    01:15   0:00      \_ bash -c echo '=== shutdown diagnostic @ SIGTERM ==='; echo '--- date ---'; date -u +%Y-%m-%dT%H:%M:%SZ; echo '--- ps auxf (top 60 by cpu) ---'; ps auxf --sort=-pcpu 2>/dev/null | head -60; echo '--- pstree of self ---'; pstree -plau 139190 2>/dev/null | head -40 || true; echo '--- /proc/loadavg ---'; cat /proc/loadavg 2>/dev/null || true; echo '--- recent dmesg (oom/killed) ---'; dmesg -T 2>/dev/null | tail -20 || journalctl --user -n 20 --no-pager 2>/dev/null | tail -20 || true; echo '=== end ==='
hermes    139216  0.0  0.0  10888  4644 ?        R    01:15   0:00          \_ ps auxf --sort=-pcpu
hermes    139217  0.0  0.0   5696  2084 ?        S    01:15   0:00          \_ head -60
--- pstree of self ---
hermes,139190,hermes -m hermes_cli.main gateway run --replace
  |-timeout,139213 5 bash -c echo '=== shutdown diagnostic @ SIGTERM ==='; echo '--- date ---'; date -u +%Y-%m-%dT%H:%M:%SZ; echo '--- ps auxf (top 60 by cpu) ---'; ps auxf --sort=-pcpu 2>/dev/null | head -60; echo '--- pstree of self ---'; pstree -plau 139190 2>/dev/null | head -40 || true; echo '--- /proc/loadavg ---'; cat /proc/loadavg 2>/dev/null || true; echo '--- recent dmesg (oom/killed) ---'; dmesg -T 2>/dev/null | tail -20 || journalctl --user -n 20 --no-pager 2>/dev/null | tail -20 || true; echo '=== end ==='
  |   `-bash,139214 -c echo '=== shutdown diagnostic @ SIGTERM ==='; echo '--- date ---'; date -u +%Y-%m-%dT%H:%M:%SZ; echo '--- ps auxf (top 60 by cpu) ---'; ps auxf --sort=-pcpu 2>/dev/null | head -60; echo '--- pstree of self ---'; pstree -plau 139190 2>/dev/null | head -40 || true; echo '--- /proc/loadavg ---'; cat /proc/loadavg 2>/dev/null || true; echo '--- recent dmesg (oom/killed) ---'; dmesg -T 2>/dev/null | tail -20 || journalctl --user -n 20 --no-pager 2>/dev/null | tail -20 || true; echo '=== end ==='
  |       |-head,139219 -40
  |       `-pstree,139218 -plau 139190
  |-{hermes},139203
  |-{hermes},139204
  |-{hermes},139207
  `-{hermes},139209
--- /proc/loadavg ---
0.10 0.03 0.02 2/264 139220
--- recent dmesg (oom/killed) ---
=== end ===
=== shutdown diagnostic @ SIGTERM ===
--- date ---
2026-09-10T01:20:46Z
--- ps auxf (top 60 by cpu) ---
USER         PID %CPU %MEM    VSZ   RSS TTY      STAT START   TIME COMMAND
root           2  0.0  0.0      0     0 ?        S    Sep03   0:00 [kthreadd]
root      137402  0.0  0.0      0     0 ?        I    00:32   0:00  \_ [kworker/u4:3-events_power_efficient]
root      139007  0.0  0.0      0     0 ?        I    00:59   0:00  \_ [kworker/0:2-events]
root           1  0.0  0.0  22560 14064 ?        Ss   Sep03   0:35 /usr/lib/systemd/systemd --system --deserialize=75 vultr
hermes    139256 98.0  0.6 129928 114476 ?       Ss   01:20   0:01 /home/hermes/.local/share/uv/tools/hermes-agent/bin/python -m hermes_cli.main gateway run --replace
--- pstree of self ---
hermes,139212,hermes -m hermes_cli.main gateway run --replace
  |-timeout,139257 5 bash -c echo '=== shutdown diagnostic @ SIGTERM ==='; echo '--- date ---'; date -u +%Y-%m-%dT%H:%M:%SZ; echo '--- ps auxf (top 60 by cpu) ---'; ps auxf --sort=-pcpu 2>/dev/null | head -60; echo '--- pstree of self ---'; pstree -plau 139212 2>/dev/null | head -40 || true; echo '--- /proc/loadavg ---'; cat /proc/loadavg 2>/dev/null || true; echo '--- recent dmesg (oom/killed) ---'; dmesg -T 2>/dev/null | tail -20 || journalctl --user -n 20 --no-pager 2>/dev/null | tail -20 || true; echo '=== end ==='
  |   `-bash,139258 -c echo '=== shutdown diagnostic @ SIGTERM ==='; echo '--- date ---'; date -u +%Y-%m-%dT%H:%M:%SZ; echo '--- ps auxf (top 60 by cpu) ---'; ps auxf --sort=-pcpu 2>/dev/null | head -60; echo '--- pstree of self ---'; pstree -plau 139212 2>/dev/null | head -40 || true; echo '--- /proc/loadavg ---'; cat /proc/loadavg 2>/dev/null || true; echo '--- recent dmesg (oom/killed) ---'; dmesg -T 2>/dev/null | tail -20 || journalctl --user -n 20 --no-pager 2>/dev/null | tail -20 || true; echo '=== end ==='
  |       |-head,139263 -40
  |       `-pstree,139262 -plau 139212
  |-{hermes},139226
  |-{hermes},139227
  |-{hermes},139229
  |-{hermes},139230
  `-{hermes},139232
--- /proc/loadavg ---
0.08 0.04 0.01 1/260 139264
--- recent dmesg (oom/killed) ---
=== end ===
=== shutdown diagnostic @ SIGTERM ===
--- date ---
2026-09-10T01:21:46Z
--- ps auxf (top 60 by cpu) ---
USER         PID %CPU %MEM    VSZ   RSS TTY      STAT START   TIME COMMAND
root           2  0.0  0.0      0     0 ?        S    Sep03   0:00 [kthreadd]
root      139007  0.0  0.0      0     0 ?        I    00:59   0:00  \_ [kworker/0:2-events]
root      137402  0.0  0.0      0     0 ?        I    00:32   0:00  \_ [kworker/u4:3-events_power_efficient]
root           1  0.0  0.0  22560 14064 ?        Ss   Sep03   0:35 /usr/lib/systemd/systemd --system --deserialize=75 vultr
hermes    139256  2.7  0.8 521888 136256 ?       Ssl  01:20   0:01 /home/hermes/.local/share/uv/tools/hermes-agent/bin/python -m hermes_cli.main gateway run --replace
hermes    139280  0.0  0.0   5692  2132 ?        Ss   01:21   0:00  \_ timeout 5 bash -c echo '=== shutdown diagnostic @ SIGTERM ==='; echo '--- date ---'; date -u +%Y-%m-%dT%H:%M:%SZ; echo '--- ps auxf (top 60 by cpu) ---'; ps auxf --sort=-pcpu 2>/dev/null | head -60; echo '--- pstree of self ---'; pstree -plau 139256 2>/dev/null | head -40 || true; echo '--- /proc/loadavg ---'; cat /proc/loadavg 2>/dev/null || true; echo '--- recent dmesg (oom/killed) ---'; dmesg -T 2>/dev/null | tail -20 || journalctl --user -n 20 --no-pager 2>/dev/null | tail -20 || true; echo '=== end ==='
hermes    139281  0.0  0.0   7340  3692 ?        S    01:21   0:00      \_ bash -c echo '=== shutdown diagnostic @ SIGTERM ==='; echo '--- date ---'; date -u +%Y-%m-%dT%H:%M:%SZ; echo '--- ps auxf (top 60 by cpu) ---'; ps auxf --sort=-pcpu 2>/dev/null | head -60; echo '--- pstree of self ---'; pstree -plau 139256 2>/dev/null | head -40 || true; echo '--- /proc/loadavg ---'; cat /proc/loadavg 2>/dev/null || true; echo '--- recent dmesg (oom/killed) ---'; dmesg -T 2>/dev/null | tail -20 || journalctl --user -n 20 --no-pager 2>/dev/null | tail -20 || true; echo '=== end ==='
hermes    139283  0.0  0.0  10888  4628 ?        R    01:21   0:00          \_ ps auxf --sort=-pcpu
hermes    139284  0.0  0.0   5696  2084 ?        S    01:21   0:00          \_ head -60
--- pstree of self ---
hermes,139256,hermes -m hermes_cli.main gateway run --replace
  |-timeout,139280 5 bash -c echo '=== shutdown diagnostic @ SIGTERM ==='; echo '--- date ---'; date -u +%Y-%m-%dT%H:%M:%SZ; echo '--- ps auxf (top 60 by cpu) ---'; ps auxf --sort=-pcpu 2>/dev/null | head -60; echo '--- pstree of self ---'; pstree -plau 139256 2>/dev/null | head -40 || true; echo '--- /proc/loadavg ---'; cat /proc/loadavg 2>/dev/null || true; echo '--- recent dmesg (oom/killed) ---'; dmesg -T 2>/dev/null | tail -20 || journalctl --user -n 20 --no-pager 2>/dev/null | tail -20 || true; echo '=== end ==='
  |   `-bash,139281 -c echo '=== shutdown diagnostic @ SIGTERM ==='; echo '--- date ---'; date -u +%Y-%m-%dT%H:%M:%SZ; echo '--- ps auxf (top 60 by cpu) ---'; ps auxf --sort=-pcpu 2>/dev/null | head -60; echo '--- pstree of self ---'; pstree -plau 139256 2>/dev/null | head -40 || true; echo '--- /proc/loadavg ---'; cat /proc/loadavg 2>/dev/null || true; echo '--- recent dmesg (oom/killed) ---'; dmesg -T 2>/dev/null | tail -20 || journalctl --user -n 20 --no-pager 2>/dev/null | tail -20 || true; echo '=== end ==='
  |       |-head,139286 -40
  |       `-pstree,139285 -plau 139256
  |-{hermes},139269
  |-{hermes},139270
  |-{hermes},139273
  |-{hermes},139274
  `-{hermes},139276
--- /proc/loadavg ---
0.11 0.04 0.01 1/261 139287
--- recent dmesg (oom/killed) ---
=== end ===
=== shutdown diagnostic @ SIGTERM ===
--- date ---
2026-09-10T01:26:48Z
--- ps auxf (top 60 by cpu) ---
USER         PID %CPU %MEM    VSZ   RSS TTY      STAT START   TIME COMMAND
root           2  0.0  0.0      0     0 ?        S    Sep03   0:00 [kthreadd]
root      139304  0.0  0.0      0     0 ?        I    01:23   0:00  \_ [kworker/u4:1-events_unbound]
root      139007  0.0  0.0      0     0 ?        I    00:59   0:00  \_ [kworker/0:2-mm_percpu_wq]
root      137402  0.0  0.0      0     0 ?        I    00:32   0:00  \_ [kworker/u4:3-ext4-rsv-conversion]
root           1  0.0  0.0  22560 14064 ?        Ss   Sep03   0:35 /usr/lib/systemd/systemd --system --deserialize=75 vultr
hermes    139318 98.0  0.7 131020 115388 ?       Ss   01:26   0:01 /home/hermes/.local/share/uv/tools/hermes-agent/bin/python -m hermes_cli.main gateway run --replace
--- pstree of self ---
hermes,139279,hermes -m hermes_cli.main gateway run --replace
  |-timeout,139319 5 bash -c echo '=== shutdown diagnostic @ SIGTERM ==='; echo '--- date ---'; date -u +%Y-%m-%dT%H:%M:%SZ; echo '--- ps auxf (top 60 by cpu) ---'; ps auxf --sort=-pcpu 2>/dev/null | head -60; echo '--- pstree of self ---'; pstree -plau 139279 2>/dev/null | head -40 || true; echo '--- /proc/loadavg ---'; cat /proc/loadavg 2>/dev/null || true; echo '--- recent dmesg (oom/killed) ---'; dmesg -T 2>/dev/null | tail -20 || journalctl --user -n 20 --no-pager 2>/dev/null | tail -20 || true; echo '=== end ==='
  |   `-bash,139320 -c echo '=== shutdown diagnostic @ SIGTERM ==='; echo '--- date ---'; date -u +%Y-%m-%dT%H:%M:%SZ; echo '--- ps auxf (top 60 by cpu) ---'; ps auxf --sort=-pcpu 2>/dev/null | head -60; echo '--- pstree of self ---'; pstree -plau 139279 2>/dev/null | head -40 || true; echo '--- /proc/loadavg ---'; cat /proc/loadavg 2>/dev/null || true; echo '--- recent dmesg (oom/killed) ---'; dmesg -T 2>/dev/null | tail -20 || journalctl --user -n 20 --no-pager 2>/dev/null | tail -20 || true; echo '=== end ==='
  |       |-head,139325 -40
  |       `-pstree,139324 -plau 139279
  |-{hermes},139293
  |-{hermes},139294
  |-{hermes},139296
  |-{hermes},139297
  `-{hermes},139301
--- /proc/loadavg ---
0.02 0.03 0.00 1/259 139326
--- recent dmesg (oom/killed) ---
=== end ===
=== shutdown diagnostic @ SIGTERM ===
--- date ---
2026-09-10T01:29:02Z
--- ps auxf (top 60 by cpu) ---
USER         PID %CPU %MEM    VSZ   RSS TTY      STAT START   TIME COMMAND
root           2  0.0  0.0      0     0 ?        S    Sep03   0:00 [kthreadd]
root      139007  0.0  0.0      0     0 ?        I    00:59   0:00  \_ [kworker/0:2-events]
root      137402  0.0  0.0      0     0 ?        I    00:32   0:00  \_ [kworker/u4:3-events_power_efficient]
root           1  0.0  0.0  22560 14064 ?        Ss   Sep03   0:35 /usr/lib/systemd/systemd --system --deserialize=75 vultr
hermes    139318  1.3  0.8 448208 136344 ?       Ssl  01:26   0:01 /home/hermes/.local/share/uv/tools/hermes-agent/bin/python -m hermes_cli.main gateway run --replace
hermes    139342  0.0  0.0   5692  2128 ?        Ss   01:29   0:00  \_ timeout 5 bash -c echo '=== shutdown diagnostic @ SIGTERM ==='; echo '--- date ---'; date -u +%Y-%m-%dT%H:%M:%SZ; echo '--- ps auxf (top 60 by cpu) ---'; ps auxf --sort=-pcpu 2>/dev/null | head -60; echo '--- pstree of self ---'; pstree -plau 139318 2>/dev/null | head -40 || true; echo '--- /proc/loadavg ---'; cat /proc/loadavg 2>/dev/null || true; echo '--- recent dmesg (oom/killed) ---'; dmesg -T 2>/dev/null | tail -20 || journalctl --user -n 20 --no-pager 2>/dev/null | tail -20 || true; echo '=== end ==='
hermes    139343  0.0  0.0   7340  3688 ?        S    01:29   0:00      \_ bash -c echo '=== shutdown diagnostic @ SIGTERM ==='; echo '--- date ---'; date -u +%Y-%m-%dT%H:%M:%SZ; echo '--- ps auxf (top 60 by cpu) ---'; ps auxf --sort=-pcpu 2>/dev/null | head -60; echo '--- pstree of self ---'; pstree -plau 139318 2>/dev/null | head -40 || true; echo '--- /proc/loadavg ---'; cat /proc/loadavg 2>/dev/null || true; echo '--- recent dmesg (oom/killed) ---'; dmesg -T 2>/dev/null | tail -20 || journalctl --user -n 20 --no-pager 2>/dev/null | tail -20 || true; echo '=== end ==='
hermes    139345  0.0  0.0  10888  4640 ?        R    01:29   0:00          \_ ps auxf --sort=-pcpu
hermes    139346  0.0  0.0   5696  2080 ?        S    01:29   0:00          \_ head -60
--- pstree of self ---
hermes,139318,hermes -m hermes_cli.main gateway run --replace
  |-timeout,139342 5 bash -c echo '=== shutdown diagnostic @ SIGTERM ==='; echo '--- date ---'; date -u +%Y-%m-%dT%H:%M:%SZ; echo '--- ps auxf (top 60 by cpu) ---'; ps auxf --sort=-pcpu 2>/dev/null | head -60; echo '--- pstree of self ---'; pstree -plau 139318 2>/dev/null | head -40 || true; echo '--- /proc/loadavg ---'; cat /proc/loadavg 2>/dev/null || true; echo '--- recent dmesg (oom/killed) ---'; dmesg -T 2>/dev/null | tail -20 || journalctl --user -n 20 --no-pager 2>/dev/null | tail -20 || true; echo '=== end ==='
  |   `-bash,139343 -c echo '=== shutdown diagnostic @ SIGTERM ==='; echo '--- date ---'; date -u +%Y-%m-%dT%H:%M:%SZ; echo '--- ps auxf (top 60 by cpu) ---'; ps auxf --sort=-pcpu 2>/dev/null | head -60; echo '--- pstree of self ---'; pstree -plau 139318 2>/dev/null | head -40 || true; echo '--- /proc/loadavg ---'; cat /proc/loadavg 2>/dev/null || true; echo '--- recent dmesg (oom/killed) ---'; dmesg -T 2>/dev/null | tail -20 || journalctl --user -n 20 --no-pager 2>/dev/null | tail -20 || true; echo '=== end ==='
  |       |-head,139348 -40
  |       `-pstree,139347 -plau 139318
  |-{hermes},139331
  |-{hermes},139332
  |-{hermes},139335
  `-{hermes},139337
--- /proc/loadavg ---
0.00 0.02 0.00 3/262 139350
--- recent dmesg (oom/killed) ---
=== end ===
=== shutdown diagnostic @ SIGTERM ===
--- date ---
2026-09-10T01:34:04Z
--- ps auxf (top 60 by cpu) ---
USER         PID %CPU %MEM    VSZ   RSS TTY      STAT START   TIME COMMAND
root           2  0.0  0.0      0     0 ?        S    Sep03   0:00 [kthreadd]
root      139373  0.0  0.0      0     0 ?        I    01:31   0:00  \_ [kworker/u4:0-events_unbound]
root      139007  0.0  0.0      0     0 ?        I    00:59   0:00  \_ [kworker/0:2-events]
root      137402  0.0  0.0      0     0 ?        I    00:32   0:00  \_ [kworker/u4:3-events_power_efficient]
root           1  0.0  0.0  22560 14064 ?        Ss   Sep03   0:35 /usr/lib/systemd/systemd --system --deserialize=75 vultr
hermes    139378 97.0  0.7 130724 115488 ?       Ss   01:34   0:00 /home/hermes/.local/share/uv/tools/hermes-agent/bin/python -m hermes_cli.main gateway run --replace
--- pstree of self ---
hermes,139341,hermes -m hermes_cli.main gateway run --replace
  |-timeout,139379 5 bash -c echo '=== shutdown diagnostic @ SIGTERM ==='; echo '--- date ---'; date -u +%Y-%m-%dT%H:%M:%SZ; echo '--- ps auxf (top 60 by cpu) ---'; ps auxf --sort=-pcpu 2>/dev/null | head -60; echo '--- pstree of self ---'; pstree -plau 139341 2>/dev/null | head -40 || true; echo '--- /proc/loadavg ---'; cat /proc/loadavg 2>/dev/null || true; echo '--- recent dmesg (oom/killed) ---'; dmesg -T 2>/dev/null | tail -20 || journalctl --user -n 20 --no-pager 2>/dev/null | tail -20 || true; echo '=== end ==='
  |   `-bash,139380 -c echo '=== shutdown diagnostic @ SIGTERM ==='; echo '--- date ---'; date -u +%Y-%m-%dT%H:%M:%SZ; echo '--- ps auxf (top 60 by cpu) ---'; ps auxf --sort=-pcpu 2>/dev/null | head -60; echo '--- pstree of self ---'; pstree -plau 139341 2>/dev/null | head -40 || true; echo '--- /proc/loadavg ---'; cat /proc/loadavg 2>/dev/null || true; echo '--- recent dmesg (oom/killed) ---'; dmesg -T 2>/dev/null | tail -20 || journalctl --user -n 20 --no-pager 2>/dev/null | tail -20 || true; echo '=== end ==='
  |       |-head,139385 -40
  |       `-pstree,139384 -plau 139341
  |-{hermes},139356
  |-{hermes},139357
  |-{hermes},139359
  |-{hermes},139360
  `-{hermes},139362
--- /proc/loadavg ---
0.00 0.00 0.00 1/261 139386
--- recent dmesg (oom/killed) ---
=== end ===
=== shutdown diagnostic @ SIGTERM ===
--- date ---
2026-09-10T01:39:06Z
--- ps auxf (top 60 by cpu) ---
USER         PID %CPU %MEM    VSZ   RSS TTY      STAT START   TIME COMMAND
root           2  0.0  0.0      0     0 ?        S    Sep03   0:00 [kthreadd]
root      139373  0.0  0.0      0     0 ?        I    01:31   0:00  \_ [kworker/u4:0-events_unbound]
root      139007  0.0  0.0      0     0 ?        I    00:59   0:00  \_ [kworker/0:2-events]
root      139037  0.0  0.0      0     0 ?        I    01:00   0:00  \_ [kworker/1:0-events]
root           1  0.0  0.0  22560 14064 ?        Ss   Sep03   0:35 /usr/lib/systemd/systemd --system --deserialize=75 vultr
hermes    139378  0.6  0.8 521660 136664 ?       Ssl  01:34   0:01 /home/hermes/.local/share/uv/tools/hermes-agent/bin/python -m hermes_cli.main gateway run --replace
hermes    139417  0.0  0.0   5692  2132 ?        Ss   01:39   0:00  \_ timeout 5 bash -c echo '=== shutdown diagnostic @ SIGTERM ==='; echo '--- date ---'; date -u +%Y-%m-%dT%H:%M:%SZ; echo '--- ps auxf (top 60 by cpu) ---'; ps auxf --sort=-pcpu 2>/dev/null | head -60; echo '--- pstree of self ---'; pstree -plau 139378 2>/dev/null | head -40 || true; echo '--- /proc/loadavg ---'; cat /proc/loadavg 2>/dev/null || true; echo '--- recent dmesg (oom/killed) ---'; dmesg -T 2>/dev/null | tail -20 || journalctl --user -n 20 --no-pager 2>/dev/null | tail -20 || true; echo '=== end ==='
hermes    139418  0.0  0.0   7340  3744 ?        S    01:39   0:00      \_ bash -c echo '=== shutdown diagnostic @ SIGTERM ==='; echo '--- date ---'; date -u +%Y-%m-%dT%H:%M:%SZ; echo '--- ps auxf (top 60 by cpu) ---'; ps auxf --sort=-pcpu 2>/dev/null | head -60; echo '--- pstree of self ---'; pstree -plau 139378 2>/dev/null | head -40 || true; echo '--- /proc/loadavg ---'; cat /proc/loadavg 2>/dev/null || true; echo '--- recent dmesg (oom/killed) ---'; dmesg -T 2>/dev/null | tail -20 || journalctl --user -n 20 --no-pager 2>/dev/null | tail -20 || true; echo '=== end ==='
hermes    139420  0.0  0.0  10888  4632 ?        R    01:39   0:00          \_ ps auxf --sort=-pcpu
hermes    139421  0.0  0.0   5696  2084 ?        S    01:39   0:00          \_ head -60
--- pstree of self ---
hermes,139378,hermes -m hermes_cli.main gateway run --replace
  |-timeout,139417 5 bash -c echo '=== shutdown diagnostic @ SIGTERM ==='; echo '--- date ---'; date -u +%Y-%m-%dT%H:%M:%SZ; echo '--- ps auxf (top 60 by cpu) ---'; ps auxf --sort=-pcpu 2>/dev/null | head -60; echo '--- pstree of self ---'; pstree -plau 139378 2>/dev/null | head -40 || true; echo '--- /proc/loadavg ---'; cat /proc/loadavg 2>/dev/null || true; echo '--- recent dmesg (oom/killed) ---'; dmesg -T 2>/dev/null | tail -20 || journalctl --user -n 20 --no-pager 2>/dev/null | tail -20 || true; echo '=== end ==='
  |   `-bash,139418 -c echo '=== shutdown diagnostic @ SIGTERM ==='; echo '--- date ---'; date -u +%Y-%m-%dT%H:%M:%SZ; echo '--- ps auxf (top 60 by cpu) ---'; ps auxf --sort=-pcpu 2>/dev/null | head -60; echo '--- pstree of self ---'; pstree -plau 139378 2>/dev/null | head -40 || true; echo '--- /proc/loadavg ---'; cat /proc/loadavg 2>/dev/null || true; echo '--- recent dmesg (oom/killed) ---'; dmesg -T 2>/dev/null | tail -20 || journalctl --user -n 20 --no-pager 2>/dev/null | tail -20 || true; echo '=== end ==='
  |       |-head,139423 -40
  |       `-pstree,139422 -plau 139378
  |-{hermes},139391
  |-{hermes},139392
  |-{hermes},139395
  |-{hermes},139396
  `-{hermes},139398
--- /proc/loadavg ---
0.12 0.03 0.01 1/260 139424
--- recent dmesg (oom/killed) ---
=== end ===
=== shutdown diagnostic @ SIGTERM ===
--- date ---
2026-09-10T01:44:08Z
--- ps auxf (top 60 by cpu) ---
USER         PID %CPU %MEM    VSZ   RSS TTY      STAT START   TIME COMMAND
root           2  0.0  0.0      0     0 ?        S    Sep03   0:00 [kthreadd]
root      139007  0.0  0.0      0     0 ?        I    00:59   0:00  \_ [kworker/0:2-events]
root           1  0.0  0.0  22560 14064 ?        Ss   Sep03   0:35 /usr/lib/systemd/systemd --system --deserialize=75 vultr
hermes    139452 97.1  0.6 129928 114288 ?       Ss   01:44   0:01 /home/hermes/.local/share/uv/tools/hermes-agent/bin/python -m hermes_cli.main gateway run --replace
--- pstree of self ---
hermes,139416,hermes -m hermes_cli.main gateway run --replace
  |-timeout,139453 5 bash -c echo '=== shutdown diagnostic @ SIGTERM ==='; echo '--- date ---'; date -u +%Y-%m-%dT%H:%M:%SZ; echo '--- ps auxf (top 60 by cpu) ---'; ps auxf --sort=-pcpu 2>/dev/null | head -60; echo '--- pstree of self ---'; pstree -plau 139416 2>/dev/null | head -40 || true; echo '--- /proc/loadavg ---'; cat /proc/loadavg 2>/dev/null || true; echo '--- recent dmesg (oom/killed) ---'; dmesg -T 2>/dev/null | tail -20 || journalctl --user -n 20 --no-pager 2>/dev/null | tail -20 || true; echo '=== end ==='
  |   `-bash,139454 -c echo '=== shutdown diagnostic @ SIGTERM ==='; echo '--- date ---'; date -u +%Y-%m-%dT%H:%M:%SZ; echo '--- ps auxf (top 60 by cpu) ---'; ps auxf --sort=-pcpu 2>/dev/null | head -60; echo '--- pstree of self ---'; pstree -plau 139416 2>/dev/null | head -40 || true; echo '--- /proc/loadavg ---'; cat /proc/loadavg 2>/dev/null || true; echo '--- recent dmesg (oom/killed) ---'; dmesg -T 2>/dev/null | tail -20 || journalctl --user -n 20 --no-pager 2>/dev/null | tail -20 || true; echo '=== end ==='
  |       |-head,139459 -40
  |       `-pstree,139458 -plau 139416
  |-{hermes},139430
  |-{hermes},139431
  |-{hermes},139433
  |-{hermes},139434
  `-{hermes},139436
--- /proc/loadavg ---
0.00 0.00 0.00 1/261 139460
--- recent dmesg (oom/killed) ---
=== end ===
=== shutdown diagnostic @ SIGTERM ===
--- date ---
2026-09-10T01:49:10Z
--- ps auxf (top 60 by cpu) ---
USER         PID %CPU %MEM    VSZ   RSS TTY      STAT START   TIME COMMAND
root           2  0.0  0.0      0     0 ?        S    Sep03   0:00 [kthreadd]
root      139007  0.0  0.0      0     0 ?        I    00:59   0:00  \_ [kworker/0:2-events]
root      139410  0.0  0.0      0     0 ?        I    01:37   0:00  \_ [kworker/u4:3-events_unbound]
root      139037  0.0  0.0      0     0 ?        I    01:00   0:00  \_ [kworker/1:0-events]
root           1  0.0  0.0  22560 14064 ?        Ss   Sep03   0:35 /usr/lib/systemd/systemd --system --deserialize=75 vultr
hermes    139452  0.6  0.8 521888 136544 ?       Ssl  01:44   0:02 /home/hermes/.local/share/uv/tools/hermes-agent/bin/python -m hermes_cli.main gateway run --replace
hermes    139580  0.0  0.0   5692  2132 ?        Ss   01:49   0:00  \_ timeout 5 bash -c echo '=== shutdown diagnostic @ SIGTERM ==='; echo '--- date ---'; date -u +%Y-%m-%dT%H:%M:%SZ; echo '--- ps auxf (top 60 by cpu) ---'; ps auxf --sort=-pcpu 2>/dev/null | head -60; echo '--- pstree of self ---'; pstree -plau 139452 2>/dev/null | head -40 || true; echo '--- /proc/loadavg ---'; cat /proc/loadavg 2>/dev/null || true; echo '--- recent dmesg (oom/killed) ---'; dmesg -T 2>/dev/null | tail -20 || journalctl --user -n 20 --no-pager 2>/dev/null | tail -20 || true; echo '=== end ==='
hermes    139581  0.0  0.0   7340  3692 ?        S    01:49   0:00      \_ bash -c echo '=== shutdown diagnostic @ SIGTERM ==='; echo '--- date ---'; date -u +%Y-%m-%dT%H:%M:%SZ; echo '--- ps auxf (top 60 by cpu) ---'; ps auxf --sort=-pcpu 2>/dev/null | head -60; echo '--- pstree of self ---'; pstree -plau 139452 2>/dev/null | head -40 || true; echo '--- /proc/loadavg ---'; cat /proc/loadavg 2>/dev/null || true; echo '--- recent dmesg (oom/killed) ---'; dmesg -T 2>/dev/null | tail -20 || journalctl --user -n 20 --no-pager 2>/dev/null | tail -20 || true; echo '=== end ==='
hermes    139583  0.0  0.0  10888  4636 ?        R    01:49   0:00          \_ ps auxf --sort=-pcpu
hermes    139584  0.0  0.0   5696  2080 ?        S    01:49   0:00          \_ head -60
--- pstree of self ---
hermes,139452,hermes -m hermes_cli.main gateway run --replace
  |-timeout,139580 5 bash -c echo '=== shutdown diagnostic @ SIGTERM ==='; echo '--- date ---'; date -u +%Y-%m-%dT%H:%M:%SZ; echo '--- ps auxf (top 60 by cpu) ---'; ps auxf --sort=-pcpu 2>/dev/null | head -60; echo '--- pstree of self ---'; pstree -plau 139452 2>/dev/null | head -40 || true; echo '--- /proc/loadavg ---'; cat /proc/loadavg 2>/dev/null || true; echo '--- recent dmesg (oom/killed) ---'; dmesg -T 2>/dev/null | tail -20 || journalctl --user -n 20 --no-pager 2>/dev/null | tail -20 || true; echo '=== end ==='
  |   `-bash,139581 -c echo '=== shutdown diagnostic @ SIGTERM ==='; echo '--- date ---'; date -u +%Y-%m-%dT%H:%M:%SZ; echo '--- ps auxf (top 60 by cpu) ---'; ps auxf --sort=-pcpu 2>/dev/null | head -60; echo '--- pstree of self ---'; pstree -plau 139452 2>/dev/null | head -40 || true; echo '--- /proc/loadavg ---'; cat /proc/loadavg 2>/dev/null || true; echo '--- recent dmesg (oom/killed) ---'; dmesg -T 2>/dev/null | tail -20 || journalctl --user -n 20 --no-pager 2>/dev/null | tail -20 || true; echo '=== end ==='
  |       |-head,139586 -40
  |       `-pstree,139585 -plau 139452
  |-{hermes},139465
  |-{hermes},139466
  |-{hermes},139469
  |-{hermes},139470
  `-{hermes},139472
--- /proc/loadavg ---
0.00 0.00 0.00 1/262 139587
--- recent dmesg (oom/killed) ---
=== end ===
=== shutdown diagnostic @ SIGTERM ===
--- date ---
2026-09-10T01:54:12Z
--- ps auxf (top 60 by cpu) ---
USER         PID %CPU %MEM    VSZ   RSS TTY      STAT START   TIME COMMAND
root           2  0.0  0.0      0     0 ?        S    Sep03   0:00 [kthreadd]
root      139410  0.0  0.0      0     0 ?        I    01:37   0:00  \_ [kworker/u4:3-events_power_efficient]
root      139007  0.0  0.0      0     0 ?        I    00:59   0:00  \_ [kworker/0:2-events]
root      139037  0.0  0.0      0     0 ?        I    01:00   0:00  \_ [kworker/1:0-events]
root           1  0.0  0.0  22560 14064 ?        Ss   Sep03   0:35 /usr/lib/systemd/systemd --system --deserialize=75 vultr
hermes    139719 98.0  0.7 130948 115464 ?       Ss   01:54   0:01 /home/hermes/.local/share/uv/tools/hermes-agent/bin/python -m hermes_cli.main gateway run --replace
--- pstree of self ---
hermes,139579,hermes -m hermes_cli.main gateway run --replace
  |-timeout,139722 5 bash -c echo '=== shutdown diagnostic @ SIGTERM ==='; echo '--- date ---'; date -u +%Y-%m-%dT%H:%M:%SZ; echo '--- ps auxf (top 60 by cpu) ---'; ps auxf --sort=-pcpu 2>/dev/null | head -60; echo '--- pstree of self ---'; pstree -plau 139579 2>/dev/null | head -40 || true; echo '--- /proc/loadavg ---'; cat /proc/loadavg 2>/dev/null || true; echo '--- recent dmesg (oom/killed) ---'; dmesg -T 2>/dev/null | tail -20 || journalctl --user -n 20 --no-pager 2>/dev/null | tail -20 || true; echo '=== end ==='
  |   `-bash,139723 -c echo '=== shutdown diagnostic @ SIGTERM ==='; echo '--- date ---'; date -u +%Y-%m-%dT%H:%M:%SZ; echo '--- ps auxf (top 60 by cpu) ---'; ps auxf --sort=-pcpu 2>/dev/null | head -60; echo '--- pstree of self ---'; pstree -plau 139579 2>/dev/null | head -40 || true; echo '--- /proc/loadavg ---'; cat /proc/loadavg 2>/dev/null || true; echo '--- recent dmesg (oom/killed) ---'; dmesg -T 2>/dev/null | tail -20 || journalctl --user -n 20 --no-pager 2>/dev/null | tail -20 || true; echo '=== end ==='
  |       |-head,139728 -40
  |       `-pstree,139727 -plau 139579
  |-{hermes},139593
  |-{hermes},139594
  |-{hermes},139596
  |-{hermes},139597
  `-{hermes},139599
--- /proc/loadavg ---
0.00 0.02 0.00 1/263 139729
--- recent dmesg (oom/killed) ---
=== end ===
=== shutdown diagnostic @ SIGTERM ===
--- date ---
2026-09-10T01:59:14Z
--- ps auxf (top 60 by cpu) ---
USER         PID %CPU %MEM    VSZ   RSS TTY      STAT START   TIME COMMAND
root           2  0.0  0.0      0     0 ?        S    Sep03   0:00 [kthreadd]
root      139007  0.0  0.0      0     0 ?        I    00:59   0:00  \_ [kworker/0:2-events]
root      139410  0.0  0.0      0     0 ?        I    01:37   0:00  \_ [kworker/u4:3-events_power_efficient]
root      139037  0.0  0.0      0     0 ?        I    01:00   0:00  \_ [kworker/1:0-events]
root           1  0.0  0.0  22560 14064 ?        Ss   Sep03   0:35 /usr/lib/systemd/systemd --system --deserialize=75 vultr
hermes    139719  0.6  0.8 448136 136308 ?       Ssl  01:54   0:02 /home/hermes/.local/share/uv/tools/hermes-agent/bin/python -m hermes_cli.main gateway run --replace
hermes    139856  0.0  0.0   5692  2128 ?        Ss   01:59   0:00  \_ timeout 5 bash -c echo '=== shutdown diagnostic @ SIGTERM ==='; echo '--- date ---'; date -u +%Y-%m-%dT%H:%M:%SZ; echo '--- ps auxf (top 60 by cpu) ---'; ps auxf --sort=-pcpu 2>/dev/null | head -60; echo '--- pstree of self ---'; pstree -plau 139719 2>/dev/null | head -40 || true; echo '--- /proc/loadavg ---'; cat /proc/loadavg 2>/dev/null || true; echo '--- recent dmesg (oom/killed) ---'; dmesg -T 2>/dev/null | tail -20 || journalctl --user -n 20 --no-pager 2>/dev/null | tail -20 || true; echo '=== end ==='
hermes    139857  0.0  0.0   7340  3744 ?        S    01:59   0:00      \_ bash -c echo '=== shutdown diagnostic @ SIGTERM ==='; echo '--- date ---'; date -u +%Y-%m-%dT%H:%M:%SZ; echo '--- ps auxf (top 60 by cpu) ---'; ps auxf --sort=-pcpu 2>/dev/null | head -60; echo '--- pstree of self ---'; pstree -plau 139719 2>/dev/null | head -40 || true; echo '--- /proc/loadavg ---'; cat /proc/loadavg 2>/dev/null || true; echo '--- recent dmesg (oom/killed) ---'; dmesg -T 2>/dev/null | tail -20 || journalctl --user -n 20 --no-pager 2>/dev/null | tail -20 || true; echo '=== end ==='
hermes    139859  0.0  0.0  10888  4652 ?        R    01:59   0:00          \_ ps auxf --sort=-pcpu
hermes    139860  0.0  0.0   5696  2076 ?        S    01:59   0:00          \_ head -60
--- pstree of self ---
hermes,139719,hermes -m hermes_cli.main gateway run --replace
  |-timeout,139856 5 bash -c echo '=== shutdown diagnostic @ SIGTERM ==='; echo '--- date ---'; date -u +%Y-%m-%dT%H:%M:%SZ; echo '--- ps auxf (top 60 by cpu) ---'; ps auxf --sort=-pcpu 2>/dev/null | head -60; echo '--- pstree of self ---'; pstree -plau 139719 2>/dev/null | head -40 || true; echo '--- /proc/loadavg ---'; cat /proc/loadavg 2>/dev/null || true; echo '--- recent dmesg (oom/killed) ---'; dmesg -T 2>/dev/null | tail -20 || journalctl --user -n 20 --no-pager 2>/dev/null | tail -20 || true; echo '=== end ==='
  |   `-bash,139857 -c echo '=== shutdown diagnostic @ SIGTERM ==='; echo '--- date ---'; date -u +%Y-%m-%dT%H:%M:%SZ; echo '--- ps auxf (top 60 by cpu) ---'; ps auxf --sort=-pcpu 2>/dev/null | head -60; echo '--- pstree of self ---'; pstree -plau 139719 2>/dev/null | head -40 || true; echo '--- /proc/loadavg ---'; cat /proc/loadavg 2>/dev/null || true; echo '--- recent dmesg (oom/killed) ---'; dmesg -T 2>/dev/null | tail -20 || journalctl --user -n 20 --no-pager 2>/dev/null | tail -20 || true; echo '=== end ==='
  |       |-head,139862 -40
  |       `-pstree,139861 -plau 139719
  |-{hermes},139734
  |-{hermes},139735
  |-{hermes},139738
  `-{hermes},139740
--- /proc/loadavg ---
0.00 0.00 0.00 1/259 139863
--- recent dmesg (oom/killed) ---
=== end ===
=== shutdown diagnostic @ SIGTERM ===
--- date ---
2026-09-10T02:04:16Z
--- ps auxf (top 60 by cpu) ---
USER         PID %CPU %MEM    VSZ   RSS TTY      STAT START   TIME COMMAND
root           2  0.0  0.0      0     0 ?        S    Sep03   0:00 [kthreadd]
root      139007  0.0  0.0      0     0 ?        I    00:59   0:00  \_ [kworker/0:2-events]
root      139410  0.0  0.0      0     0 ?        I    01:37   0:00  \_ [kworker/u4:3-events_power_efficient]
root      139037  0.0  0.0      0     0 ?        I    01:00   0:00  \_ [kworker/1:0-mm_percpu_wq]
root      139518  0.0  0.0      0     0 ?        I    01:46   0:00  \_ [kworker/u4:0-events_power_efficient]
root           1  0.0  0.0  22560 14064 ?        Ss   Sep03   0:35 /usr/lib/systemd/systemd --system --deserialize=75 vultr
hermes    139993 98.0  0.7 130716 115476 ?       Ss   02:04   0:01 /home/hermes/.local/share/uv/tools/hermes-agent/bin/python -m hermes_cli.main gateway run --replace
--- pstree of self ---
hermes,139855,hermes -m hermes_cli.main gateway run --replace
  |-timeout,139994 5 bash -c echo '=== shutdown diagnostic @ SIGTERM ==='; echo '--- date ---'; date -u +%Y-%m-%dT%H:%M:%SZ; echo '--- ps auxf (top 60 by cpu) ---'; ps auxf --sort=-pcpu 2>/dev/null | head -60; echo '--- pstree of self ---'; pstree -plau 139855 2>/dev/null | head -40 || true; echo '--- /proc/loadavg ---'; cat /proc/loadavg 2>/dev/null || true; echo '--- recent dmesg (oom/killed) ---'; dmesg -T 2>/dev/null | tail -20 || journalctl --user -n 20 --no-pager 2>/dev/null | tail -20 || true; echo '=== end ==='
  |   `-bash,139995 -c echo '=== shutdown diagnostic @ SIGTERM ==='; echo '--- date ---'; date -u +%Y-%m-%dT%H:%M:%SZ; echo '--- ps auxf (top 60 by cpu) ---'; ps auxf --sort=-pcpu 2>/dev/null | head -60; echo '--- pstree of self ---'; pstree -plau 139855 2>/dev/null | head -40 || true; echo '--- /proc/loadavg ---'; cat /proc/loadavg 2>/dev/null || true; echo '--- recent dmesg (oom/killed) ---'; dmesg -T 2>/dev/null | tail -20 || journalctl --user -n 20 --no-pager 2>/dev/null | tail -20 || true; echo '=== end ==='
  |       |-head,140000 -40
  |       `-pstree,139999 -plau 139855
  |-{hermes},139869
  |-{hermes},139871
  |-{hermes},139874
  `-{hermes},139876
--- /proc/loadavg ---
0.16 0.04 0.01 1/275 140001
--- recent dmesg (oom/killed) ---
=== end ===
=== shutdown diagnostic @ SIGTERM ===
--- date ---
2026-09-10T02:09:18Z
--- ps auxf (top 60 by cpu) ---
USER         PID %CPU %MEM    VSZ   RSS TTY      STAT START   TIME COMMAND
root           2  0.0  0.0      0     0 ?        S    Sep03   0:00 [kthreadd]
root      140080  0.0  0.0      0     0 ?        I    02:07   0:00  \_ [kworker/u4:1-events_power_efficient]
root      139007  0.0  0.0      0     0 ?        I    00:59   0:00  \_ [kworker/0:2-events]
root      139037  0.0  0.0      0     0 ?        I    01:00   0:00  \_ [kworker/1:0-mm_percpu_wq]
root      139410  0.0  0.0      0     0 ?        I    01:37   0:00  \_ [kworker/u4:3-events_unbound]
root      139518  0.0  0.0      0     0 ?        I    01:46   0:00  \_ [kworker/u4:0-events_power_efficient]
root           1  0.0  0.0  22560 14064 ?        Ss   Sep03   0:35 /usr/lib/systemd/systemd --system --deserialize=75 vultr
hermes    139993  0.6  0.8 521652 136712 ?       Ssl  02:04   0:02 /home/hermes/.local/share/uv/tools/hermes-agent/bin/python -m hermes_cli.main gateway run --replace
hermes    140120  0.0  0.0   5692  2128 ?        Ss   02:09   0:00  \_ timeout 5 bash -c echo '=== shutdown diagnostic @ SIGTERM ==='; echo '--- date ---'; date -u +%Y-%m-%dT%H:%M:%SZ; echo '--- ps auxf (top 60 by cpu) ---'; ps auxf --sort=-pcpu 2>/dev/null | head -60; echo '--- pstree of self ---'; pstree -plau 139993 2>/dev/null | head -40 || true; echo '--- /proc/loadavg ---'; cat /proc/loadavg 2>/dev/null || true; echo '--- recent dmesg (oom/killed) ---'; dmesg -T 2>/dev/null | tail -20 || journalctl --user -n 20 --no-pager 2>/dev/null | tail -20 || true; echo '=== end ==='
hermes    140121  0.0  0.0   7340  3724 ?        S    02:09   0:00      \_ bash -c echo '=== shutdown diagnostic @ SIGTERM ==='; echo '--- date ---'; date -u +%Y-%m-%dT%H:%M:%SZ; echo '--- ps auxf (top 60 by cpu) ---'; ps auxf --sort=-pcpu 2>/dev/null | head -60; echo '--- pstree of self ---'; pstree -plau 139993 2>/dev/null | head -40 || true; echo '--- /proc/loadavg ---'; cat /proc/loadavg 2>/dev/null || true; echo '--- recent dmesg (oom/killed) ---'; dmesg -T 2>/dev/null | tail -20 || journalctl --user -n 20 --no-pager 2>/dev/null | tail -20 || true; echo '=== end ==='
hermes    140123  0.0  0.0  11020  4656 ?        R    02:09   0:00          \_ ps auxf --sort=-pcpu
hermes    140124  0.0  0.0   5696  2080 ?        S    02:09   0:00          \_ head -60
root      140109  0.5  0.2 480204 44620 ?        Ssl  02:08   0:00 /usr/libexec/fwupd/fwupd
--- pstree of self ---
hermes,139993,hermes -m hermes_cli.main gateway run --replace
  |-timeout,140120 5 bash -c echo '=== shutdown diagnostic @ SIGTERM ==='; echo '--- date ---'; date -u +%Y-%m-%dT%H:%M:%SZ; echo '--- ps auxf (top 60 by cpu) ---'; ps auxf --sort=-pcpu 2>/dev/null | head -60; echo '--- pstree of self ---'; pstree -plau 139993 2>/dev/null | head -40 || true; echo '--- /proc/loadavg ---'; cat /proc/loadavg 2>/dev/null || true; echo '--- recent dmesg (oom/killed) ---'; dmesg -T 2>/dev/null | tail -20 || journalctl --user -n 20 --no-pager 2>/dev/null | tail -20 || true; echo '=== end ==='
  |   `-bash,140121 -c echo '=== shutdown diagnostic @ SIGTERM ==='; echo '--- date ---'; date -u +%Y-%m-%dT%H:%M:%SZ; echo '--- ps auxf (top 60 by cpu) ---'; ps auxf --sort=-pcpu 2>/dev/null | head -60; echo '--- pstree of self ---'; pstree -plau 139993 2>/dev/null | head -40 || true; echo '--- /proc/loadavg ---'; cat /proc/loadavg 2>/dev/null || true; echo '--- recent dmesg (oom/killed) ---'; dmesg -T 2>/dev/null | tail -20 || journalctl --user -n 20 --no-pager 2>/dev/null | tail -20 || true; echo '=== end ==='
  |       |-head,140126 -40
  |       `-pstree,140125 -plau 139993
  |-{hermes},140006
  |-{hermes},140007
  |-{hermes},140010
  |-{hermes},140011
  `-{hermes},140013
--- /proc/loadavg ---
0.00 0.02 0.00 1/275 140127
--- recent dmesg (oom/killed) ---
=== end ===
=== shutdown diagnostic @ SIGTERM ===
--- date ---
2026-09-10T02:14:20Z
--- ps auxf (top 60 by cpu) ---
USER         PID %CPU %MEM    VSZ   RSS TTY      STAT START   TIME COMMAND
root           2  0.0  0.0      0     0 ?        S    Sep03   0:00 [kthreadd]
root      140080  0.0  0.0      0     0 ?        I    02:07   0:00  \_ [kworker/u4:1-events_power_efficient]
root      139007  0.0  0.0      0     0 ?        I    00:59   0:00  \_ [kworker/0:2-mm_percpu_wq]
root      139037  0.0  0.0      0     0 ?        I    01:00   0:00  \_ [kworker/1:0-mm_percpu_wq]
root      139410  0.0  0.0      0     0 ?        I    01:37   0:00  \_ [kworker/u4:3-events_unbound]
root           1  0.0  0.0  22560 14064 ?        Ss   Sep03   0:35 /usr/lib/systemd/systemd --system --deserialize=75 vultr
hermes    140197 98.1  0.7 130732 115520 ?       Ss   02:14   0:01 /home/hermes/.local/share/uv/tools/hermes-agent/bin/python -m hermes_cli.main gateway run --replace
--- pstree of self ---
hermes,140119,hermes -m hermes_cli.main gateway run --replace
  |-timeout,140198 5 bash -c echo '=== shutdown diagnostic @ SIGTERM ==='; echo '--- date ---'; date -u +%Y-%m-%dT%H:%M:%SZ; echo '--- ps auxf (top 60 by cpu) ---'; ps auxf --sort=-pcpu 2>/dev/null | head -60; echo '--- pstree of self ---'; pstree -plau 140119 2>/dev/null | head -40 || true; echo '--- /proc/loadavg ---'; cat /proc/loadavg 2>/dev/null || true; echo '--- recent dmesg (oom/killed) ---'; dmesg -T 2>/dev/null | tail -20 || journalctl --user -n 20 --no-pager 2>/dev/null | tail -20 || true; echo '=== end ==='
  |   `-bash,140199 -c echo '=== shutdown diagnostic @ SIGTERM ==='; echo '--- date ---'; date -u +%Y-%m-%dT%H:%M:%SZ; echo '--- ps auxf (top 60 by cpu) ---'; ps auxf --sort=-pcpu 2>/dev/null | head -60; echo '--- pstree of self ---'; pstree -plau 140119 2>/dev/null | head -40 || true; echo '--- /proc/loadavg ---'; cat /proc/loadavg 2>/dev/null || true; echo '--- recent dmesg (oom/killed) ---'; dmesg -T 2>/dev/null | tail -20 || journalctl --user -n 20 --no-pager 2>/dev/null | tail -20 || true; echo '=== end ==='
  |       |-head,140204 -40
  |       `-pstree,140203 -plau 140119
  |-{hermes},140132
  |-{hermes},140133
  |-{hermes},140135
  `-{hermes},140137
--- /proc/loadavg ---
0.00 0.00 0.00 1/271 140205
--- recent dmesg (oom/killed) ---
=== end ===
=== shutdown diagnostic @ SIGTERM ===
--- date ---
2026-09-10T02:19:22Z
--- ps auxf (top 60 by cpu) ---
USER         PID %CPU %MEM    VSZ   RSS TTY      STAT START   TIME COMMAND
root           2  0.0  0.0      0     0 ?        S    Sep03   0:00 [kthreadd]
root      139410  0.0  0.0      0     0 ?        I    01:37   0:00  \_ [kworker/u4:3-flush-253:0]
root      139007  0.0  0.0      0     0 ?        I    00:59   0:00  \_ [kworker/0:2-events]
root      140080  0.0  0.0      0     0 ?        I    02:07   0:00  \_ [kworker/u4:1-events_unbound]
root      139037  0.0  0.0      0     0 ?        I    01:00   0:00  \_ [kworker/1:0-events]
root           1  0.0  0.0  22560 14064 ?        Ss   Sep03   0:35 /usr/lib/systemd/systemd --system --deserialize=75 vultr
hermes    140197  0.6  0.8 521668 136684 ?       Ssl  02:14   0:02 /home/hermes/.local/share/uv/tools/hermes-agent/bin/python -m hermes_cli.main gateway run --replace
hermes    140245  0.0  0.0   5692  2132 ?        Ss   02:19   0:00  \_ timeout 5 bash -c echo '=== shutdown diagnostic @ SIGTERM ==='; echo '--- date ---'; date -u +%Y-%m-%dT%H:%M:%SZ; echo '--- ps auxf (top 60 by cpu) ---'; ps auxf --sort=-pcpu 2>/dev/null | head -60; echo '--- pstree of self ---'; pstree -plau 140197 2>/dev/null | head -40 || true; echo '--- /proc/loadavg ---'; cat /proc/loadavg 2>/dev/null || true; echo '--- recent dmesg (oom/killed) ---'; dmesg -T 2>/dev/null | tail -20 || journalctl --user -n 20 --no-pager 2>/dev/null | tail -20 || true; echo '=== end ==='
hermes    140246  0.0  0.0   7340  3744 ?        S    02:19   0:00      \_ bash -c echo '=== shutdown diagnostic @ SIGTERM ==='; echo '--- date ---'; date -u +%Y-%m-%dT%H:%M:%SZ; echo '--- ps auxf (top 60 by cpu) ---'; ps auxf --sort=-pcpu 2>/dev/null | head -60; echo '--- pstree of self ---'; pstree -plau 140197 2>/dev/null | head -40 || true; echo '--- /proc/loadavg ---'; cat /proc/loadavg 2>/dev/null || true; echo '--- recent dmesg (oom/killed) ---'; dmesg -T 2>/dev/null | tail -20 || journalctl --user -n 20 --no-pager 2>/dev/null | tail -20 || true; echo '=== end ==='
hermes    140248  0.0  0.0  11020  4636 ?        R    02:19   0:00          \_ ps auxf --sort=-pcpu
hermes    140249  0.0  0.0   5696  2084 ?        S    02:19   0:00          \_ head -60
--- pstree of self ---
hermes,140197,hermes -m hermes_cli.main gateway run --replace
  |-timeout,140245 5 bash -c echo '=== shutdown diagnostic @ SIGTERM ==='; echo '--- date ---'; date -u +%Y-%m-%dT%H:%M:%SZ; echo '--- ps auxf (top 60 by cpu) ---'; ps auxf --sort=-pcpu 2>/dev/null | head -60; echo '--- pstree of self ---'; pstree -plau 140197 2>/dev/null | head -40 || true; echo '--- /proc/loadavg ---'; cat /proc/loadavg 2>/dev/null || true; echo '--- recent dmesg (oom/killed) ---'; dmesg -T 2>/dev/null | tail -20 || journalctl --user -n 20 --no-pager 2>/dev/null | tail -20 || true; echo '=== end ==='
  |   `-bash,140246 -c echo '=== shutdown diagnostic @ SIGTERM ==='; echo '--- date ---'; date -u +%Y-%m-%dT%H:%M:%SZ; echo '--- ps auxf (top 60 by cpu) ---'; ps auxf --sort=-pcpu 2>/dev/null | head -60; echo '--- pstree of self ---'; pstree -plau 140197 2>/dev/null | head -40 || true; echo '--- /proc/loadavg ---'; cat /proc/loadavg 2>/dev/null || true; echo '--- recent dmesg (oom/killed) ---'; dmesg -T 2>/dev/null | tail -20 || journalctl --user -n 20 --no-pager 2>/dev/null | tail -20 || true; echo '=== end ==='
  |       |-head,140251 -40
  |       `-pstree,140250 -plau 140197
  |-{hermes},140210
  |-{hermes},140211
  |-{hermes},140214
  |-{hermes},140215
  `-{hermes},140217
--- /proc/loadavg ---
0.08 0.02 0.01 1/263 140252
--- recent dmesg (oom/killed) ---
=== end ===
=== shutdown diagnostic @ SIGTERM ===
--- date ---
2026-09-10T02:24:24Z
--- ps auxf (top 60 by cpu) ---
USER         PID %CPU %MEM    VSZ   RSS TTY      STAT START   TIME COMMAND
root           2  0.0  0.0      0     0 ?        S    Sep03   0:00 [kthreadd]
root      139410  0.0  0.0      0     0 ?        I    01:37   0:00  \_ [kworker/u4:3-events_power_efficient]
root      139007  0.0  0.0      0     0 ?        I    00:59   0:00  \_ [kworker/0:2-events]
root      139037  0.0  0.0      0     0 ?        I    01:00   0:00  \_ [kworker/1:0-events]
root      140080  0.0  0.0      0     0 ?        I    02:07   0:00  \_ [kworker/u4:1-flush-253:0]
root           1  0.0  0.0  22560 14064 ?        Ss   Sep03   0:35 /usr/lib/systemd/systemd --system --deserialize=75 vultr
hermes    140279 99.0  0.7 129708 115456 ?       Ss   02:24   0:01 /home/hermes/.local/share/uv/tools/hermes-agent/bin/python -m hermes_cli.main gateway run --replace
--- pstree of self ---
hermes,140244,hermes -m hermes_cli.main gateway run --replace
  |-timeout,140280 5 bash -c echo '=== shutdown diagnostic @ SIGTERM ==='; echo '--- date ---'; date -u +%Y-%m-%dT%H:%M:%SZ; echo '--- ps auxf (top 60 by cpu) ---'; ps auxf --sort=-pcpu 2>/dev/null | head -60; echo '--- pstree of self ---'; pstree -plau 140244 2>/dev/null | head -40 || true; echo '--- /proc/loadavg ---'; cat /proc/loadavg 2>/dev/null || true; echo '--- recent dmesg (oom/killed) ---'; dmesg -T 2>/dev/null | tail -20 || journalctl --user -n 20 --no-pager 2>/dev/null | tail -20 || true; echo '=== end ==='
  |   `-bash,140281 -c echo '=== shutdown diagnostic @ SIGTERM ==='; echo '--- date ---'; date -u +%Y-%m-%dT%H:%M:%SZ; echo '--- ps auxf (top 60 by cpu) ---'; ps auxf --sort=-pcpu 2>/dev/null | head -60; echo '--- pstree of self ---'; pstree -plau 140244 2>/dev/null | head -40 || true; echo '--- /proc/loadavg ---'; cat /proc/loadavg 2>/dev/null || true; echo '--- recent dmesg (oom/killed) ---'; dmesg -T 2>/dev/null | tail -20 || journalctl --user -n 20 --no-pager 2>/dev/null | tail -20 || true; echo '=== end ==='
  |       |-head,140286 -40
  |       `-pstree,140285 -plau 140244
  |-{hermes},140258
  |-{hermes},140259
  |-{hermes},140261
  |-{hermes},140262
  `-{hermes},140264
--- /proc/loadavg ---
0.00 0.00 0.00 1/262 140287
--- recent dmesg (oom/killed) ---
=== end ===
=== shutdown diagnostic @ SIGTERM ===
--- date ---
2026-09-10T02:29:26Z
--- ps auxf (top 60 by cpu) ---
USER         PID %CPU %MEM    VSZ   RSS TTY      STAT START   TIME COMMAND
root           2  0.0  0.0      0     0 ?        S    Sep03   0:00 [kthreadd]
root      140310  0.0  0.0      0     0 ?        I    02:28   0:00  \_ [kworker/u4:0-flush-253:0]
root      139007  0.0  0.0      0     0 ?        I    00:59   0:00  \_ [kworker/0:2-events]
root      139410  0.0  0.0      0     0 ?        I    01:37   0:00  \_ [kworker/u4:3-events_power_efficient]
root      139037  0.0  0.0      0     0 ?        I    01:00   0:00  \_ [kworker/1:0-events]
root      140080  0.0  0.0      0     0 ?        I    02:07   0:00  \_ [kworker/u4:1-flush-253:0]
root           1  0.0  0.0  22560 14064 ?        Ss   Sep03   0:35 /usr/lib/systemd/systemd --system --deserialize=75 vultr
hermes    140279  0.6  0.8 521668 136608 ?       Ssl  02:24   0:02 /home/hermes/.local/share/uv/tools/hermes-agent/bin/python -m hermes_cli.main gateway run --replace
hermes    140317  0.0  0.0   5692  2124 ?        Ss   02:29   0:00  \_ timeout 5 bash -c echo '=== shutdown diagnostic @ SIGTERM ==='; echo '--- date ---'; date -u +%Y-%m-%dT%H:%M:%SZ; echo '--- ps auxf (top 60 by cpu) ---'; ps auxf --sort=-pcpu 2>/dev/null | head -60; echo '--- pstree of self ---'; pstree -plau 140279 2>/dev/null | head -40 || true; echo '--- /proc/loadavg ---'; cat /proc/loadavg 2>/dev/null || true; echo '--- recent dmesg (oom/killed) ---'; dmesg -T 2>/dev/null | tail -20 || journalctl --user -n 20 --no-pager 2>/dev/null | tail -20 || true; echo '=== end ==='
hermes    140318  0.0  0.0   7340  3728 ?        S    02:29   0:00      \_ bash -c echo '=== shutdown diagnostic @ SIGTERM ==='; echo '--- date ---'; date -u +%Y-%m-%dT%H:%M:%SZ; echo '--- ps auxf (top 60 by cpu) ---'; ps auxf --sort=-pcpu 2>/dev/null | head -60; echo '--- pstree of self ---'; pstree -plau 140279 2>/dev/null | head -40 || true; echo '--- /proc/loadavg ---'; cat /proc/loadavg 2>/dev/null || true; echo '--- recent dmesg (oom/killed) ---'; dmesg -T 2>/dev/null | tail -20 || journalctl --user -n 20 --no-pager 2>/dev/null | tail -20 || true; echo '=== end ==='
hermes    140320  0.0  0.0  10888  4648 ?        R    02:29   0:00          \_ ps auxf --sort=-pcpu
hermes    140321  0.0  0.0   5696  2084 ?        S    02:29   0:00          \_ head -60
--- pstree of self ---
hermes,140279,hermes -m hermes_cli.main gateway run --replace
  |-timeout,140317 5 bash -c echo '=== shutdown diagnostic @ SIGTERM ==='; echo '--- date ---'; date -u +%Y-%m-%dT%H:%M:%SZ; echo '--- ps auxf (top 60 by cpu) ---'; ps auxf --sort=-pcpu 2>/dev/null | head -60; echo '--- pstree of self ---'; pstree -plau 140279 2>/dev/null | head -40 || true; echo '--- /proc/loadavg ---'; cat /proc/loadavg 2>/dev/null || true; echo '--- recent dmesg (oom/killed) ---'; dmesg -T 2>/dev/null | tail -20 || journalctl --user -n 20 --no-pager 2>/dev/null | tail -20 || true; echo '=== end ==='
  |   `-bash,140318 -c echo '=== shutdown diagnostic @ SIGTERM ==='; echo '--- date ---'; date -u +%Y-%m-%dT%H:%M:%SZ; echo '--- ps auxf (top 60 by cpu) ---'; ps auxf --sort=-pcpu 2>/dev/null | head -60; echo '--- pstree of self ---'; pstree -plau 140279 2>/dev/null | head -40 || true; echo '--- /proc/loadavg ---'; cat /proc/loadavg 2>/dev/null || true; echo '--- recent dmesg (oom/killed) ---'; dmesg -T 2>/dev/null | tail -20 || journalctl --user -n 20 --no-pager 2>/dev/null | tail -20 || true; echo '=== end ==='
  |       |-head,140323 -40
  |       `-pstree,140322 -plau 140279
  |-{hermes},140292
  |-{hermes},140293
  |-{hermes},140296
  |-{hermes},140297
  `-{hermes},140299
--- /proc/loadavg ---
0.02 0.01 0.00 1/259 140324
--- recent dmesg (oom/killed) ---
=== end ===
=== shutdown diagnostic @ SIGTERM ===
--- date ---
2026-09-10T02:34:28Z
--- ps auxf (top 60 by cpu) ---
USER         PID %CPU %MEM    VSZ   RSS TTY      STAT START   TIME COMMAND
root           2  0.0  0.0      0     0 ?        S    Sep03   0:00 [kthreadd]
root      140310  0.0  0.0      0     0 ?        I    02:28   0:00  \_ [kworker/u4:0-flush-253:0]
root      139007  0.0  0.0      0     0 ?        I    00:59   0:00  \_ [kworker/0:2-mm_percpu_wq]
root      139410  0.0  0.0      0     0 ?        I    01:37   0:00  \_ [kworker/u4:3-events_power_efficient]
root      139037  0.0  0.0      0     0 ?        I    01:00   0:00  \_ [kworker/1:0-mm_percpu_wq]
root           1  0.0  0.0  22560 14064 ?        Ss   Sep03   0:35 /usr/lib/systemd/systemd --system --deserialize=75 vultr
hermes    140355 99.0  0.6 129696 114512 ?       Ss   02:34   0:01 /home/hermes/.local/share/uv/tools/hermes-agent/bin/python -m hermes_cli.main gateway run --replace
--- pstree of self ---
hermes,140316,hermes -m hermes_cli.main gateway run --replace
  |-timeout,140356 5 bash -c echo '=== shutdown diagnostic @ SIGTERM ==='; echo '--- date ---'; date -u +%Y-%m-%dT%H:%M:%SZ; echo '--- ps auxf (top 60 by cpu) ---'; ps auxf --sort=-pcpu 2>/dev/null | head -60; echo '--- pstree of self ---'; pstree -plau 140316 2>/dev/null | head -40 || true; echo '--- /proc/loadavg ---'; cat /proc/loadavg 2>/dev/null || true; echo '--- recent dmesg (oom/killed) ---'; dmesg -T 2>/dev/null | tail -20 || journalctl --user -n 20 --no-pager 2>/dev/null | tail -20 || true; echo '=== end ==='
  |   `-bash,140357 -c echo '=== shutdown diagnostic @ SIGTERM ==='; echo '--- date ---'; date -u +%Y-%m-%dT%H:%M:%SZ; echo '--- ps auxf (top 60 by cpu) ---'; ps auxf --sort=-pcpu 2>/dev/null | head -60; echo '--- pstree of self ---'; pstree -plau 140316 2>/dev/null | head -40 || true; echo '--- /proc/loadavg ---'; cat /proc/loadavg 2>/dev/null || true; echo '--- recent dmesg (oom/killed) ---'; dmesg -T 2>/dev/null | tail -20 || journalctl --user -n 20 --no-pager 2>/dev/null | tail -20 || true; echo '=== end ==='
  |       |-head,140362 -40
  |       `-pstree,140361 -plau 140316
  |-{hermes},140330
  |-{hermes},140331
  |-{hermes},140333
  `-{hermes},140335
--- /proc/loadavg ---
0.14 0.04 0.01 1/261 140363
--- recent dmesg (oom/killed) ---
=== end ===
=== shutdown diagnostic @ SIGTERM ===
--- date ---
2026-09-10T02:39:30Z
--- ps auxf (top 60 by cpu) ---
USER         PID %CPU %MEM    VSZ   RSS TTY      STAT START   TIME COMMAND
root           2  0.0  0.0      0     0 ?        S    Sep03   0:00 [kthreadd]
root      139007  0.0  0.0      0     0 ?        I    00:59   0:00  \_ [kworker/0:2-mm_percpu_wq]
root      139037  0.0  0.0      0     0 ?        I    01:00   0:00  \_ [kworker/1:0-mm_percpu_wq]
root      139410  0.0  0.0      0     0 ?        I    01:37   0:00  \_ [kworker/u4:3-events_power_efficient]
root           1  0.0  0.0  22560 14064 ?        Ss   Sep03   0:35 /usr/lib/systemd/systemd --system --deserialize=75 vultr
hermes    140355  0.6  0.8 521656 136424 ?       Ssl  02:34   0:02 /home/hermes/.local/share/uv/tools/hermes-agent/bin/python -m hermes_cli.main gateway run --replace
hermes    140392  0.0  0.0   5692  2132 ?        Ss   02:39   0:00  \_ timeout 5 bash -c echo '=== shutdown diagnostic @ SIGTERM ==='; echo '--- date ---'; date -u +%Y-%m-%dT%H:%M:%SZ; echo '--- ps auxf (top 60 by cpu) ---'; ps auxf --sort=-pcpu 2>/dev/null | head -60; echo '--- pstree of self ---'; pstree -plau 140355 2>/dev/null | head -40 || true; echo '--- /proc/loadavg ---'; cat /proc/loadavg 2>/dev/null || true; echo '--- recent dmesg (oom/killed) ---'; dmesg -T 2>/dev/null | tail -20 || journalctl --user -n 20 --no-pager 2>/dev/null | tail -20 || true; echo '=== end ==='
hermes    140393  0.0  0.0   7340  3748 ?        S    02:39   0:00      \_ bash -c echo '=== shutdown diagnostic @ SIGTERM ==='; echo '--- date ---'; date -u +%Y-%m-%dT%H:%M:%SZ; echo '--- ps auxf (top 60 by cpu) ---'; ps auxf --sort=-pcpu 2>/dev/null | head -60; echo '--- pstree of self ---'; pstree -plau 140355 2>/dev/null | head -40 || true; echo '--- /proc/loadavg ---'; cat /proc/loadavg 2>/dev/null || true; echo '--- recent dmesg (oom/killed) ---'; dmesg -T 2>/dev/null | tail -20 || journalctl --user -n 20 --no-pager 2>/dev/null | tail -20 || true; echo '=== end ==='
hermes    140395  0.0  0.0  10888  4636 ?        R    02:39   0:00          \_ ps auxf --sort=-pcpu
hermes    140396  0.0  0.0   5696  2080 ?        S    02:39   0:00          \_ head -60
--- pstree of self ---
hermes,140355,hermes -m hermes_cli.main gateway run --replace
  |-timeout,140392 5 bash -c echo '=== shutdown diagnostic @ SIGTERM ==='; echo '--- date ---'; date -u +%Y-%m-%dT%H:%M:%SZ; echo '--- ps auxf (top 60 by cpu) ---'; ps auxf --sort=-pcpu 2>/dev/null | head -60; echo '--- pstree of self ---'; pstree -plau 140355 2>/dev/null | head -40 || true; echo '--- /proc/loadavg ---'; cat /proc/loadavg 2>/dev/null || true; echo '--- recent dmesg (oom/killed) ---'; dmesg -T 2>/dev/null | tail -20 || journalctl --user -n 20 --no-pager 2>/dev/null | tail -20 || true; echo '=== end ==='
  |   `-bash,140393 -c echo '=== shutdown diagnostic @ SIGTERM ==='; echo '--- date ---'; date -u +%Y-%m-%dT%H:%M:%SZ; echo '--- ps auxf (top 60 by cpu) ---'; ps auxf --sort=-pcpu 2>/dev/null | head -60; echo '--- pstree of self ---'; pstree -plau 140355 2>/dev/null | head -40 || true; echo '--- /proc/loadavg ---'; cat /proc/loadavg 2>/dev/null || true; echo '--- recent dmesg (oom/killed) ---'; dmesg -T 2>/dev/null | tail -20 || journalctl --user -n 20 --no-pager 2>/dev/null | tail -20 || true; echo '=== end ==='
  |       |-head,140398 -40
  |       `-pstree,140397 -plau 140355
  |-{hermes},140368
  |-{hermes},140369
  |-{hermes},140372
  |-{hermes},140373
  `-{hermes},140375
--- /proc/loadavg ---
0.00 0.01 0.00 1/259 140399
--- recent dmesg (oom/killed) ---
=== end ===
=== shutdown diagnostic @ SIGTERM ===
--- date ---
2026-09-10T02:44:32Z
--- ps auxf (top 60 by cpu) ---
USER         PID %CPU %MEM    VSZ   RSS TTY      STAT START   TIME COMMAND
root           2  0.0  0.0      0     0 ?        S    Sep03   0:00 [kthreadd]
root      140390  0.0  0.0      0     0 ?        I    02:39   0:00  \_ [kworker/u4:0-events_unbound]
root      139007  0.0  0.0      0     0 ?        I    00:59   0:00  \_ [kworker/0:2-mm_percpu_wq]
root      139410  0.0  0.0      0     0 ?        I    01:37   0:00  \_ [kworker/u4:3-events_unbound]
root      139037  0.0  0.0      0     0 ?        I    01:00   0:00  \_ [kworker/1:0-events]
root           1  0.0  0.0  22560 14064 ?        Ss   Sep03   0:35 /usr/lib/systemd/systemd --system --deserialize=75 vultr
hermes    140431 98.1  0.7 130720 115404 ?       Ss   02:44   0:01 /home/hermes/.local/share/uv/tools/hermes-agent/bin/python -m hermes_cli.main gateway run --replace
--- pstree of self ---
hermes,140391,hermes -m hermes_cli.main gateway run --replace
  |-timeout,140432 5 bash -c echo '=== shutdown diagnostic @ SIGTERM ==='; echo '--- date ---'; date -u +%Y-%m-%dT%H:%M:%SZ; echo '--- ps auxf (top 60 by cpu) ---'; ps auxf --sort=-pcpu 2>/dev/null | head -60; echo '--- pstree of self ---'; pstree -plau 140391 2>/dev/null | head -40 || true; echo '--- /proc/loadavg ---'; cat /proc/loadavg 2>/dev/null || true; echo '--- recent dmesg (oom/killed) ---'; dmesg -T 2>/dev/null | tail -20 || journalctl --user -n 20 --no-pager 2>/dev/null | tail -20 || true; echo '=== end ==='
  |   `-bash,140433 -c echo '=== shutdown diagnostic @ SIGTERM ==='; echo '--- date ---'; date -u +%Y-%m-%dT%H:%M:%SZ; echo '--- ps auxf (top 60 by cpu) ---'; ps auxf --sort=-pcpu 2>/dev/null | head -60; echo '--- pstree of self ---'; pstree -plau 140391 2>/dev/null | head -40 || true; echo '--- /proc/loadavg ---'; cat /proc/loadavg 2>/dev/null || true; echo '--- recent dmesg (oom/killed) ---'; dmesg -T 2>/dev/null | tail -20 || journalctl --user -n 20 --no-pager 2>/dev/null | tail -20 || true; echo '=== end ==='
  |       |-head,140438 -40
  |       `-pstree,140437 -plau 140391
  |-{hermes},140405
  |-{hermes},140406
  |-{hermes},140408
  |-{hermes},140409
  `-{hermes},140411
--- /proc/loadavg ---
0.08 0.02 0.01 1/262 140439
--- recent dmesg (oom/killed) ---
=== end ===
=== shutdown diagnostic @ SIGTERM ===
--- date ---
2026-09-10T02:49:34Z
--- ps auxf (top 60 by cpu) ---
USER         PID %CPU %MEM    VSZ   RSS TTY      STAT START   TIME COMMAND
root           2  0.0  0.0      0     0 ?        S    Sep03   0:00 [kthreadd]
root      140467  0.0  0.0      0     0 ?        I    02:48   0:00  \_ [kworker/u4:1-events_power_efficient]
root      140390  0.0  0.0      0     0 ?        I    02:39   0:00  \_ [kworker/u4:0-events_power_efficient]
root      139007  0.0  0.0      0     0 ?        I    00:59   0:00  \_ [kworker/0:2-events]
root      140417  0.0  0.0      0     0 ?        I    02:40   0:00  \_ [kworker/1:3-events]
root      139410  0.0  0.0      0     0 ?        I    01:37   0:00  \_ [kworker/u4:3-events_power_efficient]
root           1  0.0  0.0  22560 14064 ?        Ss   Sep03   0:35 /usr/lib/systemd/systemd --system --deserialize=75 vultr
hermes    140431  0.6  0.8 521656 136632 ?       Ssl  02:44   0:02 /home/hermes/.local/share/uv/tools/hermes-agent/bin/python -m hermes_cli.main gateway run --replace
hermes    140470  0.0  0.0   5692  2132 ?        Ss   02:49   0:00  \_ timeout 5 bash -c echo '=== shutdown diagnostic @ SIGTERM ==='; echo '--- date ---'; date -u +%Y-%m-%dT%H:%M:%SZ; echo '--- ps auxf (top 60 by cpu) ---'; ps auxf --sort=-pcpu 2>/dev/null | head -60; echo '--- pstree of self ---'; pstree -plau 140431 2>/dev/null | head -40 || true; echo '--- /proc/loadavg ---'; cat /proc/loadavg 2>/dev/null || true; echo '--- recent dmesg (oom/killed) ---'; dmesg -T 2>/dev/null | tail -20 || journalctl --user -n 20 --no-pager 2>/dev/null | tail -20 || true; echo '=== end ==='
hermes    140471  0.0  0.0   7340  3752 ?        S    02:49   0:00      \_ bash -c echo '=== shutdown diagnostic @ SIGTERM ==='; echo '--- date ---'; date -u +%Y-%m-%dT%H:%M:%SZ; echo '--- ps auxf (top 60 by cpu) ---'; ps auxf --sort=-pcpu 2>/dev/null | head -60; echo '--- pstree of self ---'; pstree -plau 140431 2>/dev/null | head -40 || true; echo '--- /proc/loadavg ---'; cat /proc/loadavg 2>/dev/null || true; echo '--- recent dmesg (oom/killed) ---'; dmesg -T 2>/dev/null | tail -20 || journalctl --user -n 20 --no-pager 2>/dev/null | tail -20 || true; echo '=== end ==='
hermes    140473  0.0  0.0  10888  4636 ?        R    02:49   0:00          \_ ps auxf --sort=-pcpu
hermes    140474  0.0  0.0   5696  2080 ?        S    02:49   0:00          \_ head -60
--- pstree of self ---
hermes,140431,hermes -m hermes_cli.main gateway run --replace
  |-timeout,140470 5 bash -c echo '=== shutdown diagnostic @ SIGTERM ==='; echo '--- date ---'; date -u +%Y-%m-%dT%H:%M:%SZ; echo '--- ps auxf (top 60 by cpu) ---'; ps auxf --sort=-pcpu 2>/dev/null | head -60; echo '--- pstree of self ---'; pstree -plau 140431 2>/dev/null | head -40 || true; echo '--- /proc/loadavg ---'; cat /proc/loadavg 2>/dev/null || true; echo '--- recent dmesg (oom/killed) ---'; dmesg -T 2>/dev/null | tail -20 || journalctl --user -n 20 --no-pager 2>/dev/null | tail -20 || true; echo '=== end ==='
  |   `-bash,140471 -c echo '=== shutdown diagnostic @ SIGTERM ==='; echo '--- date ---'; date -u +%Y-%m-%dT%H:%M:%SZ; echo '--- ps auxf (top 60 by cpu) ---'; ps auxf --sort=-pcpu 2>/dev/null | head -60; echo '--- pstree of self ---'; pstree -plau 140431 2>/dev/null | head -40 || true; echo '--- /proc/loadavg ---'; cat /proc/loadavg 2>/dev/null || true; echo '--- recent dmesg (oom/killed) ---'; dmesg -T 2>/dev/null | tail -20 || journalctl --user -n 20 --no-pager 2>/dev/null | tail -20 || true; echo '=== end ==='
  |       |-head,140476 -40
  |       `-pstree,140475 -plau 140431
  |-{hermes},140444
  |-{hermes},140445
  |-{hermes},140448
  |-{hermes},140449
  `-{hermes},140451
--- /proc/loadavg ---
0.01 0.02 0.00 1/259 140477
--- recent dmesg (oom/killed) ---
=== end ===
=== shutdown diagnostic @ SIGTERM ===
--- date ---
2026-09-10T02:54:36Z
--- ps auxf (top 60 by cpu) ---
USER         PID %CPU %MEM    VSZ   RSS TTY      STAT START   TIME COMMAND
root           2  0.0  0.0      0     0 ?        S    Sep03   0:00 [kthreadd]
root      140412  0.0  0.0      0     0 ?        I    02:39   0:00  \_ [kworker/u4:2-events_unbound]
root      139007  0.0  0.0      0     0 ?        I    00:59   0:00  \_ [kworker/0:2-mm_percpu_wq]
root      140417  0.0  0.0      0     0 ?        I    02:40   0:00  \_ [kworker/1:3-mm_percpu_wq]
root           1  0.0  0.0  22560 14064 ?        Ss   Sep03   0:35 /usr/lib/systemd/systemd --system --deserialize=75 vultr
hermes    140505 98.0  0.6 129716 114472 ?       Ss   02:54   0:01 /home/hermes/.local/share/uv/tools/hermes-agent/bin/python -m hermes_cli.main gateway run --replace
--- pstree of self ---
hermes,140469,hermes -m hermes_cli.main gateway run --replace
  |-timeout,140506 5 bash -c echo '=== shutdown diagnostic @ SIGTERM ==='; echo '--- date ---'; date -u +%Y-%m-%dT%H:%M:%SZ; echo '--- ps auxf (top 60 by cpu) ---'; ps auxf --sort=-pcpu 2>/dev/null | head -60; echo '--- pstree of self ---'; pstree -plau 140469 2>/dev/null | head -40 || true; echo '--- /proc/loadavg ---'; cat /proc/loadavg 2>/dev/null || true; echo '--- recent dmesg (oom/killed) ---'; dmesg -T 2>/dev/null | tail -20 || journalctl --user -n 20 --no-pager 2>/dev/null | tail -20 || true; echo '=== end ==='
  |   `-bash,140507 -c echo '=== shutdown diagnostic @ SIGTERM ==='; echo '--- date ---'; date -u +%Y-%m-%dT%H:%M:%SZ; echo '--- ps auxf (top 60 by cpu) ---'; ps auxf --sort=-pcpu 2>/dev/null | head -60; echo '--- pstree of self ---'; pstree -plau 140469 2>/dev/null | head -40 || true; echo '--- /proc/loadavg ---'; cat /proc/loadavg 2>/dev/null || true; echo '--- recent dmesg (oom/killed) ---'; dmesg -T 2>/dev/null | tail -20 || journalctl --user -n 20 --no-pager 2>/dev/null | tail -20 || true; echo '=== end ==='
  |       |-head,140512 -40
  |       `-pstree,140511 -plau 140469
  |-{hermes},140483
  |-{hermes},140484
  |-{hermes},140486
  `-{hermes},140488
--- /proc/loadavg ---
0.00 0.00 0.00 1/261 140513
--- recent dmesg (oom/killed) ---
=== end ===
=== shutdown diagnostic @ SIGTERM ===
--- date ---
2026-09-10T02:59:38Z
--- ps auxf (top 60 by cpu) ---
USER         PID %CPU %MEM    VSZ   RSS TTY      STAT START   TIME COMMAND
root           2  0.0  0.0      0     0 ?        S    Sep03   0:00 [kthreadd]
root      140412  0.0  0.0      0     0 ?        I    02:39   0:00  \_ [kworker/u4:2-events_unbound]
root      139007  0.0  0.0      0     0 ?        I    00:59   0:00  \_ [kworker/0:2-events]
root      140417  0.0  0.0      0     0 ?        I    02:40   0:00  \_ [kworker/1:3-events]
root           1  0.0  0.0  22560 14064 ?        Ss   Sep03   0:35 /usr/lib/systemd/systemd --system --deserialize=75 vultr
hermes    140505  0.6  0.8 521676 136512 ?       Ssl  02:54   0:01 /home/hermes/.local/share/uv/tools/hermes-agent/bin/python -m hermes_cli.main gateway run --replace
hermes    140543  0.0  0.0   5692  2132 ?        Ss   02:59   0:00  \_ timeout 5 bash -c echo '=== shutdown diagnostic @ SIGTERM ==='; echo '--- date ---'; date -u +%Y-%m-%dT%H:%M:%SZ; echo '--- ps auxf (top 60 by cpu) ---'; ps auxf --sort=-pcpu 2>/dev/null | head -60; echo '--- pstree of self ---'; pstree -plau 140505 2>/dev/null | head -40 || true; echo '--- /proc/loadavg ---'; cat /proc/loadavg 2>/dev/null || true; echo '--- recent dmesg (oom/killed) ---'; dmesg -T 2>/dev/null | tail -20 || journalctl --user -n 20 --no-pager 2>/dev/null | tail -20 || true; echo '=== end ==='
hermes    140544  0.0  0.0   7340  3776 ?        S    02:59   0:00      \_ bash -c echo '=== shutdown diagnostic @ SIGTERM ==='; echo '--- date ---'; date -u +%Y-%m-%dT%H:%M:%SZ; echo '--- ps auxf (top 60 by cpu) ---'; ps auxf --sort=-pcpu 2>/dev/null | head -60; echo '--- pstree of self ---'; pstree -plau 140505 2>/dev/null | head -40 || true; echo '--- /proc/loadavg ---'; cat /proc/loadavg 2>/dev/null || true; echo '--- recent dmesg (oom/killed) ---'; dmesg -T 2>/dev/null | tail -20 || journalctl --user -n 20 --no-pager 2>/dev/null | tail -20 || true; echo '=== end ==='
hermes    140546  0.0  0.0  10888  4648 ?        R    02:59   0:00          \_ ps auxf --sort=-pcpu
hermes    140547  0.0  0.0   5696  2084 ?        S    02:59   0:00          \_ head -60
--- pstree of self ---
hermes,140505,hermes -m hermes_cli.main gateway run --replace
  |-timeout,140543 5 bash -c echo '=== shutdown diagnostic @ SIGTERM ==='; echo '--- date ---'; date -u +%Y-%m-%dT%H:%M:%SZ; echo '--- ps auxf (top 60 by cpu) ---'; ps auxf --sort=-pcpu 2>/dev/null | head -60; echo '--- pstree of self ---'; pstree -plau 140505 2>/dev/null | head -40 || true; echo '--- /proc/loadavg ---'; cat /proc/loadavg 2>/dev/null || true; echo '--- recent dmesg (oom/killed) ---'; dmesg -T 2>/dev/null | tail -20 || journalctl --user -n 20 --no-pager 2>/dev/null | tail -20 || true; echo '=== end ==='
  |   `-bash,140544 -c echo '=== shutdown diagnostic @ SIGTERM ==='; echo '--- date ---'; date -u +%Y-%m-%dT%H:%M:%SZ; echo '--- ps auxf (top 60 by cpu) ---'; ps auxf --sort=-pcpu 2>/dev/null | head -60; echo '--- pstree of self ---'; pstree -plau 140505 2>/dev/null | head -40 || true; echo '--- /proc/loadavg ---'; cat /proc/loadavg 2>/dev/null || true; echo '--- recent dmesg (oom/killed) ---'; dmesg -T 2>/dev/null | tail -20 || journalctl --user -n 20 --no-pager 2>/dev/null | tail -20 || true; echo '=== end ==='
  |       |-head,140549 -40
  |       `-pstree,140548 -plau 140505
  |-{hermes},140518
  |-{hermes},140519
  |-{hermes},140522
  |-{hermes},140523
  `-{hermes},140527
--- /proc/loadavg ---
0.04 0.02 0.00 1/260 140550
--- recent dmesg (oom/killed) ---
=== end ===
=== shutdown diagnostic @ SIGTERM ===
--- date ---
2026-09-10T03:04:40Z
--- ps auxf (top 60 by cpu) ---
USER         PID %CPU %MEM    VSZ   RSS TTY      STAT START   TIME COMMAND
root           2  0.0  0.0      0     0 ?        S    Sep03   0:00 [kthreadd]
root      140412  0.0  0.0      0     0 ?        I    02:39   0:00  \_ [kworker/u4:2-events_power_efficient]
root      139007  0.0  0.0      0     0 ?        I    00:59   0:00  \_ [kworker/0:2-events]
root      140417  0.0  0.0      0     0 ?        I    02:40   0:00  \_ [kworker/1:3-events]
root      140467  0.0  0.0      0     0 ?        I    02:48   0:00  \_ [kworker/u4:1-events_unbound]
root           1  0.0  0.0  22560 14064 ?        Ss   Sep03   0:35 /usr/lib/systemd/systemd --system --deserialize=75 vultr
hermes    140577 97.0  0.7 130952 115256 ?       Ss   03:04   0:01 /home/hermes/.local/share/uv/tools/hermes-agent/bin/python -m hermes_cli.main gateway run --replace
--- pstree of self ---
hermes,140542,hermes -m hermes_cli.main gateway run --replace
  |-timeout,140578 5 bash -c echo '=== shutdown diagnostic @ SIGTERM ==='; echo '--- date ---'; date -u +%Y-%m-%dT%H:%M:%SZ; echo '--- ps auxf (top 60 by cpu) ---'; ps auxf --sort=-pcpu 2>/dev/null | head -60; echo '--- pstree of self ---'; pstree -plau 140542 2>/dev/null | head -40 || true; echo '--- /proc/loadavg ---'; cat /proc/loadavg 2>/dev/null || true; echo '--- recent dmesg (oom/killed) ---'; dmesg -T 2>/dev/null | tail -20 || journalctl --user -n 20 --no-pager 2>/dev/null | tail -20 || true; echo '=== end ==='
  |   `-bash,140579 -c echo '=== shutdown diagnostic @ SIGTERM ==='; echo '--- date ---'; date -u +%Y-%m-%dT%H:%M:%SZ; echo '--- ps auxf (top 60 by cpu) ---'; ps auxf --sort=-pcpu 2>/dev/null | head -60; echo '--- pstree of self ---'; pstree -plau 140542 2>/dev/null | head -40 || true; echo '--- /proc/loadavg ---'; cat /proc/loadavg 2>/dev/null || true; echo '--- recent dmesg (oom/killed) ---'; dmesg -T 2>/dev/null | tail -20 || journalctl --user -n 20 --no-pager 2>/dev/null | tail -20 || true; echo '=== end ==='
  |       |-head,140584 -40
  |       `-pstree,140583 -plau 140542
  |-{hermes},140556
  |-{hermes},140557
  |-{hermes},140559
  |-{hermes},140560
  `-{hermes},140563
--- /proc/loadavg ---
0.00 0.00 0.00 1/261 140585
--- recent dmesg (oom/killed) ---
=== end ===
=== shutdown diagnostic @ SIGTERM ===
--- date ---
2026-09-10T03:09:41Z
--- ps auxf (top 60 by cpu) ---
USER         PID %CPU %MEM    VSZ   RSS TTY      STAT START   TIME COMMAND
root           2  0.0  0.0      0     0 ?        S    Sep03   0:00 [kthreadd]
root      140412  0.0  0.0      0     0 ?        I    02:39   0:00  \_ [kworker/u4:2-events_unbound]
root      140467  0.0  0.0      0     0 ?        I    02:48   0:00  \_ [kworker/u4:1-events_power_efficient]
root      139007  0.0  0.0      0     0 ?        I    00:59   0:00  \_ [kworker/0:2-events]
root      140417  0.0  0.0      0     0 ?        I    02:40   0:00  \_ [kworker/1:3-events]
root           1  0.0  0.0  22560 14064 ?        Ss   Sep03   0:35 /usr/lib/systemd/systemd --system --deserialize=75 vultr
root      140703 14.1  0.2 480272 44712 ?        Ssl  03:09   0:00 /usr/libexec/fwupd/fwupd
hermes    140577  2.0  1.2 699656 202464 ?       Ssl  03:04   0:06 /home/hermes/.local/share/uv/tools/hermes-agent/bin/python -m hermes_cli.main gateway run --replace
hermes    140713  0.0  0.0   5692  2128 ?        Ss   03:09   0:00  \_ timeout 5 bash -c echo '=== shutdown diagnostic @ SIGTERM ==='; echo '--- date ---'; date -u +%Y-%m-%dT%H:%M:%SZ; echo '--- ps auxf (top 60 by cpu) ---'; ps auxf --sort=-pcpu 2>/dev/null | head -60; echo '--- pstree of self ---'; pstree -plau 140577 2>/dev/null | head -40 || true; echo '--- /proc/loadavg ---'; cat /proc/loadavg 2>/dev/null || true; echo '--- recent dmesg (oom/killed) ---'; dmesg -T 2>/dev/null | tail -20 || journalctl --user -n 20 --no-pager 2>/dev/null | tail -20 || true; echo '=== end ==='
hermes    140714  0.0  0.0   7340  3688 ?        S    03:09   0:00      \_ bash -c echo '=== shutdown diagnostic @ SIGTERM ==='; echo '--- date ---'; date -u +%Y-%m-%dT%H:%M:%SZ; echo '--- ps auxf (top 60 by cpu) ---'; ps auxf --sort=-pcpu 2>/dev/null | head -60; echo '--- pstree of self ---'; pstree -plau 140577 2>/dev/null | head -40 || true; echo '--- /proc/loadavg ---'; cat /proc/loadavg 2>/dev/null || true; echo '--- recent dmesg (oom/killed) ---'; dmesg -T 2>/dev/null | tail -20 || journalctl --user -n 20 --no-pager 2>/dev/null | tail -20 || true; echo '=== end ==='
hermes    140716  0.0  0.0  11020  4656 ?        R    03:09   0:00          \_ ps auxf --sort=-pcpu
hermes    140717  0.0  0.0   5696  2084 ?        S    03:09   0:00          \_ head -60
--- pstree of self ---
hermes,140577,hermes -m hermes_cli.main gateway run --replace
  |-timeout,140713 5 bash -c echo '=== shutdown diagnostic @ SIGTERM ==='; echo '--- date ---'; date -u +%Y-%m-%dT%H:%M:%SZ; echo '--- ps auxf (top 60 by cpu) ---'; ps auxf --sort=-pcpu 2>/dev/null | head -60; echo '--- pstree of self ---'; pstree -plau 140577 2>/dev/null | head -40 || true; echo '--- /proc/loadavg ---'; cat /proc/loadavg 2>/dev/null || true; echo '--- recent dmesg (oom/killed) ---'; dmesg -T 2>/dev/null | tail -20 || journalctl --user -n 20 --no-pager 2>/dev/null | tail -20 || true; echo '=== end ==='
  |   `-bash,140714 -c echo '=== shutdown diagnostic @ SIGTERM ==='; echo '--- date ---'; date -u +%Y-%m-%dT%H:%M:%SZ; echo '--- ps auxf (top 60 by cpu) ---'; ps auxf --sort=-pcpu 2>/dev/null | head -60; echo '--- pstree of self ---'; pstree -plau 140577 2>/dev/null | head -40 || true; echo '--- /proc/loadavg ---'; cat /proc/loadavg 2>/dev/null || true; echo '--- recent dmesg (oom/killed) ---'; dmesg -T 2>/dev/null | tail -20 || journalctl --user -n 20 --no-pager 2>/dev/null | tail -20 || true; echo '=== end ==='
  |       |-head,140719 -40
  |       `-pstree,140718 -plau 140577
  |-{hermes},140590
  |-{hermes},140591
  |-{hermes},140594
  |-{hermes},140596
  |-{hermes},140610
  |-{hermes},140617
  `-{hermes},140693
--- /proc/loadavg ---
0.04 0.01 0.00 1/270 140720
--- recent dmesg (oom/killed) ---
=== end ===
=== shutdown diagnostic @ SIGTERM ===
--- date ---
2026-09-10T03:14:53Z
--- ps auxf (top 60 by cpu) ---
USER         PID %CPU %MEM    VSZ   RSS TTY      STAT START   TIME COMMAND
root           2  0.0  0.0      0     0 ?        S    Sep03   0:00 [kthreadd]
root      140412  0.0  0.0      0     0 ?        I    02:39   0:00  \_ [kworker/u4:2-events_unbound]
root      140467  0.0  0.0      0     0 ?        I    02:48   0:00  \_ [kworker/u4:1-events_power_efficient]
root      139007  0.0  0.0      0     0 ?        I    00:59   0:01  \_ [kworker/0:2-events]
root      140417  0.0  0.0      0     0 ?        I    02:40   0:00  \_ [kworker/1:3-events]
root           1  0.0  0.0  22560 14064 ?        Ss   Sep03   0:35 /usr/lib/systemd/systemd --system --deserialize=75 vultr
hermes    140847 98.0  0.7 130736 115424 ?       Ss   03:14   0:01 /home/hermes/.local/share/uv/tools/hermes-agent/bin/python -m hermes_cli.main gateway run --replace
--- pstree of self ---
hermes,140697,hermes -m hermes_cli.main gateway run --replace
  |-timeout,140848 5 bash -c echo '=== shutdown diagnostic @ SIGTERM ==='; echo '--- date ---'; date -u +%Y-%m-%dT%H:%M:%SZ; echo '--- ps auxf (top 60 by cpu) ---'; ps auxf --sort=-pcpu 2>/dev/null | head -60; echo '--- pstree of self ---'; pstree -plau 140697 2>/dev/null | head -40 || true; echo '--- /proc/loadavg ---'; cat /proc/loadavg 2>/dev/null || true; echo '--- recent dmesg (oom/killed) ---'; dmesg -T 2>/dev/null | tail -20 || journalctl --user -n 20 --no-pager 2>/dev/null | tail -20 || true; echo '=== end ==='
  |   `-bash,140849 -c echo '=== shutdown diagnostic @ SIGTERM ==='; echo '--- date ---'; date -u +%Y-%m-%dT%H:%M:%SZ; echo '--- ps auxf (top 60 by cpu) ---'; ps auxf --sort=-pcpu 2>/dev/null | head -60; echo '--- pstree of self ---'; pstree -plau 140697 2>/dev/null | head -40 || true; echo '--- /proc/loadavg ---'; cat /proc/loadavg 2>/dev/null || true; echo '--- recent dmesg (oom/killed) ---'; dmesg -T 2>/dev/null | tail -20 || journalctl --user -n 20 --no-pager 2>/dev/null | tail -20 || true; echo '=== end ==='
  |       |-head,140854 -40
  |       `-pstree,140853 -plau 140697
  |-{hermes},140739
  |-{hermes},140740
  |-{hermes},140742
  |-{hermes},140743
  |-{hermes},140745
  |-{hermes},140761
  `-{hermes},140840
--- /proc/loadavg ---
0.00 0.01 0.00 1/263 140855
--- recent dmesg (oom/killed) ---
=== end ===
=== shutdown diagnostic @ SIGTERM ===
--- date ---
2026-09-10T03:19:59Z
--- ps auxf (top 60 by cpu) ---
USER         PID %CPU %MEM    VSZ   RSS TTY      STAT START   TIME COMMAND
root           2  0.0  0.0      0     0 ?        S    Sep03   0:00 [kthreadd]
root      139007  0.0  0.0      0     0 ?        I    00:59   0:01  \_ [kworker/0:2-events]
root      140467  0.0  0.0      0     0 ?        I    02:48   0:00  \_ [kworker/u4:1-events_unbound]
root      140412  0.0  0.0      0     0 ?        I    02:39   0:00  \_ [kworker/u4:2-events_power_efficient]
root      140417  0.0  0.0      0     0 ?        I    02:40   0:00  \_ [kworker/1:3-cgroup_free]
root           1  0.0  0.0  22560 14064 ?        Ss   Sep03   0:35 /usr/lib/systemd/systemd --system --deserialize=75 vultr
hermes    140847  3.4  1.3 994384 217108 ?       Ssl  03:14   0:10 /home/hermes/.local/share/uv/tools/hermes-agent/bin/python -m hermes_cli.main gateway run --replace
hermes    141334  0.0  0.0   7340  3704 ?        Ss   03:19   0:00  \_ /usr/bin/bash -c source /tmp/hermes-snap-8c868d6f1996.sh >/dev/null 2>&1 || true builtin cd -- /home/hermes || exit 126 eval 'export DBUS_SESSION_BUS_ADDRESS=unix:path=/run/user/$(id -u)/bus kill -TERM 140847 141046 2>/dev/null sleep 3 echo '\''===POS-KILL: portas livres?==='\'' ss -ltnp | grep -E '\'':8642|:9119'\'' || echo '\''as 2 portas livres'\'' echo '\''===MATA RESTOS==='\'' ps -eo pid,args | grep -E '\''dashboard --host|gateway run'\'' | grep -v grep' __hermes_ec=$? export -p > /tmp/hermes-snap-8c868d6f1996.sh 2>/dev/null || true pwd -P > /tmp/hermes-cwd-8c868d6f1996.txt 2>/dev/null || true printf '\n__HERMES_CWD_8c868d6f1996__%s__HERMES_CWD_8c868d6f1996__\n' "$(pwd -P)" exit $__hermes_ec
hermes    141337  0.0  0.0   5684  2132 ?        S    03:19   0:00      \_ sleep 3
hermes    141046  0.9  0.7 229488 114616 ?       Ssl  03:17   0:01 /home/hermes/.local/share/uv/tools/hermes-agent/bin/python -m hermes_cli.main dashboard --host 0.0.0.0 --port 9119 --insecure --no-open
--- pstree of self ---
hermes,140847,hermes -m hermes_cli.main gateway run --replace
  |-bash,141334 -c source /tmp/hermes-snap-8c868d6f1996.sh >/dev/null 2>&1 || true\012builtin cd -- /home/hermes || exit 126\012eval 'export DBUS_SESSION_BUS_ADDRESS=unix:path=/run/user/$(id -u)/bus\012kill -TERM 140847 141046 2>/dev/null\012sleep 3\012echo '\\''===POS-KILL: portas livres?==='\\''\012ss -ltnp | grep -E '\\'':8642|:9119'\\'' || echo '\\''as 2 portas livres'\\''\012echo '\\''===MATA RESTOS==='\\''\012ps -eo pid,args | grep -E '\\''dashboard --host|gateway run'\\'' | grep -v grep'\012__hermes_ec=$?\012export -p > /tmp/hermes-snap-8c868d6f1996.sh 2>/dev/null || true\012pwd -P > /tmp/hermes-cwd-8c868d6f1996.txt 2>/dev/null || true\012printf '\\n__HERMES_CWD_8c868d6f1996__%s__HERMES_CWD_8c868d6f1996__\\n' "$(pwd -P)"\012exit $__hermes_ec
  |   `-sleep,141337 3
  |-timeout,141338 5 bash -c echo '=== shutdown diagnostic @ SIGTERM ==='; echo '--- date ---'; date -u +%Y-%m-%dT%H:%M:%SZ; echo '--- ps auxf (top 60 by cpu) ---'; ps auxf --sort=-pcpu 2>/dev/null | head -60; echo '--- pstree of self ---'; pstree -plau 140847 2>/dev/null | head -40 || true; echo '--- /proc/loadavg ---'; cat /proc/loadavg 2>/dev/null || true; echo '--- recent dmesg (oom/killed) ---'; dmesg -T 2>/dev/null | tail -20 || journalctl --user -n 20 --no-pager 2>/dev/null | tail -20 || true; echo '=== end ==='
  |   `-bash,141339 -c echo '=== shutdown diagnostic @ SIGTERM ==='; echo '--- date ---'; date -u +%Y-%m-%dT%H:%M:%SZ; echo '--- ps auxf (top 60 by cpu) ---'; ps auxf --sort=-pcpu 2>/dev/null | head -60; echo '--- pstree of self ---'; pstree -plau 140847 2>/dev/null | head -40 || true; echo '--- /proc/loadavg ---'; cat /proc/loadavg 2>/dev/null || true; echo '--- recent dmesg (oom/killed) ---'; dmesg -T 2>/dev/null | tail -20 || journalctl --user -n 20 --no-pager 2>/dev/null | tail -20 || true; echo '=== end ==='
  |       |-head,141344 -40
  |       `-pstree,141343 -plau 140847
  |-{hermes},140862
  |-{hermes},140863
  |-{hermes},140866
  |-{hermes},140867
  |-{hermes},140869
  |-{hermes},140878
  |-{hermes},140999
  `-{hermes},141335
--- /proc/loadavg ---
0.04 0.06 0.01 1/266 141345
--- recent dmesg (oom/killed) ---
=== end ===
=== shutdown diagnostic @ SIGTERM ===
--- date ---
2026-09-10T03:25:08Z
--- ps auxf (top 60 by cpu) ---
USER         PID %CPU %MEM    VSZ   RSS TTY      STAT START   TIME COMMAND
root           2  0.0  0.0      0     0 ?        S    Sep03   0:00 [kthreadd]
root      139007  0.0  0.0      0     0 ?        I    00:59   0:01  \_ [kworker/0:2-events]
root      140467  0.0  0.0      0     0 ?        I    02:48   0:00  \_ [kworker/u4:1-flush-253:0]
root           1  0.0  0.0  22560 14064 ?        Ss   Sep03   0:35 /usr/lib/systemd/systemd --system --deserialize=75 vultr
hermes    141475 97.1  0.7 130720 115552 ?       Ss   03:25   0:01 /home/hermes/.local/share/uv/tools/hermes-agent/bin/python -m hermes_cli.main gateway run --replace
--- pstree of self ---
hermes,141377,hermes -m hermes_cli.main gateway run --replace
  |-timeout,141476 5 bash -c echo '=== shutdown diagnostic @ SIGTERM ==='; echo '--- date ---'; date -u +%Y-%m-%dT%H:%M:%SZ; echo '--- ps auxf (top 60 by cpu) ---'; ps auxf --sort=-pcpu 2>/dev/null | head -60; echo '--- pstree of self ---'; pstree -plau 141377 2>/dev/null | head -40 || true; echo '--- /proc/loadavg ---'; cat /proc/loadavg 2>/dev/null || true; echo '--- recent dmesg (oom/killed) ---'; dmesg -T 2>/dev/null | tail -20 || journalctl --user -n 20 --no-pager 2>/dev/null | tail -20 || true; echo '=== end ==='
  |   `-bash,141477 -c echo '=== shutdown diagnostic @ SIGTERM ==='; echo '--- date ---'; date -u +%Y-%m-%dT%H:%M:%SZ; echo '--- ps auxf (top 60 by cpu) ---'; ps auxf --sort=-pcpu 2>/dev/null | head -60; echo '--- pstree of self ---'; pstree -plau 141377 2>/dev/null | head -40 || true; echo '--- /proc/loadavg ---'; cat /proc/loadavg 2>/dev/null || true; echo '--- recent dmesg (oom/killed) ---'; dmesg -T 2>/dev/null | tail -20 || journalctl --user -n 20 --no-pager 2>/dev/null | tail -20 || true; echo '=== end ==='
  |       |-head,141482 -40
  |       `-pstree,141481 -plau 141377
  |-{hermes},141378
  |-{hermes},141379
  |-{hermes},141381
  |-{hermes},141382
  |-{hermes},141384
  |-{hermes},141401
  `-{hermes},141473
--- /proc/loadavg ---
0.10 0.05 0.01 1/263 141483
--- recent dmesg (oom/killed) ---
=== end ===
=== shutdown diagnostic @ SIGTERM ===
--- date ---
2026-09-10T03:30:20Z
--- ps auxf (top 60 by cpu) ---
USER         PID %CPU %MEM    VSZ   RSS TTY      STAT START   TIME COMMAND
root           2  0.0  0.0      0     0 ?        S    Sep03   0:00 [kthreadd]
root      139007  0.0  0.0      0     0 ?        I    00:59   0:01  \_ [kworker/0:2-mm_percpu_wq]
root           1  0.0  0.0  22560 14064 ?        Ss   Sep03   0:35 /usr/lib/systemd/systemd --system --deserialize=75 vultr
hermes    141475  1.7  1.2 994400 198852 ?       Ssl  03:25   0:05 /home/hermes/.local/share/uv/tools/hermes-agent/bin/python -m hermes_cli.main gateway run --replace
hermes    141506  0.0  0.0  19688 12092 ?        Ss   03:26   0:00  \_ /home/hermes/.local/share/uv/tools/hermes-agent/bin/python /tmp/hermes_sandbox_hg54h3ob/script.py
hermes    141359  0.3  0.7 229480 115164 ?       Ssl  03:20   0:01 /home/hermes/.local/share/uv/tools/hermes-agent/bin/python -m hermes_cli.main dashboard --host 0.0.0.0 --port 9119 --insecure --no-open
--- pstree of self ---
hermes,141475,hermes -m hermes_cli.main gateway run --replace
  |-python,141506 /tmp/hermes_sandbox_hg54h3ob/script.py
  |-timeout,141530 5 bash -c echo '=== shutdown diagnostic @ SIGTERM ==='; echo '--- date ---'; date -u +%Y-%m-%dT%H:%M:%SZ; echo '--- ps auxf (top 60 by cpu) ---'; ps auxf --sort=-pcpu 2>/dev/null | head -60; echo '--- pstree of self ---'; pstree -plau 141475 2>/dev/null | head -40 || true; echo '--- /proc/loadavg ---'; cat /proc/loadavg 2>/dev/null || true; echo '--- recent dmesg (oom/killed) ---'; dmesg -T 2>/dev/null | tail -20 || journalctl --user -n 20 --no-pager 2>/dev/null | tail -20 || true; echo '=== end ==='
  |   `-bash,141531 -c echo '=== shutdown diagnostic @ SIGTERM ==='; echo '--- date ---'; date -u +%Y-%m-%dT%H:%M:%SZ; echo '--- ps auxf (top 60 by cpu) ---'; ps auxf --sort=-pcpu 2>/dev/null | head -60; echo '--- pstree of self ---'; pstree -plau 141475 2>/dev/null | head -40 || true; echo '--- /proc/loadavg ---'; cat /proc/loadavg 2>/dev/null || true; echo '--- recent dmesg (oom/killed) ---'; dmesg -T 2>/dev/null | tail -20 || journalctl --user -n 20 --no-pager 2>/dev/null | tail -20 || true; echo '=== end ==='
  |       |-head,141536 -40
  |       `-pstree,141535 -plau 141475
  |-{hermes},141487
  |-{hermes},141488
  |-{hermes},141491
  |-{hermes},141492
  |-{hermes},141494
  |-{hermes},141495
  |-{hermes},141504
  |-{hermes},141507
  |-{hermes},141508
  `-{hermes},141509
--- /proc/loadavg ---
0.01 0.02 0.00 1/266 141537
--- recent dmesg (oom/killed) ---
=== end ===
=== shutdown diagnostic @ SIGTERM ===
--- date ---
2026-09-10T03:35:31Z
--- ps auxf (top 60 by cpu) ---
USER         PID %CPU %MEM    VSZ   RSS TTY      STAT START   TIME COMMAND
root           2  0.0  0.0      0     0 ?        S    Sep03   0:00 [kthreadd]
root      139007  0.0  0.0      0     0 ?        I    00:59   0:01  \_ [kworker/0:2-events]
root      140908  0.0  0.0      0     0 ?        I    03:16   0:00  \_ [kworker/u4:4-flush-253:0]
root           1  0.0  0.0  22560 14064 ?        Ss   Sep03   0:35 /usr/lib/systemd/systemd --system --deserialize=75 vultr
hermes    141568 97.0  0.6 129696 114472 ?       Ss   03:35   0:01 /home/hermes/.local/share/uv/tools/hermes-agent/bin/python -m hermes_cli.main gateway run --replace
--- pstree of self ---
hermes,141529,hermes -m hermes_cli.main gateway run --replace
  |-timeout,141569 5 bash -c echo '=== shutdown diagnostic @ SIGTERM ==='; echo '--- date ---'; date -u +%Y-%m-%dT%H:%M:%SZ; echo '--- ps auxf (top 60 by cpu) ---'; ps auxf --sort=-pcpu 2>/dev/null | head -60; echo '--- pstree of self ---'; pstree -plau 141529 2>/dev/null | head -40 || true; echo '--- /proc/loadavg ---'; cat /proc/loadavg 2>/dev/null || true; echo '--- recent dmesg (oom/killed) ---'; dmesg -T 2>/dev/null | tail -20 || journalctl --user -n 20 --no-pager 2>/dev/null | tail -20 || true; echo '=== end ==='
  |   `-bash,141570 -c echo '=== shutdown diagnostic @ SIGTERM ==='; echo '--- date ---'; date -u +%Y-%m-%dT%H:%M:%SZ; echo '--- ps auxf (top 60 by cpu) ---'; ps auxf --sort=-pcpu 2>/dev/null | head -60; echo '--- pstree of self ---'; pstree -plau 141529 2>/dev/null | head -40 || true; echo '--- /proc/loadavg ---'; cat /proc/loadavg 2>/dev/null || true; echo '--- recent dmesg (oom/killed) ---'; dmesg -T 2>/dev/null | tail -20 || journalctl --user -n 20 --no-pager 2>/dev/null | tail -20 || true; echo '=== end ==='
  |       |-head,141575 -40
  |       `-pstree,141574 -plau 141529
  |-{hermes},141541
  |-{hermes},141542
  |-{hermes},141544
  |-{hermes},141545
  |-{hermes},141547
  |-{hermes},141549
  `-{hermes},141556
--- /proc/loadavg ---
0.00 0.01 0.00 1/260 141576
--- recent dmesg (oom/killed) ---
=== end ===
=== shutdown diagnostic @ SIGTERM ===
--- date ---
2026-09-10T03:40:42Z
--- ps auxf (top 60 by cpu) ---
USER         PID %CPU %MEM    VSZ   RSS TTY      STAT START   TIME COMMAND
root           2  0.0  0.0      0     0 ?        S    Sep03   0:00 [kthreadd]
root      139007  0.0  0.0      0     0 ?        I    00:59   0:01  \_ [kworker/0:2-mm_percpu_wq]
root      140908  0.0  0.0      0     0 ?        I    03:16   0:00  \_ [kworker/u4:4-flush-253:0]
root           1  0.0  0.0  22560 14064 ?        Ss   Sep03   0:35 /usr/lib/systemd/systemd --system --deserialize=75 vultr
hermes    141568  2.0  1.2 773172 202236 ?       Ssl  03:35   0:06 /home/hermes/.local/share/uv/tools/hermes-agent/bin/python -m hermes_cli.main gateway run --replace
hermes    141669  0.0  0.0   5692  2132 ?        Ss   03:40   0:00  \_ timeout 5 bash -c echo '=== shutdown diagnostic @ SIGTERM ==='; echo '--- date ---'; date -u +%Y-%m-%dT%H:%M:%SZ; echo '--- ps auxf (top 60 by cpu) ---'; ps auxf --sort=-pcpu 2>/dev/null | head -60; echo '--- pstree of self ---'; pstree -plau 141568 2>/dev/null | head -40 || true; echo '--- /proc/loadavg ---'; cat /proc/loadavg 2>/dev/null || true; echo '--- recent dmesg (oom/killed) ---'; dmesg -T 2>/dev/null | tail -20 || journalctl --user -n 20 --no-pager 2>/dev/null | tail -20 || true; echo '=== end ==='
hermes    141670  0.0  0.0   7340  3752 ?        S    03:40   0:00      \_ bash -c echo '=== shutdown diagnostic @ SIGTERM ==='; echo '--- date ---'; date -u +%Y-%m-%dT%H:%M:%SZ; echo '--- ps auxf (top 60 by cpu) ---'; ps auxf --sort=-pcpu 2>/dev/null | head -60; echo '--- pstree of self ---'; pstree -plau 141568 2>/dev/null | head -40 || true; echo '--- /proc/loadavg ---'; cat /proc/loadavg 2>/dev/null || true; echo '--- recent dmesg (oom/killed) ---'; dmesg -T 2>/dev/null | tail -20 || journalctl --user -n 20 --no-pager 2>/dev/null | tail -20 || true; echo '=== end ==='
hermes    141672  0.0  0.0  10888  4632 ?        R    03:40   0:00          \_ ps auxf --sort=-pcpu
hermes    141673  0.0  0.0   5696  2084 ?        S    03:40   0:00          \_ head -60
--- pstree of self ---
hermes,141568,hermes -m hermes_cli.main gateway run --replace
  |-timeout,141669 5 bash -c echo '=== shutdown diagnostic @ SIGTERM ==='; echo '--- date ---'; date -u +%Y-%m-%dT%H:%M:%SZ; echo '--- ps auxf (top 60 by cpu) ---'; ps auxf --sort=-pcpu 2>/dev/null | head -60; echo '--- pstree of self ---'; pstree -plau 141568 2>/dev/null | head -40 || true; echo '--- /proc/loadavg ---'; cat /proc/loadavg 2>/dev/null || true; echo '--- recent dmesg (oom/killed) ---'; dmesg -T 2>/dev/null | tail -20 || journalctl --user -n 20 --no-pager 2>/dev/null | tail -20 || true; echo '=== end ==='
  |   `-bash,141670 -c echo '=== shutdown diagnostic @ SIGTERM ==='; echo '--- date ---'; date -u +%Y-%m-%dT%H:%M:%SZ; echo '--- ps auxf (top 60 by cpu) ---'; ps auxf --sort=-pcpu 2>/dev/null | head -60; echo '--- pstree of self ---'; pstree -plau 141568 2>/dev/null | head -40 || true; echo '--- /proc/loadavg ---'; cat /proc/loadavg 2>/dev/null || true; echo '--- recent dmesg (oom/killed) ---'; dmesg -T 2>/dev/null | tail -20 || journalctl --user -n 20 --no-pager 2>/dev/null | tail -20 || true; echo '=== end ==='
  |       |-head,141675 -40
  |       `-pstree,141674 -plau 141568
  |-{hermes},141580
  |-{hermes},141581
  |-{hermes},141584
  |-{hermes},141585
  |-{hermes},141587
  |-{hermes},141605
  |-{hermes},141629
  `-{hermes},141663
--- /proc/loadavg ---
0.08 0.03 0.01 1/263 141676
--- recent dmesg (oom/killed) ---
=== end ===
=== shutdown diagnostic @ SIGTERM ===
--- date ---
2026-09-10T03:45:53Z
--- ps auxf (top 60 by cpu) ---
USER         PID %CPU %MEM    VSZ   RSS TTY      STAT START   TIME COMMAND
root           2  0.0  0.0      0     0 ?        S    Sep03   0:00 [kthreadd]
root      139007  0.0  0.0      0     0 ?        I    00:59   0:01  \_ [kworker/0:2-events]
root      140908  0.0  0.0      0     0 ?        I    03:16   0:00  \_ [kworker/u4:4-events_unbound]
root           1  0.0  0.0  22560 14064 ?        Ss   Sep03   0:36 /usr/lib/systemd/systemd --system --deserialize=75 vultr
hermes    141919 98.0  0.7 130732 115412 ?       Ss   03:45   0:01 /home/hermes/.local/share/uv/tools/hermes-agent/bin/python -m hermes_cli.main gateway run --replace
--- pstree of self ---
hermes,141668,hermes -m hermes_cli.main gateway run --replace
  |-timeout,141920 5 bash -c echo '=== shutdown diagnostic @ SIGTERM ==='; echo '--- date ---'; date -u +%Y-%m-%dT%H:%M:%SZ; echo '--- ps auxf (top 60 by cpu) ---'; ps auxf --sort=-pcpu 2>/dev/null | head -60; echo '--- pstree of self ---'; pstree -plau 141668 2>/dev/null | head -40 || true; echo '--- /proc/loadavg ---'; cat /proc/loadavg 2>/dev/null || true; echo '--- recent dmesg (oom/killed) ---'; dmesg -T 2>/dev/null | tail -20 || journalctl --user -n 20 --no-pager 2>/dev/null | tail -20 || true; echo '=== end ==='
  |   `-bash,141921 -c echo '=== shutdown diagnostic @ SIGTERM ==='; echo '--- date ---'; date -u +%Y-%m-%dT%H:%M:%SZ; echo '--- ps auxf (top 60 by cpu) ---'; ps auxf --sort=-pcpu 2>/dev/null | head -60; echo '--- pstree of self ---'; pstree -plau 141668 2>/dev/null | head -40 || true; echo '--- /proc/loadavg ---'; cat /proc/loadavg 2>/dev/null || true; echo '--- recent dmesg (oom/killed) ---'; dmesg -T 2>/dev/null | tail -20 || journalctl --user -n 20 --no-pager 2>/dev/null | tail -20 || true; echo '=== end ==='
  |       |-head,141926 -40
  |       `-pstree,141925 -plau 141668
  |-{hermes},141690
  |-{hermes},141691
  |-{hermes},141693
  |-{hermes},141695
  |-{hermes},141696
  |-{hermes},141697
  |-{hermes},141710
  |-{hermes},141882
  |-{hermes},141910
  `-{hermes},141915
--- /proc/loadavg ---
0.00 0.01 0.00 1/266 141927
--- recent dmesg (oom/killed) ---
=== end ===
=== shutdown diagnostic @ SIGTERM ===
--- date ---
2026-09-10T03:50:56Z
--- ps auxf (top 60 by cpu) ---
USER         PID %CPU %MEM    VSZ   RSS TTY      STAT START   TIME COMMAND
root           2  0.0  0.0      0     0 ?        S    Sep03   0:00 [kthreadd]
root      139007  0.0  0.0      0     0 ?        I    00:59   0:01  \_ [kworker/0:2-events]
root      140908  0.0  0.0      0     0 ?        I    03:16   0:00  \_ [kworker/u4:4-events_power_efficient]
root           1  0.0  0.0  22560 14064 ?        Ss   Sep03   0:37 /usr/lib/systemd/systemd --system --deserialize=75 vultr
hermes    141919  0.6  0.8 521668 136972 ?       Ssl  03:45   0:01 /home/hermes/.local/share/uv/tools/hermes-agent/bin/python -m hermes_cli.main gateway run --replace
hermes    142108  0.0  0.0   5692  2132 ?        Ss   03:50   0:00  \_ timeout 5 bash -c echo '=== shutdown diagnostic @ SIGTERM ==='; echo '--- date ---'; date -u +%Y-%m-%dT%H:%M:%SZ; echo '--- ps auxf (top 60 by cpu) ---'; ps auxf --sort=-pcpu 2>/dev/null | head -60; echo '--- pstree of self ---'; pstree -plau 141919 2>/dev/null | head -40 || true; echo '--- /proc/loadavg ---'; cat /proc/loadavg 2>/dev/null || true; echo '--- recent dmesg (oom/killed) ---'; dmesg -T 2>/dev/null | tail -20 || journalctl --user -n 20 --no-pager 2>/dev/null | tail -20 || true; echo '=== end ==='
hermes    142109  0.0  0.0   7340  3776 ?        S    03:50   0:00      \_ bash -c echo '=== shutdown diagnostic @ SIGTERM ==='; echo '--- date ---'; date -u +%Y-%m-%dT%H:%M:%SZ; echo '--- ps auxf (top 60 by cpu) ---'; ps auxf --sort=-pcpu 2>/dev/null | head -60; echo '--- pstree of self ---'; pstree -plau 141919 2>/dev/null | head -40 || true; echo '--- /proc/loadavg ---'; cat /proc/loadavg 2>/dev/null || true; echo '--- recent dmesg (oom/killed) ---'; dmesg -T 2>/dev/null | tail -20 || journalctl --user -n 20 --no-pager 2>/dev/null | tail -20 || true; echo '=== end ==='
hermes    142111  0.0  0.0  10888  4648 ?        R    03:50   0:00          \_ ps auxf --sort=-pcpu
hermes    142112  0.0  0.0   5696  2084 ?        S    03:50   0:00          \_ head -60
--- pstree of self ---
hermes,141919,hermes -m hermes_cli.main gateway run --replace
  |-timeout,142108 5 bash -c echo '=== shutdown diagnostic @ SIGTERM ==='; echo '--- date ---'; date -u +%Y-%m-%dT%H:%M:%SZ; echo '--- ps auxf (top 60 by cpu) ---'; ps auxf --sort=-pcpu 2>/dev/null | head -60; echo '--- pstree of self ---'; pstree -plau 141919 2>/dev/null | head -40 || true; echo '--- /proc/loadavg ---'; cat /proc/loadavg 2>/dev/null || true; echo '--- recent dmesg (oom/killed) ---'; dmesg -T 2>/dev/null | tail -20 || journalctl --user -n 20 --no-pager 2>/dev/null | tail -20 || true; echo '=== end ==='
  |   `-bash,142109 -c echo '=== shutdown diagnostic @ SIGTERM ==='; echo '--- date ---'; date -u +%Y-%m-%dT%H:%M:%SZ; echo '--- ps auxf (top 60 by cpu) ---'; ps auxf --sort=-pcpu 2>/dev/null | head -60; echo '--- pstree of self ---'; pstree -plau 141919 2>/dev/null | head -40 || true; echo '--- /proc/loadavg ---'; cat /proc/loadavg 2>/dev/null || true; echo '--- recent dmesg (oom/killed) ---'; dmesg -T 2>/dev/null | tail -20 || journalctl --user -n 20 --no-pager 2>/dev/null | tail -20 || true; echo '=== end ==='
  |       |-head,142114 -40
  |       `-pstree,142113 -plau 141919
  |-{hermes},141932
  |-{hermes},141933
  |-{hermes},141936
  |-{hermes},141937
  `-{hermes},141939
--- /proc/loadavg ---
0.02 0.02 0.00 1/267 142115
--- recent dmesg (oom/killed) ---
=== end ===
=== shutdown diagnostic @ SIGTERM ===
--- date ---
2026-09-10T03:55:50Z
--- ps auxf (top 60 by cpu) ---
USER         PID %CPU %MEM    VSZ   RSS TTY      STAT START   TIME COMMAND
root           2  0.0  0.0      0     0 ?        S    Sep03   0:00 [kthreadd]
root      142132  0.0  0.0      0     0 ?        I    03:51   0:00  \_ [kworker/u4:1-events_power_efficient]
root      139007  0.0  0.0      0     0 ?        I    00:59   0:01  \_ [kworker/0:2-cgroup_release]
root      140908  0.0  0.0      0     0 ?        I    03:16   0:00  \_ [kworker/u4:4-events_power_efficient]
root           1  0.0  0.0  22692 14072 ?        Ss   Sep03   0:37 /usr/lib/systemd/systemd --system --deserialize=75 vultr
root      142154  0.0  0.0  20076 11260 ?        Ss   03:53   0:00 /usr/lib/systemd/systemd --user
root      142155  0.0  0.0  21296  3552 ?        S    03:53   0:00  \_ (sd-pam)
--- pstree of self ---
hermes,142107,hermes -m hermes_cli.main gateway run --replace
  |-timeout,142611 5 bash -c echo '=== shutdown diagnostic @ SIGTERM ==='; echo '--- date ---'; date -u +%Y-%m-%dT%H:%M:%SZ; echo '--- ps auxf (top 60 by cpu) ---'; ps auxf --sort=-pcpu 2>/dev/null | head -60; echo '--- pstree of self ---'; pstree -plau 142107 2>/dev/null | head -40 || true; echo '--- /proc/loadavg ---'; cat /proc/loadavg 2>/dev/null || true; echo '--- recent dmesg (oom/killed) ---'; dmesg -T 2>/dev/null | tail -20 || journalctl --user -n 20 --no-pager 2>/dev/null | tail -20 || true; echo '=== end ==='
  |   `-bash,142612 -c echo '=== shutdown diagnostic @ SIGTERM ==='; echo '--- date ---'; date -u +%Y-%m-%dT%H:%M:%SZ; echo '--- ps auxf (top 60 by cpu) ---'; ps auxf --sort=-pcpu 2>/dev/null | head -60; echo '--- pstree of self ---'; pstree -plau 142107 2>/dev/null | head -40 || true; echo '--- /proc/loadavg ---'; cat /proc/loadavg 2>/dev/null || true; echo '--- recent dmesg (oom/killed) ---'; dmesg -T 2>/dev/null | tail -20 || journalctl --user -n 20 --no-pager 2>/dev/null | tail -20 || true; echo '=== end ==='
  |       |-head,142617 -40
  |       `-pstree,142616 -plau 142107
  |-{hermes},142120
  |-{hermes},142121
  |-{hermes},142123
  |-{hermes},142124
  |-{hermes},142126
  |-{hermes},142418
  |-{hermes},142471
  |-{hermes},142607
  `-{hermes},142608
--- /proc/loadavg ---
0.00 0.00 0.00 1/272 142618
--- recent dmesg (oom/killed) ---
=== end ===
