2026-09-03 03:40:17,435 INFO hermes_cli.web_server: Mounted plugin API routes: /api/plugins/hermes-achievements/
2026-09-03 03:40:17,457 WARNING hermes_cli.web_server: Failed to load plugin kanban API routes: Form data requires "python-multipart" to be installed. 
You can install "python-multipart" with: 

pip install python-multipart

2026-09-03 03:40:17,467 WARNING hermes_cli.web_server: Binding to 0.0.0.0 with --insecure — the dashboard has no robust authentication. Only use on trusted networks.
2026-09-04 06:46:34,845 INFO hermes_cli.web_server: Mounted plugin API routes: /api/plugins/hermes-achievements/
2026-09-04 06:46:34,856 WARNING hermes_cli.web_server: Failed to load plugin kanban API routes: Form data requires "python-multipart" to be installed. 
You can install "python-multipart" with: 

pip install python-multipart

2026-09-04 06:46:34,862 WARNING hermes_cli.web_server: Binding to 0.0.0.0 with --insecure — the dashboard has no robust authentication. Only use on trusted networks.
2026-09-04 06:46:59,257 INFO hermes_cli.web_server: Mounted plugin API routes: /api/plugins/hermes-achievements/
2026-09-04 06:46:59,268 WARNING hermes_cli.web_server: Failed to load plugin kanban API routes: Form data requires "python-multipart" to be installed. 
You can install "python-multipart" with: 

pip install python-multipart

2026-09-04 06:46:59,273 WARNING hermes_cli.web_server: Binding to 0.0.0.0 with --insecure — the dashboard has no robust authentication. Only use on trusted networks.
2026-09-04 06:47:03,004 INFO hermes_cli.web_server: Mounted plugin API routes: /api/plugins/hermes-achievements/
2026-09-04 06:47:03,015 WARNING hermes_cli.web_server: Failed to load plugin kanban API routes: Form data requires "python-multipart" to be installed. 
You can install "python-multipart" with: 

pip install python-multipart

2026-09-04 06:47:03,020 WARNING hermes_cli.web_server: Binding to 0.0.0.0 with --insecure — the dashboard has no robust authentication. Only use on trusted networks.
2026-09-04 06:47:56,894 INFO hermes_cli.web_server: Mounted plugin API routes: /api/plugins/hermes-achievements/
2026-09-04 06:47:56,913 WARNING hermes_cli.web_server: Failed to load plugin kanban API routes: Form data requires "python-multipart" to be installed. 
You can install "python-multipart" with: 

pip install python-multipart

2026-09-04 06:47:56,921 WARNING hermes_cli.web_server: Binding to 0.0.0.0 with --insecure — the dashboard has no robust authentication. Only use on trusted networks.
2026-09-04 06:48:26,645 INFO hermes_cli.web_server: Mounted plugin API routes: /api/plugins/hermes-achievements/
2026-09-04 06:48:26,657 WARNING hermes_cli.web_server: Failed to load plugin kanban API routes: Form data requires "python-multipart" to be installed. 
You can install "python-multipart" with: 

pip install python-multipart

2026-09-04 06:48:26,663 WARNING hermes_cli.web_server: Binding to 0.0.0.0 with --insecure — the dashboard has no robust authentication. Only use on trusted networks.
2026-09-04 06:48:36,275 INFO hermes_cli.web_server: Mounted plugin API routes: /api/plugins/hermes-achievements/
2026-09-04 06:48:36,286 WARNING hermes_cli.web_server: Failed to load plugin kanban API routes: Form data requires "python-multipart" to be installed. 
You can install "python-multipart" with: 

pip install python-multipart

2026-09-04 06:48:36,291 WARNING hermes_cli.web_server: Binding to 0.0.0.0 with --insecure — the dashboard has no robust authentication. Only use on trusted networks.
2026-09-04 22:35:07,119 INFO tui_gateway.ws: ws accepted peer=127.0.0.1:57230
2026-09-04 22:35:08,776 INFO hermes_cli.web_server: pty accepted peer=127.0.0.1 mode=insecure cred=token
2026-09-04 22:35:09,163 INFO tui_gateway.ws: ws accepted peer=127.0.0.1:38716
2026-09-04 23:16:43,599 INFO tui_gateway.ws: ws closed peer=127.0.0.1:57230 reason=client_disconnect(code=1006,reason=) messages=1 parse_errors=0 dispatch_crashes=0 send_failures=0 detached_sessions=1
2026-09-04 23:16:43,721 INFO tui_gateway.ws: ws closed peer=127.0.0.1:38716 reason=client_disconnect(code=1005,reason=) messages=4456 parse_errors=0 dispatch_crashes=0 send_failures=0 detached_sessions=1
2026-09-05 00:29:37,474 INFO tui_gateway.ws: ws accepted peer=127.0.0.1:56382
2026-09-05 00:29:46,945 INFO tui_gateway.ws: ws closed peer=127.0.0.1:56382 reason=client_disconnect(code=1001,reason=) messages=1 parse_errors=0 dispatch_crashes=0 send_failures=0 detached_sessions=1
2026-09-05 00:30:02,993 INFO tui_gateway.ws: ws accepted peer=127.0.0.1:50214
2026-09-05 00:30:04,329 INFO hermes_cli.web_server: pty accepted peer=127.0.0.1 mode=insecure cred=token
2026-09-05 00:30:04,561 INFO tui_gateway.ws: ws accepted peer=127.0.0.1:50236
2026-09-05 00:42:05,292 INFO tui_gateway.ws: ws closed peer=127.0.0.1:50214 reason=client_disconnect(code=1001,reason=) messages=1 parse_errors=0 dispatch_crashes=0 send_failures=0 detached_sessions=1
2026-09-05 00:42:05,414 INFO tui_gateway.ws: ws closed peer=127.0.0.1:50236 reason=client_disconnect(code=1005,reason=) messages=1460 parse_errors=0 dispatch_crashes=0 send_failures=0 detached_sessions=1
2026-09-09 18:04:10,747 INFO hermes_cli.web_server: Mounted plugin API routes: /api/plugins/hermes-achievements/
2026-09-09 18:04:10,759 WARNING hermes_cli.web_server: Failed to load plugin kanban API routes: Form data requires "python-multipart" to be installed. 
You can install "python-multipart" with: 

pip install python-multipart

2026-09-09 18:04:10,765 WARNING hermes_cli.web_server: Binding to 0.0.0.0 with --insecure — the dashboard has no robust authentication. Only use on trusted networks.
2026-09-09 21:20:15,564 INFO hermes_cli.web_server: Mounted plugin API routes: /api/plugins/hermes-achievements/
2026-09-09 21:20:15,575 WARNING hermes_cli.web_server: Failed to load plugin kanban API routes: Form data requires "python-multipart" to be installed. 
You can install "python-multipart" with: 

pip install python-multipart

2026-09-09 21:20:15,580 INFO hermes_cli.web_server: Dashboard binding to 0.0.0.0 with OAuth auth gate enabled. Providers: basic
2026-09-09 21:21:59,511 INFO hermes_cli.web_server: Mounted plugin API routes: /api/plugins/hermes-achievements/
2026-09-09 21:21:59,522 WARNING hermes_cli.web_server: Failed to load plugin kanban API routes: Form data requires "python-multipart" to be installed. 
You can install "python-multipart" with: 

pip install python-multipart

2026-09-09 21:21:59,527 WARNING hermes_cli.web_server: Binding to 0.0.0.0 with --insecure — the dashboard has no robust authentication. Only use on trusted networks.
2026-09-09 21:22:06,000 INFO hermes_cli.web_server: Mounted plugin API routes: /api/plugins/hermes-achievements/
2026-09-09 21:22:06,011 WARNING hermes_cli.web_server: Failed to load plugin kanban API routes: Form data requires "python-multipart" to be installed. 
You can install "python-multipart" with: 

pip install python-multipart

2026-09-09 21:22:06,016 WARNING hermes_cli.web_server: Binding to 0.0.0.0 with --insecure — the dashboard has no robust authentication. Only use on trusted networks.
2026-09-09 21:22:12,503 INFO hermes_cli.web_server: Mounted plugin API routes: /api/plugins/hermes-achievements/
2026-09-09 21:22:12,514 WARNING hermes_cli.web_server: Failed to load plugin kanban API routes: Form data requires "python-multipart" to be installed. 
You can install "python-multipart" with: 

pip install python-multipart

2026-09-09 21:22:12,519 WARNING hermes_cli.web_server: Binding to 0.0.0.0 with --insecure — the dashboard has no robust authentication. Only use on trusted networks.
2026-09-09 21:22:19,005 INFO hermes_cli.web_server: Mounted plugin API routes: /api/plugins/hermes-achievements/
2026-09-09 21:22:19,016 WARNING hermes_cli.web_server: Failed to load plugin kanban API routes: Form data requires "python-multipart" to be installed. 
You can install "python-multipart" with: 

pip install python-multipart

2026-09-09 21:22:19,021 WARNING hermes_cli.web_server: Binding to 0.0.0.0 with --insecure — the dashboard has no robust authentication. Only use on trusted networks.
2026-09-09 21:22:25,487 INFO hermes_cli.web_server: Mounted plugin API routes: /api/plugins/hermes-achievements/
2026-09-09 21:22:25,498 WARNING hermes_cli.web_server: Failed to load plugin kanban API routes: Form data requires "python-multipart" to be installed. 
You can install "python-multipart" with: 

pip install python-multipart

2026-09-09 21:22:25,503 WARNING hermes_cli.web_server: Binding to 0.0.0.0 with --insecure — the dashboard has no robust authentication. Only use on trusted networks.
2026-09-09 21:22:31,997 INFO hermes_cli.web_server: Mounted plugin API routes: /api/plugins/hermes-achievements/
2026-09-09 21:22:32,008 WARNING hermes_cli.web_server: Failed to load plugin kanban API routes: Form data requires "python-multipart" to be installed. 
You can install "python-multipart" with: 

pip install python-multipart

2026-09-09 21:22:32,013 WARNING hermes_cli.web_server: Binding to 0.0.0.0 with --insecure — the dashboard has no robust authentication. Only use on trusted networks.
2026-09-09 21:22:38,511 INFO hermes_cli.web_server: Mounted plugin API routes: /api/plugins/hermes-achievements/
2026-09-09 21:22:38,523 WARNING hermes_cli.web_server: Failed to load plugin kanban API routes: Form data requires "python-multipart" to be installed. 
You can install "python-multipart" with: 

pip install python-multipart

2026-09-09 21:22:38,528 WARNING hermes_cli.web_server: Binding to 0.0.0.0 with --insecure — the dashboard has no robust authentication. Only use on trusted networks.
2026-09-09 21:22:44,999 INFO hermes_cli.web_server: Mounted plugin API routes: /api/plugins/hermes-achievements/
2026-09-09 21:22:45,010 WARNING hermes_cli.web_server: Failed to load plugin kanban API routes: Form data requires "python-multipart" to be installed. 
You can install "python-multipart" with: 

pip install python-multipart

2026-09-09 21:22:45,015 WARNING hermes_cli.web_server: Binding to 0.0.0.0 with --insecure — the dashboard has no robust authentication. Only use on trusted networks.
2026-09-09 21:22:51,481 INFO hermes_cli.web_server: Mounted plugin API routes: /api/plugins/hermes-achievements/
2026-09-09 21:22:51,492 WARNING hermes_cli.web_server: Failed to load plugin kanban API routes: Form data requires "python-multipart" to be installed. 
You can install "python-multipart" with: 

pip install python-multipart

2026-09-09 21:22:51,497 WARNING hermes_cli.web_server: Binding to 0.0.0.0 with --insecure — the dashboard has no robust authentication. Only use on trusted networks.
2026-09-09 21:22:57,986 INFO hermes_cli.web_server: Mounted plugin API routes: /api/plugins/hermes-achievements/
2026-09-09 21:22:57,998 WARNING hermes_cli.web_server: Failed to load plugin kanban API routes: Form data requires "python-multipart" to be installed. 
You can install "python-multipart" with: 

pip install python-multipart

2026-09-09 21:22:58,003 WARNING hermes_cli.web_server: Binding to 0.0.0.0 with --insecure — the dashboard has no robust authentication. Only use on trusted networks.
2026-09-09 21:23:04,503 INFO hermes_cli.web_server: Mounted plugin API routes: /api/plugins/hermes-achievements/
2026-09-09 21:23:04,516 WARNING hermes_cli.web_server: Failed to load plugin kanban API routes: Form data requires "python-multipart" to be installed. 
You can install "python-multipart" with: 

pip install python-multipart

2026-09-09 21:23:04,521 WARNING hermes_cli.web_server: Binding to 0.0.0.0 with --insecure — the dashboard has no robust authentication. Only use on trusted networks.
2026-09-09 21:23:10,998 INFO hermes_cli.web_server: Mounted plugin API routes: /api/plugins/hermes-achievements/
2026-09-09 21:23:11,009 WARNING hermes_cli.web_server: Failed to load plugin kanban API routes: Form data requires "python-multipart" to be installed. 
You can install "python-multipart" with: 

pip install python-multipart

2026-09-09 21:23:11,014 WARNING hermes_cli.web_server: Binding to 0.0.0.0 with --insecure — the dashboard has no robust authentication. Only use on trusted networks.
2026-09-09 21:23:17,548 INFO hermes_cli.web_server: Mounted plugin API routes: /api/plugins/hermes-achievements/
2026-09-09 21:23:17,560 WARNING hermes_cli.web_server: Failed to load plugin kanban API routes: Form data requires "python-multipart" to be installed. 
You can install "python-multipart" with: 

pip install python-multipart

2026-09-09 21:23:17,565 WARNING hermes_cli.web_server: Binding to 0.0.0.0 with --insecure — the dashboard has no robust authentication. Only use on trusted networks.
2026-09-09 21:23:23,985 INFO hermes_cli.web_server: Mounted plugin API routes: /api/plugins/hermes-achievements/
2026-09-09 21:23:23,996 WARNING hermes_cli.web_server: Failed to load plugin kanban API routes: Form data requires "python-multipart" to be installed. 
You can install "python-multipart" with: 

pip install python-multipart

2026-09-09 21:23:24,001 WARNING hermes_cli.web_server: Binding to 0.0.0.0 with --insecure — the dashboard has no robust authentication. Only use on trusted networks.
2026-09-09 21:23:30,489 INFO hermes_cli.web_server: Mounted plugin API routes: /api/plugins/hermes-achievements/
2026-09-09 21:23:30,501 WARNING hermes_cli.web_server: Failed to load plugin kanban API routes: Form data requires "python-multipart" to be installed. 
You can install "python-multipart" with: 

pip install python-multipart

2026-09-09 21:23:30,506 WARNING hermes_cli.web_server: Binding to 0.0.0.0 with --insecure — the dashboard has no robust authentication. Only use on trusted networks.
2026-09-09 21:23:37,001 INFO hermes_cli.web_server: Mounted plugin API routes: /api/plugins/hermes-achievements/
2026-09-09 21:23:37,014 WARNING hermes_cli.web_server: Failed to load plugin kanban API routes: Form data requires "python-multipart" to be installed. 
You can install "python-multipart" with: 

pip install python-multipart

2026-09-09 21:23:37,019 WARNING hermes_cli.web_server: Binding to 0.0.0.0 with --insecure — the dashboard has no robust authentication. Only use on trusted networks.
2026-09-09 21:23:43,481 INFO hermes_cli.web_server: Mounted plugin API routes: /api/plugins/hermes-achievements/
2026-09-09 21:23:43,492 WARNING hermes_cli.web_server: Failed to load plugin kanban API routes: Form data requires "python-multipart" to be installed. 
You can install "python-multipart" with: 

pip install python-multipart

2026-09-09 21:23:43,497 WARNING hermes_cli.web_server: Binding to 0.0.0.0 with --insecure — the dashboard has no robust authentication. Only use on trusted networks.
2026-09-09 21:23:50,017 INFO hermes_cli.web_server: Mounted plugin API routes: /api/plugins/hermes-achievements/
2026-09-09 21:23:50,028 WARNING hermes_cli.web_server: Failed to load plugin kanban API routes: Form data requires "python-multipart" to be installed. 
You can install "python-multipart" with: 

pip install python-multipart

2026-09-09 21:23:50,033 WARNING hermes_cli.web_server: Binding to 0.0.0.0 with --insecure — the dashboard has no robust authentication. Only use on trusted networks.
2026-09-09 21:23:56,504 INFO hermes_cli.web_server: Mounted plugin API routes: /api/plugins/hermes-achievements/
2026-09-09 21:23:56,516 WARNING hermes_cli.web_server: Failed to load plugin kanban API routes: Form data requires "python-multipart" to be installed. 
You can install "python-multipart" with: 

pip install python-multipart

2026-09-09 21:23:56,521 WARNING hermes_cli.web_server: Binding to 0.0.0.0 with --insecure — the dashboard has no robust authentication. Only use on trusted networks.
2026-09-09 21:24:03,010 INFO hermes_cli.web_server: Mounted plugin API routes: /api/plugins/hermes-achievements/
2026-09-09 21:24:03,021 WARNING hermes_cli.web_server: Failed to load plugin kanban API routes: Form data requires "python-multipart" to be installed. 
You can install "python-multipart" with: 

pip install python-multipart

2026-09-09 21:24:03,026 WARNING hermes_cli.web_server: Binding to 0.0.0.0 with --insecure — the dashboard has no robust authentication. Only use on trusted networks.
2026-09-09 21:24:09,528 INFO hermes_cli.web_server: Mounted plugin API routes: /api/plugins/hermes-achievements/
2026-09-09 21:24:09,539 WARNING hermes_cli.web_server: Failed to load plugin kanban API routes: Form data requires "python-multipart" to be installed. 
You can install "python-multipart" with: 

pip install python-multipart

2026-09-09 21:24:09,544 WARNING hermes_cli.web_server: Binding to 0.0.0.0 with --insecure — the dashboard has no robust authentication. Only use on trusted networks.
2026-09-09 21:24:15,973 INFO hermes_cli.web_server: Mounted plugin API routes: /api/plugins/hermes-achievements/
2026-09-09 21:24:15,985 WARNING hermes_cli.web_server: Failed to load plugin kanban API routes: Form data requires "python-multipart" to be installed. 
You can install "python-multipart" with: 

pip install python-multipart

2026-09-09 21:24:15,990 WARNING hermes_cli.web_server: Binding to 0.0.0.0 with --insecure — the dashboard has no robust authentication. Only use on trusted networks.
2026-09-09 21:24:22,494 INFO hermes_cli.web_server: Mounted plugin API routes: /api/plugins/hermes-achievements/
2026-09-09 21:24:22,505 WARNING hermes_cli.web_server: Failed to load plugin kanban API routes: Form data requires "python-multipart" to be installed. 
You can install "python-multipart" with: 

pip install python-multipart

2026-09-09 21:24:22,510 WARNING hermes_cli.web_server: Binding to 0.0.0.0 with --insecure — the dashboard has no robust authentication. Only use on trusted networks.
2026-09-09 21:24:28,978 INFO hermes_cli.web_server: Mounted plugin API routes: /api/plugins/hermes-achievements/
2026-09-09 21:24:28,989 WARNING hermes_cli.web_server: Failed to load plugin kanban API routes: Form data requires "python-multipart" to be installed. 
You can install "python-multipart" with: 

pip install python-multipart

2026-09-09 21:24:28,994 WARNING hermes_cli.web_server: Binding to 0.0.0.0 with --insecure — the dashboard has no robust authentication. Only use on trusted networks.
2026-09-09 21:24:35,461 INFO hermes_cli.web_server: Mounted plugin API routes: /api/plugins/hermes-achievements/
2026-09-09 21:24:35,472 WARNING hermes_cli.web_server: Failed to load plugin kanban API routes: Form data requires "python-multipart" to be installed. 
You can install "python-multipart" with: 

pip install python-multipart

2026-09-09 21:24:35,477 WARNING hermes_cli.web_server: Binding to 0.0.0.0 with --insecure — the dashboard has no robust authentication. Only use on trusted networks.
2026-09-09 21:24:41,969 INFO hermes_cli.web_server: Mounted plugin API routes: /api/plugins/hermes-achievements/
2026-09-09 21:24:41,981 WARNING hermes_cli.web_server: Failed to load plugin kanban API routes: Form data requires "python-multipart" to be installed. 
You can install "python-multipart" with: 

pip install python-multipart

2026-09-09 21:24:41,985 WARNING hermes_cli.web_server: Binding to 0.0.0.0 with --insecure — the dashboard has no robust authentication. Only use on trusted networks.
2026-09-09 21:24:48,474 INFO hermes_cli.web_server: Mounted plugin API routes: /api/plugins/hermes-achievements/
2026-09-09 21:24:48,486 WARNING hermes_cli.web_server: Failed to load plugin kanban API routes: Form data requires "python-multipart" to be installed. 
You can install "python-multipart" with: 

pip install python-multipart

2026-09-09 21:24:48,490 WARNING hermes_cli.web_server: Binding to 0.0.0.0 with --insecure — the dashboard has no robust authentication. Only use on trusted networks.
2026-09-09 21:24:54,992 INFO hermes_cli.web_server: Mounted plugin API routes: /api/plugins/hermes-achievements/
2026-09-09 21:24:55,004 WARNING hermes_cli.web_server: Failed to load plugin kanban API routes: Form data requires "python-multipart" to be installed. 
You can install "python-multipart" with: 

pip install python-multipart

2026-09-09 21:24:55,009 WARNING hermes_cli.web_server: Binding to 0.0.0.0 with --insecure — the dashboard has no robust authentication. Only use on trusted networks.
2026-09-09 21:25:01,491 INFO hermes_cli.web_server: Mounted plugin API routes: /api/plugins/hermes-achievements/
2026-09-09 21:25:01,502 WARNING hermes_cli.web_server: Failed to load plugin kanban API routes: Form data requires "python-multipart" to be installed. 
You can install "python-multipart" with: 

pip install python-multipart

2026-09-09 21:25:01,507 WARNING hermes_cli.web_server: Binding to 0.0.0.0 with --insecure — the dashboard has no robust authentication. Only use on trusted networks.
2026-09-09 21:25:08,003 INFO hermes_cli.web_server: Mounted plugin API routes: /api/plugins/hermes-achievements/
2026-09-09 21:25:08,014 WARNING hermes_cli.web_server: Failed to load plugin kanban API routes: Form data requires "python-multipart" to be installed. 
You can install "python-multipart" with: 

pip install python-multipart

2026-09-09 21:25:08,019 WARNING hermes_cli.web_server: Binding to 0.0.0.0 with --insecure — the dashboard has no robust authentication. Only use on trusted networks.
2026-09-09 21:25:14,488 INFO hermes_cli.web_server: Mounted plugin API routes: /api/plugins/hermes-achievements/
2026-09-09 21:25:14,499 WARNING hermes_cli.web_server: Failed to load plugin kanban API routes: Form data requires "python-multipart" to be installed. 
You can install "python-multipart" with: 

pip install python-multipart

2026-09-09 21:25:14,503 WARNING hermes_cli.web_server: Binding to 0.0.0.0 with --insecure — the dashboard has no robust authentication. Only use on trusted networks.
2026-09-09 21:25:21,015 INFO hermes_cli.web_server: Mounted plugin API routes: /api/plugins/hermes-achievements/
2026-09-09 21:25:21,026 WARNING hermes_cli.web_server: Failed to load plugin kanban API routes: Form data requires "python-multipart" to be installed. 
You can install "python-multipart" with: 

pip install python-multipart

2026-09-09 21:25:21,032 WARNING hermes_cli.web_server: Binding to 0.0.0.0 with --insecure — the dashboard has no robust authentication. Only use on trusted networks.
2026-09-09 21:25:27,486 INFO hermes_cli.web_server: Mounted plugin API routes: /api/plugins/hermes-achievements/
2026-09-09 21:25:27,498 WARNING hermes_cli.web_server: Failed to load plugin kanban API routes: Form data requires "python-multipart" to be installed. 
You can install "python-multipart" with: 

pip install python-multipart

2026-09-09 21:25:27,502 WARNING hermes_cli.web_server: Binding to 0.0.0.0 with --insecure — the dashboard has no robust authentication. Only use on trusted networks.
2026-09-09 21:25:33,988 INFO hermes_cli.web_server: Mounted plugin API routes: /api/plugins/hermes-achievements/
2026-09-09 21:25:33,999 WARNING hermes_cli.web_server: Failed to load plugin kanban API routes: Form data requires "python-multipart" to be installed. 
You can install "python-multipart" with: 

pip install python-multipart

2026-09-09 21:25:34,004 WARNING hermes_cli.web_server: Binding to 0.0.0.0 with --insecure — the dashboard has no robust authentication. Only use on trusted networks.
2026-09-09 21:25:40,495 INFO hermes_cli.web_server: Mounted plugin API routes: /api/plugins/hermes-achievements/
2026-09-09 21:25:40,506 WARNING hermes_cli.web_server: Failed to load plugin kanban API routes: Form data requires "python-multipart" to be installed. 
You can install "python-multipart" with: 

pip install python-multipart

2026-09-09 21:25:40,512 WARNING hermes_cli.web_server: Binding to 0.0.0.0 with --insecure — the dashboard has no robust authentication. Only use on trusted networks.
2026-09-09 21:25:46,969 INFO hermes_cli.web_server: Mounted plugin API routes: /api/plugins/hermes-achievements/
2026-09-09 21:25:46,980 WARNING hermes_cli.web_server: Failed to load plugin kanban API routes: Form data requires "python-multipart" to be installed. 
You can install "python-multipart" with: 

pip install python-multipart

2026-09-09 21:25:46,985 WARNING hermes_cli.web_server: Binding to 0.0.0.0 with --insecure — the dashboard has no robust authentication. Only use on trusted networks.
2026-09-09 21:25:53,534 INFO hermes_cli.web_server: Mounted plugin API routes: /api/plugins/hermes-achievements/
2026-09-09 21:25:53,546 WARNING hermes_cli.web_server: Failed to load plugin kanban API routes: Form data requires "python-multipart" to be installed. 
You can install "python-multipart" with: 

pip install python-multipart

2026-09-09 21:25:53,550 WARNING hermes_cli.web_server: Binding to 0.0.0.0 with --insecure — the dashboard has no robust authentication. Only use on trusted networks.
2026-09-09 21:25:59,979 INFO hermes_cli.web_server: Mounted plugin API routes: /api/plugins/hermes-achievements/
2026-09-09 21:25:59,990 WARNING hermes_cli.web_server: Failed to load plugin kanban API routes: Form data requires "python-multipart" to be installed. 
You can install "python-multipart" with: 

pip install python-multipart

2026-09-09 21:25:59,995 WARNING hermes_cli.web_server: Binding to 0.0.0.0 with --insecure — the dashboard has no robust authentication. Only use on trusted networks.
2026-09-09 21:26:06,499 INFO hermes_cli.web_server: Mounted plugin API routes: /api/plugins/hermes-achievements/
2026-09-09 21:26:06,512 WARNING hermes_cli.web_server: Failed to load plugin kanban API routes: Form data requires "python-multipart" to be installed. 
You can install "python-multipart" with: 

pip install python-multipart

2026-09-09 21:26:06,517 WARNING hermes_cli.web_server: Binding to 0.0.0.0 with --insecure — the dashboard has no robust authentication. Only use on trusted networks.
2026-09-09 21:26:13,017 INFO hermes_cli.web_server: Mounted plugin API routes: /api/plugins/hermes-achievements/
2026-09-09 21:26:13,029 WARNING hermes_cli.web_server: Failed to load plugin kanban API routes: Form data requires "python-multipart" to be installed. 
You can install "python-multipart" with: 

pip install python-multipart

2026-09-09 21:26:13,034 WARNING hermes_cli.web_server: Binding to 0.0.0.0 with --insecure — the dashboard has no robust authentication. Only use on trusted networks.
2026-09-09 21:26:19,493 INFO hermes_cli.web_server: Mounted plugin API routes: /api/plugins/hermes-achievements/
2026-09-09 21:26:19,504 WARNING hermes_cli.web_server: Failed to load plugin kanban API routes: Form data requires "python-multipart" to be installed. 
You can install "python-multipart" with: 

pip install python-multipart

2026-09-09 21:26:19,509 WARNING hermes_cli.web_server: Binding to 0.0.0.0 with --insecure — the dashboard has no robust authentication. Only use on trusted networks.
2026-09-09 21:26:26,028 INFO hermes_cli.web_server: Mounted plugin API routes: /api/plugins/hermes-achievements/
2026-09-09 21:26:26,040 WARNING hermes_cli.web_server: Failed to load plugin kanban API routes: Form data requires "python-multipart" to be installed. 
You can install "python-multipart" with: 

pip install python-multipart

2026-09-09 21:26:26,044 WARNING hermes_cli.web_server: Binding to 0.0.0.0 with --insecure — the dashboard has no robust authentication. Only use on trusted networks.
2026-09-09 21:26:32,489 INFO hermes_cli.web_server: Mounted plugin API routes: /api/plugins/hermes-achievements/
2026-09-09 21:26:32,501 WARNING hermes_cli.web_server: Failed to load plugin kanban API routes: Form data requires "python-multipart" to be installed. 
You can install "python-multipart" with: 

pip install python-multipart

2026-09-09 21:26:32,506 WARNING hermes_cli.web_server: Binding to 0.0.0.0 with --insecure — the dashboard has no robust authentication. Only use on trusted networks.
2026-09-09 21:26:39,016 INFO hermes_cli.web_server: Mounted plugin API routes: /api/plugins/hermes-achievements/
2026-09-09 21:26:39,029 WARNING hermes_cli.web_server: Failed to load plugin kanban API routes: Form data requires "python-multipart" to be installed. 
You can install "python-multipart" with: 

pip install python-multipart

2026-09-09 21:26:39,034 WARNING hermes_cli.web_server: Binding to 0.0.0.0 with --insecure — the dashboard has no robust authentication. Only use on trusted networks.
2026-09-09 21:26:45,498 INFO hermes_cli.web_server: Mounted plugin API routes: /api/plugins/hermes-achievements/
2026-09-09 21:26:45,509 WARNING hermes_cli.web_server: Failed to load plugin kanban API routes: Form data requires "python-multipart" to be installed. 
You can install "python-multipart" with: 

pip install python-multipart

2026-09-09 21:26:45,514 WARNING hermes_cli.web_server: Binding to 0.0.0.0 with --insecure — the dashboard has no robust authentication. Only use on trusted networks.
2026-09-09 21:26:52,012 INFO hermes_cli.web_server: Mounted plugin API routes: /api/plugins/hermes-achievements/
2026-09-09 21:26:52,025 WARNING hermes_cli.web_server: Failed to load plugin kanban API routes: Form data requires "python-multipart" to be installed. 
You can install "python-multipart" with: 

pip install python-multipart

2026-09-09 21:26:52,030 WARNING hermes_cli.web_server: Binding to 0.0.0.0 with --insecure — the dashboard has no robust authentication. Only use on trusted networks.
2026-09-09 21:26:58,505 INFO hermes_cli.web_server: Mounted plugin API routes: /api/plugins/hermes-achievements/
2026-09-09 21:26:58,517 WARNING hermes_cli.web_server: Failed to load plugin kanban API routes: Form data requires "python-multipart" to be installed. 
You can install "python-multipart" with: 

pip install python-multipart

2026-09-09 21:26:58,521 WARNING hermes_cli.web_server: Binding to 0.0.0.0 with --insecure — the dashboard has no robust authentication. Only use on trusted networks.
2026-09-09 21:27:05,007 INFO hermes_cli.web_server: Mounted plugin API routes: /api/plugins/hermes-achievements/
2026-09-09 21:27:05,018 WARNING hermes_cli.web_server: Failed to load plugin kanban API routes: Form data requires "python-multipart" to be installed. 
You can install "python-multipart" with: 

pip install python-multipart

2026-09-09 21:27:05,023 WARNING hermes_cli.web_server: Binding to 0.0.0.0 with --insecure — the dashboard has no robust authentication. Only use on trusted networks.
2026-09-09 21:27:11,522 INFO hermes_cli.web_server: Mounted plugin API routes: /api/plugins/hermes-achievements/
2026-09-09 21:27:11,533 WARNING hermes_cli.web_server: Failed to load plugin kanban API routes: Form data requires "python-multipart" to be installed. 
You can install "python-multipart" with: 

pip install python-multipart

2026-09-09 21:27:11,538 WARNING hermes_cli.web_server: Binding to 0.0.0.0 with --insecure — the dashboard has no robust authentication. Only use on trusted networks.
2026-09-09 21:32:15,758 INFO hermes_cli.web_server: Mounted plugin API routes: /api/plugins/hermes-achievements/
2026-09-09 21:32:15,769 WARNING hermes_cli.web_server: Failed to load plugin kanban API routes: Form data requires "python-multipart" to be installed. 
You can install "python-multipart" with: 

pip install python-multipart

2026-09-09 21:32:15,774 WARNING hermes_cli.web_server: Binding to 0.0.0.0 with --insecure — the dashboard has no robust authentication. Only use on trusted networks.
2026-09-09 21:32:22,255 INFO hermes_cli.web_server: Mounted plugin API routes: /api/plugins/hermes-achievements/
2026-09-09 21:32:22,266 WARNING hermes_cli.web_server: Failed to load plugin kanban API routes: Form data requires "python-multipart" to be installed. 
You can install "python-multipart" with: 

pip install python-multipart

2026-09-09 21:32:22,271 WARNING hermes_cli.web_server: Binding to 0.0.0.0 with --insecure — the dashboard has no robust authentication. Only use on trusted networks.
2026-09-09 21:32:28,771 INFO hermes_cli.web_server: Mounted plugin API routes: /api/plugins/hermes-achievements/
2026-09-09 21:32:28,782 WARNING hermes_cli.web_server: Failed to load plugin kanban API routes: Form data requires "python-multipart" to be installed. 
You can install "python-multipart" with: 

pip install python-multipart

2026-09-09 21:32:28,786 WARNING hermes_cli.web_server: Binding to 0.0.0.0 with --insecure — the dashboard has no robust authentication. Only use on trusted networks.
2026-09-09 21:32:35,229 INFO hermes_cli.web_server: Mounted plugin API routes: /api/plugins/hermes-achievements/
2026-09-09 21:32:35,240 WARNING hermes_cli.web_server: Failed to load plugin kanban API routes: Form data requires "python-multipart" to be installed. 
You can install "python-multipart" with: 

pip install python-multipart

2026-09-09 21:32:35,245 WARNING hermes_cli.web_server: Binding to 0.0.0.0 with --insecure — the dashboard has no robust authentication. Only use on trusted networks.
2026-09-09 21:32:41,760 INFO hermes_cli.web_server: Mounted plugin API routes: /api/plugins/hermes-achievements/
2026-09-09 21:32:41,771 WARNING hermes_cli.web_server: Failed to load plugin kanban API routes: Form data requires "python-multipart" to be installed. 
You can install "python-multipart" with: 

pip install python-multipart

2026-09-09 21:32:41,776 WARNING hermes_cli.web_server: Binding to 0.0.0.0 with --insecure — the dashboard has no robust authentication. Only use on trusted networks.
2026-09-09 21:32:48,230 INFO hermes_cli.web_server: Mounted plugin API routes: /api/plugins/hermes-achievements/
2026-09-09 21:32:48,241 WARNING hermes_cli.web_server: Failed to load plugin kanban API routes: Form data requires "python-multipart" to be installed. 
You can install "python-multipart" with: 

pip install python-multipart

2026-09-09 21:32:48,246 WARNING hermes_cli.web_server: Binding to 0.0.0.0 with --insecure — the dashboard has no robust authentication. Only use on trusted networks.
2026-09-09 21:32:54,749 INFO hermes_cli.web_server: Mounted plugin API routes: /api/plugins/hermes-achievements/
2026-09-09 21:32:54,761 WARNING hermes_cli.web_server: Failed to load plugin kanban API routes: Form data requires "python-multipart" to be installed. 
You can install "python-multipart" with: 

pip install python-multipart

2026-09-09 21:32:54,766 WARNING hermes_cli.web_server: Binding to 0.0.0.0 with --insecure — the dashboard has no robust authentication. Only use on trusted networks.
2026-09-09 21:33:01,259 INFO hermes_cli.web_server: Mounted plugin API routes: /api/plugins/hermes-achievements/
2026-09-09 21:33:01,270 WARNING hermes_cli.web_server: Failed to load plugin kanban API routes: Form data requires "python-multipart" to be installed. 
You can install "python-multipart" with: 

pip install python-multipart

2026-09-09 21:33:01,275 WARNING hermes_cli.web_server: Binding to 0.0.0.0 with --insecure — the dashboard has no robust authentication. Only use on trusted networks.
2026-09-09 21:33:07,773 INFO hermes_cli.web_server: Mounted plugin API routes: /api/plugins/hermes-achievements/
2026-09-09 21:33:07,784 WARNING hermes_cli.web_server: Failed to load plugin kanban API routes: Form data requires "python-multipart" to be installed. 
You can install "python-multipart" with: 

pip install python-multipart

2026-09-09 21:33:07,789 WARNING hermes_cli.web_server: Binding to 0.0.0.0 with --insecure — the dashboard has no robust authentication. Only use on trusted networks.
2026-09-09 21:33:14,270 INFO hermes_cli.web_server: Mounted plugin API routes: /api/plugins/hermes-achievements/
2026-09-09 21:33:14,281 WARNING hermes_cli.web_server: Failed to load plugin kanban API routes: Form data requires "python-multipart" to be installed. 
You can install "python-multipart" with: 

pip install python-multipart

2026-09-09 21:33:14,286 WARNING hermes_cli.web_server: Binding to 0.0.0.0 with --insecure — the dashboard has no robust authentication. Only use on trusted networks.
2026-09-09 21:33:20,795 INFO hermes_cli.web_server: Mounted plugin API routes: /api/plugins/hermes-achievements/
2026-09-09 21:33:20,807 WARNING hermes_cli.web_server: Failed to load plugin kanban API routes: Form data requires "python-multipart" to be installed. 
You can install "python-multipart" with: 

pip install python-multipart

2026-09-09 21:33:20,812 WARNING hermes_cli.web_server: Binding to 0.0.0.0 with --insecure — the dashboard has no robust authentication. Only use on trusted networks.
2026-09-09 21:33:27,359 INFO hermes_cli.web_server: Mounted plugin API routes: /api/plugins/hermes-achievements/
2026-09-09 21:33:27,370 WARNING hermes_cli.web_server: Failed to load plugin kanban API routes: Form data requires "python-multipart" to be installed. 
You can install "python-multipart" with: 

pip install python-multipart

2026-09-09 21:33:27,375 WARNING hermes_cli.web_server: Binding to 0.0.0.0 with --insecure — the dashboard has no robust authentication. Only use on trusted networks.
2026-09-09 21:33:33,783 INFO hermes_cli.web_server: Mounted plugin API routes: /api/plugins/hermes-achievements/
2026-09-09 21:33:33,794 WARNING hermes_cli.web_server: Failed to load plugin kanban API routes: Form data requires "python-multipart" to be installed. 
You can install "python-multipart" with: 

pip install python-multipart

2026-09-09 21:33:33,799 WARNING hermes_cli.web_server: Binding to 0.0.0.0 with --insecure — the dashboard has no robust authentication. Only use on trusted networks.
2026-09-09 21:33:40,240 INFO hermes_cli.web_server: Mounted plugin API routes: /api/plugins/hermes-achievements/
2026-09-09 21:33:40,251 WARNING hermes_cli.web_server: Failed to load plugin kanban API routes: Form data requires "python-multipart" to be installed. 
You can install "python-multipart" with: 

pip install python-multipart

2026-09-09 21:33:40,256 WARNING hermes_cli.web_server: Binding to 0.0.0.0 with --insecure — the dashboard has no robust authentication. Only use on trusted networks.
2026-09-09 21:33:46,772 INFO hermes_cli.web_server: Mounted plugin API routes: /api/plugins/hermes-achievements/
2026-09-09 21:33:46,783 WARNING hermes_cli.web_server: Failed to load plugin kanban API routes: Form data requires "python-multipart" to be installed. 
You can install "python-multipart" with: 

pip install python-multipart

2026-09-09 21:33:46,788 WARNING hermes_cli.web_server: Binding to 0.0.0.0 with --insecure — the dashboard has no robust authentication. Only use on trusted networks.
2026-09-09 21:33:53,273 INFO hermes_cli.web_server: Mounted plugin API routes: /api/plugins/hermes-achievements/
2026-09-09 21:33:53,285 WARNING hermes_cli.web_server: Failed to load plugin kanban API routes: Form data requires "python-multipart" to be installed. 
You can install "python-multipart" with: 

pip install python-multipart

2026-09-09 21:33:53,290 WARNING hermes_cli.web_server: Binding to 0.0.0.0 with --insecure — the dashboard has no robust authentication. Only use on trusted networks.
2026-09-09 21:33:59,770 INFO hermes_cli.web_server: Mounted plugin API routes: /api/plugins/hermes-achievements/
2026-09-09 21:33:59,781 WARNING hermes_cli.web_server: Failed to load plugin kanban API routes: Form data requires "python-multipart" to be installed. 
You can install "python-multipart" with: 

pip install python-multipart

2026-09-09 21:33:59,786 WARNING hermes_cli.web_server: Binding to 0.0.0.0 with --insecure — the dashboard has no robust authentication. Only use on trusted networks.
2026-09-09 21:34:06,314 INFO hermes_cli.web_server: Mounted plugin API routes: /api/plugins/hermes-achievements/
2026-09-09 21:34:06,325 WARNING hermes_cli.web_server: Failed to load plugin kanban API routes: Form data requires "python-multipart" to be installed. 
You can install "python-multipart" with: 

pip install python-multipart

2026-09-09 21:34:06,331 WARNING hermes_cli.web_server: Binding to 0.0.0.0 with --insecure — the dashboard has no robust authentication. Only use on trusted networks.
2026-09-09 21:34:12,758 INFO hermes_cli.web_server: Mounted plugin API routes: /api/plugins/hermes-achievements/
2026-09-09 21:34:12,770 WARNING hermes_cli.web_server: Failed to load plugin kanban API routes: Form data requires "python-multipart" to be installed. 
You can install "python-multipart" with: 

pip install python-multipart

2026-09-09 21:34:12,774 WARNING hermes_cli.web_server: Binding to 0.0.0.0 with --insecure — the dashboard has no robust authentication. Only use on trusted networks.
2026-09-09 21:34:19,292 INFO hermes_cli.web_server: Mounted plugin API routes: /api/plugins/hermes-achievements/
2026-09-09 21:34:19,308 WARNING hermes_cli.web_server: Failed to load plugin kanban API routes: Form data requires "python-multipart" to be installed. 
You can install "python-multipart" with: 

pip install python-multipart

2026-09-09 21:34:19,313 WARNING hermes_cli.web_server: Binding to 0.0.0.0 with --insecure — the dashboard has no robust authentication. Only use on trusted networks.
2026-09-09 21:34:25,762 INFO hermes_cli.web_server: Mounted plugin API routes: /api/plugins/hermes-achievements/
2026-09-09 21:34:25,773 WARNING hermes_cli.web_server: Failed to load plugin kanban API routes: Form data requires "python-multipart" to be installed. 
You can install "python-multipart" with: 

pip install python-multipart

2026-09-09 21:34:25,778 WARNING hermes_cli.web_server: Binding to 0.0.0.0 with --insecure — the dashboard has no robust authentication. Only use on trusted networks.
2026-09-09 21:34:32,249 INFO hermes_cli.web_server: Mounted plugin API routes: /api/plugins/hermes-achievements/
2026-09-09 21:34:32,260 WARNING hermes_cli.web_server: Failed to load plugin kanban API routes: Form data requires "python-multipart" to be installed. 
You can install "python-multipart" with: 

pip install python-multipart

2026-09-09 21:34:32,265 WARNING hermes_cli.web_server: Binding to 0.0.0.0 with --insecure — the dashboard has no robust authentication. Only use on trusted networks.
2026-09-09 21:34:38,777 INFO hermes_cli.web_server: Mounted plugin API routes: /api/plugins/hermes-achievements/
2026-09-09 21:34:38,790 WARNING hermes_cli.web_server: Failed to load plugin kanban API routes: Form data requires "python-multipart" to be installed. 
You can install "python-multipart" with: 

pip install python-multipart

2026-09-09 21:34:38,796 WARNING hermes_cli.web_server: Binding to 0.0.0.0 with --insecure — the dashboard has no robust authentication. Only use on trusted networks.
2026-09-09 21:34:45,287 INFO hermes_cli.web_server: Mounted plugin API routes: /api/plugins/hermes-achievements/
2026-09-09 21:34:45,298 WARNING hermes_cli.web_server: Failed to load plugin kanban API routes: Form data requires "python-multipart" to be installed. 
You can install "python-multipart" with: 

pip install python-multipart

2026-09-09 21:34:45,303 WARNING hermes_cli.web_server: Binding to 0.0.0.0 with --insecure — the dashboard has no robust authentication. Only use on trusted networks.
2026-09-09 21:34:51,760 INFO hermes_cli.web_server: Mounted plugin API routes: /api/plugins/hermes-achievements/
2026-09-09 21:34:51,771 WARNING hermes_cli.web_server: Failed to load plugin kanban API routes: Form data requires "python-multipart" to be installed. 
You can install "python-multipart" with: 

pip install python-multipart

2026-09-09 21:34:51,776 WARNING hermes_cli.web_server: Binding to 0.0.0.0 with --insecure — the dashboard has no robust authentication. Only use on trusted networks.
2026-09-09 21:34:58,252 INFO hermes_cli.web_server: Mounted plugin API routes: /api/plugins/hermes-achievements/
2026-09-09 21:34:58,264 WARNING hermes_cli.web_server: Failed to load plugin kanban API routes: Form data requires "python-multipart" to be installed. 
You can install "python-multipart" with: 

pip install python-multipart

2026-09-09 21:34:58,269 WARNING hermes_cli.web_server: Binding to 0.0.0.0 with --insecure — the dashboard has no robust authentication. Only use on trusted networks.
2026-09-09 21:35:04,742 INFO hermes_cli.web_server: Mounted plugin API routes: /api/plugins/hermes-achievements/
2026-09-09 21:35:04,753 WARNING hermes_cli.web_server: Failed to load plugin kanban API routes: Form data requires "python-multipart" to be installed. 
You can install "python-multipart" with: 

pip install python-multipart

2026-09-09 21:35:04,758 WARNING hermes_cli.web_server: Binding to 0.0.0.0 with --insecure — the dashboard has no robust authentication. Only use on trusted networks.
2026-09-09 21:35:11,257 INFO hermes_cli.web_server: Mounted plugin API routes: /api/plugins/hermes-achievements/
2026-09-09 21:35:11,268 WARNING hermes_cli.web_server: Failed to load plugin kanban API routes: Form data requires "python-multipart" to be installed. 
You can install "python-multipart" with: 

pip install python-multipart

2026-09-09 21:35:11,273 WARNING hermes_cli.web_server: Binding to 0.0.0.0 with --insecure — the dashboard has no robust authentication. Only use on trusted networks.
2026-09-09 21:35:17,760 INFO hermes_cli.web_server: Mounted plugin API routes: /api/plugins/hermes-achievements/
2026-09-09 21:35:17,772 WARNING hermes_cli.web_server: Failed to load plugin kanban API routes: Form data requires "python-multipart" to be installed. 
You can install "python-multipart" with: 

pip install python-multipart

2026-09-09 21:35:17,776 WARNING hermes_cli.web_server: Binding to 0.0.0.0 with --insecure — the dashboard has no robust authentication. Only use on trusted networks.
2026-09-09 21:35:24,266 INFO hermes_cli.web_server: Mounted plugin API routes: /api/plugins/hermes-achievements/
2026-09-09 21:35:24,277 WARNING hermes_cli.web_server: Failed to load plugin kanban API routes: Form data requires "python-multipart" to be installed. 
You can install "python-multipart" with: 

pip install python-multipart

2026-09-09 21:35:24,282 WARNING hermes_cli.web_server: Binding to 0.0.0.0 with --insecure — the dashboard has no robust authentication. Only use on trusted networks.
2026-09-09 21:35:30,779 INFO hermes_cli.web_server: Mounted plugin API routes: /api/plugins/hermes-achievements/
2026-09-09 21:35:30,791 WARNING hermes_cli.web_server: Failed to load plugin kanban API routes: Form data requires "python-multipart" to be installed. 
You can install "python-multipart" with: 

pip install python-multipart

2026-09-09 21:35:30,796 WARNING hermes_cli.web_server: Binding to 0.0.0.0 with --insecure — the dashboard has no robust authentication. Only use on trusted networks.
2026-09-09 21:35:37,246 INFO hermes_cli.web_server: Mounted plugin API routes: /api/plugins/hermes-achievements/
2026-09-09 21:35:37,257 WARNING hermes_cli.web_server: Failed to load plugin kanban API routes: Form data requires "python-multipart" to be installed. 
You can install "python-multipart" with: 

pip install python-multipart

2026-09-09 21:35:37,262 WARNING hermes_cli.web_server: Binding to 0.0.0.0 with --insecure — the dashboard has no robust authentication. Only use on trusted networks.
2026-09-09 21:35:43,783 INFO hermes_cli.web_server: Mounted plugin API routes: /api/plugins/hermes-achievements/
2026-09-09 21:35:43,794 WARNING hermes_cli.web_server: Failed to load plugin kanban API routes: Form data requires "python-multipart" to be installed. 
You can install "python-multipart" with: 

pip install python-multipart

2026-09-09 21:35:43,799 WARNING hermes_cli.web_server: Binding to 0.0.0.0 with --insecure — the dashboard has no robust authentication. Only use on trusted networks.
2026-09-09 21:35:50,239 INFO hermes_cli.web_server: Mounted plugin API routes: /api/plugins/hermes-achievements/
2026-09-09 21:35:50,250 WARNING hermes_cli.web_server: Failed to load plugin kanban API routes: Form data requires "python-multipart" to be installed. 
You can install "python-multipart" with: 

pip install python-multipart

2026-09-09 21:35:50,255 WARNING hermes_cli.web_server: Binding to 0.0.0.0 with --insecure — the dashboard has no robust authentication. Only use on trusted networks.
2026-09-09 21:35:56,727 INFO hermes_cli.web_server: Mounted plugin API routes: /api/plugins/hermes-achievements/
2026-09-09 21:35:56,738 WARNING hermes_cli.web_server: Failed to load plugin kanban API routes: Form data requires "python-multipart" to be installed. 
You can install "python-multipart" with: 

pip install python-multipart

2026-09-09 21:35:56,743 WARNING hermes_cli.web_server: Binding to 0.0.0.0 with --insecure — the dashboard has no robust authentication. Only use on trusted networks.
2026-09-09 21:36:03,279 INFO hermes_cli.web_server: Mounted plugin API routes: /api/plugins/hermes-achievements/
2026-09-09 21:36:03,291 WARNING hermes_cli.web_server: Failed to load plugin kanban API routes: Form data requires "python-multipart" to be installed. 
You can install "python-multipart" with: 

pip install python-multipart

2026-09-09 21:36:03,296 WARNING hermes_cli.web_server: Binding to 0.0.0.0 with --insecure — the dashboard has no robust authentication. Only use on trusted networks.
2026-09-09 21:36:09,763 INFO hermes_cli.web_server: Mounted plugin API routes: /api/plugins/hermes-achievements/
2026-09-09 21:36:09,774 WARNING hermes_cli.web_server: Failed to load plugin kanban API routes: Form data requires "python-multipart" to be installed. 
You can install "python-multipart" with: 

pip install python-multipart

2026-09-09 21:36:09,779 WARNING hermes_cli.web_server: Binding to 0.0.0.0 with --insecure — the dashboard has no robust authentication. Only use on trusted networks.
2026-09-09 21:36:16,265 INFO hermes_cli.web_server: Mounted plugin API routes: /api/plugins/hermes-achievements/
2026-09-09 21:36:16,277 WARNING hermes_cli.web_server: Failed to load plugin kanban API routes: Form data requires "python-multipart" to be installed. 
You can install "python-multipart" with: 

pip install python-multipart

2026-09-09 21:36:16,282 WARNING hermes_cli.web_server: Binding to 0.0.0.0 with --insecure — the dashboard has no robust authentication. Only use on trusted networks.
2026-09-09 21:36:22,737 INFO hermes_cli.web_server: Mounted plugin API routes: /api/plugins/hermes-achievements/
2026-09-09 21:36:22,748 WARNING hermes_cli.web_server: Failed to load plugin kanban API routes: Form data requires "python-multipart" to be installed. 
You can install "python-multipart" with: 

pip install python-multipart

2026-09-09 21:36:22,753 WARNING hermes_cli.web_server: Binding to 0.0.0.0 with --insecure — the dashboard has no robust authentication. Only use on trusted networks.
2026-09-09 21:36:29,240 INFO hermes_cli.web_server: Mounted plugin API routes: /api/plugins/hermes-achievements/
2026-09-09 21:36:29,251 WARNING hermes_cli.web_server: Failed to load plugin kanban API routes: Form data requires "python-multipart" to be installed. 
You can install "python-multipart" with: 

pip install python-multipart

2026-09-09 21:36:29,256 WARNING hermes_cli.web_server: Binding to 0.0.0.0 with --insecure — the dashboard has no robust authentication. Only use on trusted networks.
2026-09-09 21:36:35,736 INFO hermes_cli.web_server: Mounted plugin API routes: /api/plugins/hermes-achievements/
2026-09-09 21:36:35,748 WARNING hermes_cli.web_server: Failed to load plugin kanban API routes: Form data requires "python-multipart" to be installed. 
You can install "python-multipart" with: 

pip install python-multipart

2026-09-09 21:36:35,754 WARNING hermes_cli.web_server: Binding to 0.0.0.0 with --insecure — the dashboard has no robust authentication. Only use on trusted networks.
2026-09-09 21:36:42,259 INFO hermes_cli.web_server: Mounted plugin API routes: /api/plugins/hermes-achievements/
2026-09-09 21:36:42,270 WARNING hermes_cli.web_server: Failed to load plugin kanban API routes: Form data requires "python-multipart" to be installed. 
You can install "python-multipart" with: 

pip install python-multipart

2026-09-09 21:36:42,275 WARNING hermes_cli.web_server: Binding to 0.0.0.0 with --insecure — the dashboard has no robust authentication. Only use on trusted networks.
2026-09-09 21:36:48,767 INFO hermes_cli.web_server: Mounted plugin API routes: /api/plugins/hermes-achievements/
2026-09-09 21:36:48,778 WARNING hermes_cli.web_server: Failed to load plugin kanban API routes: Form data requires "python-multipart" to be installed. 
You can install "python-multipart" with: 

pip install python-multipart

2026-09-09 21:36:48,783 WARNING hermes_cli.web_server: Binding to 0.0.0.0 with --insecure — the dashboard has no robust authentication. Only use on trusted networks.
2026-09-09 21:36:55,288 INFO hermes_cli.web_server: Mounted plugin API routes: /api/plugins/hermes-achievements/
2026-09-09 21:36:55,299 WARNING hermes_cli.web_server: Failed to load plugin kanban API routes: Form data requires "python-multipart" to be installed. 
You can install "python-multipart" with: 

pip install python-multipart

2026-09-09 21:36:55,304 WARNING hermes_cli.web_server: Binding to 0.0.0.0 with --insecure — the dashboard has no robust authentication. Only use on trusted networks.
2026-09-09 21:37:01,754 INFO hermes_cli.web_server: Mounted plugin API routes: /api/plugins/hermes-achievements/
2026-09-09 21:37:01,765 WARNING hermes_cli.web_server: Failed to load plugin kanban API routes: Form data requires "python-multipart" to be installed. 
You can install "python-multipart" with: 

pip install python-multipart

2026-09-09 21:37:01,770 WARNING hermes_cli.web_server: Binding to 0.0.0.0 with --insecure — the dashboard has no robust authentication. Only use on trusted networks.
2026-09-09 21:37:08,271 INFO hermes_cli.web_server: Mounted plugin API routes: /api/plugins/hermes-achievements/
2026-09-09 21:37:08,283 WARNING hermes_cli.web_server: Failed to load plugin kanban API routes: Form data requires "python-multipart" to be installed. 
You can install "python-multipart" with: 

pip install python-multipart

2026-09-09 21:37:08,288 WARNING hermes_cli.web_server: Binding to 0.0.0.0 with --insecure — the dashboard has no robust authentication. Only use on trusted networks.
2026-09-09 21:37:14,757 INFO hermes_cli.web_server: Mounted plugin API routes: /api/plugins/hermes-achievements/
2026-09-09 21:37:14,769 WARNING hermes_cli.web_server: Failed to load plugin kanban API routes: Form data requires "python-multipart" to be installed. 
You can install "python-multipart" with: 

pip install python-multipart

2026-09-09 21:37:14,774 WARNING hermes_cli.web_server: Binding to 0.0.0.0 with --insecure — the dashboard has no robust authentication. Only use on trusted networks.
2026-09-09 21:37:21,256 INFO hermes_cli.web_server: Mounted plugin API routes: /api/plugins/hermes-achievements/
2026-09-09 21:37:21,267 WARNING hermes_cli.web_server: Failed to load plugin kanban API routes: Form data requires "python-multipart" to be installed. 
You can install "python-multipart" with: 

pip install python-multipart

2026-09-09 21:37:21,272 WARNING hermes_cli.web_server: Binding to 0.0.0.0 with --insecure — the dashboard has no robust authentication. Only use on trusted networks.
2026-09-09 21:42:23,511 INFO hermes_cli.web_server: Mounted plugin API routes: /api/plugins/hermes-achievements/
2026-09-09 21:42:23,523 WARNING hermes_cli.web_server: Failed to load plugin kanban API routes: Form data requires "python-multipart" to be installed. 
You can install "python-multipart" with: 

pip install python-multipart

2026-09-09 21:42:23,528 WARNING hermes_cli.web_server: Binding to 0.0.0.0 with --insecure — the dashboard has no robust authentication. Only use on trusted networks.
2026-09-09 21:42:30,011 INFO hermes_cli.web_server: Mounted plugin API routes: /api/plugins/hermes-achievements/
2026-09-09 21:42:30,023 WARNING hermes_cli.web_server: Failed to load plugin kanban API routes: Form data requires "python-multipart" to be installed. 
You can install "python-multipart" with: 

pip install python-multipart

2026-09-09 21:42:30,028 WARNING hermes_cli.web_server: Binding to 0.0.0.0 with --insecure — the dashboard has no robust authentication. Only use on trusted networks.
2026-09-09 21:42:36,463 INFO hermes_cli.web_server: Mounted plugin API routes: /api/plugins/hermes-achievements/
2026-09-09 21:42:36,474 WARNING hermes_cli.web_server: Failed to load plugin kanban API routes: Form data requires "python-multipart" to be installed. 
You can install "python-multipart" with: 

pip install python-multipart

2026-09-09 21:42:36,479 WARNING hermes_cli.web_server: Binding to 0.0.0.0 with --insecure — the dashboard has no robust authentication. Only use on trusted networks.
2026-09-09 21:42:43,022 INFO hermes_cli.web_server: Mounted plugin API routes: /api/plugins/hermes-achievements/
2026-09-09 21:42:43,033 WARNING hermes_cli.web_server: Failed to load plugin kanban API routes: Form data requires "python-multipart" to be installed. 
You can install "python-multipart" with: 

pip install python-multipart

2026-09-09 21:42:43,038 WARNING hermes_cli.web_server: Binding to 0.0.0.0 with --insecure — the dashboard has no robust authentication. Only use on trusted networks.
2026-09-09 21:42:49,487 INFO hermes_cli.web_server: Mounted plugin API routes: /api/plugins/hermes-achievements/
2026-09-09 21:42:49,499 WARNING hermes_cli.web_server: Failed to load plugin kanban API routes: Form data requires "python-multipart" to be installed. 
You can install "python-multipart" with: 

pip install python-multipart

2026-09-09 21:42:49,504 WARNING hermes_cli.web_server: Binding to 0.0.0.0 with --insecure — the dashboard has no robust authentication. Only use on trusted networks.
2026-09-09 21:42:55,992 INFO hermes_cli.web_server: Mounted plugin API routes: /api/plugins/hermes-achievements/
2026-09-09 21:42:56,003 WARNING hermes_cli.web_server: Failed to load plugin kanban API routes: Form data requires "python-multipart" to be installed. 
You can install "python-multipart" with: 

pip install python-multipart

2026-09-09 21:42:56,008 WARNING hermes_cli.web_server: Binding to 0.0.0.0 with --insecure — the dashboard has no robust authentication. Only use on trusted networks.
2026-09-09 21:43:02,482 INFO hermes_cli.web_server: Mounted plugin API routes: /api/plugins/hermes-achievements/
2026-09-09 21:43:02,493 WARNING hermes_cli.web_server: Failed to load plugin kanban API routes: Form data requires "python-multipart" to be installed. 
You can install "python-multipart" with: 

pip install python-multipart

2026-09-09 21:43:02,498 WARNING hermes_cli.web_server: Binding to 0.0.0.0 with --insecure — the dashboard has no robust authentication. Only use on trusted networks.
2026-09-09 21:43:09,005 INFO hermes_cli.web_server: Mounted plugin API routes: /api/plugins/hermes-achievements/
2026-09-09 21:43:09,016 WARNING hermes_cli.web_server: Failed to load plugin kanban API routes: Form data requires "python-multipart" to be installed. 
You can install "python-multipart" with: 

pip install python-multipart

2026-09-09 21:43:09,021 WARNING hermes_cli.web_server: Binding to 0.0.0.0 with --insecure — the dashboard has no robust authentication. Only use on trusted networks.
2026-09-09 21:43:15,522 INFO hermes_cli.web_server: Mounted plugin API routes: /api/plugins/hermes-achievements/
2026-09-09 21:43:15,535 WARNING hermes_cli.web_server: Failed to load plugin kanban API routes: Form data requires "python-multipart" to be installed. 
You can install "python-multipart" with: 

pip install python-multipart

2026-09-09 21:43:15,540 WARNING hermes_cli.web_server: Binding to 0.0.0.0 with --insecure — the dashboard has no robust authentication. Only use on trusted networks.
2026-09-09 21:43:21,968 INFO hermes_cli.web_server: Mounted plugin API routes: /api/plugins/hermes-achievements/
2026-09-09 21:43:21,979 WARNING hermes_cli.web_server: Failed to load plugin kanban API routes: Form data requires "python-multipart" to be installed. 
You can install "python-multipart" with: 

pip install python-multipart

2026-09-09 21:43:21,984 WARNING hermes_cli.web_server: Binding to 0.0.0.0 with --insecure — the dashboard has no robust authentication. Only use on trusted networks.
2026-09-09 21:43:28,503 INFO hermes_cli.web_server: Mounted plugin API routes: /api/plugins/hermes-achievements/
2026-09-09 21:43:28,514 WARNING hermes_cli.web_server: Failed to load plugin kanban API routes: Form data requires "python-multipart" to be installed. 
You can install "python-multipart" with: 

pip install python-multipart

2026-09-09 21:43:28,519 WARNING hermes_cli.web_server: Binding to 0.0.0.0 with --insecure — the dashboard has no robust authentication. Only use on trusted networks.
2026-09-09 21:43:35,001 INFO hermes_cli.web_server: Mounted plugin API routes: /api/plugins/hermes-achievements/
2026-09-09 21:43:35,013 WARNING hermes_cli.web_server: Failed to load plugin kanban API routes: Form data requires "python-multipart" to be installed. 
You can install "python-multipart" with: 

pip install python-multipart

2026-09-09 21:43:35,018 WARNING hermes_cli.web_server: Binding to 0.0.0.0 with --insecure — the dashboard has no robust authentication. Only use on trusted networks.
2026-09-09 21:43:41,494 INFO hermes_cli.web_server: Mounted plugin API routes: /api/plugins/hermes-achievements/
2026-09-09 21:43:41,506 WARNING hermes_cli.web_server: Failed to load plugin kanban API routes: Form data requires "python-multipart" to be installed. 
You can install "python-multipart" with: 

pip install python-multipart

2026-09-09 21:43:41,511 WARNING hermes_cli.web_server: Binding to 0.0.0.0 with --insecure — the dashboard has no robust authentication. Only use on trusted networks.
2026-09-09 21:43:48,017 INFO hermes_cli.web_server: Mounted plugin API routes: /api/plugins/hermes-achievements/
2026-09-09 21:43:48,029 WARNING hermes_cli.web_server: Failed to load plugin kanban API routes: Form data requires "python-multipart" to be installed. 
You can install "python-multipart" with: 

pip install python-multipart

2026-09-09 21:43:48,034 WARNING hermes_cli.web_server: Binding to 0.0.0.0 with --insecure — the dashboard has no robust authentication. Only use on trusted networks.
2026-09-09 21:43:54,526 INFO hermes_cli.web_server: Mounted plugin API routes: /api/plugins/hermes-achievements/
2026-09-09 21:43:54,538 WARNING hermes_cli.web_server: Failed to load plugin kanban API routes: Form data requires "python-multipart" to be installed. 
You can install "python-multipart" with: 

pip install python-multipart

2026-09-09 21:43:54,543 WARNING hermes_cli.web_server: Binding to 0.0.0.0 with --insecure — the dashboard has no robust authentication. Only use on trusted networks.
2026-09-09 21:44:01,027 INFO hermes_cli.web_server: Mounted plugin API routes: /api/plugins/hermes-achievements/
2026-09-09 21:44:01,038 WARNING hermes_cli.web_server: Failed to load plugin kanban API routes: Form data requires "python-multipart" to be installed. 
You can install "python-multipart" with: 

pip install python-multipart

2026-09-09 21:44:01,043 WARNING hermes_cli.web_server: Binding to 0.0.0.0 with --insecure — the dashboard has no robust authentication. Only use on trusted networks.
2026-09-09 21:44:07,503 INFO hermes_cli.web_server: Mounted plugin API routes: /api/plugins/hermes-achievements/
2026-09-09 21:44:07,515 WARNING hermes_cli.web_server: Failed to load plugin kanban API routes: Form data requires "python-multipart" to be installed. 
You can install "python-multipart" with: 

pip install python-multipart

2026-09-09 21:44:07,519 WARNING hermes_cli.web_server: Binding to 0.0.0.0 with --insecure — the dashboard has no robust authentication. Only use on trusted networks.
2026-09-09 21:44:14,010 INFO hermes_cli.web_server: Mounted plugin API routes: /api/plugins/hermes-achievements/
2026-09-09 21:44:14,021 WARNING hermes_cli.web_server: Failed to load plugin kanban API routes: Form data requires "python-multipart" to be installed. 
You can install "python-multipart" with: 

pip install python-multipart

2026-09-09 21:44:14,026 WARNING hermes_cli.web_server: Binding to 0.0.0.0 with --insecure — the dashboard has no robust authentication. Only use on trusted networks.
2026-09-09 21:44:20,515 INFO hermes_cli.web_server: Mounted plugin API routes: /api/plugins/hermes-achievements/
2026-09-09 21:44:20,527 WARNING hermes_cli.web_server: Failed to load plugin kanban API routes: Form data requires "python-multipart" to be installed. 
You can install "python-multipart" with: 

pip install python-multipart

2026-09-09 21:44:20,531 WARNING hermes_cli.web_server: Binding to 0.0.0.0 with --insecure — the dashboard has no robust authentication. Only use on trusted networks.
2026-09-09 21:44:26,990 INFO hermes_cli.web_server: Mounted plugin API routes: /api/plugins/hermes-achievements/
2026-09-09 21:44:27,001 WARNING hermes_cli.web_server: Failed to load plugin kanban API routes: Form data requires "python-multipart" to be installed. 
You can install "python-multipart" with: 

pip install python-multipart

2026-09-09 21:44:27,006 WARNING hermes_cli.web_server: Binding to 0.0.0.0 with --insecure — the dashboard has no robust authentication. Only use on trusted networks.
2026-09-09 21:44:33,498 INFO hermes_cli.web_server: Mounted plugin API routes: /api/plugins/hermes-achievements/
2026-09-09 21:44:33,509 WARNING hermes_cli.web_server: Failed to load plugin kanban API routes: Form data requires "python-multipart" to be installed. 
You can install "python-multipart" with: 

pip install python-multipart

2026-09-09 21:44:33,514 WARNING hermes_cli.web_server: Binding to 0.0.0.0 with --insecure — the dashboard has no robust authentication. Only use on trusted networks.
2026-09-09 21:44:40,034 INFO hermes_cli.web_server: Mounted plugin API routes: /api/plugins/hermes-achievements/
2026-09-09 21:44:40,045 WARNING hermes_cli.web_server: Failed to load plugin kanban API routes: Form data requires "python-multipart" to be installed. 
You can install "python-multipart" with: 

pip install python-multipart

2026-09-09 21:44:40,050 WARNING hermes_cli.web_server: Binding to 0.0.0.0 with --insecure — the dashboard has no robust authentication. Only use on trusted networks.
2026-09-09 21:44:46,505 INFO hermes_cli.web_server: Mounted plugin API routes: /api/plugins/hermes-achievements/
2026-09-09 21:44:46,516 WARNING hermes_cli.web_server: Failed to load plugin kanban API routes: Form data requires "python-multipart" to be installed. 
You can install "python-multipart" with: 

pip install python-multipart

2026-09-09 21:44:46,521 WARNING hermes_cli.web_server: Binding to 0.0.0.0 with --insecure — the dashboard has no robust authentication. Only use on trusted networks.
2026-09-09 21:44:53,008 INFO hermes_cli.web_server: Mounted plugin API routes: /api/plugins/hermes-achievements/
2026-09-09 21:44:53,019 WARNING hermes_cli.web_server: Failed to load plugin kanban API routes: Form data requires "python-multipart" to be installed. 
You can install "python-multipart" with: 

pip install python-multipart

2026-09-09 21:44:53,024 WARNING hermes_cli.web_server: Binding to 0.0.0.0 with --insecure — the dashboard has no robust authentication. Only use on trusted networks.
2026-09-09 21:44:59,542 INFO hermes_cli.web_server: Mounted plugin API routes: /api/plugins/hermes-achievements/
2026-09-09 21:44:59,554 WARNING hermes_cli.web_server: Failed to load plugin kanban API routes: Form data requires "python-multipart" to be installed. 
You can install "python-multipart" with: 

pip install python-multipart

2026-09-09 21:44:59,559 WARNING hermes_cli.web_server: Binding to 0.0.0.0 with --insecure — the dashboard has no robust authentication. Only use on trusted networks.
2026-09-09 21:45:06,028 INFO hermes_cli.web_server: Mounted plugin API routes: /api/plugins/hermes-achievements/
2026-09-09 21:45:06,039 WARNING hermes_cli.web_server: Failed to load plugin kanban API routes: Form data requires "python-multipart" to be installed. 
You can install "python-multipart" with: 

pip install python-multipart

2026-09-09 21:45:06,044 WARNING hermes_cli.web_server: Binding to 0.0.0.0 with --insecure — the dashboard has no robust authentication. Only use on trusted networks.
2026-09-09 21:45:12,528 INFO hermes_cli.web_server: Mounted plugin API routes: /api/plugins/hermes-achievements/
2026-09-09 21:45:12,541 WARNING hermes_cli.web_server: Failed to load plugin kanban API routes: Form data requires "python-multipart" to be installed. 
You can install "python-multipart" with: 

pip install python-multipart

2026-09-09 21:45:12,547 WARNING hermes_cli.web_server: Binding to 0.0.0.0 with --insecure — the dashboard has no robust authentication. Only use on trusted networks.
2026-09-09 21:45:19,011 INFO hermes_cli.web_server: Mounted plugin API routes: /api/plugins/hermes-achievements/
2026-09-09 21:45:19,023 WARNING hermes_cli.web_server: Failed to load plugin kanban API routes: Form data requires "python-multipart" to be installed. 
You can install "python-multipart" with: 

pip install python-multipart

2026-09-09 21:45:19,027 WARNING hermes_cli.web_server: Binding to 0.0.0.0 with --insecure — the dashboard has no robust authentication. Only use on trusted networks.
2026-09-09 21:45:25,489 INFO hermes_cli.web_server: Mounted plugin API routes: /api/plugins/hermes-achievements/
2026-09-09 21:45:25,500 WARNING hermes_cli.web_server: Failed to load plugin kanban API routes: Form data requires "python-multipart" to be installed. 
You can install "python-multipart" with: 

pip install python-multipart

2026-09-09 21:45:25,505 WARNING hermes_cli.web_server: Binding to 0.0.0.0 with --insecure — the dashboard has no robust authentication. Only use on trusted networks.
2026-09-09 21:45:31,988 INFO hermes_cli.web_server: Mounted plugin API routes: /api/plugins/hermes-achievements/
2026-09-09 21:45:31,999 WARNING hermes_cli.web_server: Failed to load plugin kanban API routes: Form data requires "python-multipart" to be installed. 
You can install "python-multipart" with: 

pip install python-multipart

2026-09-09 21:45:32,004 WARNING hermes_cli.web_server: Binding to 0.0.0.0 with --insecure — the dashboard has no robust authentication. Only use on trusted networks.
2026-09-09 21:45:38,520 INFO hermes_cli.web_server: Mounted plugin API routes: /api/plugins/hermes-achievements/
2026-09-09 21:45:38,531 WARNING hermes_cli.web_server: Failed to load plugin kanban API routes: Form data requires "python-multipart" to be installed. 
You can install "python-multipart" with: 

pip install python-multipart

2026-09-09 21:45:38,536 WARNING hermes_cli.web_server: Binding to 0.0.0.0 with --insecure — the dashboard has no robust authentication. Only use on trusted networks.
2026-09-09 21:45:45,012 INFO hermes_cli.web_server: Mounted plugin API routes: /api/plugins/hermes-achievements/
2026-09-09 21:45:45,024 WARNING hermes_cli.web_server: Failed to load plugin kanban API routes: Form data requires "python-multipart" to be installed. 
You can install "python-multipart" with: 

pip install python-multipart

2026-09-09 21:45:45,028 WARNING hermes_cli.web_server: Binding to 0.0.0.0 with --insecure — the dashboard has no robust authentication. Only use on trusted networks.
2026-09-09 21:45:51,485 INFO hermes_cli.web_server: Mounted plugin API routes: /api/plugins/hermes-achievements/
2026-09-09 21:45:51,496 WARNING hermes_cli.web_server: Failed to load plugin kanban API routes: Form data requires "python-multipart" to be installed. 
You can install "python-multipart" with: 

pip install python-multipart

2026-09-09 21:45:51,500 WARNING hermes_cli.web_server: Binding to 0.0.0.0 with --insecure — the dashboard has no robust authentication. Only use on trusted networks.
2026-09-09 21:45:58,041 INFO hermes_cli.web_server: Mounted plugin API routes: /api/plugins/hermes-achievements/
2026-09-09 21:45:58,053 WARNING hermes_cli.web_server: Failed to load plugin kanban API routes: Form data requires "python-multipart" to be installed. 
You can install "python-multipart" with: 

pip install python-multipart

2026-09-09 21:45:58,058 WARNING hermes_cli.web_server: Binding to 0.0.0.0 with --insecure — the dashboard has no robust authentication. Only use on trusted networks.
2026-09-09 21:46:04,516 INFO hermes_cli.web_server: Mounted plugin API routes: /api/plugins/hermes-achievements/
2026-09-09 21:46:04,527 WARNING hermes_cli.web_server: Failed to load plugin kanban API routes: Form data requires "python-multipart" to be installed. 
You can install "python-multipart" with: 

pip install python-multipart

2026-09-09 21:46:04,532 WARNING hermes_cli.web_server: Binding to 0.0.0.0 with --insecure — the dashboard has no robust authentication. Only use on trusted networks.
2026-09-09 21:46:11,025 INFO hermes_cli.web_server: Mounted plugin API routes: /api/plugins/hermes-achievements/
2026-09-09 21:46:11,036 WARNING hermes_cli.web_server: Failed to load plugin kanban API routes: Form data requires "python-multipart" to be installed. 
You can install "python-multipart" with: 

pip install python-multipart

2026-09-09 21:46:11,041 WARNING hermes_cli.web_server: Binding to 0.0.0.0 with --insecure — the dashboard has no robust authentication. Only use on trusted networks.
2026-09-09 21:46:17,478 INFO hermes_cli.web_server: Mounted plugin API routes: /api/plugins/hermes-achievements/
2026-09-09 21:46:17,489 WARNING hermes_cli.web_server: Failed to load plugin kanban API routes: Form data requires "python-multipart" to be installed. 
You can install "python-multipart" with: 

pip install python-multipart

2026-09-09 21:46:17,494 WARNING hermes_cli.web_server: Binding to 0.0.0.0 with --insecure — the dashboard has no robust authentication. Only use on trusted networks.
2026-09-09 21:46:23,999 INFO hermes_cli.web_server: Mounted plugin API routes: /api/plugins/hermes-achievements/
2026-09-09 21:46:24,010 WARNING hermes_cli.web_server: Failed to load plugin kanban API routes: Form data requires "python-multipart" to be installed. 
You can install "python-multipart" with: 

pip install python-multipart

2026-09-09 21:46:24,015 WARNING hermes_cli.web_server: Binding to 0.0.0.0 with --insecure — the dashboard has no robust authentication. Only use on trusted networks.
2026-09-09 21:46:30,494 INFO hermes_cli.web_server: Mounted plugin API routes: /api/plugins/hermes-achievements/
2026-09-09 21:46:30,506 WARNING hermes_cli.web_server: Failed to load plugin kanban API routes: Form data requires "python-multipart" to be installed. 
You can install "python-multipart" with: 

pip install python-multipart

2026-09-09 21:46:30,510 WARNING hermes_cli.web_server: Binding to 0.0.0.0 with --insecure — the dashboard has no robust authentication. Only use on trusted networks.
2026-09-09 21:46:37,038 INFO hermes_cli.web_server: Mounted plugin API routes: /api/plugins/hermes-achievements/
2026-09-09 21:46:37,050 WARNING hermes_cli.web_server: Failed to load plugin kanban API routes: Form data requires "python-multipart" to be installed. 
You can install "python-multipart" with: 

pip install python-multipart

2026-09-09 21:46:37,055 WARNING hermes_cli.web_server: Binding to 0.0.0.0 with --insecure — the dashboard has no robust authentication. Only use on trusted networks.
2026-09-09 21:46:43,540 INFO hermes_cli.web_server: Mounted plugin API routes: /api/plugins/hermes-achievements/
2026-09-09 21:46:43,551 WARNING hermes_cli.web_server: Failed to load plugin kanban API routes: Form data requires "python-multipart" to be installed. 
You can install "python-multipart" with: 

pip install python-multipart

2026-09-09 21:46:43,556 WARNING hermes_cli.web_server: Binding to 0.0.0.0 with --insecure — the dashboard has no robust authentication. Only use on trusted networks.
2026-09-09 21:46:49,991 INFO hermes_cli.web_server: Mounted plugin API routes: /api/plugins/hermes-achievements/
2026-09-09 21:46:50,002 WARNING hermes_cli.web_server: Failed to load plugin kanban API routes: Form data requires "python-multipart" to be installed. 
You can install "python-multipart" with: 

pip install python-multipart

2026-09-09 21:46:50,007 WARNING hermes_cli.web_server: Binding to 0.0.0.0 with --insecure — the dashboard has no robust authentication. Only use on trusted networks.
2026-09-09 21:46:56,485 INFO hermes_cli.web_server: Mounted plugin API routes: /api/plugins/hermes-achievements/
2026-09-09 21:46:56,497 WARNING hermes_cli.web_server: Failed to load plugin kanban API routes: Form data requires "python-multipart" to be installed. 
You can install "python-multipart" with: 

pip install python-multipart

2026-09-09 21:46:56,501 WARNING hermes_cli.web_server: Binding to 0.0.0.0 with --insecure — the dashboard has no robust authentication. Only use on trusted networks.
2026-09-09 21:47:03,080 INFO hermes_cli.web_server: Mounted plugin API routes: /api/plugins/hermes-achievements/
2026-09-09 21:47:03,092 WARNING hermes_cli.web_server: Failed to load plugin kanban API routes: Form data requires "python-multipart" to be installed. 
You can install "python-multipart" with: 

pip install python-multipart

2026-09-09 21:47:03,097 WARNING hermes_cli.web_server: Binding to 0.0.0.0 with --insecure — the dashboard has no robust authentication. Only use on trusted networks.
2026-09-09 21:47:09,507 INFO hermes_cli.web_server: Mounted plugin API routes: /api/plugins/hermes-achievements/
2026-09-09 21:47:09,518 WARNING hermes_cli.web_server: Failed to load plugin kanban API routes: Form data requires "python-multipart" to be installed. 
You can install "python-multipart" with: 

pip install python-multipart

2026-09-09 21:47:09,523 WARNING hermes_cli.web_server: Binding to 0.0.0.0 with --insecure — the dashboard has no robust authentication. Only use on trusted networks.
2026-09-09 21:47:16,027 INFO hermes_cli.web_server: Mounted plugin API routes: /api/plugins/hermes-achievements/
2026-09-09 21:47:16,038 WARNING hermes_cli.web_server: Failed to load plugin kanban API routes: Form data requires "python-multipart" to be installed. 
You can install "python-multipart" with: 

pip install python-multipart

2026-09-09 21:47:16,043 WARNING hermes_cli.web_server: Binding to 0.0.0.0 with --insecure — the dashboard has no robust authentication. Only use on trusted networks.
2026-09-09 21:47:22,538 INFO hermes_cli.web_server: Mounted plugin API routes: /api/plugins/hermes-achievements/
2026-09-09 21:47:22,550 WARNING hermes_cli.web_server: Failed to load plugin kanban API routes: Form data requires "python-multipart" to be installed. 
You can install "python-multipart" with: 

pip install python-multipart

2026-09-09 21:47:22,556 WARNING hermes_cli.web_server: Binding to 0.0.0.0 with --insecure — the dashboard has no robust authentication. Only use on trusted networks.
2026-09-09 21:52:27,327 INFO hermes_cli.web_server: Mounted plugin API routes: /api/plugins/hermes-achievements/
2026-09-09 21:52:27,338 WARNING hermes_cli.web_server: Failed to load plugin kanban API routes: Form data requires "python-multipart" to be installed. 
You can install "python-multipart" with: 

pip install python-multipart

2026-09-09 21:52:27,343 WARNING hermes_cli.web_server: Binding to 0.0.0.0 with --insecure — the dashboard has no robust authentication. Only use on trusted networks.
2026-09-09 21:52:33,733 INFO hermes_cli.web_server: Mounted plugin API routes: /api/plugins/hermes-achievements/
2026-09-09 21:52:33,745 WARNING hermes_cli.web_server: Failed to load plugin kanban API routes: Form data requires "python-multipart" to be installed. 
You can install "python-multipart" with: 

pip install python-multipart

2026-09-09 21:52:33,750 WARNING hermes_cli.web_server: Binding to 0.0.0.0 with --insecure — the dashboard has no robust authentication. Only use on trusted networks.
2026-09-09 21:52:40,296 INFO hermes_cli.web_server: Mounted plugin API routes: /api/plugins/hermes-achievements/
2026-09-09 21:52:40,309 WARNING hermes_cli.web_server: Failed to load plugin kanban API routes: Form data requires "python-multipart" to be installed. 
You can install "python-multipart" with: 

pip install python-multipart

2026-09-09 21:52:40,314 WARNING hermes_cli.web_server: Binding to 0.0.0.0 with --insecure — the dashboard has no robust authentication. Only use on trusted networks.
2026-09-09 21:52:46,793 INFO hermes_cli.web_server: Mounted plugin API routes: /api/plugins/hermes-achievements/
2026-09-09 21:52:46,805 WARNING hermes_cli.web_server: Failed to load plugin kanban API routes: Form data requires "python-multipart" to be installed. 
You can install "python-multipart" with: 

pip install python-multipart

2026-09-09 21:52:46,810 WARNING hermes_cli.web_server: Binding to 0.0.0.0 with --insecure — the dashboard has no robust authentication. Only use on trusted networks.
2026-09-09 21:52:53,244 INFO hermes_cli.web_server: Mounted plugin API routes: /api/plugins/hermes-achievements/
2026-09-09 21:52:53,255 WARNING hermes_cli.web_server: Failed to load plugin kanban API routes: Form data requires "python-multipart" to be installed. 
You can install "python-multipart" with: 

pip install python-multipart

2026-09-09 21:52:53,260 WARNING hermes_cli.web_server: Binding to 0.0.0.0 with --insecure — the dashboard has no robust authentication. Only use on trusted networks.
2026-09-09 21:52:59,769 INFO hermes_cli.web_server: Mounted plugin API routes: /api/plugins/hermes-achievements/
2026-09-09 21:52:59,781 WARNING hermes_cli.web_server: Failed to load plugin kanban API routes: Form data requires "python-multipart" to be installed. 
You can install "python-multipart" with: 

pip install python-multipart

2026-09-09 21:52:59,786 WARNING hermes_cli.web_server: Binding to 0.0.0.0 with --insecure — the dashboard has no robust authentication. Only use on trusted networks.
2026-09-09 21:53:06,239 INFO hermes_cli.web_server: Mounted plugin API routes: /api/plugins/hermes-achievements/
2026-09-09 21:53:06,251 WARNING hermes_cli.web_server: Failed to load plugin kanban API routes: Form data requires "python-multipart" to be installed. 
You can install "python-multipart" with: 

pip install python-multipart

2026-09-09 21:53:06,255 WARNING hermes_cli.web_server: Binding to 0.0.0.0 with --insecure — the dashboard has no robust authentication. Only use on trusted networks.
2026-09-09 21:53:12,793 INFO hermes_cli.web_server: Mounted plugin API routes: /api/plugins/hermes-achievements/
2026-09-09 21:53:12,804 WARNING hermes_cli.web_server: Failed to load plugin kanban API routes: Form data requires "python-multipart" to be installed. 
You can install "python-multipart" with: 

pip install python-multipart

2026-09-09 21:53:12,809 WARNING hermes_cli.web_server: Binding to 0.0.0.0 with --insecure — the dashboard has no robust authentication. Only use on trusted networks.
2026-09-09 21:53:19,262 INFO hermes_cli.web_server: Mounted plugin API routes: /api/plugins/hermes-achievements/
2026-09-09 21:53:19,274 WARNING hermes_cli.web_server: Failed to load plugin kanban API routes: Form data requires "python-multipart" to be installed. 
You can install "python-multipart" with: 

pip install python-multipart

2026-09-09 21:53:19,279 WARNING hermes_cli.web_server: Binding to 0.0.0.0 with --insecure — the dashboard has no robust authentication. Only use on trusted networks.
2026-09-09 21:53:25,753 INFO hermes_cli.web_server: Mounted plugin API routes: /api/plugins/hermes-achievements/
2026-09-09 21:53:25,764 WARNING hermes_cli.web_server: Failed to load plugin kanban API routes: Form data requires "python-multipart" to be installed. 
You can install "python-multipart" with: 

pip install python-multipart

2026-09-09 21:53:25,769 WARNING hermes_cli.web_server: Binding to 0.0.0.0 with --insecure — the dashboard has no robust authentication. Only use on trusted networks.
2026-09-09 21:53:32,255 INFO hermes_cli.web_server: Mounted plugin API routes: /api/plugins/hermes-achievements/
2026-09-09 21:53:32,266 WARNING hermes_cli.web_server: Failed to load plugin kanban API routes: Form data requires "python-multipart" to be installed. 
You can install "python-multipart" with: 

pip install python-multipart

2026-09-09 21:53:32,271 WARNING hermes_cli.web_server: Binding to 0.0.0.0 with --insecure — the dashboard has no robust authentication. Only use on trusted networks.
2026-09-09 21:53:38,743 INFO hermes_cli.web_server: Mounted plugin API routes: /api/plugins/hermes-achievements/
2026-09-09 21:53:38,754 WARNING hermes_cli.web_server: Failed to load plugin kanban API routes: Form data requires "python-multipart" to be installed. 
You can install "python-multipart" with: 

pip install python-multipart

2026-09-09 21:53:38,759 WARNING hermes_cli.web_server: Binding to 0.0.0.0 with --insecure — the dashboard has no robust authentication. Only use on trusted networks.
2026-09-09 21:53:45,215 INFO hermes_cli.web_server: Mounted plugin API routes: /api/plugins/hermes-achievements/
2026-09-09 21:53:45,226 WARNING hermes_cli.web_server: Failed to load plugin kanban API routes: Form data requires "python-multipart" to be installed. 
You can install "python-multipart" with: 

pip install python-multipart

2026-09-09 21:53:45,231 WARNING hermes_cli.web_server: Binding to 0.0.0.0 with --insecure — the dashboard has no robust authentication. Only use on trusted networks.
2026-09-09 21:53:51,734 INFO hermes_cli.web_server: Mounted plugin API routes: /api/plugins/hermes-achievements/
2026-09-09 21:53:51,745 WARNING hermes_cli.web_server: Failed to load plugin kanban API routes: Form data requires "python-multipart" to be installed. 
You can install "python-multipart" with: 

pip install python-multipart

2026-09-09 21:53:51,750 WARNING hermes_cli.web_server: Binding to 0.0.0.0 with --insecure — the dashboard has no robust authentication. Only use on trusted networks.
2026-09-09 21:53:58,236 INFO hermes_cli.web_server: Mounted plugin API routes: /api/plugins/hermes-achievements/
2026-09-09 21:53:58,248 WARNING hermes_cli.web_server: Failed to load plugin kanban API routes: Form data requires "python-multipart" to be installed. 
You can install "python-multipart" with: 

pip install python-multipart

2026-09-09 21:53:58,252 WARNING hermes_cli.web_server: Binding to 0.0.0.0 with --insecure — the dashboard has no robust authentication. Only use on trusted networks.
2026-09-09 21:54:04,750 INFO hermes_cli.web_server: Mounted plugin API routes: /api/plugins/hermes-achievements/
2026-09-09 21:54:04,761 WARNING hermes_cli.web_server: Failed to load plugin kanban API routes: Form data requires "python-multipart" to be installed. 
You can install "python-multipart" with: 

pip install python-multipart

2026-09-09 21:54:04,766 WARNING hermes_cli.web_server: Binding to 0.0.0.0 with --insecure — the dashboard has no robust authentication. Only use on trusted networks.
2026-09-09 21:54:11,264 INFO hermes_cli.web_server: Mounted plugin API routes: /api/plugins/hermes-achievements/
2026-09-09 21:54:11,276 WARNING hermes_cli.web_server: Failed to load plugin kanban API routes: Form data requires "python-multipart" to be installed. 
You can install "python-multipart" with: 

pip install python-multipart

2026-09-09 21:54:11,280 WARNING hermes_cli.web_server: Binding to 0.0.0.0 with --insecure — the dashboard has no robust authentication. Only use on trusted networks.
2026-09-09 21:54:17,745 INFO hermes_cli.web_server: Mounted plugin API routes: /api/plugins/hermes-achievements/
2026-09-09 21:54:17,756 WARNING hermes_cli.web_server: Failed to load plugin kanban API routes: Form data requires "python-multipart" to be installed. 
You can install "python-multipart" with: 

pip install python-multipart

2026-09-09 21:54:17,761 WARNING hermes_cli.web_server: Binding to 0.0.0.0 with --insecure — the dashboard has no robust authentication. Only use on trusted networks.
2026-09-09 21:54:24,220 INFO hermes_cli.web_server: Mounted plugin API routes: /api/plugins/hermes-achievements/
2026-09-09 21:54:24,232 WARNING hermes_cli.web_server: Failed to load plugin kanban API routes: Form data requires "python-multipart" to be installed. 
You can install "python-multipart" with: 

pip install python-multipart

2026-09-09 21:54:24,236 WARNING hermes_cli.web_server: Binding to 0.0.0.0 with --insecure — the dashboard has no robust authentication. Only use on trusted networks.
2026-09-09 21:54:30,766 INFO hermes_cli.web_server: Mounted plugin API routes: /api/plugins/hermes-achievements/
2026-09-09 21:54:30,780 WARNING hermes_cli.web_server: Failed to load plugin kanban API routes: Form data requires "python-multipart" to be installed. 
You can install "python-multipart" with: 

pip install python-multipart

2026-09-09 21:54:30,785 WARNING hermes_cli.web_server: Binding to 0.0.0.0 with --insecure — the dashboard has no robust authentication. Only use on trusted networks.
2026-09-09 21:54:37,219 INFO hermes_cli.web_server: Mounted plugin API routes: /api/plugins/hermes-achievements/
2026-09-09 21:54:37,231 WARNING hermes_cli.web_server: Failed to load plugin kanban API routes: Form data requires "python-multipart" to be installed. 
You can install "python-multipart" with: 

pip install python-multipart

2026-09-09 21:54:37,235 WARNING hermes_cli.web_server: Binding to 0.0.0.0 with --insecure — the dashboard has no robust authentication. Only use on trusted networks.
2026-09-09 21:54:43,806 INFO hermes_cli.web_server: Mounted plugin API routes: /api/plugins/hermes-achievements/
2026-09-09 21:54:43,817 WARNING hermes_cli.web_server: Failed to load plugin kanban API routes: Form data requires "python-multipart" to be installed. 
You can install "python-multipart" with: 

pip install python-multipart

2026-09-09 21:54:43,823 WARNING hermes_cli.web_server: Binding to 0.0.0.0 with --insecure — the dashboard has no robust authentication. Only use on trusted networks.
2026-09-09 21:54:50,241 INFO hermes_cli.web_server: Mounted plugin API routes: /api/plugins/hermes-achievements/
2026-09-09 21:54:50,253 WARNING hermes_cli.web_server: Failed to load plugin kanban API routes: Form data requires "python-multipart" to be installed. 
You can install "python-multipart" with: 

pip install python-multipart

2026-09-09 21:54:50,258 WARNING hermes_cli.web_server: Binding to 0.0.0.0 with --insecure — the dashboard has no robust authentication. Only use on trusted networks.
2026-09-09 21:54:56,740 INFO hermes_cli.web_server: Mounted plugin API routes: /api/plugins/hermes-achievements/
2026-09-09 21:54:56,751 WARNING hermes_cli.web_server: Failed to load plugin kanban API routes: Form data requires "python-multipart" to be installed. 
You can install "python-multipart" with: 

pip install python-multipart

2026-09-09 21:54:56,756 WARNING hermes_cli.web_server: Binding to 0.0.0.0 with --insecure — the dashboard has no robust authentication. Only use on trusted networks.
2026-09-09 21:55:03,246 INFO hermes_cli.web_server: Mounted plugin API routes: /api/plugins/hermes-achievements/
2026-09-09 21:55:03,257 WARNING hermes_cli.web_server: Failed to load plugin kanban API routes: Form data requires "python-multipart" to be installed. 
You can install "python-multipart" with: 

pip install python-multipart

2026-09-09 21:55:03,262 WARNING hermes_cli.web_server: Binding to 0.0.0.0 with --insecure — the dashboard has no robust authentication. Only use on trusted networks.
2026-09-09 21:55:09,806 INFO hermes_cli.web_server: Mounted plugin API routes: /api/plugins/hermes-achievements/
2026-09-09 21:55:09,818 WARNING hermes_cli.web_server: Failed to load plugin kanban API routes: Form data requires "python-multipart" to be installed. 
You can install "python-multipart" with: 

pip install python-multipart

2026-09-09 21:55:09,824 WARNING hermes_cli.web_server: Binding to 0.0.0.0 with --insecure — the dashboard has no robust authentication. Only use on trusted networks.
2026-09-09 21:55:16,243 INFO hermes_cli.web_server: Mounted plugin API routes: /api/plugins/hermes-achievements/
2026-09-09 21:55:16,255 WARNING hermes_cli.web_server: Failed to load plugin kanban API routes: Form data requires "python-multipart" to be installed. 
You can install "python-multipart" with: 

pip install python-multipart

2026-09-09 21:55:16,260 WARNING hermes_cli.web_server: Binding to 0.0.0.0 with --insecure — the dashboard has no robust authentication. Only use on trusted networks.
2026-09-09 21:55:22,804 INFO hermes_cli.web_server: Mounted plugin API routes: /api/plugins/hermes-achievements/
2026-09-09 21:55:22,815 WARNING hermes_cli.web_server: Failed to load plugin kanban API routes: Form data requires "python-multipart" to be installed. 
You can install "python-multipart" with: 

pip install python-multipart

2026-09-09 21:55:22,820 WARNING hermes_cli.web_server: Binding to 0.0.0.0 with --insecure — the dashboard has no robust authentication. Only use on trusted networks.
2026-09-09 21:55:29,227 INFO hermes_cli.web_server: Mounted plugin API routes: /api/plugins/hermes-achievements/
2026-09-09 21:55:29,238 WARNING hermes_cli.web_server: Failed to load plugin kanban API routes: Form data requires "python-multipart" to be installed. 
You can install "python-multipart" with: 

pip install python-multipart

2026-09-09 21:55:29,243 WARNING hermes_cli.web_server: Binding to 0.0.0.0 with --insecure — the dashboard has no robust authentication. Only use on trusted networks.
2026-09-09 21:55:35,793 INFO hermes_cli.web_server: Mounted plugin API routes: /api/plugins/hermes-achievements/
2026-09-09 21:55:35,805 WARNING hermes_cli.web_server: Failed to load plugin kanban API routes: Form data requires "python-multipart" to be installed. 
You can install "python-multipart" with: 

pip install python-multipart

2026-09-09 21:55:35,810 WARNING hermes_cli.web_server: Binding to 0.0.0.0 with --insecure — the dashboard has no robust authentication. Only use on trusted networks.
2026-09-09 21:55:42,306 INFO hermes_cli.web_server: Mounted plugin API routes: /api/plugins/hermes-achievements/
2026-09-09 21:55:42,318 WARNING hermes_cli.web_server: Failed to load plugin kanban API routes: Form data requires "python-multipart" to be installed. 
You can install "python-multipart" with: 

pip install python-multipart

2026-09-09 21:55:42,323 WARNING hermes_cli.web_server: Binding to 0.0.0.0 with --insecure — the dashboard has no robust authentication. Only use on trusted networks.
2026-09-09 21:55:48,751 INFO hermes_cli.web_server: Mounted plugin API routes: /api/plugins/hermes-achievements/
2026-09-09 21:55:48,762 WARNING hermes_cli.web_server: Failed to load plugin kanban API routes: Form data requires "python-multipart" to be installed. 
You can install "python-multipart" with: 

pip install python-multipart

2026-09-09 21:55:48,767 WARNING hermes_cli.web_server: Binding to 0.0.0.0 with --insecure — the dashboard has no robust authentication. Only use on trusted networks.
2026-09-09 21:55:55,261 INFO hermes_cli.web_server: Mounted plugin API routes: /api/plugins/hermes-achievements/
2026-09-09 21:55:55,272 WARNING hermes_cli.web_server: Failed to load plugin kanban API routes: Form data requires "python-multipart" to be installed. 
You can install "python-multipart" with: 

pip install python-multipart

2026-09-09 21:55:55,277 WARNING hermes_cli.web_server: Binding to 0.0.0.0 with --insecure — the dashboard has no robust authentication. Only use on trusted networks.
2026-09-09 21:56:01,734 INFO hermes_cli.web_server: Mounted plugin API routes: /api/plugins/hermes-achievements/
2026-09-09 21:56:01,745 WARNING hermes_cli.web_server: Failed to load plugin kanban API routes: Form data requires "python-multipart" to be installed. 
You can install "python-multipart" with: 

pip install python-multipart

2026-09-09 21:56:01,750 WARNING hermes_cli.web_server: Binding to 0.0.0.0 with --insecure — the dashboard has no robust authentication. Only use on trusted networks.
2026-09-09 21:56:08,231 INFO hermes_cli.web_server: Mounted plugin API routes: /api/plugins/hermes-achievements/
2026-09-09 21:56:08,242 WARNING hermes_cli.web_server: Failed to load plugin kanban API routes: Form data requires "python-multipart" to be installed. 
You can install "python-multipart" with: 

pip install python-multipart

2026-09-09 21:56:08,247 WARNING hermes_cli.web_server: Binding to 0.0.0.0 with --insecure — the dashboard has no robust authentication. Only use on trusted networks.
2026-09-09 21:56:14,728 INFO hermes_cli.web_server: Mounted plugin API routes: /api/plugins/hermes-achievements/
2026-09-09 21:56:14,741 WARNING hermes_cli.web_server: Failed to load plugin kanban API routes: Form data requires "python-multipart" to be installed. 
You can install "python-multipart" with: 

pip install python-multipart

2026-09-09 21:56:14,746 WARNING hermes_cli.web_server: Binding to 0.0.0.0 with --insecure — the dashboard has no robust authentication. Only use on trusted networks.
2026-09-09 21:56:21,252 INFO hermes_cli.web_server: Mounted plugin API routes: /api/plugins/hermes-achievements/
2026-09-09 21:56:21,263 WARNING hermes_cli.web_server: Failed to load plugin kanban API routes: Form data requires "python-multipart" to be installed. 
You can install "python-multipart" with: 

pip install python-multipart

2026-09-09 21:56:21,268 WARNING hermes_cli.web_server: Binding to 0.0.0.0 with --insecure — the dashboard has no robust authentication. Only use on trusted networks.
2026-09-09 21:56:27,728 INFO hermes_cli.web_server: Mounted plugin API routes: /api/plugins/hermes-achievements/
2026-09-09 21:56:27,739 WARNING hermes_cli.web_server: Failed to load plugin kanban API routes: Form data requires "python-multipart" to be installed. 
You can install "python-multipart" with: 

pip install python-multipart

2026-09-09 21:56:27,744 WARNING hermes_cli.web_server: Binding to 0.0.0.0 with --insecure — the dashboard has no robust authentication. Only use on trusted networks.
2026-09-09 21:56:34,239 INFO hermes_cli.web_server: Mounted plugin API routes: /api/plugins/hermes-achievements/
2026-09-09 21:56:34,253 WARNING hermes_cli.web_server: Failed to load plugin kanban API routes: Form data requires "python-multipart" to be installed. 
You can install "python-multipart" with: 

pip install python-multipart

2026-09-09 21:56:34,260 WARNING hermes_cli.web_server: Binding to 0.0.0.0 with --insecure — the dashboard has no robust authentication. Only use on trusted networks.
2026-09-09 21:56:40,713 INFO hermes_cli.web_server: Mounted plugin API routes: /api/plugins/hermes-achievements/
2026-09-09 21:56:40,724 WARNING hermes_cli.web_server: Failed to load plugin kanban API routes: Form data requires "python-multipart" to be installed. 
You can install "python-multipart" with: 

pip install python-multipart

2026-09-09 21:56:40,729 WARNING hermes_cli.web_server: Binding to 0.0.0.0 with --insecure — the dashboard has no robust authentication. Only use on trusted networks.
2026-09-09 21:56:47,268 INFO hermes_cli.web_server: Mounted plugin API routes: /api/plugins/hermes-achievements/
2026-09-09 21:56:47,279 WARNING hermes_cli.web_server: Failed to load plugin kanban API routes: Form data requires "python-multipart" to be installed. 
You can install "python-multipart" with: 

pip install python-multipart

2026-09-09 21:56:47,284 WARNING hermes_cli.web_server: Binding to 0.0.0.0 with --insecure — the dashboard has no robust authentication. Only use on trusted networks.
2026-09-09 21:56:53,767 INFO hermes_cli.web_server: Mounted plugin API routes: /api/plugins/hermes-achievements/
2026-09-09 21:56:53,778 WARNING hermes_cli.web_server: Failed to load plugin kanban API routes: Form data requires "python-multipart" to be installed. 
You can install "python-multipart" with: 

pip install python-multipart

2026-09-09 21:56:53,784 WARNING hermes_cli.web_server: Binding to 0.0.0.0 with --insecure — the dashboard has no robust authentication. Only use on trusted networks.
2026-09-09 21:57:00,277 INFO hermes_cli.web_server: Mounted plugin API routes: /api/plugins/hermes-achievements/
2026-09-09 21:57:00,288 WARNING hermes_cli.web_server: Failed to load plugin kanban API routes: Form data requires "python-multipart" to be installed. 
You can install "python-multipart" with: 

pip install python-multipart

2026-09-09 21:57:00,293 WARNING hermes_cli.web_server: Binding to 0.0.0.0 with --insecure — the dashboard has no robust authentication. Only use on trusted networks.
2026-09-09 21:57:06,746 INFO hermes_cli.web_server: Mounted plugin API routes: /api/plugins/hermes-achievements/
2026-09-09 21:57:06,757 WARNING hermes_cli.web_server: Failed to load plugin kanban API routes: Form data requires "python-multipart" to be installed. 
You can install "python-multipart" with: 

pip install python-multipart

2026-09-09 21:57:06,762 WARNING hermes_cli.web_server: Binding to 0.0.0.0 with --insecure — the dashboard has no robust authentication. Only use on trusted networks.
2026-09-09 21:57:13,236 INFO hermes_cli.web_server: Mounted plugin API routes: /api/plugins/hermes-achievements/
2026-09-09 21:57:13,248 WARNING hermes_cli.web_server: Failed to load plugin kanban API routes: Form data requires "python-multipart" to be installed. 
You can install "python-multipart" with: 

pip install python-multipart

2026-09-09 21:57:13,253 WARNING hermes_cli.web_server: Binding to 0.0.0.0 with --insecure — the dashboard has no robust authentication. Only use on trusted networks.
2026-09-09 21:57:19,733 INFO hermes_cli.web_server: Mounted plugin API routes: /api/plugins/hermes-achievements/
2026-09-09 21:57:19,744 WARNING hermes_cli.web_server: Failed to load plugin kanban API routes: Form data requires "python-multipart" to be installed. 
You can install "python-multipart" with: 

pip install python-multipart

2026-09-09 21:57:19,749 WARNING hermes_cli.web_server: Binding to 0.0.0.0 with --insecure — the dashboard has no robust authentication. Only use on trusted networks.
2026-09-09 21:57:26,250 INFO hermes_cli.web_server: Mounted plugin API routes: /api/plugins/hermes-achievements/
2026-09-09 21:57:26,262 WARNING hermes_cli.web_server: Failed to load plugin kanban API routes: Form data requires "python-multipart" to be installed. 
You can install "python-multipart" with: 

pip install python-multipart

2026-09-09 21:57:26,267 WARNING hermes_cli.web_server: Binding to 0.0.0.0 with --insecure — the dashboard has no robust authentication. Only use on trusted networks.
2026-09-09 22:02:31,534 INFO hermes_cli.web_server: Mounted plugin API routes: /api/plugins/hermes-achievements/
2026-09-09 22:02:31,545 WARNING hermes_cli.web_server: Failed to load plugin kanban API routes: Form data requires "python-multipart" to be installed. 
You can install "python-multipart" with: 

pip install python-multipart

2026-09-09 22:02:31,550 WARNING hermes_cli.web_server: Binding to 0.0.0.0 with --insecure — the dashboard has no robust authentication. Only use on trusted networks.
2026-09-09 22:02:37,963 INFO hermes_cli.web_server: Mounted plugin API routes: /api/plugins/hermes-achievements/
2026-09-09 22:02:37,974 WARNING hermes_cli.web_server: Failed to load plugin kanban API routes: Form data requires "python-multipart" to be installed. 
You can install "python-multipart" with: 

pip install python-multipart

2026-09-09 22:02:37,979 WARNING hermes_cli.web_server: Binding to 0.0.0.0 with --insecure — the dashboard has no robust authentication. Only use on trusted networks.
2026-09-09 22:02:44,488 INFO hermes_cli.web_server: Mounted plugin API routes: /api/plugins/hermes-achievements/
2026-09-09 22:02:44,499 WARNING hermes_cli.web_server: Failed to load plugin kanban API routes: Form data requires "python-multipart" to be installed. 
You can install "python-multipart" with: 

pip install python-multipart

2026-09-09 22:02:44,504 WARNING hermes_cli.web_server: Binding to 0.0.0.0 with --insecure — the dashboard has no robust authentication. Only use on trusted networks.
2026-09-09 22:02:50,998 INFO hermes_cli.web_server: Mounted plugin API routes: /api/plugins/hermes-achievements/
2026-09-09 22:02:51,010 WARNING hermes_cli.web_server: Failed to load plugin kanban API routes: Form data requires "python-multipart" to be installed. 
You can install "python-multipart" with: 

pip install python-multipart

2026-09-09 22:02:51,015 WARNING hermes_cli.web_server: Binding to 0.0.0.0 with --insecure — the dashboard has no robust authentication. Only use on trusted networks.
2026-09-09 22:02:57,513 INFO hermes_cli.web_server: Mounted plugin API routes: /api/plugins/hermes-achievements/
2026-09-09 22:02:57,525 WARNING hermes_cli.web_server: Failed to load plugin kanban API routes: Form data requires "python-multipart" to be installed. 
You can install "python-multipart" with: 

pip install python-multipart

2026-09-09 22:02:57,531 WARNING hermes_cli.web_server: Binding to 0.0.0.0 with --insecure — the dashboard has no robust authentication. Only use on trusted networks.
2026-09-09 22:03:04,014 INFO hermes_cli.web_server: Mounted plugin API routes: /api/plugins/hermes-achievements/
2026-09-09 22:03:04,026 WARNING hermes_cli.web_server: Failed to load plugin kanban API routes: Form data requires "python-multipart" to be installed. 
You can install "python-multipart" with: 

pip install python-multipart

2026-09-09 22:03:04,030 WARNING hermes_cli.web_server: Binding to 0.0.0.0 with --insecure — the dashboard has no robust authentication. Only use on trusted networks.
2026-09-09 22:03:10,492 INFO hermes_cli.web_server: Mounted plugin API routes: /api/plugins/hermes-achievements/
2026-09-09 22:03:10,503 WARNING hermes_cli.web_server: Failed to load plugin kanban API routes: Form data requires "python-multipart" to be installed. 
You can install "python-multipart" with: 

pip install python-multipart

2026-09-09 22:03:10,508 WARNING hermes_cli.web_server: Binding to 0.0.0.0 with --insecure — the dashboard has no robust authentication. Only use on trusted networks.
2026-09-09 22:03:16,992 INFO hermes_cli.web_server: Mounted plugin API routes: /api/plugins/hermes-achievements/
2026-09-09 22:03:17,003 WARNING hermes_cli.web_server: Failed to load plugin kanban API routes: Form data requires "python-multipart" to be installed. 
You can install "python-multipart" with: 

pip install python-multipart

2026-09-09 22:03:17,008 WARNING hermes_cli.web_server: Binding to 0.0.0.0 with --insecure — the dashboard has no robust authentication. Only use on trusted networks.
2026-09-09 22:03:23,503 INFO hermes_cli.web_server: Mounted plugin API routes: /api/plugins/hermes-achievements/
2026-09-09 22:03:23,515 WARNING hermes_cli.web_server: Failed to load plugin kanban API routes: Form data requires "python-multipart" to be installed. 
You can install "python-multipart" with: 

pip install python-multipart

2026-09-09 22:03:23,520 WARNING hermes_cli.web_server: Binding to 0.0.0.0 with --insecure — the dashboard has no robust authentication. Only use on trusted networks.
2026-09-09 22:03:29,971 INFO hermes_cli.web_server: Mounted plugin API routes: /api/plugins/hermes-achievements/
2026-09-09 22:03:29,982 WARNING hermes_cli.web_server: Failed to load plugin kanban API routes: Form data requires "python-multipart" to be installed. 
You can install "python-multipart" with: 

pip install python-multipart

2026-09-09 22:03:29,986 WARNING hermes_cli.web_server: Binding to 0.0.0.0 with --insecure — the dashboard has no robust authentication. Only use on trusted networks.
2026-09-09 22:03:36,493 INFO hermes_cli.web_server: Mounted plugin API routes: /api/plugins/hermes-achievements/
2026-09-09 22:03:36,506 WARNING hermes_cli.web_server: Failed to load plugin kanban API routes: Form data requires "python-multipart" to be installed. 
You can install "python-multipart" with: 

pip install python-multipart

2026-09-09 22:03:36,512 WARNING hermes_cli.web_server: Binding to 0.0.0.0 with --insecure — the dashboard has no robust authentication. Only use on trusted networks.
2026-09-09 22:03:43,004 INFO hermes_cli.web_server: Mounted plugin API routes: /api/plugins/hermes-achievements/
2026-09-09 22:03:43,015 WARNING hermes_cli.web_server: Failed to load plugin kanban API routes: Form data requires "python-multipart" to be installed. 
You can install "python-multipart" with: 

pip install python-multipart

2026-09-09 22:03:43,020 WARNING hermes_cli.web_server: Binding to 0.0.0.0 with --insecure — the dashboard has no robust authentication. Only use on trusted networks.
2026-09-09 22:03:49,520 INFO hermes_cli.web_server: Mounted plugin API routes: /api/plugins/hermes-achievements/
2026-09-09 22:03:49,532 WARNING hermes_cli.web_server: Failed to load plugin kanban API routes: Form data requires "python-multipart" to be installed. 
You can install "python-multipart" with: 

pip install python-multipart

2026-09-09 22:03:49,537 WARNING hermes_cli.web_server: Binding to 0.0.0.0 with --insecure — the dashboard has no robust authentication. Only use on trusted networks.
2026-09-09 22:03:56,012 INFO hermes_cli.web_server: Mounted plugin API routes: /api/plugins/hermes-achievements/
2026-09-09 22:03:56,024 WARNING hermes_cli.web_server: Failed to load plugin kanban API routes: Form data requires "python-multipart" to be installed. 
You can install "python-multipart" with: 

pip install python-multipart

2026-09-09 22:03:56,029 WARNING hermes_cli.web_server: Binding to 0.0.0.0 with --insecure — the dashboard has no robust authentication. Only use on trusted networks.
2026-09-09 22:04:02,501 INFO hermes_cli.web_server: Mounted plugin API routes: /api/plugins/hermes-achievements/
2026-09-09 22:04:02,514 WARNING hermes_cli.web_server: Failed to load plugin kanban API routes: Form data requires "python-multipart" to be installed. 
You can install "python-multipart" with: 

pip install python-multipart

2026-09-09 22:04:02,519 WARNING hermes_cli.web_server: Binding to 0.0.0.0 with --insecure — the dashboard has no robust authentication. Only use on trusted networks.
2026-09-09 22:04:09,017 INFO hermes_cli.web_server: Mounted plugin API routes: /api/plugins/hermes-achievements/
2026-09-09 22:04:09,029 WARNING hermes_cli.web_server: Failed to load plugin kanban API routes: Form data requires "python-multipart" to be installed. 
You can install "python-multipart" with: 

pip install python-multipart

2026-09-09 22:04:09,034 WARNING hermes_cli.web_server: Binding to 0.0.0.0 with --insecure — the dashboard has no robust authentication. Only use on trusted networks.
2026-09-09 22:04:15,526 INFO hermes_cli.web_server: Mounted plugin API routes: /api/plugins/hermes-achievements/
2026-09-09 22:04:15,537 WARNING hermes_cli.web_server: Failed to load plugin kanban API routes: Form data requires "python-multipart" to be installed. 
You can install "python-multipart" with: 

pip install python-multipart

2026-09-09 22:04:15,542 WARNING hermes_cli.web_server: Binding to 0.0.0.0 with --insecure — the dashboard has no robust authentication. Only use on trusted networks.
2026-09-09 22:04:22,019 INFO hermes_cli.web_server: Mounted plugin API routes: /api/plugins/hermes-achievements/
2026-09-09 22:04:22,031 WARNING hermes_cli.web_server: Failed to load plugin kanban API routes: Form data requires "python-multipart" to be installed. 
You can install "python-multipart" with: 

pip install python-multipart

2026-09-09 22:04:22,036 WARNING hermes_cli.web_server: Binding to 0.0.0.0 with --insecure — the dashboard has no robust authentication. Only use on trusted networks.
2026-09-09 22:04:28,509 INFO hermes_cli.web_server: Mounted plugin API routes: /api/plugins/hermes-achievements/
2026-09-09 22:04:28,520 WARNING hermes_cli.web_server: Failed to load plugin kanban API routes: Form data requires "python-multipart" to be installed. 
You can install "python-multipart" with: 

pip install python-multipart

2026-09-09 22:04:28,525 WARNING hermes_cli.web_server: Binding to 0.0.0.0 with --insecure — the dashboard has no robust authentication. Only use on trusted networks.
2026-09-09 22:04:35,003 INFO hermes_cli.web_server: Mounted plugin API routes: /api/plugins/hermes-achievements/
2026-09-09 22:04:35,015 WARNING hermes_cli.web_server: Failed to load plugin kanban API routes: Form data requires "python-multipart" to be installed. 
You can install "python-multipart" with: 

pip install python-multipart

2026-09-09 22:04:35,019 WARNING hermes_cli.web_server: Binding to 0.0.0.0 with --insecure — the dashboard has no robust authentication. Only use on trusted networks.
2026-09-09 22:04:41,507 INFO hermes_cli.web_server: Mounted plugin API routes: /api/plugins/hermes-achievements/
2026-09-09 22:04:41,519 WARNING hermes_cli.web_server: Failed to load plugin kanban API routes: Form data requires "python-multipart" to be installed. 
You can install "python-multipart" with: 

pip install python-multipart

2026-09-09 22:04:41,523 WARNING hermes_cli.web_server: Binding to 0.0.0.0 with --insecure — the dashboard has no robust authentication. Only use on trusted networks.
2026-09-09 22:04:48,017 INFO hermes_cli.web_server: Mounted plugin API routes: /api/plugins/hermes-achievements/
2026-09-09 22:04:48,028 WARNING hermes_cli.web_server: Failed to load plugin kanban API routes: Form data requires "python-multipart" to be installed. 
You can install "python-multipart" with: 

pip install python-multipart

2026-09-09 22:04:48,033 WARNING hermes_cli.web_server: Binding to 0.0.0.0 with --insecure — the dashboard has no robust authentication. Only use on trusted networks.
2026-09-09 22:04:54,484 INFO hermes_cli.web_server: Mounted plugin API routes: /api/plugins/hermes-achievements/
2026-09-09 22:04:54,495 WARNING hermes_cli.web_server: Failed to load plugin kanban API routes: Form data requires "python-multipart" to be installed. 
You can install "python-multipart" with: 

pip install python-multipart

2026-09-09 22:04:54,500 WARNING hermes_cli.web_server: Binding to 0.0.0.0 with --insecure — the dashboard has no robust authentication. Only use on trusted networks.
2026-09-09 22:05:00,984 INFO hermes_cli.web_server: Mounted plugin API routes: /api/plugins/hermes-achievements/
2026-09-09 22:05:00,996 WARNING hermes_cli.web_server: Failed to load plugin kanban API routes: Form data requires "python-multipart" to be installed. 
You can install "python-multipart" with: 

pip install python-multipart

2026-09-09 22:05:01,000 WARNING hermes_cli.web_server: Binding to 0.0.0.0 with --insecure — the dashboard has no robust authentication. Only use on trusted networks.
2026-09-09 22:05:07,481 INFO hermes_cli.web_server: Mounted plugin API routes: /api/plugins/hermes-achievements/
2026-09-09 22:05:07,492 WARNING hermes_cli.web_server: Failed to load plugin kanban API routes: Form data requires "python-multipart" to be installed. 
You can install "python-multipart" with: 

pip install python-multipart

2026-09-09 22:05:07,497 WARNING hermes_cli.web_server: Binding to 0.0.0.0 with --insecure — the dashboard has no robust authentication. Only use on trusted networks.
2026-09-09 22:05:14,041 INFO hermes_cli.web_server: Mounted plugin API routes: /api/plugins/hermes-achievements/
2026-09-09 22:05:14,052 WARNING hermes_cli.web_server: Failed to load plugin kanban API routes: Form data requires "python-multipart" to be installed. 
You can install "python-multipart" with: 

pip install python-multipart

2026-09-09 22:05:14,057 WARNING hermes_cli.web_server: Binding to 0.0.0.0 with --insecure — the dashboard has no robust authentication. Only use on trusted networks.
2026-09-09 22:05:20,516 INFO hermes_cli.web_server: Mounted plugin API routes: /api/plugins/hermes-achievements/
2026-09-09 22:05:20,527 WARNING hermes_cli.web_server: Failed to load plugin kanban API routes: Form data requires "python-multipart" to be installed. 
You can install "python-multipart" with: 

pip install python-multipart

2026-09-09 22:05:20,532 WARNING hermes_cli.web_server: Binding to 0.0.0.0 with --insecure — the dashboard has no robust authentication. Only use on trusted networks.
2026-09-09 22:05:26,990 INFO hermes_cli.web_server: Mounted plugin API routes: /api/plugins/hermes-achievements/
2026-09-09 22:05:27,002 WARNING hermes_cli.web_server: Failed to load plugin kanban API routes: Form data requires "python-multipart" to be installed. 
You can install "python-multipart" with: 

pip install python-multipart

2026-09-09 22:05:27,007 WARNING hermes_cli.web_server: Binding to 0.0.0.0 with --insecure — the dashboard has no robust authentication. Only use on trusted networks.
2026-09-09 22:05:33,475 INFO hermes_cli.web_server: Mounted plugin API routes: /api/plugins/hermes-achievements/
2026-09-09 22:05:33,486 WARNING hermes_cli.web_server: Failed to load plugin kanban API routes: Form data requires "python-multipart" to be installed. 
You can install "python-multipart" with: 

pip install python-multipart

2026-09-09 22:05:33,491 WARNING hermes_cli.web_server: Binding to 0.0.0.0 with --insecure — the dashboard has no robust authentication. Only use on trusted networks.
2026-09-09 22:05:40,017 INFO hermes_cli.web_server: Mounted plugin API routes: /api/plugins/hermes-achievements/
2026-09-09 22:05:40,029 WARNING hermes_cli.web_server: Failed to load plugin kanban API routes: Form data requires "python-multipart" to be installed. 
You can install "python-multipart" with: 

pip install python-multipart

2026-09-09 22:05:40,035 WARNING hermes_cli.web_server: Binding to 0.0.0.0 with --insecure — the dashboard has no robust authentication. Only use on trusted networks.
2026-09-09 22:05:46,550 INFO hermes_cli.web_server: Mounted plugin API routes: /api/plugins/hermes-achievements/
2026-09-09 22:05:46,562 WARNING hermes_cli.web_server: Failed to load plugin kanban API routes: Form data requires "python-multipart" to be installed. 
You can install "python-multipart" with: 

pip install python-multipart

2026-09-09 22:05:46,566 WARNING hermes_cli.web_server: Binding to 0.0.0.0 with --insecure — the dashboard has no robust authentication. Only use on trusted networks.
2026-09-09 22:05:53,012 INFO hermes_cli.web_server: Mounted plugin API routes: /api/plugins/hermes-achievements/
2026-09-09 22:05:53,024 WARNING hermes_cli.web_server: Failed to load plugin kanban API routes: Form data requires "python-multipart" to be installed. 
You can install "python-multipart" with: 

pip install python-multipart

2026-09-09 22:05:53,028 WARNING hermes_cli.web_server: Binding to 0.0.0.0 with --insecure — the dashboard has no robust authentication. Only use on trusted networks.
2026-09-09 22:05:59,505 INFO hermes_cli.web_server: Mounted plugin API routes: /api/plugins/hermes-achievements/
2026-09-09 22:05:59,517 WARNING hermes_cli.web_server: Failed to load plugin kanban API routes: Form data requires "python-multipart" to be installed. 
You can install "python-multipart" with: 

pip install python-multipart

2026-09-09 22:05:59,522 WARNING hermes_cli.web_server: Binding to 0.0.0.0 with --insecure — the dashboard has no robust authentication. Only use on trusted networks.
2026-09-09 22:06:06,060 INFO hermes_cli.web_server: Mounted plugin API routes: /api/plugins/hermes-achievements/
2026-09-09 22:06:06,071 WARNING hermes_cli.web_server: Failed to load plugin kanban API routes: Form data requires "python-multipart" to be installed. 
You can install "python-multipart" with: 

pip install python-multipart

2026-09-09 22:06:06,076 WARNING hermes_cli.web_server: Binding to 0.0.0.0 with --insecure — the dashboard has no robust authentication. Only use on trusted networks.
2026-09-09 22:06:12,515 INFO hermes_cli.web_server: Mounted plugin API routes: /api/plugins/hermes-achievements/
2026-09-09 22:06:12,526 WARNING hermes_cli.web_server: Failed to load plugin kanban API routes: Form data requires "python-multipart" to be installed. 
You can install "python-multipart" with: 

pip install python-multipart

2026-09-09 22:06:12,531 WARNING hermes_cli.web_server: Binding to 0.0.0.0 with --insecure — the dashboard has no robust authentication. Only use on trusted networks.
2026-09-09 22:06:19,038 INFO hermes_cli.web_server: Mounted plugin API routes: /api/plugins/hermes-achievements/
2026-09-09 22:06:19,050 WARNING hermes_cli.web_server: Failed to load plugin kanban API routes: Form data requires "python-multipart" to be installed. 
You can install "python-multipart" with: 

pip install python-multipart

2026-09-09 22:06:19,055 WARNING hermes_cli.web_server: Binding to 0.0.0.0 with --insecure — the dashboard has no robust authentication. Only use on trusted networks.
2026-09-09 22:06:25,473 INFO hermes_cli.web_server: Mounted plugin API routes: /api/plugins/hermes-achievements/
2026-09-09 22:06:25,485 WARNING hermes_cli.web_server: Failed to load plugin kanban API routes: Form data requires "python-multipart" to be installed. 
You can install "python-multipart" with: 

pip install python-multipart

2026-09-09 22:06:25,489 WARNING hermes_cli.web_server: Binding to 0.0.0.0 with --insecure — the dashboard has no robust authentication. Only use on trusted networks.
2026-09-09 22:06:32,027 INFO hermes_cli.web_server: Mounted plugin API routes: /api/plugins/hermes-achievements/
2026-09-09 22:06:32,039 WARNING hermes_cli.web_server: Failed to load plugin kanban API routes: Form data requires "python-multipart" to be installed. 
You can install "python-multipart" with: 

pip install python-multipart

2026-09-09 22:06:32,044 WARNING hermes_cli.web_server: Binding to 0.0.0.0 with --insecure — the dashboard has no robust authentication. Only use on trusted networks.
2026-09-09 22:06:38,490 INFO hermes_cli.web_server: Mounted plugin API routes: /api/plugins/hermes-achievements/
2026-09-09 22:06:38,501 WARNING hermes_cli.web_server: Failed to load plugin kanban API routes: Form data requires "python-multipart" to be installed. 
You can install "python-multipart" with: 

pip install python-multipart

2026-09-09 22:06:38,506 WARNING hermes_cli.web_server: Binding to 0.0.0.0 with --insecure — the dashboard has no robust authentication. Only use on trusted networks.
2026-09-09 22:06:45,009 INFO hermes_cli.web_server: Mounted plugin API routes: /api/plugins/hermes-achievements/
2026-09-09 22:06:45,020 WARNING hermes_cli.web_server: Failed to load plugin kanban API routes: Form data requires "python-multipart" to be installed. 
You can install "python-multipart" with: 

pip install python-multipart

2026-09-09 22:06:45,025 WARNING hermes_cli.web_server: Binding to 0.0.0.0 with --insecure — the dashboard has no robust authentication. Only use on trusted networks.
2026-09-09 22:06:51,505 INFO hermes_cli.web_server: Mounted plugin API routes: /api/plugins/hermes-achievements/
2026-09-09 22:06:51,516 WARNING hermes_cli.web_server: Failed to load plugin kanban API routes: Form data requires "python-multipart" to be installed. 
You can install "python-multipart" with: 

pip install python-multipart

2026-09-09 22:06:51,521 WARNING hermes_cli.web_server: Binding to 0.0.0.0 with --insecure — the dashboard has no robust authentication. Only use on trusted networks.
2026-09-09 22:06:58,005 INFO hermes_cli.web_server: Mounted plugin API routes: /api/plugins/hermes-achievements/
2026-09-09 22:06:58,016 WARNING hermes_cli.web_server: Failed to load plugin kanban API routes: Form data requires "python-multipart" to be installed. 
You can install "python-multipart" with: 

pip install python-multipart

2026-09-09 22:06:58,021 WARNING hermes_cli.web_server: Binding to 0.0.0.0 with --insecure — the dashboard has no robust authentication. Only use on trusted networks.
2026-09-09 22:07:04,497 INFO hermes_cli.web_server: Mounted plugin API routes: /api/plugins/hermes-achievements/
2026-09-09 22:07:04,508 WARNING hermes_cli.web_server: Failed to load plugin kanban API routes: Form data requires "python-multipart" to be installed. 
You can install "python-multipart" with: 

pip install python-multipart

2026-09-09 22:07:04,513 WARNING hermes_cli.web_server: Binding to 0.0.0.0 with --insecure — the dashboard has no robust authentication. Only use on trusted networks.
2026-09-09 22:07:11,022 INFO hermes_cli.web_server: Mounted plugin API routes: /api/plugins/hermes-achievements/
2026-09-09 22:07:11,035 WARNING hermes_cli.web_server: Failed to load plugin kanban API routes: Form data requires "python-multipart" to be installed. 
You can install "python-multipart" with: 

pip install python-multipart

2026-09-09 22:07:11,041 WARNING hermes_cli.web_server: Binding to 0.0.0.0 with --insecure — the dashboard has no robust authentication. Only use on trusted networks.
2026-09-09 22:07:17,487 INFO hermes_cli.web_server: Mounted plugin API routes: /api/plugins/hermes-achievements/
2026-09-09 22:07:17,499 WARNING hermes_cli.web_server: Failed to load plugin kanban API routes: Form data requires "python-multipart" to be installed. 
You can install "python-multipart" with: 

pip install python-multipart

2026-09-09 22:07:17,504 WARNING hermes_cli.web_server: Binding to 0.0.0.0 with --insecure — the dashboard has no robust authentication. Only use on trusted networks.
2026-09-09 22:07:24,003 INFO hermes_cli.web_server: Mounted plugin API routes: /api/plugins/hermes-achievements/
2026-09-09 22:07:24,015 WARNING hermes_cli.web_server: Failed to load plugin kanban API routes: Form data requires "python-multipart" to be installed. 
You can install "python-multipart" with: 

pip install python-multipart

2026-09-09 22:07:24,020 WARNING hermes_cli.web_server: Binding to 0.0.0.0 with --insecure — the dashboard has no robust authentication. Only use on trusted networks.
2026-09-09 22:07:30,506 INFO hermes_cli.web_server: Mounted plugin API routes: /api/plugins/hermes-achievements/
2026-09-09 22:07:30,517 WARNING hermes_cli.web_server: Failed to load plugin kanban API routes: Form data requires "python-multipart" to be installed. 
You can install "python-multipart" with: 

pip install python-multipart

2026-09-09 22:07:30,522 WARNING hermes_cli.web_server: Binding to 0.0.0.0 with --insecure — the dashboard has no robust authentication. Only use on trusted networks.
2026-09-09 22:07:36,994 INFO hermes_cli.web_server: Mounted plugin API routes: /api/plugins/hermes-achievements/
2026-09-09 22:07:37,005 WARNING hermes_cli.web_server: Failed to load plugin kanban API routes: Form data requires "python-multipart" to be installed. 
You can install "python-multipart" with: 

pip install python-multipart

2026-09-09 22:07:37,010 WARNING hermes_cli.web_server: Binding to 0.0.0.0 with --insecure — the dashboard has no robust authentication. Only use on trusted networks.
2026-09-09 22:12:38,745 INFO hermes_cli.web_server: Mounted plugin API routes: /api/plugins/hermes-achievements/
2026-09-09 22:12:38,756 WARNING hermes_cli.web_server: Failed to load plugin kanban API routes: Form data requires "python-multipart" to be installed. 
You can install "python-multipart" with: 

pip install python-multipart

2026-09-09 22:12:38,761 WARNING hermes_cli.web_server: Binding to 0.0.0.0 with --insecure — the dashboard has no robust authentication. Only use on trusted networks.
2026-09-09 22:12:45,240 INFO hermes_cli.web_server: Mounted plugin API routes: /api/plugins/hermes-achievements/
2026-09-09 22:12:45,251 WARNING hermes_cli.web_server: Failed to load plugin kanban API routes: Form data requires "python-multipart" to be installed. 
You can install "python-multipart" with: 

pip install python-multipart

2026-09-09 22:12:45,256 WARNING hermes_cli.web_server: Binding to 0.0.0.0 with --insecure — the dashboard has no robust authentication. Only use on trusted networks.
2026-09-09 22:12:51,745 INFO hermes_cli.web_server: Mounted plugin API routes: /api/plugins/hermes-achievements/
2026-09-09 22:12:51,757 WARNING hermes_cli.web_server: Failed to load plugin kanban API routes: Form data requires "python-multipart" to be installed. 
You can install "python-multipart" with: 

pip install python-multipart

2026-09-09 22:12:51,762 WARNING hermes_cli.web_server: Binding to 0.0.0.0 with --insecure — the dashboard has no robust authentication. Only use on trusted networks.
2026-09-09 22:12:58,283 INFO hermes_cli.web_server: Mounted plugin API routes: /api/plugins/hermes-achievements/
2026-09-09 22:12:58,295 WARNING hermes_cli.web_server: Failed to load plugin kanban API routes: Form data requires "python-multipart" to be installed. 
You can install "python-multipart" with: 

pip install python-multipart

2026-09-09 22:12:58,300 WARNING hermes_cli.web_server: Binding to 0.0.0.0 with --insecure — the dashboard has no robust authentication. Only use on trusted networks.
2026-09-09 22:13:04,768 INFO hermes_cli.web_server: Mounted plugin API routes: /api/plugins/hermes-achievements/
2026-09-09 22:13:04,779 WARNING hermes_cli.web_server: Failed to load plugin kanban API routes: Form data requires "python-multipart" to be installed. 
You can install "python-multipart" with: 

pip install python-multipart

2026-09-09 22:13:04,784 WARNING hermes_cli.web_server: Binding to 0.0.0.0 with --insecure — the dashboard has no robust authentication. Only use on trusted networks.
2026-09-09 22:13:11,231 INFO hermes_cli.web_server: Mounted plugin API routes: /api/plugins/hermes-achievements/
2026-09-09 22:13:11,243 WARNING hermes_cli.web_server: Failed to load plugin kanban API routes: Form data requires "python-multipart" to be installed. 
You can install "python-multipart" with: 

pip install python-multipart

2026-09-09 22:13:11,248 WARNING hermes_cli.web_server: Binding to 0.0.0.0 with --insecure — the dashboard has no robust authentication. Only use on trusted networks.
2026-09-09 22:13:17,755 INFO hermes_cli.web_server: Mounted plugin API routes: /api/plugins/hermes-achievements/
2026-09-09 22:13:17,766 WARNING hermes_cli.web_server: Failed to load plugin kanban API routes: Form data requires "python-multipart" to be installed. 
You can install "python-multipart" with: 

pip install python-multipart

2026-09-09 22:13:17,771 WARNING hermes_cli.web_server: Binding to 0.0.0.0 with --insecure — the dashboard has no robust authentication. Only use on trusted networks.
2026-09-09 22:13:24,250 INFO hermes_cli.web_server: Mounted plugin API routes: /api/plugins/hermes-achievements/
2026-09-09 22:13:24,261 WARNING hermes_cli.web_server: Failed to load plugin kanban API routes: Form data requires "python-multipart" to be installed. 
You can install "python-multipart" with: 

pip install python-multipart

2026-09-09 22:13:24,266 WARNING hermes_cli.web_server: Binding to 0.0.0.0 with --insecure — the dashboard has no robust authentication. Only use on trusted networks.
2026-09-09 22:13:30,775 INFO hermes_cli.web_server: Mounted plugin API routes: /api/plugins/hermes-achievements/
2026-09-09 22:13:30,786 WARNING hermes_cli.web_server: Failed to load plugin kanban API routes: Form data requires "python-multipart" to be installed. 
You can install "python-multipart" with: 

pip install python-multipart

2026-09-09 22:13:30,791 WARNING hermes_cli.web_server: Binding to 0.0.0.0 with --insecure — the dashboard has no robust authentication. Only use on trusted networks.
2026-09-09 22:13:37,316 INFO hermes_cli.web_server: Mounted plugin API routes: /api/plugins/hermes-achievements/
2026-09-09 22:13:37,329 WARNING hermes_cli.web_server: Failed to load plugin kanban API routes: Form data requires "python-multipart" to be installed. 
You can install "python-multipart" with: 

pip install python-multipart

2026-09-09 22:13:37,334 WARNING hermes_cli.web_server: Binding to 0.0.0.0 with --insecure — the dashboard has no robust authentication. Only use on trusted networks.
2026-09-09 22:13:43,731 INFO hermes_cli.web_server: Mounted plugin API routes: /api/plugins/hermes-achievements/
2026-09-09 22:13:43,743 WARNING hermes_cli.web_server: Failed to load plugin kanban API routes: Form data requires "python-multipart" to be installed. 
You can install "python-multipart" with: 

pip install python-multipart

2026-09-09 22:13:43,748 WARNING hermes_cli.web_server: Binding to 0.0.0.0 with --insecure — the dashboard has no robust authentication. Only use on trusted networks.
2026-09-09 22:13:50,258 INFO hermes_cli.web_server: Mounted plugin API routes: /api/plugins/hermes-achievements/
2026-09-09 22:13:50,269 WARNING hermes_cli.web_server: Failed to load plugin kanban API routes: Form data requires "python-multipart" to be installed. 
You can install "python-multipart" with: 

pip install python-multipart

2026-09-09 22:13:50,274 WARNING hermes_cli.web_server: Binding to 0.0.0.0 with --insecure — the dashboard has no robust authentication. Only use on trusted networks.
2026-09-09 22:13:56,746 INFO hermes_cli.web_server: Mounted plugin API routes: /api/plugins/hermes-achievements/
2026-09-09 22:13:56,757 WARNING hermes_cli.web_server: Failed to load plugin kanban API routes: Form data requires "python-multipart" to be installed. 
You can install "python-multipart" with: 

pip install python-multipart

2026-09-09 22:13:56,762 WARNING hermes_cli.web_server: Binding to 0.0.0.0 with --insecure — the dashboard has no robust authentication. Only use on trusted networks.
2026-09-09 22:14:03,247 INFO hermes_cli.web_server: Mounted plugin API routes: /api/plugins/hermes-achievements/
2026-09-09 22:14:03,258 WARNING hermes_cli.web_server: Failed to load plugin kanban API routes: Form data requires "python-multipart" to be installed. 
You can install "python-multipart" with: 

pip install python-multipart

2026-09-09 22:14:03,263 WARNING hermes_cli.web_server: Binding to 0.0.0.0 with --insecure — the dashboard has no robust authentication. Only use on trusted networks.
2026-09-09 22:14:09,747 INFO hermes_cli.web_server: Mounted plugin API routes: /api/plugins/hermes-achievements/
2026-09-09 22:14:09,758 WARNING hermes_cli.web_server: Failed to load plugin kanban API routes: Form data requires "python-multipart" to be installed. 
You can install "python-multipart" with: 

pip install python-multipart

2026-09-09 22:14:09,763 WARNING hermes_cli.web_server: Binding to 0.0.0.0 with --insecure — the dashboard has no robust authentication. Only use on trusted networks.
2026-09-09 22:14:16,240 INFO hermes_cli.web_server: Mounted plugin API routes: /api/plugins/hermes-achievements/
2026-09-09 22:14:16,251 WARNING hermes_cli.web_server: Failed to load plugin kanban API routes: Form data requires "python-multipart" to be installed. 
You can install "python-multipart" with: 

pip install python-multipart

2026-09-09 22:14:16,256 WARNING hermes_cli.web_server: Binding to 0.0.0.0 with --insecure — the dashboard has no robust authentication. Only use on trusted networks.
2026-09-09 22:14:22,741 INFO hermes_cli.web_server: Mounted plugin API routes: /api/plugins/hermes-achievements/
2026-09-09 22:14:22,752 WARNING hermes_cli.web_server: Failed to load plugin kanban API routes: Form data requires "python-multipart" to be installed. 
You can install "python-multipart" with: 

pip install python-multipart

2026-09-09 22:14:22,757 WARNING hermes_cli.web_server: Binding to 0.0.0.0 with --insecure — the dashboard has no robust authentication. Only use on trusted networks.
2026-09-09 22:14:29,248 INFO hermes_cli.web_server: Mounted plugin API routes: /api/plugins/hermes-achievements/
2026-09-09 22:14:29,260 WARNING hermes_cli.web_server: Failed to load plugin kanban API routes: Form data requires "python-multipart" to be installed. 
You can install "python-multipart" with: 

pip install python-multipart

2026-09-09 22:14:29,265 WARNING hermes_cli.web_server: Binding to 0.0.0.0 with --insecure — the dashboard has no robust authentication. Only use on trusted networks.
2026-09-09 22:14:35,733 INFO hermes_cli.web_server: Mounted plugin API routes: /api/plugins/hermes-achievements/
2026-09-09 22:14:35,745 WARNING hermes_cli.web_server: Failed to load plugin kanban API routes: Form data requires "python-multipart" to be installed. 
You can install "python-multipart" with: 

pip install python-multipart

2026-09-09 22:14:35,750 WARNING hermes_cli.web_server: Binding to 0.0.0.0 with --insecure — the dashboard has no robust authentication. Only use on trusted networks.
2026-09-09 22:14:42,274 INFO hermes_cli.web_server: Mounted plugin API routes: /api/plugins/hermes-achievements/
2026-09-09 22:14:42,286 WARNING hermes_cli.web_server: Failed to load plugin kanban API routes: Form data requires "python-multipart" to be installed. 
You can install "python-multipart" with: 

pip install python-multipart

2026-09-09 22:14:42,290 WARNING hermes_cli.web_server: Binding to 0.0.0.0 with --insecure — the dashboard has no robust authentication. Only use on trusted networks.
2026-09-09 22:14:48,775 INFO hermes_cli.web_server: Mounted plugin API routes: /api/plugins/hermes-achievements/
2026-09-09 22:14:48,787 WARNING hermes_cli.web_server: Failed to load plugin kanban API routes: Form data requires "python-multipart" to be installed. 
You can install "python-multipart" with: 

pip install python-multipart

2026-09-09 22:14:48,791 WARNING hermes_cli.web_server: Binding to 0.0.0.0 with --insecure — the dashboard has no robust authentication. Only use on trusted networks.
2026-09-09 22:14:55,298 INFO hermes_cli.web_server: Mounted plugin API routes: /api/plugins/hermes-achievements/
2026-09-09 22:14:55,309 WARNING hermes_cli.web_server: Failed to load plugin kanban API routes: Form data requires "python-multipart" to be installed. 
You can install "python-multipart" with: 

pip install python-multipart

2026-09-09 22:14:55,314 WARNING hermes_cli.web_server: Binding to 0.0.0.0 with --insecure — the dashboard has no robust authentication. Only use on trusted networks.
2026-09-09 22:15:01,788 INFO hermes_cli.web_server: Mounted plugin API routes: /api/plugins/hermes-achievements/
2026-09-09 22:15:01,799 WARNING hermes_cli.web_server: Failed to load plugin kanban API routes: Form data requires "python-multipart" to be installed. 
You can install "python-multipart" with: 

pip install python-multipart

2026-09-09 22:15:01,804 WARNING hermes_cli.web_server: Binding to 0.0.0.0 with --insecure — the dashboard has no robust authentication. Only use on trusted networks.
2026-09-09 22:15:08,294 INFO hermes_cli.web_server: Mounted plugin API routes: /api/plugins/hermes-achievements/
2026-09-09 22:15:08,306 WARNING hermes_cli.web_server: Failed to load plugin kanban API routes: Form data requires "python-multipart" to be installed. 
You can install "python-multipart" with: 

pip install python-multipart

2026-09-09 22:15:08,310 WARNING hermes_cli.web_server: Binding to 0.0.0.0 with --insecure — the dashboard has no robust authentication. Only use on trusted networks.
2026-09-09 22:15:14,765 INFO hermes_cli.web_server: Mounted plugin API routes: /api/plugins/hermes-achievements/
2026-09-09 22:15:14,777 WARNING hermes_cli.web_server: Failed to load plugin kanban API routes: Form data requires "python-multipart" to be installed. 
You can install "python-multipart" with: 

pip install python-multipart

2026-09-09 22:15:14,782 WARNING hermes_cli.web_server: Binding to 0.0.0.0 with --insecure — the dashboard has no robust authentication. Only use on trusted networks.
2026-09-09 22:15:21,235 INFO hermes_cli.web_server: Mounted plugin API routes: /api/plugins/hermes-achievements/
2026-09-09 22:15:21,246 WARNING hermes_cli.web_server: Failed to load plugin kanban API routes: Form data requires "python-multipart" to be installed. 
You can install "python-multipart" with: 

pip install python-multipart

2026-09-09 22:15:21,251 WARNING hermes_cli.web_server: Binding to 0.0.0.0 with --insecure — the dashboard has no robust authentication. Only use on trusted networks.
2026-09-09 22:15:27,777 INFO hermes_cli.web_server: Mounted plugin API routes: /api/plugins/hermes-achievements/
2026-09-09 22:15:27,789 WARNING hermes_cli.web_server: Failed to load plugin kanban API routes: Form data requires "python-multipart" to be installed. 
You can install "python-multipart" with: 

pip install python-multipart

2026-09-09 22:15:27,796 WARNING hermes_cli.web_server: Binding to 0.0.0.0 with --insecure — the dashboard has no robust authentication. Only use on trusted networks.
2026-09-09 22:15:34,282 INFO hermes_cli.web_server: Mounted plugin API routes: /api/plugins/hermes-achievements/
2026-09-09 22:15:34,293 WARNING hermes_cli.web_server: Failed to load plugin kanban API routes: Form data requires "python-multipart" to be installed. 
You can install "python-multipart" with: 

pip install python-multipart

2026-09-09 22:15:34,298 WARNING hermes_cli.web_server: Binding to 0.0.0.0 with --insecure — the dashboard has no robust authentication. Only use on trusted networks.
2026-09-09 22:15:40,762 INFO hermes_cli.web_server: Mounted plugin API routes: /api/plugins/hermes-achievements/
2026-09-09 22:15:40,774 WARNING hermes_cli.web_server: Failed to load plugin kanban API routes: Form data requires "python-multipart" to be installed. 
You can install "python-multipart" with: 

pip install python-multipart

2026-09-09 22:15:40,778 WARNING hermes_cli.web_server: Binding to 0.0.0.0 with --insecure — the dashboard has no robust authentication. Only use on trusted networks.
2026-09-09 22:15:47,270 INFO hermes_cli.web_server: Mounted plugin API routes: /api/plugins/hermes-achievements/
2026-09-09 22:15:47,281 WARNING hermes_cli.web_server: Failed to load plugin kanban API routes: Form data requires "python-multipart" to be installed. 
You can install "python-multipart" with: 

pip install python-multipart

2026-09-09 22:15:47,286 WARNING hermes_cli.web_server: Binding to 0.0.0.0 with --insecure — the dashboard has no robust authentication. Only use on trusted networks.
2026-09-09 22:15:53,777 INFO hermes_cli.web_server: Mounted plugin API routes: /api/plugins/hermes-achievements/
2026-09-09 22:15:53,789 WARNING hermes_cli.web_server: Failed to load plugin kanban API routes: Form data requires "python-multipart" to be installed. 
You can install "python-multipart" with: 

pip install python-multipart

2026-09-09 22:15:53,794 WARNING hermes_cli.web_server: Binding to 0.0.0.0 with --insecure — the dashboard has no robust authentication. Only use on trusted networks.
2026-09-09 22:16:00,316 INFO hermes_cli.web_server: Mounted plugin API routes: /api/plugins/hermes-achievements/
2026-09-09 22:16:00,327 WARNING hermes_cli.web_server: Failed to load plugin kanban API routes: Form data requires "python-multipart" to be installed. 
You can install "python-multipart" with: 

pip install python-multipart

2026-09-09 22:16:00,332 WARNING hermes_cli.web_server: Binding to 0.0.0.0 with --insecure — the dashboard has no robust authentication. Only use on trusted networks.
2026-09-09 22:16:06,740 INFO hermes_cli.web_server: Mounted plugin API routes: /api/plugins/hermes-achievements/
2026-09-09 22:16:06,752 WARNING hermes_cli.web_server: Failed to load plugin kanban API routes: Form data requires "python-multipart" to be installed. 
You can install "python-multipart" with: 

pip install python-multipart

2026-09-09 22:16:06,756 WARNING hermes_cli.web_server: Binding to 0.0.0.0 with --insecure — the dashboard has no robust authentication. Only use on trusted networks.
2026-09-09 22:16:13,256 INFO hermes_cli.web_server: Mounted plugin API routes: /api/plugins/hermes-achievements/
2026-09-09 22:16:13,267 WARNING hermes_cli.web_server: Failed to load plugin kanban API routes: Form data requires "python-multipart" to be installed. 
You can install "python-multipart" with: 

pip install python-multipart

2026-09-09 22:16:13,272 WARNING hermes_cli.web_server: Binding to 0.0.0.0 with --insecure — the dashboard has no robust authentication. Only use on trusted networks.
2026-09-09 22:16:19,749 INFO hermes_cli.web_server: Mounted plugin API routes: /api/plugins/hermes-achievements/
2026-09-09 22:16:19,760 WARNING hermes_cli.web_server: Failed to load plugin kanban API routes: Form data requires "python-multipart" to be installed. 
You can install "python-multipart" with: 

pip install python-multipart

2026-09-09 22:16:19,765 WARNING hermes_cli.web_server: Binding to 0.0.0.0 with --insecure — the dashboard has no robust authentication. Only use on trusted networks.
2026-09-09 22:16:26,317 INFO hermes_cli.web_server: Mounted plugin API routes: /api/plugins/hermes-achievements/
2026-09-09 22:16:26,329 WARNING hermes_cli.web_server: Failed to load plugin kanban API routes: Form data requires "python-multipart" to be installed. 
You can install "python-multipart" with: 

pip install python-multipart

2026-09-09 22:16:26,333 WARNING hermes_cli.web_server: Binding to 0.0.0.0 with --insecure — the dashboard has no robust authentication. Only use on trusted networks.
2026-09-09 22:16:32,756 INFO hermes_cli.web_server: Mounted plugin API routes: /api/plugins/hermes-achievements/
2026-09-09 22:16:32,767 WARNING hermes_cli.web_server: Failed to load plugin kanban API routes: Form data requires "python-multipart" to be installed. 
You can install "python-multipart" with: 

pip install python-multipart

2026-09-09 22:16:32,772 WARNING hermes_cli.web_server: Binding to 0.0.0.0 with --insecure — the dashboard has no robust authentication. Only use on trusted networks.
2026-09-09 22:16:39,299 INFO hermes_cli.web_server: Mounted plugin API routes: /api/plugins/hermes-achievements/
2026-09-09 22:16:39,310 WARNING hermes_cli.web_server: Failed to load plugin kanban API routes: Form data requires "python-multipart" to be installed. 
You can install "python-multipart" with: 

pip install python-multipart

2026-09-09 22:16:39,315 WARNING hermes_cli.web_server: Binding to 0.0.0.0 with --insecure — the dashboard has no robust authentication. Only use on trusted networks.
2026-09-09 22:16:45,797 INFO hermes_cli.web_server: Mounted plugin API routes: /api/plugins/hermes-achievements/
2026-09-09 22:16:45,810 WARNING hermes_cli.web_server: Failed to load plugin kanban API routes: Form data requires "python-multipart" to be installed. 
You can install "python-multipart" with: 

pip install python-multipart

2026-09-09 22:16:45,815 WARNING hermes_cli.web_server: Binding to 0.0.0.0 with --insecure — the dashboard has no robust authentication. Only use on trusted networks.
2026-09-09 22:16:52,255 INFO hermes_cli.web_server: Mounted plugin API routes: /api/plugins/hermes-achievements/
2026-09-09 22:16:52,267 WARNING hermes_cli.web_server: Failed to load plugin kanban API routes: Form data requires "python-multipart" to be installed. 
You can install "python-multipart" with: 

pip install python-multipart

2026-09-09 22:16:52,272 WARNING hermes_cli.web_server: Binding to 0.0.0.0 with --insecure — the dashboard has no robust authentication. Only use on trusted networks.
2026-09-09 22:16:58,763 INFO hermes_cli.web_server: Mounted plugin API routes: /api/plugins/hermes-achievements/
2026-09-09 22:16:58,775 WARNING hermes_cli.web_server: Failed to load plugin kanban API routes: Form data requires "python-multipart" to be installed. 
You can install "python-multipart" with: 

pip install python-multipart

2026-09-09 22:16:58,780 WARNING hermes_cli.web_server: Binding to 0.0.0.0 with --insecure — the dashboard has no robust authentication. Only use on trusted networks.
2026-09-09 22:17:05,261 INFO hermes_cli.web_server: Mounted plugin API routes: /api/plugins/hermes-achievements/
2026-09-09 22:17:05,273 WARNING hermes_cli.web_server: Failed to load plugin kanban API routes: Form data requires "python-multipart" to be installed. 
You can install "python-multipart" with: 

pip install python-multipart

2026-09-09 22:17:05,278 WARNING hermes_cli.web_server: Binding to 0.0.0.0 with --insecure — the dashboard has no robust authentication. Only use on trusted networks.
2026-09-09 22:17:11,831 INFO hermes_cli.web_server: Mounted plugin API routes: /api/plugins/hermes-achievements/
2026-09-09 22:17:11,842 WARNING hermes_cli.web_server: Failed to load plugin kanban API routes: Form data requires "python-multipart" to be installed. 
You can install "python-multipart" with: 

pip install python-multipart

2026-09-09 22:17:11,848 WARNING hermes_cli.web_server: Binding to 0.0.0.0 with --insecure — the dashboard has no robust authentication. Only use on trusted networks.
2026-09-09 22:17:18,256 INFO hermes_cli.web_server: Mounted plugin API routes: /api/plugins/hermes-achievements/
2026-09-09 22:17:18,267 WARNING hermes_cli.web_server: Failed to load plugin kanban API routes: Form data requires "python-multipart" to be installed. 
You can install "python-multipart" with: 

pip install python-multipart

2026-09-09 22:17:18,272 WARNING hermes_cli.web_server: Binding to 0.0.0.0 with --insecure — the dashboard has no robust authentication. Only use on trusted networks.
2026-09-09 22:17:24,780 INFO hermes_cli.web_server: Mounted plugin API routes: /api/plugins/hermes-achievements/
2026-09-09 22:17:24,793 WARNING hermes_cli.web_server: Failed to load plugin kanban API routes: Form data requires "python-multipart" to be installed. 
You can install "python-multipart" with: 

pip install python-multipart

2026-09-09 22:17:24,799 WARNING hermes_cli.web_server: Binding to 0.0.0.0 with --insecure — the dashboard has no robust authentication. Only use on trusted networks.
2026-09-09 22:17:31,247 INFO hermes_cli.web_server: Mounted plugin API routes: /api/plugins/hermes-achievements/
2026-09-09 22:17:31,260 WARNING hermes_cli.web_server: Failed to load plugin kanban API routes: Form data requires "python-multipart" to be installed. 
You can install "python-multipart" with: 

pip install python-multipart

2026-09-09 22:17:31,265 WARNING hermes_cli.web_server: Binding to 0.0.0.0 with --insecure — the dashboard has no robust authentication. Only use on trusted networks.
2026-09-09 22:17:37,752 INFO hermes_cli.web_server: Mounted plugin API routes: /api/plugins/hermes-achievements/
2026-09-09 22:17:37,765 WARNING hermes_cli.web_server: Failed to load plugin kanban API routes: Form data requires "python-multipart" to be installed. 
You can install "python-multipart" with: 

pip install python-multipart

2026-09-09 22:17:37,770 WARNING hermes_cli.web_server: Binding to 0.0.0.0 with --insecure — the dashboard has no robust authentication. Only use on trusted networks.
2026-09-09 22:22:42,495 INFO hermes_cli.web_server: Mounted plugin API routes: /api/plugins/hermes-achievements/
2026-09-09 22:22:42,506 WARNING hermes_cli.web_server: Failed to load plugin kanban API routes: Form data requires "python-multipart" to be installed. 
You can install "python-multipart" with: 

pip install python-multipart

2026-09-09 22:22:42,511 WARNING hermes_cli.web_server: Binding to 0.0.0.0 with --insecure — the dashboard has no robust authentication. Only use on trusted networks.
2026-09-09 22:22:48,991 INFO hermes_cli.web_server: Mounted plugin API routes: /api/plugins/hermes-achievements/
2026-09-09 22:22:49,002 WARNING hermes_cli.web_server: Failed to load plugin kanban API routes: Form data requires "python-multipart" to be installed. 
You can install "python-multipart" with: 

pip install python-multipart

2026-09-09 22:22:49,007 WARNING hermes_cli.web_server: Binding to 0.0.0.0 with --insecure — the dashboard has no robust authentication. Only use on trusted networks.
2026-09-09 22:22:55,511 INFO hermes_cli.web_server: Mounted plugin API routes: /api/plugins/hermes-achievements/
2026-09-09 22:22:55,522 WARNING hermes_cli.web_server: Failed to load plugin kanban API routes: Form data requires "python-multipart" to be installed. 
You can install "python-multipart" with: 

pip install python-multipart

2026-09-09 22:22:55,527 WARNING hermes_cli.web_server: Binding to 0.0.0.0 with --insecure — the dashboard has no robust authentication. Only use on trusted networks.
2026-09-09 22:23:01,983 INFO hermes_cli.web_server: Mounted plugin API routes: /api/plugins/hermes-achievements/
2026-09-09 22:23:01,995 WARNING hermes_cli.web_server: Failed to load plugin kanban API routes: Form data requires "python-multipart" to be installed. 
You can install "python-multipart" with: 

pip install python-multipart

2026-09-09 22:23:02,000 WARNING hermes_cli.web_server: Binding to 0.0.0.0 with --insecure — the dashboard has no robust authentication. Only use on trusted networks.
2026-09-09 22:23:08,526 INFO hermes_cli.web_server: Mounted plugin API routes: /api/plugins/hermes-achievements/
2026-09-09 22:23:08,537 WARNING hermes_cli.web_server: Failed to load plugin kanban API routes: Form data requires "python-multipart" to be installed. 
You can install "python-multipart" with: 

pip install python-multipart

2026-09-09 22:23:08,542 WARNING hermes_cli.web_server: Binding to 0.0.0.0 with --insecure — the dashboard has no robust authentication. Only use on trusted networks.
2026-09-09 22:23:15,030 INFO hermes_cli.web_server: Mounted plugin API routes: /api/plugins/hermes-achievements/
2026-09-09 22:23:15,043 WARNING hermes_cli.web_server: Failed to load plugin kanban API routes: Form data requires "python-multipart" to be installed. 
You can install "python-multipart" with: 

pip install python-multipart

2026-09-09 22:23:15,048 WARNING hermes_cli.web_server: Binding to 0.0.0.0 with --insecure — the dashboard has no robust authentication. Only use on trusted networks.
2026-09-09 22:23:21,504 INFO hermes_cli.web_server: Mounted plugin API routes: /api/plugins/hermes-achievements/
2026-09-09 22:23:21,516 WARNING hermes_cli.web_server: Failed to load plugin kanban API routes: Form data requires "python-multipart" to be installed. 
You can install "python-multipart" with: 

pip install python-multipart

2026-09-09 22:23:21,521 WARNING hermes_cli.web_server: Binding to 0.0.0.0 with --insecure — the dashboard has no robust authentication. Only use on trusted networks.
2026-09-09 22:23:28,061 INFO hermes_cli.web_server: Mounted plugin API routes: /api/plugins/hermes-achievements/
2026-09-09 22:23:28,072 WARNING hermes_cli.web_server: Failed to load plugin kanban API routes: Form data requires "python-multipart" to be installed. 
You can install "python-multipart" with: 

pip install python-multipart

2026-09-09 22:23:28,077 WARNING hermes_cli.web_server: Binding to 0.0.0.0 with --insecure — the dashboard has no robust authentication. Only use on trusted networks.
2026-09-09 22:23:34,503 INFO hermes_cli.web_server: Mounted plugin API routes: /api/plugins/hermes-achievements/
2026-09-09 22:23:34,516 WARNING hermes_cli.web_server: Failed to load plugin kanban API routes: Form data requires "python-multipart" to be installed. 
You can install "python-multipart" with: 

pip install python-multipart

2026-09-09 22:23:34,521 WARNING hermes_cli.web_server: Binding to 0.0.0.0 with --insecure — the dashboard has no robust authentication. Only use on trusted networks.
2026-09-09 22:23:40,985 INFO hermes_cli.web_server: Mounted plugin API routes: /api/plugins/hermes-achievements/
2026-09-09 22:23:40,996 WARNING hermes_cli.web_server: Failed to load plugin kanban API routes: Form data requires "python-multipart" to be installed. 
You can install "python-multipart" with: 

pip install python-multipart

2026-09-09 22:23:41,001 WARNING hermes_cli.web_server: Binding to 0.0.0.0 with --insecure — the dashboard has no robust authentication. Only use on trusted networks.
2026-09-09 22:23:47,482 INFO hermes_cli.web_server: Mounted plugin API routes: /api/plugins/hermes-achievements/
2026-09-09 22:23:47,493 WARNING hermes_cli.web_server: Failed to load plugin kanban API routes: Form data requires "python-multipart" to be installed. 
You can install "python-multipart" with: 

pip install python-multipart

2026-09-09 22:23:47,498 WARNING hermes_cli.web_server: Binding to 0.0.0.0 with --insecure — the dashboard has no robust authentication. Only use on trusted networks.
2026-09-09 22:23:54,026 INFO hermes_cli.web_server: Mounted plugin API routes: /api/plugins/hermes-achievements/
2026-09-09 22:23:54,037 WARNING hermes_cli.web_server: Failed to load plugin kanban API routes: Form data requires "python-multipart" to be installed. 
You can install "python-multipart" with: 

pip install python-multipart

2026-09-09 22:23:54,042 WARNING hermes_cli.web_server: Binding to 0.0.0.0 with --insecure — the dashboard has no robust authentication. Only use on trusted networks.
2026-09-09 22:24:00,458 INFO hermes_cli.web_server: Mounted plugin API routes: /api/plugins/hermes-achievements/
2026-09-09 22:24:00,469 WARNING hermes_cli.web_server: Failed to load plugin kanban API routes: Form data requires "python-multipart" to be installed. 
You can install "python-multipart" with: 

pip install python-multipart

2026-09-09 22:24:00,475 WARNING hermes_cli.web_server: Binding to 0.0.0.0 with --insecure — the dashboard has no robust authentication. Only use on trusted networks.
2026-09-09 22:24:07,019 INFO hermes_cli.web_server: Mounted plugin API routes: /api/plugins/hermes-achievements/
2026-09-09 22:24:07,030 WARNING hermes_cli.web_server: Failed to load plugin kanban API routes: Form data requires "python-multipart" to be installed. 
You can install "python-multipart" with: 

pip install python-multipart

2026-09-09 22:24:07,035 WARNING hermes_cli.web_server: Binding to 0.0.0.0 with --insecure — the dashboard has no robust authentication. Only use on trusted networks.
2026-09-09 22:24:13,516 INFO hermes_cli.web_server: Mounted plugin API routes: /api/plugins/hermes-achievements/
2026-09-09 22:24:13,527 WARNING hermes_cli.web_server: Failed to load plugin kanban API routes: Form data requires "python-multipart" to be installed. 
You can install "python-multipart" with: 

pip install python-multipart

2026-09-09 22:24:13,532 WARNING hermes_cli.web_server: Binding to 0.0.0.0 with --insecure — the dashboard has no robust authentication. Only use on trusted networks.
2026-09-09 22:24:19,990 INFO hermes_cli.web_server: Mounted plugin API routes: /api/plugins/hermes-achievements/
2026-09-09 22:24:20,002 WARNING hermes_cli.web_server: Failed to load plugin kanban API routes: Form data requires "python-multipart" to be installed. 
You can install "python-multipart" with: 

pip install python-multipart

2026-09-09 22:24:20,006 WARNING hermes_cli.web_server: Binding to 0.0.0.0 with --insecure — the dashboard has no robust authentication. Only use on trusted networks.
2026-09-09 22:24:26,551 INFO hermes_cli.web_server: Mounted plugin API routes: /api/plugins/hermes-achievements/
2026-09-09 22:24:26,562 WARNING hermes_cli.web_server: Failed to load plugin kanban API routes: Form data requires "python-multipart" to be installed. 
You can install "python-multipart" with: 

pip install python-multipart

2026-09-09 22:24:26,567 WARNING hermes_cli.web_server: Binding to 0.0.0.0 with --insecure — the dashboard has no robust authentication. Only use on trusted networks.
2026-09-09 22:24:33,005 INFO hermes_cli.web_server: Mounted plugin API routes: /api/plugins/hermes-achievements/
2026-09-09 22:24:33,017 WARNING hermes_cli.web_server: Failed to load plugin kanban API routes: Form data requires "python-multipart" to be installed. 
You can install "python-multipart" with: 

pip install python-multipart

2026-09-09 22:24:33,022 WARNING hermes_cli.web_server: Binding to 0.0.0.0 with --insecure — the dashboard has no robust authentication. Only use on trusted networks.
2026-09-09 22:24:39,506 INFO hermes_cli.web_server: Mounted plugin API routes: /api/plugins/hermes-achievements/
2026-09-09 22:24:39,518 WARNING hermes_cli.web_server: Failed to load plugin kanban API routes: Form data requires "python-multipart" to be installed. 
You can install "python-multipart" with: 

pip install python-multipart

2026-09-09 22:24:39,523 WARNING hermes_cli.web_server: Binding to 0.0.0.0 with --insecure — the dashboard has no robust authentication. Only use on trusted networks.
2026-09-09 22:24:46,000 INFO hermes_cli.web_server: Mounted plugin API routes: /api/plugins/hermes-achievements/
2026-09-09 22:24:46,011 WARNING hermes_cli.web_server: Failed to load plugin kanban API routes: Form data requires "python-multipart" to be installed. 
You can install "python-multipart" with: 

pip install python-multipart

2026-09-09 22:24:46,016 WARNING hermes_cli.web_server: Binding to 0.0.0.0 with --insecure — the dashboard has no robust authentication. Only use on trusted networks.
2026-09-09 22:24:52,493 INFO hermes_cli.web_server: Mounted plugin API routes: /api/plugins/hermes-achievements/
2026-09-09 22:24:52,504 WARNING hermes_cli.web_server: Failed to load plugin kanban API routes: Form data requires "python-multipart" to be installed. 
You can install "python-multipart" with: 

pip install python-multipart

2026-09-09 22:24:52,509 WARNING hermes_cli.web_server: Binding to 0.0.0.0 with --insecure — the dashboard has no robust authentication. Only use on trusted networks.
2026-09-09 22:24:58,974 INFO hermes_cli.web_server: Mounted plugin API routes: /api/plugins/hermes-achievements/
2026-09-09 22:24:58,986 WARNING hermes_cli.web_server: Failed to load plugin kanban API routes: Form data requires "python-multipart" to be installed. 
You can install "python-multipart" with: 

pip install python-multipart

2026-09-09 22:24:58,990 WARNING hermes_cli.web_server: Binding to 0.0.0.0 with --insecure — the dashboard has no robust authentication. Only use on trusted networks.
2026-09-09 22:25:05,489 INFO hermes_cli.web_server: Mounted plugin API routes: /api/plugins/hermes-achievements/
2026-09-09 22:25:05,502 WARNING hermes_cli.web_server: Failed to load plugin kanban API routes: Form data requires "python-multipart" to be installed. 
You can install "python-multipart" with: 

pip install python-multipart

2026-09-09 22:25:05,507 WARNING hermes_cli.web_server: Binding to 0.0.0.0 with --insecure — the dashboard has no robust authentication. Only use on trusted networks.
2026-09-09 22:25:11,975 INFO hermes_cli.web_server: Mounted plugin API routes: /api/plugins/hermes-achievements/
2026-09-09 22:25:11,987 WARNING hermes_cli.web_server: Failed to load plugin kanban API routes: Form data requires "python-multipart" to be installed. 
You can install "python-multipart" with: 

pip install python-multipart

2026-09-09 22:25:11,991 WARNING hermes_cli.web_server: Binding to 0.0.0.0 with --insecure — the dashboard has no robust authentication. Only use on trusted networks.
2026-09-09 22:25:18,492 INFO hermes_cli.web_server: Mounted plugin API routes: /api/plugins/hermes-achievements/
2026-09-09 22:25:18,504 WARNING hermes_cli.web_server: Failed to load plugin kanban API routes: Form data requires "python-multipart" to be installed. 
You can install "python-multipart" with: 

pip install python-multipart

2026-09-09 22:25:18,509 WARNING hermes_cli.web_server: Binding to 0.0.0.0 with --insecure — the dashboard has no robust authentication. Only use on trusted networks.
2026-09-09 22:25:24,996 INFO hermes_cli.web_server: Mounted plugin API routes: /api/plugins/hermes-achievements/
2026-09-09 22:25:25,007 WARNING hermes_cli.web_server: Failed to load plugin kanban API routes: Form data requires "python-multipart" to be installed. 
You can install "python-multipart" with: 

pip install python-multipart

2026-09-09 22:25:25,012 WARNING hermes_cli.web_server: Binding to 0.0.0.0 with --insecure — the dashboard has no robust authentication. Only use on trusted networks.
2026-09-09 22:25:31,520 INFO hermes_cli.web_server: Mounted plugin API routes: /api/plugins/hermes-achievements/
2026-09-09 22:25:31,532 WARNING hermes_cli.web_server: Failed to load plugin kanban API routes: Form data requires "python-multipart" to be installed. 
You can install "python-multipart" with: 

pip install python-multipart

2026-09-09 22:25:31,537 WARNING hermes_cli.web_server: Binding to 0.0.0.0 with --insecure — the dashboard has no robust authentication. Only use on trusted networks.
2026-09-09 22:25:38,019 INFO hermes_cli.web_server: Mounted plugin API routes: /api/plugins/hermes-achievements/
2026-09-09 22:25:38,031 WARNING hermes_cli.web_server: Failed to load plugin kanban API routes: Form data requires "python-multipart" to be installed. 
You can install "python-multipart" with: 

pip install python-multipart

2026-09-09 22:25:38,036 WARNING hermes_cli.web_server: Binding to 0.0.0.0 with --insecure — the dashboard has no robust authentication. Only use on trusted networks.
2026-09-09 22:25:44,511 INFO hermes_cli.web_server: Mounted plugin API routes: /api/plugins/hermes-achievements/
2026-09-09 22:25:44,522 WARNING hermes_cli.web_server: Failed to load plugin kanban API routes: Form data requires "python-multipart" to be installed. 
You can install "python-multipart" with: 

pip install python-multipart

2026-09-09 22:25:44,527 WARNING hermes_cli.web_server: Binding to 0.0.0.0 with --insecure — the dashboard has no robust authentication. Only use on trusted networks.
2026-09-09 22:25:51,031 INFO hermes_cli.web_server: Mounted plugin API routes: /api/plugins/hermes-achievements/
2026-09-09 22:25:51,043 WARNING hermes_cli.web_server: Failed to load plugin kanban API routes: Form data requires "python-multipart" to be installed. 
You can install "python-multipart" with: 

pip install python-multipart

2026-09-09 22:25:51,049 WARNING hermes_cli.web_server: Binding to 0.0.0.0 with --insecure — the dashboard has no robust authentication. Only use on trusted networks.
2026-09-09 22:25:57,479 INFO hermes_cli.web_server: Mounted plugin API routes: /api/plugins/hermes-achievements/
2026-09-09 22:25:57,490 WARNING hermes_cli.web_server: Failed to load plugin kanban API routes: Form data requires "python-multipart" to be installed. 
You can install "python-multipart" with: 

pip install python-multipart

2026-09-09 22:25:57,495 WARNING hermes_cli.web_server: Binding to 0.0.0.0 with --insecure — the dashboard has no robust authentication. Only use on trusted networks.
2026-09-09 22:26:04,001 INFO hermes_cli.web_server: Mounted plugin API routes: /api/plugins/hermes-achievements/
2026-09-09 22:26:04,013 WARNING hermes_cli.web_server: Failed to load plugin kanban API routes: Form data requires "python-multipart" to be installed. 
You can install "python-multipart" with: 

pip install python-multipart

2026-09-09 22:26:04,018 WARNING hermes_cli.web_server: Binding to 0.0.0.0 with --insecure — the dashboard has no robust authentication. Only use on trusted networks.
2026-09-09 22:26:10,480 INFO hermes_cli.web_server: Mounted plugin API routes: /api/plugins/hermes-achievements/
2026-09-09 22:26:10,492 WARNING hermes_cli.web_server: Failed to load plugin kanban API routes: Form data requires "python-multipart" to be installed. 
You can install "python-multipart" with: 

pip install python-multipart

2026-09-09 22:26:10,497 WARNING hermes_cli.web_server: Binding to 0.0.0.0 with --insecure — the dashboard has no robust authentication. Only use on trusted networks.
2026-09-09 22:26:16,989 INFO hermes_cli.web_server: Mounted plugin API routes: /api/plugins/hermes-achievements/
2026-09-09 22:26:17,001 WARNING hermes_cli.web_server: Failed to load plugin kanban API routes: Form data requires "python-multipart" to be installed. 
You can install "python-multipart" with: 

pip install python-multipart

2026-09-09 22:26:17,007 WARNING hermes_cli.web_server: Binding to 0.0.0.0 with --insecure — the dashboard has no robust authentication. Only use on trusted networks.
2026-09-09 22:26:23,487 INFO hermes_cli.web_server: Mounted plugin API routes: /api/plugins/hermes-achievements/
2026-09-09 22:26:23,499 WARNING hermes_cli.web_server: Failed to load plugin kanban API routes: Form data requires "python-multipart" to be installed. 
You can install "python-multipart" with: 

pip install python-multipart

2026-09-09 22:26:23,503 WARNING hermes_cli.web_server: Binding to 0.0.0.0 with --insecure — the dashboard has no robust authentication. Only use on trusted networks.
2026-09-09 22:26:30,158 INFO hermes_cli.web_server: Mounted plugin API routes: /api/plugins/hermes-achievements/
2026-09-09 22:26:30,169 WARNING hermes_cli.web_server: Failed to load plugin kanban API routes: Form data requires "python-multipart" to be installed. 
You can install "python-multipart" with: 

pip install python-multipart

2026-09-09 22:26:30,174 WARNING hermes_cli.web_server: Binding to 0.0.0.0 with --insecure — the dashboard has no robust authentication. Only use on trusted networks.
2026-09-09 22:26:36,513 INFO hermes_cli.web_server: Mounted plugin API routes: /api/plugins/hermes-achievements/
2026-09-09 22:26:36,524 WARNING hermes_cli.web_server: Failed to load plugin kanban API routes: Form data requires "python-multipart" to be installed. 
You can install "python-multipart" with: 

pip install python-multipart

2026-09-09 22:26:36,529 WARNING hermes_cli.web_server: Binding to 0.0.0.0 with --insecure — the dashboard has no robust authentication. Only use on trusted networks.
2026-09-09 22:26:43,018 INFO hermes_cli.web_server: Mounted plugin API routes: /api/plugins/hermes-achievements/
2026-09-09 22:26:43,030 WARNING hermes_cli.web_server: Failed to load plugin kanban API routes: Form data requires "python-multipart" to be installed. 
You can install "python-multipart" with: 

pip install python-multipart

2026-09-09 22:26:43,035 WARNING hermes_cli.web_server: Binding to 0.0.0.0 with --insecure — the dashboard has no robust authentication. Only use on trusted networks.
2026-09-09 22:26:49,495 INFO hermes_cli.web_server: Mounted plugin API routes: /api/plugins/hermes-achievements/
2026-09-09 22:26:49,507 WARNING hermes_cli.web_server: Failed to load plugin kanban API routes: Form data requires "python-multipart" to be installed. 
You can install "python-multipart" with: 

pip install python-multipart

2026-09-09 22:26:49,511 WARNING hermes_cli.web_server: Binding to 0.0.0.0 with --insecure — the dashboard has no robust authentication. Only use on trusted networks.
2026-09-09 22:26:56,030 INFO hermes_cli.web_server: Mounted plugin API routes: /api/plugins/hermes-achievements/
2026-09-09 22:26:56,042 WARNING hermes_cli.web_server: Failed to load plugin kanban API routes: Form data requires "python-multipart" to be installed. 
You can install "python-multipart" with: 

pip install python-multipart

2026-09-09 22:26:56,047 WARNING hermes_cli.web_server: Binding to 0.0.0.0 with --insecure — the dashboard has no robust authentication. Only use on trusted networks.
2026-09-09 22:27:02,561 INFO hermes_cli.web_server: Mounted plugin API routes: /api/plugins/hermes-achievements/
2026-09-09 22:27:02,573 WARNING hermes_cli.web_server: Failed to load plugin kanban API routes: Form data requires "python-multipart" to be installed. 
You can install "python-multipart" with: 

pip install python-multipart

2026-09-09 22:27:02,577 WARNING hermes_cli.web_server: Binding to 0.0.0.0 with --insecure — the dashboard has no robust authentication. Only use on trusted networks.
2026-09-09 22:27:08,988 INFO hermes_cli.web_server: Mounted plugin API routes: /api/plugins/hermes-achievements/
2026-09-09 22:27:08,999 WARNING hermes_cli.web_server: Failed to load plugin kanban API routes: Form data requires "python-multipart" to be installed. 
You can install "python-multipart" with: 

pip install python-multipart

2026-09-09 22:27:09,004 WARNING hermes_cli.web_server: Binding to 0.0.0.0 with --insecure — the dashboard has no robust authentication. Only use on trusted networks.
2026-09-09 22:27:15,521 INFO hermes_cli.web_server: Mounted plugin API routes: /api/plugins/hermes-achievements/
2026-09-09 22:27:15,533 WARNING hermes_cli.web_server: Failed to load plugin kanban API routes: Form data requires "python-multipart" to be installed. 
You can install "python-multipart" with: 

pip install python-multipart

2026-09-09 22:27:15,537 WARNING hermes_cli.web_server: Binding to 0.0.0.0 with --insecure — the dashboard has no robust authentication. Only use on trusted networks.
2026-09-09 22:27:22,029 INFO hermes_cli.web_server: Mounted plugin API routes: /api/plugins/hermes-achievements/
2026-09-09 22:27:22,041 WARNING hermes_cli.web_server: Failed to load plugin kanban API routes: Form data requires "python-multipart" to be installed. 
You can install "python-multipart" with: 

pip install python-multipart

2026-09-09 22:27:22,046 WARNING hermes_cli.web_server: Binding to 0.0.0.0 with --insecure — the dashboard has no robust authentication. Only use on trusted networks.
2026-09-09 22:27:28,542 INFO hermes_cli.web_server: Mounted plugin API routes: /api/plugins/hermes-achievements/
2026-09-09 22:27:28,554 WARNING hermes_cli.web_server: Failed to load plugin kanban API routes: Form data requires "python-multipart" to be installed. 
You can install "python-multipart" with: 

pip install python-multipart

2026-09-09 22:27:28,560 WARNING hermes_cli.web_server: Binding to 0.0.0.0 with --insecure — the dashboard has no robust authentication. Only use on trusted networks.
2026-09-09 22:27:34,984 INFO hermes_cli.web_server: Mounted plugin API routes: /api/plugins/hermes-achievements/
2026-09-09 22:27:34,995 WARNING hermes_cli.web_server: Failed to load plugin kanban API routes: Form data requires "python-multipart" to be installed. 
You can install "python-multipart" with: 

pip install python-multipart

2026-09-09 22:27:35,000 WARNING hermes_cli.web_server: Binding to 0.0.0.0 with --insecure — the dashboard has no robust authentication. Only use on trusted networks.
2026-09-09 22:27:41,521 INFO hermes_cli.web_server: Mounted plugin API routes: /api/plugins/hermes-achievements/
2026-09-09 22:27:41,532 WARNING hermes_cli.web_server: Failed to load plugin kanban API routes: Form data requires "python-multipart" to be installed. 
You can install "python-multipart" with: 

pip install python-multipart

2026-09-09 22:27:41,537 WARNING hermes_cli.web_server: Binding to 0.0.0.0 with --insecure — the dashboard has no robust authentication. Only use on trusted networks.
2026-09-09 22:27:48,011 INFO hermes_cli.web_server: Mounted plugin API routes: /api/plugins/hermes-achievements/
2026-09-09 22:27:48,023 WARNING hermes_cli.web_server: Failed to load plugin kanban API routes: Form data requires "python-multipart" to be installed. 
You can install "python-multipart" with: 

pip install python-multipart

2026-09-09 22:27:48,028 WARNING hermes_cli.web_server: Binding to 0.0.0.0 with --insecure — the dashboard has no robust authentication. Only use on trusted networks.
2026-09-09 22:32:49,272 INFO hermes_cli.web_server: Mounted plugin API routes: /api/plugins/hermes-achievements/
2026-09-09 22:32:49,283 WARNING hermes_cli.web_server: Failed to load plugin kanban API routes: Form data requires "python-multipart" to be installed. 
You can install "python-multipart" with: 

pip install python-multipart

2026-09-09 22:32:49,288 WARNING hermes_cli.web_server: Binding to 0.0.0.0 with --insecure — the dashboard has no robust authentication. Only use on trusted networks.
2026-09-09 22:32:55,743 INFO hermes_cli.web_server: Mounted plugin API routes: /api/plugins/hermes-achievements/
2026-09-09 22:32:55,755 WARNING hermes_cli.web_server: Failed to load plugin kanban API routes: Form data requires "python-multipart" to be installed. 
You can install "python-multipart" with: 

pip install python-multipart

2026-09-09 22:32:55,759 WARNING hermes_cli.web_server: Binding to 0.0.0.0 with --insecure — the dashboard has no robust authentication. Only use on trusted networks.
2026-09-09 22:33:02,275 INFO hermes_cli.web_server: Mounted plugin API routes: /api/plugins/hermes-achievements/
2026-09-09 22:33:02,287 WARNING hermes_cli.web_server: Failed to load plugin kanban API routes: Form data requires "python-multipart" to be installed. 
You can install "python-multipart" with: 

pip install python-multipart

2026-09-09 22:33:02,292 WARNING hermes_cli.web_server: Binding to 0.0.0.0 with --insecure — the dashboard has no robust authentication. Only use on trusted networks.
2026-09-09 22:33:08,775 INFO hermes_cli.web_server: Mounted plugin API routes: /api/plugins/hermes-achievements/
2026-09-09 22:33:08,787 WARNING hermes_cli.web_server: Failed to load plugin kanban API routes: Form data requires "python-multipart" to be installed. 
You can install "python-multipart" with: 

pip install python-multipart

2026-09-09 22:33:08,792 WARNING hermes_cli.web_server: Binding to 0.0.0.0 with --insecure — the dashboard has no robust authentication. Only use on trusted networks.
2026-09-09 22:33:15,239 INFO hermes_cli.web_server: Mounted plugin API routes: /api/plugins/hermes-achievements/
2026-09-09 22:33:15,250 WARNING hermes_cli.web_server: Failed to load plugin kanban API routes: Form data requires "python-multipart" to be installed. 
You can install "python-multipart" with: 

pip install python-multipart

2026-09-09 22:33:15,255 WARNING hermes_cli.web_server: Binding to 0.0.0.0 with --insecure — the dashboard has no robust authentication. Only use on trusted networks.
2026-09-09 22:33:21,758 INFO hermes_cli.web_server: Mounted plugin API routes: /api/plugins/hermes-achievements/
2026-09-09 22:33:21,770 WARNING hermes_cli.web_server: Failed to load plugin kanban API routes: Form data requires "python-multipart" to be installed. 
You can install "python-multipart" with: 

pip install python-multipart

2026-09-09 22:33:21,776 WARNING hermes_cli.web_server: Binding to 0.0.0.0 with --insecure — the dashboard has no robust authentication. Only use on trusted networks.
2026-09-09 22:33:28,262 INFO hermes_cli.web_server: Mounted plugin API routes: /api/plugins/hermes-achievements/
2026-09-09 22:33:28,273 WARNING hermes_cli.web_server: Failed to load plugin kanban API routes: Form data requires "python-multipart" to be installed. 
You can install "python-multipart" with: 

pip install python-multipart

2026-09-09 22:33:28,278 WARNING hermes_cli.web_server: Binding to 0.0.0.0 with --insecure — the dashboard has no robust authentication. Only use on trusted networks.
2026-09-09 22:33:34,760 INFO hermes_cli.web_server: Mounted plugin API routes: /api/plugins/hermes-achievements/
2026-09-09 22:33:34,771 WARNING hermes_cli.web_server: Failed to load plugin kanban API routes: Form data requires "python-multipart" to be installed. 
You can install "python-multipart" with: 

pip install python-multipart

2026-09-09 22:33:34,776 WARNING hermes_cli.web_server: Binding to 0.0.0.0 with --insecure — the dashboard has no robust authentication. Only use on trusted networks.
2026-09-09 22:33:41,258 INFO hermes_cli.web_server: Mounted plugin API routes: /api/plugins/hermes-achievements/
2026-09-09 22:33:41,269 WARNING hermes_cli.web_server: Failed to load plugin kanban API routes: Form data requires "python-multipart" to be installed. 
You can install "python-multipart" with: 

pip install python-multipart

2026-09-09 22:33:41,274 WARNING hermes_cli.web_server: Binding to 0.0.0.0 with --insecure — the dashboard has no robust authentication. Only use on trusted networks.
2026-09-09 22:33:47,747 INFO hermes_cli.web_server: Mounted plugin API routes: /api/plugins/hermes-achievements/
2026-09-09 22:33:47,759 WARNING hermes_cli.web_server: Failed to load plugin kanban API routes: Form data requires "python-multipart" to be installed. 
You can install "python-multipart" with: 

pip install python-multipart

2026-09-09 22:33:47,764 WARNING hermes_cli.web_server: Binding to 0.0.0.0 with --insecure — the dashboard has no robust authentication. Only use on trusted networks.
2026-09-09 22:33:54,255 INFO hermes_cli.web_server: Mounted plugin API routes: /api/plugins/hermes-achievements/
2026-09-09 22:33:54,266 WARNING hermes_cli.web_server: Failed to load plugin kanban API routes: Form data requires "python-multipart" to be installed. 
You can install "python-multipart" with: 

pip install python-multipart

2026-09-09 22:33:54,271 WARNING hermes_cli.web_server: Binding to 0.0.0.0 with --insecure — the dashboard has no robust authentication. Only use on trusted networks.
2026-09-09 22:34:00,750 INFO hermes_cli.web_server: Mounted plugin API routes: /api/plugins/hermes-achievements/
2026-09-09 22:34:00,762 WARNING hermes_cli.web_server: Failed to load plugin kanban API routes: Form data requires "python-multipart" to be installed. 
You can install "python-multipart" with: 

pip install python-multipart

2026-09-09 22:34:00,766 WARNING hermes_cli.web_server: Binding to 0.0.0.0 with --insecure — the dashboard has no robust authentication. Only use on trusted networks.
2026-09-09 22:34:07,237 INFO hermes_cli.web_server: Mounted plugin API routes: /api/plugins/hermes-achievements/
2026-09-09 22:34:07,248 WARNING hermes_cli.web_server: Failed to load plugin kanban API routes: Form data requires "python-multipart" to be installed. 
You can install "python-multipart" with: 

pip install python-multipart

2026-09-09 22:34:07,253 WARNING hermes_cli.web_server: Binding to 0.0.0.0 with --insecure — the dashboard has no robust authentication. Only use on trusted networks.
2026-09-09 22:34:13,760 INFO hermes_cli.web_server: Mounted plugin API routes: /api/plugins/hermes-achievements/
2026-09-09 22:34:13,771 WARNING hermes_cli.web_server: Failed to load plugin kanban API routes: Form data requires "python-multipart" to be installed. 
You can install "python-multipart" with: 

pip install python-multipart

2026-09-09 22:34:13,776 WARNING hermes_cli.web_server: Binding to 0.0.0.0 with --insecure — the dashboard has no robust authentication. Only use on trusted networks.
2026-09-09 22:34:20,269 INFO hermes_cli.web_server: Mounted plugin API routes: /api/plugins/hermes-achievements/
2026-09-09 22:34:20,280 WARNING hermes_cli.web_server: Failed to load plugin kanban API routes: Form data requires "python-multipart" to be installed. 
You can install "python-multipart" with: 

pip install python-multipart

2026-09-09 22:34:20,285 WARNING hermes_cli.web_server: Binding to 0.0.0.0 with --insecure — the dashboard has no robust authentication. Only use on trusted networks.
2026-09-09 22:34:26,822 INFO hermes_cli.web_server: Mounted plugin API routes: /api/plugins/hermes-achievements/
2026-09-09 22:34:26,834 WARNING hermes_cli.web_server: Failed to load plugin kanban API routes: Form data requires "python-multipart" to be installed. 
You can install "python-multipart" with: 

pip install python-multipart

2026-09-09 22:34:26,838 WARNING hermes_cli.web_server: Binding to 0.0.0.0 with --insecure — the dashboard has no robust authentication. Only use on trusted networks.
2026-09-09 22:34:33,280 INFO hermes_cli.web_server: Mounted plugin API routes: /api/plugins/hermes-achievements/
2026-09-09 22:34:33,291 WARNING hermes_cli.web_server: Failed to load plugin kanban API routes: Form data requires "python-multipart" to be installed. 
You can install "python-multipart" with: 

pip install python-multipart

2026-09-09 22:34:33,296 WARNING hermes_cli.web_server: Binding to 0.0.0.0 with --insecure — the dashboard has no robust authentication. Only use on trusted networks.
2026-09-09 22:34:39,753 INFO hermes_cli.web_server: Mounted plugin API routes: /api/plugins/hermes-achievements/
2026-09-09 22:34:39,764 WARNING hermes_cli.web_server: Failed to load plugin kanban API routes: Form data requires "python-multipart" to be installed. 
You can install "python-multipart" with: 

pip install python-multipart

2026-09-09 22:34:39,769 WARNING hermes_cli.web_server: Binding to 0.0.0.0 with --insecure — the dashboard has no robust authentication. Only use on trusted networks.
2026-09-09 22:34:46,240 INFO hermes_cli.web_server: Mounted plugin API routes: /api/plugins/hermes-achievements/
2026-09-09 22:34:46,252 WARNING hermes_cli.web_server: Failed to load plugin kanban API routes: Form data requires "python-multipart" to be installed. 
You can install "python-multipart" with: 

pip install python-multipart

2026-09-09 22:34:46,257 WARNING hermes_cli.web_server: Binding to 0.0.0.0 with --insecure — the dashboard has no robust authentication. Only use on trusted networks.
2026-09-09 22:34:52,768 INFO hermes_cli.web_server: Mounted plugin API routes: /api/plugins/hermes-achievements/
2026-09-09 22:34:52,780 WARNING hermes_cli.web_server: Failed to load plugin kanban API routes: Form data requires "python-multipart" to be installed. 
You can install "python-multipart" with: 

pip install python-multipart

2026-09-09 22:34:52,785 WARNING hermes_cli.web_server: Binding to 0.0.0.0 with --insecure — the dashboard has no robust authentication. Only use on trusted networks.
2026-09-09 22:34:59,260 INFO hermes_cli.web_server: Mounted plugin API routes: /api/plugins/hermes-achievements/
2026-09-09 22:34:59,272 WARNING hermes_cli.web_server: Failed to load plugin kanban API routes: Form data requires "python-multipart" to be installed. 
You can install "python-multipart" with: 

pip install python-multipart

2026-09-09 22:34:59,276 WARNING hermes_cli.web_server: Binding to 0.0.0.0 with --insecure — the dashboard has no robust authentication. Only use on trusted networks.
2026-09-09 22:35:05,730 INFO hermes_cli.web_server: Mounted plugin API routes: /api/plugins/hermes-achievements/
2026-09-09 22:35:05,742 WARNING hermes_cli.web_server: Failed to load plugin kanban API routes: Form data requires "python-multipart" to be installed. 
You can install "python-multipart" with: 

pip install python-multipart

2026-09-09 22:35:05,747 WARNING hermes_cli.web_server: Binding to 0.0.0.0 with --insecure — the dashboard has no robust authentication. Only use on trusted networks.
2026-09-09 22:35:12,228 INFO hermes_cli.web_server: Mounted plugin API routes: /api/plugins/hermes-achievements/
2026-09-09 22:35:12,239 WARNING hermes_cli.web_server: Failed to load plugin kanban API routes: Form data requires "python-multipart" to be installed. 
You can install "python-multipart" with: 

pip install python-multipart

2026-09-09 22:35:12,244 WARNING hermes_cli.web_server: Binding to 0.0.0.0 with --insecure — the dashboard has no robust authentication. Only use on trusted networks.
2026-09-09 22:35:18,747 INFO hermes_cli.web_server: Mounted plugin API routes: /api/plugins/hermes-achievements/
2026-09-09 22:35:18,759 WARNING hermes_cli.web_server: Failed to load plugin kanban API routes: Form data requires "python-multipart" to be installed. 
You can install "python-multipart" with: 

pip install python-multipart

2026-09-09 22:35:18,764 WARNING hermes_cli.web_server: Binding to 0.0.0.0 with --insecure — the dashboard has no robust authentication. Only use on trusted networks.
2026-09-09 22:35:25,246 INFO hermes_cli.web_server: Mounted plugin API routes: /api/plugins/hermes-achievements/
2026-09-09 22:35:25,258 WARNING hermes_cli.web_server: Failed to load plugin kanban API routes: Form data requires "python-multipart" to be installed. 
You can install "python-multipart" with: 

pip install python-multipart

2026-09-09 22:35:25,263 WARNING hermes_cli.web_server: Binding to 0.0.0.0 with --insecure — the dashboard has no robust authentication. Only use on trusted networks.
2026-09-09 22:35:31,760 INFO hermes_cli.web_server: Mounted plugin API routes: /api/plugins/hermes-achievements/
2026-09-09 22:35:31,771 WARNING hermes_cli.web_server: Failed to load plugin kanban API routes: Form data requires "python-multipart" to be installed. 
You can install "python-multipart" with: 

pip install python-multipart

2026-09-09 22:35:31,776 WARNING hermes_cli.web_server: Binding to 0.0.0.0 with --insecure — the dashboard has no robust authentication. Only use on trusted networks.
2026-09-09 22:35:38,265 INFO hermes_cli.web_server: Mounted plugin API routes: /api/plugins/hermes-achievements/
2026-09-09 22:35:38,276 WARNING hermes_cli.web_server: Failed to load plugin kanban API routes: Form data requires "python-multipart" to be installed. 
You can install "python-multipart" with: 

pip install python-multipart

2026-09-09 22:35:38,281 WARNING hermes_cli.web_server: Binding to 0.0.0.0 with --insecure — the dashboard has no robust authentication. Only use on trusted networks.
2026-09-09 22:35:44,748 INFO hermes_cli.web_server: Mounted plugin API routes: /api/plugins/hermes-achievements/
2026-09-09 22:35:44,760 WARNING hermes_cli.web_server: Failed to load plugin kanban API routes: Form data requires "python-multipart" to be installed. 
You can install "python-multipart" with: 

pip install python-multipart

2026-09-09 22:35:44,765 WARNING hermes_cli.web_server: Binding to 0.0.0.0 with --insecure — the dashboard has no robust authentication. Only use on trusted networks.
2026-09-09 22:35:51,244 INFO hermes_cli.web_server: Mounted plugin API routes: /api/plugins/hermes-achievements/
2026-09-09 22:35:51,255 WARNING hermes_cli.web_server: Failed to load plugin kanban API routes: Form data requires "python-multipart" to be installed. 
You can install "python-multipart" with: 

pip install python-multipart

2026-09-09 22:35:51,260 WARNING hermes_cli.web_server: Binding to 0.0.0.0 with --insecure — the dashboard has no robust authentication. Only use on trusted networks.
2026-09-09 22:35:57,741 INFO hermes_cli.web_server: Mounted plugin API routes: /api/plugins/hermes-achievements/
2026-09-09 22:35:57,753 WARNING hermes_cli.web_server: Failed to load plugin kanban API routes: Form data requires "python-multipart" to be installed. 
You can install "python-multipart" with: 

pip install python-multipart

2026-09-09 22:35:57,758 WARNING hermes_cli.web_server: Binding to 0.0.0.0 with --insecure — the dashboard has no robust authentication. Only use on trusted networks.
2026-09-09 22:36:04,244 INFO hermes_cli.web_server: Mounted plugin API routes: /api/plugins/hermes-achievements/
2026-09-09 22:36:04,256 WARNING hermes_cli.web_server: Failed to load plugin kanban API routes: Form data requires "python-multipart" to be installed. 
You can install "python-multipart" with: 

pip install python-multipart

2026-09-09 22:36:04,261 WARNING hermes_cli.web_server: Binding to 0.0.0.0 with --insecure — the dashboard has no robust authentication. Only use on trusted networks.
2026-09-09 22:36:10,778 INFO hermes_cli.web_server: Mounted plugin API routes: /api/plugins/hermes-achievements/
2026-09-09 22:36:10,789 WARNING hermes_cli.web_server: Failed to load plugin kanban API routes: Form data requires "python-multipart" to be installed. 
You can install "python-multipart" with: 

pip install python-multipart

2026-09-09 22:36:10,795 WARNING hermes_cli.web_server: Binding to 0.0.0.0 with --insecure — the dashboard has no robust authentication. Only use on trusted networks.
2026-09-09 22:36:17,250 INFO hermes_cli.web_server: Mounted plugin API routes: /api/plugins/hermes-achievements/
2026-09-09 22:36:17,262 WARNING hermes_cli.web_server: Failed to load plugin kanban API routes: Form data requires "python-multipart" to be installed. 
You can install "python-multipart" with: 

pip install python-multipart

2026-09-09 22:36:17,267 WARNING hermes_cli.web_server: Binding to 0.0.0.0 with --insecure — the dashboard has no robust authentication. Only use on trusted networks.
2026-09-09 22:36:23,803 INFO hermes_cli.web_server: Mounted plugin API routes: /api/plugins/hermes-achievements/
2026-09-09 22:36:23,815 WARNING hermes_cli.web_server: Failed to load plugin kanban API routes: Form data requires "python-multipart" to be installed. 
You can install "python-multipart" with: 

pip install python-multipart

2026-09-09 22:36:23,820 WARNING hermes_cli.web_server: Binding to 0.0.0.0 with --insecure — the dashboard has no robust authentication. Only use on trusted networks.
2026-09-09 22:36:30,292 INFO hermes_cli.web_server: Mounted plugin API routes: /api/plugins/hermes-achievements/
2026-09-09 22:36:30,304 WARNING hermes_cli.web_server: Failed to load plugin kanban API routes: Form data requires "python-multipart" to be installed. 
You can install "python-multipart" with: 

pip install python-multipart

2026-09-09 22:36:30,309 WARNING hermes_cli.web_server: Binding to 0.0.0.0 with --insecure — the dashboard has no robust authentication. Only use on trusted networks.
2026-09-09 22:36:36,737 INFO hermes_cli.web_server: Mounted plugin API routes: /api/plugins/hermes-achievements/
2026-09-09 22:36:36,748 WARNING hermes_cli.web_server: Failed to load plugin kanban API routes: Form data requires "python-multipart" to be installed. 
You can install "python-multipart" with: 

pip install python-multipart

2026-09-09 22:36:36,753 WARNING hermes_cli.web_server: Binding to 0.0.0.0 with --insecure — the dashboard has no robust authentication. Only use on trusted networks.
2026-09-09 22:36:43,274 INFO hermes_cli.web_server: Mounted plugin API routes: /api/plugins/hermes-achievements/
2026-09-09 22:36:43,285 WARNING hermes_cli.web_server: Failed to load plugin kanban API routes: Form data requires "python-multipart" to be installed. 
You can install "python-multipart" with: 

pip install python-multipart

2026-09-09 22:36:43,291 WARNING hermes_cli.web_server: Binding to 0.0.0.0 with --insecure — the dashboard has no robust authentication. Only use on trusted networks.
2026-09-09 22:36:49,757 INFO hermes_cli.web_server: Mounted plugin API routes: /api/plugins/hermes-achievements/
2026-09-09 22:36:49,768 WARNING hermes_cli.web_server: Failed to load plugin kanban API routes: Form data requires "python-multipart" to be installed. 
You can install "python-multipart" with: 

pip install python-multipart

2026-09-09 22:36:49,773 WARNING hermes_cli.web_server: Binding to 0.0.0.0 with --insecure — the dashboard has no robust authentication. Only use on trusted networks.
2026-09-09 22:36:56,219 INFO hermes_cli.web_server: Mounted plugin API routes: /api/plugins/hermes-achievements/
2026-09-09 22:36:56,230 WARNING hermes_cli.web_server: Failed to load plugin kanban API routes: Form data requires "python-multipart" to be installed. 
You can install "python-multipart" with: 

pip install python-multipart

2026-09-09 22:36:56,236 WARNING hermes_cli.web_server: Binding to 0.0.0.0 with --insecure — the dashboard has no robust authentication. Only use on trusted networks.
2026-09-09 22:37:02,751 INFO hermes_cli.web_server: Mounted plugin API routes: /api/plugins/hermes-achievements/
2026-09-09 22:37:02,764 WARNING hermes_cli.web_server: Failed to load plugin kanban API routes: Form data requires "python-multipart" to be installed. 
You can install "python-multipart" with: 

pip install python-multipart

2026-09-09 22:37:02,769 WARNING hermes_cli.web_server: Binding to 0.0.0.0 with --insecure — the dashboard has no robust authentication. Only use on trusted networks.
2026-09-09 22:37:09,241 INFO hermes_cli.web_server: Mounted plugin API routes: /api/plugins/hermes-achievements/
2026-09-09 22:37:09,253 WARNING hermes_cli.web_server: Failed to load plugin kanban API routes: Form data requires "python-multipart" to be installed. 
You can install "python-multipart" with: 

pip install python-multipart

2026-09-09 22:37:09,257 WARNING hermes_cli.web_server: Binding to 0.0.0.0 with --insecure — the dashboard has no robust authentication. Only use on trusted networks.
2026-09-09 22:37:15,750 INFO hermes_cli.web_server: Mounted plugin API routes: /api/plugins/hermes-achievements/
2026-09-09 22:37:15,761 WARNING hermes_cli.web_server: Failed to load plugin kanban API routes: Form data requires "python-multipart" to be installed. 
You can install "python-multipart" with: 

pip install python-multipart

2026-09-09 22:37:15,766 WARNING hermes_cli.web_server: Binding to 0.0.0.0 with --insecure — the dashboard has no robust authentication. Only use on trusted networks.
2026-09-09 22:37:22,323 INFO hermes_cli.web_server: Mounted plugin API routes: /api/plugins/hermes-achievements/
2026-09-09 22:37:22,337 WARNING hermes_cli.web_server: Failed to load plugin kanban API routes: Form data requires "python-multipart" to be installed. 
You can install "python-multipart" with: 

pip install python-multipart

2026-09-09 22:37:22,342 WARNING hermes_cli.web_server: Binding to 0.0.0.0 with --insecure — the dashboard has no robust authentication. Only use on trusted networks.
2026-09-09 22:37:28,800 INFO hermes_cli.web_server: Mounted plugin API routes: /api/plugins/hermes-achievements/
2026-09-09 22:37:28,811 WARNING hermes_cli.web_server: Failed to load plugin kanban API routes: Form data requires "python-multipart" to be installed. 
You can install "python-multipart" with: 

pip install python-multipart

2026-09-09 22:37:28,816 WARNING hermes_cli.web_server: Binding to 0.0.0.0 with --insecure — the dashboard has no robust authentication. Only use on trusted networks.
2026-09-09 22:37:35,254 INFO hermes_cli.web_server: Mounted plugin API routes: /api/plugins/hermes-achievements/
2026-09-09 22:37:35,267 WARNING hermes_cli.web_server: Failed to load plugin kanban API routes: Form data requires "python-multipart" to be installed. 
You can install "python-multipart" with: 

pip install python-multipart

2026-09-09 22:37:35,272 WARNING hermes_cli.web_server: Binding to 0.0.0.0 with --insecure — the dashboard has no robust authentication. Only use on trusted networks.
2026-09-09 22:37:41,768 INFO hermes_cli.web_server: Mounted plugin API routes: /api/plugins/hermes-achievements/
2026-09-09 22:37:41,779 WARNING hermes_cli.web_server: Failed to load plugin kanban API routes: Form data requires "python-multipart" to be installed. 
You can install "python-multipart" with: 

pip install python-multipart

2026-09-09 22:37:41,784 WARNING hermes_cli.web_server: Binding to 0.0.0.0 with --insecure — the dashboard has no robust authentication. Only use on trusted networks.
2026-09-09 22:37:48,280 INFO hermes_cli.web_server: Mounted plugin API routes: /api/plugins/hermes-achievements/
2026-09-09 22:37:48,293 WARNING hermes_cli.web_server: Failed to load plugin kanban API routes: Form data requires "python-multipart" to be installed. 
You can install "python-multipart" with: 

pip install python-multipart

2026-09-09 22:37:48,300 WARNING hermes_cli.web_server: Binding to 0.0.0.0 with --insecure — the dashboard has no robust authentication. Only use on trusted networks.
2026-09-09 22:37:54,750 INFO hermes_cli.web_server: Mounted plugin API routes: /api/plugins/hermes-achievements/
2026-09-09 22:37:54,762 WARNING hermes_cli.web_server: Failed to load plugin kanban API routes: Form data requires "python-multipart" to be installed. 
You can install "python-multipart" with: 

pip install python-multipart

2026-09-09 22:37:54,767 WARNING hermes_cli.web_server: Binding to 0.0.0.0 with --insecure — the dashboard has no robust authentication. Only use on trusted networks.
2026-09-09 22:42:55,270 INFO hermes_cli.web_server: Mounted plugin API routes: /api/plugins/hermes-achievements/
2026-09-09 22:42:55,281 WARNING hermes_cli.web_server: Failed to load plugin kanban API routes: Form data requires "python-multipart" to be installed. 
You can install "python-multipart" with: 

pip install python-multipart

2026-09-09 22:42:55,286 WARNING hermes_cli.web_server: Binding to 0.0.0.0 with --insecure — the dashboard has no robust authentication. Only use on trusted networks.
2026-09-09 22:43:01,718 INFO hermes_cli.web_server: Mounted plugin API routes: /api/plugins/hermes-achievements/
2026-09-09 22:43:01,729 WARNING hermes_cli.web_server: Failed to load plugin kanban API routes: Form data requires "python-multipart" to be installed. 
You can install "python-multipart" with: 

pip install python-multipart

2026-09-09 22:43:01,734 WARNING hermes_cli.web_server: Binding to 0.0.0.0 with --insecure — the dashboard has no robust authentication. Only use on trusted networks.
2026-09-09 22:43:08,288 INFO hermes_cli.web_server: Mounted plugin API routes: /api/plugins/hermes-achievements/
2026-09-09 22:43:08,302 WARNING hermes_cli.web_server: Failed to load plugin kanban API routes: Form data requires "python-multipart" to be installed. 
You can install "python-multipart" with: 

pip install python-multipart

2026-09-09 22:43:08,308 WARNING hermes_cli.web_server: Binding to 0.0.0.0 with --insecure — the dashboard has no robust authentication. Only use on trusted networks.
2026-09-09 22:43:14,792 INFO hermes_cli.web_server: Mounted plugin API routes: /api/plugins/hermes-achievements/
2026-09-09 22:43:14,804 WARNING hermes_cli.web_server: Failed to load plugin kanban API routes: Form data requires "python-multipart" to be installed. 
You can install "python-multipart" with: 

pip install python-multipart

2026-09-09 22:43:14,809 WARNING hermes_cli.web_server: Binding to 0.0.0.0 with --insecure — the dashboard has no robust authentication. Only use on trusted networks.
2026-09-09 22:43:21,228 INFO hermes_cli.web_server: Mounted plugin API routes: /api/plugins/hermes-achievements/
2026-09-09 22:43:21,239 WARNING hermes_cli.web_server: Failed to load plugin kanban API routes: Form data requires "python-multipart" to be installed. 
You can install "python-multipart" with: 

pip install python-multipart

2026-09-09 22:43:21,244 WARNING hermes_cli.web_server: Binding to 0.0.0.0 with --insecure — the dashboard has no robust authentication. Only use on trusted networks.
2026-09-09 22:43:27,746 INFO hermes_cli.web_server: Mounted plugin API routes: /api/plugins/hermes-achievements/
2026-09-09 22:43:27,757 WARNING hermes_cli.web_server: Failed to load plugin kanban API routes: Form data requires "python-multipart" to be installed. 
You can install "python-multipart" with: 

pip install python-multipart

2026-09-09 22:43:27,762 WARNING hermes_cli.web_server: Binding to 0.0.0.0 with --insecure — the dashboard has no robust authentication. Only use on trusted networks.
2026-09-09 22:43:34,229 INFO hermes_cli.web_server: Mounted plugin API routes: /api/plugins/hermes-achievements/
2026-09-09 22:43:34,240 WARNING hermes_cli.web_server: Failed to load plugin kanban API routes: Form data requires "python-multipart" to be installed. 
You can install "python-multipart" with: 

pip install python-multipart

2026-09-09 22:43:34,245 WARNING hermes_cli.web_server: Binding to 0.0.0.0 with --insecure — the dashboard has no robust authentication. Only use on trusted networks.
2026-09-09 22:43:40,781 INFO hermes_cli.web_server: Mounted plugin API routes: /api/plugins/hermes-achievements/
2026-09-09 22:43:40,794 WARNING hermes_cli.web_server: Failed to load plugin kanban API routes: Form data requires "python-multipart" to be installed. 
You can install "python-multipart" with: 

pip install python-multipart

2026-09-09 22:43:40,800 WARNING hermes_cli.web_server: Binding to 0.0.0.0 with --insecure — the dashboard has no robust authentication. Only use on trusted networks.
2026-09-09 22:43:47,269 INFO hermes_cli.web_server: Mounted plugin API routes: /api/plugins/hermes-achievements/
2026-09-09 22:43:47,280 WARNING hermes_cli.web_server: Failed to load plugin kanban API routes: Form data requires "python-multipart" to be installed. 
You can install "python-multipart" with: 

pip install python-multipart

2026-09-09 22:43:47,285 WARNING hermes_cli.web_server: Binding to 0.0.0.0 with --insecure — the dashboard has no robust authentication. Only use on trusted networks.
2026-09-09 22:43:53,742 INFO hermes_cli.web_server: Mounted plugin API routes: /api/plugins/hermes-achievements/
2026-09-09 22:43:53,753 WARNING hermes_cli.web_server: Failed to load plugin kanban API routes: Form data requires "python-multipart" to be installed. 
You can install "python-multipart" with: 

pip install python-multipart

2026-09-09 22:43:53,758 WARNING hermes_cli.web_server: Binding to 0.0.0.0 with --insecure — the dashboard has no robust authentication. Only use on trusted networks.
2026-09-09 22:44:00,223 INFO hermes_cli.web_server: Mounted plugin API routes: /api/plugins/hermes-achievements/
2026-09-09 22:44:00,234 WARNING hermes_cli.web_server: Failed to load plugin kanban API routes: Form data requires "python-multipart" to be installed. 
You can install "python-multipart" with: 

pip install python-multipart

2026-09-09 22:44:00,239 WARNING hermes_cli.web_server: Binding to 0.0.0.0 with --insecure — the dashboard has no robust authentication. Only use on trusted networks.
2026-09-09 22:44:06,751 INFO hermes_cli.web_server: Mounted plugin API routes: /api/plugins/hermes-achievements/
2026-09-09 22:44:06,763 WARNING hermes_cli.web_server: Failed to load plugin kanban API routes: Form data requires "python-multipart" to be installed. 
You can install "python-multipart" with: 

pip install python-multipart

2026-09-09 22:44:06,768 WARNING hermes_cli.web_server: Binding to 0.0.0.0 with --insecure — the dashboard has no robust authentication. Only use on trusted networks.
2026-09-09 22:44:13,228 INFO hermes_cli.web_server: Mounted plugin API routes: /api/plugins/hermes-achievements/
2026-09-09 22:44:13,239 WARNING hermes_cli.web_server: Failed to load plugin kanban API routes: Form data requires "python-multipart" to be installed. 
You can install "python-multipart" with: 

pip install python-multipart

2026-09-09 22:44:13,244 WARNING hermes_cli.web_server: Binding to 0.0.0.0 with --insecure — the dashboard has no robust authentication. Only use on trusted networks.
2026-09-09 22:44:19,748 INFO hermes_cli.web_server: Mounted plugin API routes: /api/plugins/hermes-achievements/
2026-09-09 22:44:19,762 WARNING hermes_cli.web_server: Failed to load plugin kanban API routes: Form data requires "python-multipart" to be installed. 
You can install "python-multipart" with: 

pip install python-multipart

2026-09-09 22:44:19,769 WARNING hermes_cli.web_server: Binding to 0.0.0.0 with --insecure — the dashboard has no robust authentication. Only use on trusted networks.
2026-09-09 22:44:26,246 INFO hermes_cli.web_server: Mounted plugin API routes: /api/plugins/hermes-achievements/
2026-09-09 22:44:26,258 WARNING hermes_cli.web_server: Failed to load plugin kanban API routes: Form data requires "python-multipart" to be installed. 
You can install "python-multipart" with: 

pip install python-multipart

2026-09-09 22:44:26,263 WARNING hermes_cli.web_server: Binding to 0.0.0.0 with --insecure — the dashboard has no robust authentication. Only use on trusted networks.
2026-09-09 22:44:32,794 INFO hermes_cli.web_server: Mounted plugin API routes: /api/plugins/hermes-achievements/
2026-09-09 22:44:32,806 WARNING hermes_cli.web_server: Failed to load plugin kanban API routes: Form data requires "python-multipart" to be installed. 
You can install "python-multipart" with: 

pip install python-multipart

2026-09-09 22:44:32,811 WARNING hermes_cli.web_server: Binding to 0.0.0.0 with --insecure — the dashboard has no robust authentication. Only use on trusted networks.
2026-09-09 22:44:39,245 INFO hermes_cli.web_server: Mounted plugin API routes: /api/plugins/hermes-achievements/
2026-09-09 22:44:39,257 WARNING hermes_cli.web_server: Failed to load plugin kanban API routes: Form data requires "python-multipart" to be installed. 
You can install "python-multipart" with: 

pip install python-multipart

2026-09-09 22:44:39,262 WARNING hermes_cli.web_server: Binding to 0.0.0.0 with --insecure — the dashboard has no robust authentication. Only use on trusted networks.
2026-09-09 22:44:45,743 INFO hermes_cli.web_server: Mounted plugin API routes: /api/plugins/hermes-achievements/
2026-09-09 22:44:45,754 WARNING hermes_cli.web_server: Failed to load plugin kanban API routes: Form data requires "python-multipart" to be installed. 
You can install "python-multipart" with: 

pip install python-multipart

2026-09-09 22:44:45,759 WARNING hermes_cli.web_server: Binding to 0.0.0.0 with --insecure — the dashboard has no robust authentication. Only use on trusted networks.
2026-09-09 22:44:52,268 INFO hermes_cli.web_server: Mounted plugin API routes: /api/plugins/hermes-achievements/
2026-09-09 22:44:52,279 WARNING hermes_cli.web_server: Failed to load plugin kanban API routes: Form data requires "python-multipart" to be installed. 
You can install "python-multipart" with: 

pip install python-multipart

2026-09-09 22:44:52,284 WARNING hermes_cli.web_server: Binding to 0.0.0.0 with --insecure — the dashboard has no robust authentication. Only use on trusted networks.
2026-09-09 22:44:58,761 INFO hermes_cli.web_server: Mounted plugin API routes: /api/plugins/hermes-achievements/
2026-09-09 22:44:58,773 WARNING hermes_cli.web_server: Failed to load plugin kanban API routes: Form data requires "python-multipart" to be installed. 
You can install "python-multipart" with: 

pip install python-multipart

2026-09-09 22:44:58,777 WARNING hermes_cli.web_server: Binding to 0.0.0.0 with --insecure — the dashboard has no robust authentication. Only use on trusted networks.
2026-09-09 22:45:05,254 INFO hermes_cli.web_server: Mounted plugin API routes: /api/plugins/hermes-achievements/
2026-09-09 22:45:05,265 WARNING hermes_cli.web_server: Failed to load plugin kanban API routes: Form data requires "python-multipart" to be installed. 
You can install "python-multipart" with: 

pip install python-multipart

2026-09-09 22:45:05,270 WARNING hermes_cli.web_server: Binding to 0.0.0.0 with --insecure — the dashboard has no robust authentication. Only use on trusted networks.
2026-09-09 22:45:11,781 INFO hermes_cli.web_server: Mounted plugin API routes: /api/plugins/hermes-achievements/
2026-09-09 22:45:11,793 WARNING hermes_cli.web_server: Failed to load plugin kanban API routes: Form data requires "python-multipart" to be installed. 
You can install "python-multipart" with: 

pip install python-multipart

2026-09-09 22:45:11,798 WARNING hermes_cli.web_server: Binding to 0.0.0.0 with --insecure — the dashboard has no robust authentication. Only use on trusted networks.
2026-09-09 22:45:18,231 INFO hermes_cli.web_server: Mounted plugin API routes: /api/plugins/hermes-achievements/
2026-09-09 22:45:18,242 WARNING hermes_cli.web_server: Failed to load plugin kanban API routes: Form data requires "python-multipart" to be installed. 
You can install "python-multipart" with: 

pip install python-multipart

2026-09-09 22:45:18,247 WARNING hermes_cli.web_server: Binding to 0.0.0.0 with --insecure — the dashboard has no robust authentication. Only use on trusted networks.
2026-09-09 22:45:24,743 INFO hermes_cli.web_server: Mounted plugin API routes: /api/plugins/hermes-achievements/
2026-09-09 22:45:24,754 WARNING hermes_cli.web_server: Failed to load plugin kanban API routes: Form data requires "python-multipart" to be installed. 
You can install "python-multipart" with: 

pip install python-multipart

2026-09-09 22:45:24,759 WARNING hermes_cli.web_server: Binding to 0.0.0.0 with --insecure — the dashboard has no robust authentication. Only use on trusted networks.
2026-09-09 22:45:31,241 INFO hermes_cli.web_server: Mounted plugin API routes: /api/plugins/hermes-achievements/
2026-09-09 22:45:31,253 WARNING hermes_cli.web_server: Failed to load plugin kanban API routes: Form data requires "python-multipart" to be installed. 
You can install "python-multipart" with: 

pip install python-multipart

2026-09-09 22:45:31,258 WARNING hermes_cli.web_server: Binding to 0.0.0.0 with --insecure — the dashboard has no robust authentication. Only use on trusted networks.
2026-09-09 22:45:37,823 INFO hermes_cli.web_server: Mounted plugin API routes: /api/plugins/hermes-achievements/
2026-09-09 22:45:37,834 WARNING hermes_cli.web_server: Failed to load plugin kanban API routes: Form data requires "python-multipart" to be installed. 
You can install "python-multipart" with: 

pip install python-multipart

2026-09-09 22:45:37,839 WARNING hermes_cli.web_server: Binding to 0.0.0.0 with --insecure — the dashboard has no robust authentication. Only use on trusted networks.
2026-09-09 22:45:44,298 INFO hermes_cli.web_server: Mounted plugin API routes: /api/plugins/hermes-achievements/
2026-09-09 22:45:44,310 WARNING hermes_cli.web_server: Failed to load plugin kanban API routes: Form data requires "python-multipart" to be installed. 
You can install "python-multipart" with: 

pip install python-multipart

2026-09-09 22:45:44,315 WARNING hermes_cli.web_server: Binding to 0.0.0.0 with --insecure — the dashboard has no robust authentication. Only use on trusted networks.
2026-09-09 22:45:50,778 INFO hermes_cli.web_server: Mounted plugin API routes: /api/plugins/hermes-achievements/
2026-09-09 22:45:50,790 WARNING hermes_cli.web_server: Failed to load plugin kanban API routes: Form data requires "python-multipart" to be installed. 
You can install "python-multipart" with: 

pip install python-multipart

2026-09-09 22:45:50,796 WARNING hermes_cli.web_server: Binding to 0.0.0.0 with --insecure — the dashboard has no robust authentication. Only use on trusted networks.
2026-09-09 22:45:57,250 INFO hermes_cli.web_server: Mounted plugin API routes: /api/plugins/hermes-achievements/
2026-09-09 22:45:57,262 WARNING hermes_cli.web_server: Failed to load plugin kanban API routes: Form data requires "python-multipart" to be installed. 
You can install "python-multipart" with: 

pip install python-multipart

2026-09-09 22:45:57,268 WARNING hermes_cli.web_server: Binding to 0.0.0.0 with --insecure — the dashboard has no robust authentication. Only use on trusted networks.
2026-09-09 22:46:03,755 INFO hermes_cli.web_server: Mounted plugin API routes: /api/plugins/hermes-achievements/
2026-09-09 22:46:03,766 WARNING hermes_cli.web_server: Failed to load plugin kanban API routes: Form data requires "python-multipart" to be installed. 
You can install "python-multipart" with: 

pip install python-multipart

2026-09-09 22:46:03,771 WARNING hermes_cli.web_server: Binding to 0.0.0.0 with --insecure — the dashboard has no robust authentication. Only use on trusted networks.
2026-09-09 22:46:10,246 INFO hermes_cli.web_server: Mounted plugin API routes: /api/plugins/hermes-achievements/
2026-09-09 22:46:10,257 WARNING hermes_cli.web_server: Failed to load plugin kanban API routes: Form data requires "python-multipart" to be installed. 
You can install "python-multipart" with: 

pip install python-multipart

2026-09-09 22:46:10,262 WARNING hermes_cli.web_server: Binding to 0.0.0.0 with --insecure — the dashboard has no robust authentication. Only use on trusted networks.
2026-09-09 22:46:16,774 INFO hermes_cli.web_server: Mounted plugin API routes: /api/plugins/hermes-achievements/
2026-09-09 22:46:16,785 WARNING hermes_cli.web_server: Failed to load plugin kanban API routes: Form data requires "python-multipart" to be installed. 
You can install "python-multipart" with: 

pip install python-multipart

2026-09-09 22:46:16,790 WARNING hermes_cli.web_server: Binding to 0.0.0.0 with --insecure — the dashboard has no robust authentication. Only use on trusted networks.
2026-09-09 22:46:23,255 INFO hermes_cli.web_server: Mounted plugin API routes: /api/plugins/hermes-achievements/
2026-09-09 22:46:23,267 WARNING hermes_cli.web_server: Failed to load plugin kanban API routes: Form data requires "python-multipart" to be installed. 
You can install "python-multipart" with: 

pip install python-multipart

2026-09-09 22:46:23,272 WARNING hermes_cli.web_server: Binding to 0.0.0.0 with --insecure — the dashboard has no robust authentication. Only use on trusted networks.
2026-09-09 22:46:29,760 INFO hermes_cli.web_server: Mounted plugin API routes: /api/plugins/hermes-achievements/
2026-09-09 22:46:29,771 WARNING hermes_cli.web_server: Failed to load plugin kanban API routes: Form data requires "python-multipart" to be installed. 
You can install "python-multipart" with: 

pip install python-multipart

2026-09-09 22:46:29,776 WARNING hermes_cli.web_server: Binding to 0.0.0.0 with --insecure — the dashboard has no robust authentication. Only use on trusted networks.
2026-09-09 22:46:36,277 INFO hermes_cli.web_server: Mounted plugin API routes: /api/plugins/hermes-achievements/
2026-09-09 22:46:36,289 WARNING hermes_cli.web_server: Failed to load plugin kanban API routes: Form data requires "python-multipart" to be installed. 
You can install "python-multipart" with: 

pip install python-multipart

2026-09-09 22:46:36,293 WARNING hermes_cli.web_server: Binding to 0.0.0.0 with --insecure — the dashboard has no robust authentication. Only use on trusted networks.
2026-09-09 22:46:42,738 INFO hermes_cli.web_server: Mounted plugin API routes: /api/plugins/hermes-achievements/
2026-09-09 22:46:42,749 WARNING hermes_cli.web_server: Failed to load plugin kanban API routes: Form data requires "python-multipart" to be installed. 
You can install "python-multipart" with: 

pip install python-multipart

2026-09-09 22:46:42,754 WARNING hermes_cli.web_server: Binding to 0.0.0.0 with --insecure — the dashboard has no robust authentication. Only use on trusted networks.
2026-09-09 22:46:49,241 INFO hermes_cli.web_server: Mounted plugin API routes: /api/plugins/hermes-achievements/
2026-09-09 22:46:49,252 WARNING hermes_cli.web_server: Failed to load plugin kanban API routes: Form data requires "python-multipart" to be installed. 
You can install "python-multipart" with: 

pip install python-multipart

2026-09-09 22:46:49,257 WARNING hermes_cli.web_server: Binding to 0.0.0.0 with --insecure — the dashboard has no robust authentication. Only use on trusted networks.
2026-09-09 22:46:55,819 INFO hermes_cli.web_server: Mounted plugin API routes: /api/plugins/hermes-achievements/
2026-09-09 22:46:55,830 WARNING hermes_cli.web_server: Failed to load plugin kanban API routes: Form data requires "python-multipart" to be installed. 
You can install "python-multipart" with: 

pip install python-multipart

2026-09-09 22:46:55,835 WARNING hermes_cli.web_server: Binding to 0.0.0.0 with --insecure — the dashboard has no robust authentication. Only use on trusted networks.
2026-09-09 22:47:02,269 INFO hermes_cli.web_server: Mounted plugin API routes: /api/plugins/hermes-achievements/
2026-09-09 22:47:02,283 WARNING hermes_cli.web_server: Failed to load plugin kanban API routes: Form data requires "python-multipart" to be installed. 
You can install "python-multipart" with: 

pip install python-multipart

2026-09-09 22:47:02,288 WARNING hermes_cli.web_server: Binding to 0.0.0.0 with --insecure — the dashboard has no robust authentication. Only use on trusted networks.
2026-09-09 22:47:08,744 INFO hermes_cli.web_server: Mounted plugin API routes: /api/plugins/hermes-achievements/
2026-09-09 22:47:08,755 WARNING hermes_cli.web_server: Failed to load plugin kanban API routes: Form data requires "python-multipart" to be installed. 
You can install "python-multipart" with: 

pip install python-multipart

2026-09-09 22:47:08,760 WARNING hermes_cli.web_server: Binding to 0.0.0.0 with --insecure — the dashboard has no robust authentication. Only use on trusted networks.
2026-09-09 22:47:15,268 INFO hermes_cli.web_server: Mounted plugin API routes: /api/plugins/hermes-achievements/
2026-09-09 22:47:15,280 WARNING hermes_cli.web_server: Failed to load plugin kanban API routes: Form data requires "python-multipart" to be installed. 
You can install "python-multipart" with: 

pip install python-multipart

2026-09-09 22:47:15,285 WARNING hermes_cli.web_server: Binding to 0.0.0.0 with --insecure — the dashboard has no robust authentication. Only use on trusted networks.
2026-09-09 22:47:21,771 INFO hermes_cli.web_server: Mounted plugin API routes: /api/plugins/hermes-achievements/
2026-09-09 22:47:21,783 WARNING hermes_cli.web_server: Failed to load plugin kanban API routes: Form data requires "python-multipart" to be installed. 
You can install "python-multipart" with: 

pip install python-multipart

2026-09-09 22:47:21,788 WARNING hermes_cli.web_server: Binding to 0.0.0.0 with --insecure — the dashboard has no robust authentication. Only use on trusted networks.
2026-09-09 22:47:28,237 INFO hermes_cli.web_server: Mounted plugin API routes: /api/plugins/hermes-achievements/
2026-09-09 22:47:28,248 WARNING hermes_cli.web_server: Failed to load plugin kanban API routes: Form data requires "python-multipart" to be installed. 
You can install "python-multipart" with: 

pip install python-multipart

2026-09-09 22:47:28,253 WARNING hermes_cli.web_server: Binding to 0.0.0.0 with --insecure — the dashboard has no robust authentication. Only use on trusted networks.
2026-09-09 22:47:34,787 INFO hermes_cli.web_server: Mounted plugin API routes: /api/plugins/hermes-achievements/
2026-09-09 22:47:34,799 WARNING hermes_cli.web_server: Failed to load plugin kanban API routes: Form data requires "python-multipart" to be installed. 
You can install "python-multipart" with: 

pip install python-multipart

2026-09-09 22:47:34,803 WARNING hermes_cli.web_server: Binding to 0.0.0.0 with --insecure — the dashboard has no robust authentication. Only use on trusted networks.
2026-09-09 22:47:41,281 INFO hermes_cli.web_server: Mounted plugin API routes: /api/plugins/hermes-achievements/
2026-09-09 22:47:41,293 WARNING hermes_cli.web_server: Failed to load plugin kanban API routes: Form data requires "python-multipart" to be installed. 
You can install "python-multipart" with: 

pip install python-multipart

2026-09-09 22:47:41,297 WARNING hermes_cli.web_server: Binding to 0.0.0.0 with --insecure — the dashboard has no robust authentication. Only use on trusted networks.
2026-09-09 22:47:47,727 INFO hermes_cli.web_server: Mounted plugin API routes: /api/plugins/hermes-achievements/
2026-09-09 22:47:47,739 WARNING hermes_cli.web_server: Failed to load plugin kanban API routes: Form data requires "python-multipart" to be installed. 
You can install "python-multipart" with: 

pip install python-multipart

2026-09-09 22:47:47,744 WARNING hermes_cli.web_server: Binding to 0.0.0.0 with --insecure — the dashboard has no robust authentication. Only use on trusted networks.
2026-09-09 22:47:54,038 INFO hermes_cli.web_server: Mounted plugin API routes: /api/plugins/hermes-achievements/
2026-09-09 22:47:54,049 WARNING hermes_cli.web_server: Failed to load plugin kanban API routes: Form data requires "python-multipart" to be installed. 
You can install "python-multipart" with: 

pip install python-multipart

2026-09-09 22:47:54,054 WARNING hermes_cli.web_server: Binding to 0.0.0.0 with --insecure — the dashboard has no robust authentication. Only use on trusted networks.
2026-09-09 22:48:00,539 INFO hermes_cli.web_server: Mounted plugin API routes: /api/plugins/hermes-achievements/
2026-09-09 22:48:00,550 WARNING hermes_cli.web_server: Failed to load plugin kanban API routes: Form data requires "python-multipart" to be installed. 
You can install "python-multipart" with: 

pip install python-multipart

2026-09-09 22:48:00,555 WARNING hermes_cli.web_server: Binding to 0.0.0.0 with --insecure — the dashboard has no robust authentication. Only use on trusted networks.
2026-09-09 22:48:07,088 INFO hermes_cli.web_server: Mounted plugin API routes: /api/plugins/hermes-achievements/
2026-09-09 22:48:07,099 WARNING hermes_cli.web_server: Failed to load plugin kanban API routes: Form data requires "python-multipart" to be installed. 
You can install "python-multipart" with: 

pip install python-multipart

2026-09-09 22:48:07,104 WARNING hermes_cli.web_server: Binding to 0.0.0.0 with --insecure — the dashboard has no robust authentication. Only use on trusted networks.
2026-09-09 22:53:08,756 INFO hermes_cli.web_server: Mounted plugin API routes: /api/plugins/hermes-achievements/
2026-09-09 22:53:08,768 WARNING hermes_cli.web_server: Failed to load plugin kanban API routes: Form data requires "python-multipart" to be installed. 
You can install "python-multipart" with: 

pip install python-multipart

2026-09-09 22:53:08,772 WARNING hermes_cli.web_server: Binding to 0.0.0.0 with --insecure — the dashboard has no robust authentication. Only use on trusted networks.
2026-09-09 22:53:15,246 INFO hermes_cli.web_server: Mounted plugin API routes: /api/plugins/hermes-achievements/
2026-09-09 22:53:15,258 WARNING hermes_cli.web_server: Failed to load plugin kanban API routes: Form data requires "python-multipart" to be installed. 
You can install "python-multipart" with: 

pip install python-multipart

2026-09-09 22:53:15,263 WARNING hermes_cli.web_server: Binding to 0.0.0.0 with --insecure — the dashboard has no robust authentication. Only use on trusted networks.
2026-09-09 22:53:21,798 INFO hermes_cli.web_server: Mounted plugin API routes: /api/plugins/hermes-achievements/
2026-09-09 22:53:21,810 WARNING hermes_cli.web_server: Failed to load plugin kanban API routes: Form data requires "python-multipart" to be installed. 
You can install "python-multipart" with: 

pip install python-multipart

2026-09-09 22:53:21,815 WARNING hermes_cli.web_server: Binding to 0.0.0.0 with --insecure — the dashboard has no robust authentication. Only use on trusted networks.
2026-09-09 22:53:28,246 INFO hermes_cli.web_server: Mounted plugin API routes: /api/plugins/hermes-achievements/
2026-09-09 22:53:28,258 WARNING hermes_cli.web_server: Failed to load plugin kanban API routes: Form data requires "python-multipart" to be installed. 
You can install "python-multipart" with: 

pip install python-multipart

2026-09-09 22:53:28,262 WARNING hermes_cli.web_server: Binding to 0.0.0.0 with --insecure — the dashboard has no robust authentication. Only use on trusted networks.
2026-09-09 22:53:34,750 INFO hermes_cli.web_server: Mounted plugin API routes: /api/plugins/hermes-achievements/
2026-09-09 22:53:34,762 WARNING hermes_cli.web_server: Failed to load plugin kanban API routes: Form data requires "python-multipart" to be installed. 
You can install "python-multipart" with: 

pip install python-multipart

2026-09-09 22:53:34,766 WARNING hermes_cli.web_server: Binding to 0.0.0.0 with --insecure — the dashboard has no robust authentication. Only use on trusted networks.
2026-09-09 22:53:41,246 INFO hermes_cli.web_server: Mounted plugin API routes: /api/plugins/hermes-achievements/
2026-09-09 22:53:41,258 WARNING hermes_cli.web_server: Failed to load plugin kanban API routes: Form data requires "python-multipart" to be installed. 
You can install "python-multipart" with: 

pip install python-multipart

2026-09-09 22:53:41,263 WARNING hermes_cli.web_server: Binding to 0.0.0.0 with --insecure — the dashboard has no robust authentication. Only use on trusted networks.
2026-09-09 22:53:47,747 INFO hermes_cli.web_server: Mounted plugin API routes: /api/plugins/hermes-achievements/
2026-09-09 22:53:47,758 WARNING hermes_cli.web_server: Failed to load plugin kanban API routes: Form data requires "python-multipart" to be installed. 
You can install "python-multipart" with: 

pip install python-multipart

2026-09-09 22:53:47,763 WARNING hermes_cli.web_server: Binding to 0.0.0.0 with --insecure — the dashboard has no robust authentication. Only use on trusted networks.
2026-09-09 22:53:54,244 INFO hermes_cli.web_server: Mounted plugin API routes: /api/plugins/hermes-achievements/
2026-09-09 22:53:54,256 WARNING hermes_cli.web_server: Failed to load plugin kanban API routes: Form data requires "python-multipart" to be installed. 
You can install "python-multipart" with: 

pip install python-multipart

2026-09-09 22:53:54,261 WARNING hermes_cli.web_server: Binding to 0.0.0.0 with --insecure — the dashboard has no robust authentication. Only use on trusted networks.
2026-09-09 22:54:00,750 INFO hermes_cli.web_server: Mounted plugin API routes: /api/plugins/hermes-achievements/
2026-09-09 22:54:00,761 WARNING hermes_cli.web_server: Failed to load plugin kanban API routes: Form data requires "python-multipart" to be installed. 
You can install "python-multipart" with: 

pip install python-multipart

2026-09-09 22:54:00,766 WARNING hermes_cli.web_server: Binding to 0.0.0.0 with --insecure — the dashboard has no robust authentication. Only use on trusted networks.
2026-09-09 22:54:07,234 INFO hermes_cli.web_server: Mounted plugin API routes: /api/plugins/hermes-achievements/
2026-09-09 22:54:07,246 WARNING hermes_cli.web_server: Failed to load plugin kanban API routes: Form data requires "python-multipart" to be installed. 
You can install "python-multipart" with: 

pip install python-multipart

2026-09-09 22:54:07,250 WARNING hermes_cli.web_server: Binding to 0.0.0.0 with --insecure — the dashboard has no robust authentication. Only use on trusted networks.
2026-09-09 22:54:13,754 INFO hermes_cli.web_server: Mounted plugin API routes: /api/plugins/hermes-achievements/
2026-09-09 22:54:13,765 WARNING hermes_cli.web_server: Failed to load plugin kanban API routes: Form data requires "python-multipart" to be installed. 
You can install "python-multipart" with: 

pip install python-multipart

2026-09-09 22:54:13,770 WARNING hermes_cli.web_server: Binding to 0.0.0.0 with --insecure — the dashboard has no robust authentication. Only use on trusted networks.
2026-09-09 22:54:20,238 INFO hermes_cli.web_server: Mounted plugin API routes: /api/plugins/hermes-achievements/
2026-09-09 22:54:20,250 WARNING hermes_cli.web_server: Failed to load plugin kanban API routes: Form data requires "python-multipart" to be installed. 
You can install "python-multipart" with: 

pip install python-multipart

2026-09-09 22:54:20,255 WARNING hermes_cli.web_server: Binding to 0.0.0.0 with --insecure — the dashboard has no robust authentication. Only use on trusted networks.
2026-09-09 22:54:26,732 INFO hermes_cli.web_server: Mounted plugin API routes: /api/plugins/hermes-achievements/
2026-09-09 22:54:26,743 WARNING hermes_cli.web_server: Failed to load plugin kanban API routes: Form data requires "python-multipart" to be installed. 
You can install "python-multipart" with: 

pip install python-multipart

2026-09-09 22:54:26,748 WARNING hermes_cli.web_server: Binding to 0.0.0.0 with --insecure — the dashboard has no robust authentication. Only use on trusted networks.
2026-09-09 22:54:33,272 INFO hermes_cli.web_server: Mounted plugin API routes: /api/plugins/hermes-achievements/
2026-09-09 22:54:33,283 WARNING hermes_cli.web_server: Failed to load plugin kanban API routes: Form data requires "python-multipart" to be installed. 
You can install "python-multipart" with: 

pip install python-multipart

2026-09-09 22:54:33,288 WARNING hermes_cli.web_server: Binding to 0.0.0.0 with --insecure — the dashboard has no robust authentication. Only use on trusted networks.
2026-09-09 22:54:39,763 INFO hermes_cli.web_server: Mounted plugin API routes: /api/plugins/hermes-achievements/
2026-09-09 22:54:39,774 WARNING hermes_cli.web_server: Failed to load plugin kanban API routes: Form data requires "python-multipart" to be installed. 
You can install "python-multipart" with: 

pip install python-multipart

2026-09-09 22:54:39,779 WARNING hermes_cli.web_server: Binding to 0.0.0.0 with --insecure — the dashboard has no robust authentication. Only use on trusted networks.
2026-09-09 22:54:46,301 INFO hermes_cli.web_server: Mounted plugin API routes: /api/plugins/hermes-achievements/
2026-09-09 22:54:46,313 WARNING hermes_cli.web_server: Failed to load plugin kanban API routes: Form data requires "python-multipart" to be installed. 
You can install "python-multipart" with: 

pip install python-multipart

2026-09-09 22:54:46,318 WARNING hermes_cli.web_server: Binding to 0.0.0.0 with --insecure — the dashboard has no robust authentication. Only use on trusted networks.
2026-09-09 22:54:52,744 INFO hermes_cli.web_server: Mounted plugin API routes: /api/plugins/hermes-achievements/
2026-09-09 22:54:52,757 WARNING hermes_cli.web_server: Failed to load plugin kanban API routes: Form data requires "python-multipart" to be installed. 
You can install "python-multipart" with: 

pip install python-multipart

2026-09-09 22:54:52,762 WARNING hermes_cli.web_server: Binding to 0.0.0.0 with --insecure — the dashboard has no robust authentication. Only use on trusted networks.
2026-09-09 22:54:59,267 INFO hermes_cli.web_server: Mounted plugin API routes: /api/plugins/hermes-achievements/
2026-09-09 22:54:59,279 WARNING hermes_cli.web_server: Failed to load plugin kanban API routes: Form data requires "python-multipart" to be installed. 
You can install "python-multipart" with: 

pip install python-multipart

2026-09-09 22:54:59,283 WARNING hermes_cli.web_server: Binding to 0.0.0.0 with --insecure — the dashboard has no robust authentication. Only use on trusted networks.
2026-09-09 22:55:05,801 INFO hermes_cli.web_server: Mounted plugin API routes: /api/plugins/hermes-achievements/
2026-09-09 22:55:05,813 WARNING hermes_cli.web_server: Failed to load plugin kanban API routes: Form data requires "python-multipart" to be installed. 
You can install "python-multipart" with: 

pip install python-multipart

2026-09-09 22:55:05,818 WARNING hermes_cli.web_server: Binding to 0.0.0.0 with --insecure — the dashboard has no robust authentication. Only use on trusted networks.
2026-09-09 22:55:12,241 INFO hermes_cli.web_server: Mounted plugin API routes: /api/plugins/hermes-achievements/
2026-09-09 22:55:12,252 WARNING hermes_cli.web_server: Failed to load plugin kanban API routes: Form data requires "python-multipart" to be installed. 
You can install "python-multipart" with: 

pip install python-multipart

2026-09-09 22:55:12,257 WARNING hermes_cli.web_server: Binding to 0.0.0.0 with --insecure — the dashboard has no robust authentication. Only use on trusted networks.
2026-09-09 22:55:18,761 INFO hermes_cli.web_server: Mounted plugin API routes: /api/plugins/hermes-achievements/
2026-09-09 22:55:18,773 WARNING hermes_cli.web_server: Failed to load plugin kanban API routes: Form data requires "python-multipart" to be installed. 
You can install "python-multipart" with: 

pip install python-multipart

2026-09-09 22:55:18,777 WARNING hermes_cli.web_server: Binding to 0.0.0.0 with --insecure — the dashboard has no robust authentication. Only use on trusted networks.
2026-09-09 22:55:25,254 INFO hermes_cli.web_server: Mounted plugin API routes: /api/plugins/hermes-achievements/
2026-09-09 22:55:25,266 WARNING hermes_cli.web_server: Failed to load plugin kanban API routes: Form data requires "python-multipart" to be installed. 
You can install "python-multipart" with: 

pip install python-multipart

2026-09-09 22:55:25,270 WARNING hermes_cli.web_server: Binding to 0.0.0.0 with --insecure — the dashboard has no robust authentication. Only use on trusted networks.
2026-09-09 22:55:31,739 INFO hermes_cli.web_server: Mounted plugin API routes: /api/plugins/hermes-achievements/
2026-09-09 22:55:31,751 WARNING hermes_cli.web_server: Failed to load plugin kanban API routes: Form data requires "python-multipart" to be installed. 
You can install "python-multipart" with: 

pip install python-multipart

2026-09-09 22:55:31,756 WARNING hermes_cli.web_server: Binding to 0.0.0.0 with --insecure — the dashboard has no robust authentication. Only use on trusted networks.
2026-09-09 22:55:38,241 INFO hermes_cli.web_server: Mounted plugin API routes: /api/plugins/hermes-achievements/
2026-09-09 22:55:38,253 WARNING hermes_cli.web_server: Failed to load plugin kanban API routes: Form data requires "python-multipart" to be installed. 
You can install "python-multipart" with: 

pip install python-multipart

2026-09-09 22:55:38,257 WARNING hermes_cli.web_server: Binding to 0.0.0.0 with --insecure — the dashboard has no robust authentication. Only use on trusted networks.
2026-09-09 22:55:44,737 INFO hermes_cli.web_server: Mounted plugin API routes: /api/plugins/hermes-achievements/
2026-09-09 22:55:44,749 WARNING hermes_cli.web_server: Failed to load plugin kanban API routes: Form data requires "python-multipart" to be installed. 
You can install "python-multipart" with: 

pip install python-multipart

2026-09-09 22:55:44,755 WARNING hermes_cli.web_server: Binding to 0.0.0.0 with --insecure — the dashboard has no robust authentication. Only use on trusted networks.
2026-09-09 22:55:51,306 INFO hermes_cli.web_server: Mounted plugin API routes: /api/plugins/hermes-achievements/
2026-09-09 22:55:51,318 WARNING hermes_cli.web_server: Failed to load plugin kanban API routes: Form data requires "python-multipart" to be installed. 
You can install "python-multipart" with: 

pip install python-multipart

2026-09-09 22:55:51,323 WARNING hermes_cli.web_server: Binding to 0.0.0.0 with --insecure — the dashboard has no robust authentication. Only use on trusted networks.
2026-09-09 22:55:57,762 INFO hermes_cli.web_server: Mounted plugin API routes: /api/plugins/hermes-achievements/
2026-09-09 22:55:57,773 WARNING hermes_cli.web_server: Failed to load plugin kanban API routes: Form data requires "python-multipart" to be installed. 
You can install "python-multipart" with: 

pip install python-multipart

2026-09-09 22:55:57,778 WARNING hermes_cli.web_server: Binding to 0.0.0.0 with --insecure — the dashboard has no robust authentication. Only use on trusted networks.
2026-09-09 22:56:04,234 INFO hermes_cli.web_server: Mounted plugin API routes: /api/plugins/hermes-achievements/
2026-09-09 22:56:04,245 WARNING hermes_cli.web_server: Failed to load plugin kanban API routes: Form data requires "python-multipart" to be installed. 
You can install "python-multipart" with: 

pip install python-multipart

2026-09-09 22:56:04,250 WARNING hermes_cli.web_server: Binding to 0.0.0.0 with --insecure — the dashboard has no robust authentication. Only use on trusted networks.
2026-09-09 22:56:10,817 INFO hermes_cli.web_server: Mounted plugin API routes: /api/plugins/hermes-achievements/
2026-09-09 22:56:10,829 WARNING hermes_cli.web_server: Failed to load plugin kanban API routes: Form data requires "python-multipart" to be installed. 
You can install "python-multipart" with: 

pip install python-multipart

2026-09-09 22:56:10,834 WARNING hermes_cli.web_server: Binding to 0.0.0.0 with --insecure — the dashboard has no robust authentication. Only use on trusted networks.
2026-09-09 22:56:17,224 INFO hermes_cli.web_server: Mounted plugin API routes: /api/plugins/hermes-achievements/
2026-09-09 22:56:17,235 WARNING hermes_cli.web_server: Failed to load plugin kanban API routes: Form data requires "python-multipart" to be installed. 
You can install "python-multipart" with: 

pip install python-multipart

2026-09-09 22:56:17,240 WARNING hermes_cli.web_server: Binding to 0.0.0.0 with --insecure — the dashboard has no robust authentication. Only use on trusted networks.
2026-09-09 22:56:23,738 INFO hermes_cli.web_server: Mounted plugin API routes: /api/plugins/hermes-achievements/
2026-09-09 22:56:23,749 WARNING hermes_cli.web_server: Failed to load plugin kanban API routes: Form data requires "python-multipart" to be installed. 
You can install "python-multipart" with: 

pip install python-multipart

2026-09-09 22:56:23,754 WARNING hermes_cli.web_server: Binding to 0.0.0.0 with --insecure — the dashboard has no robust authentication. Only use on trusted networks.
2026-09-09 22:56:30,220 INFO hermes_cli.web_server: Mounted plugin API routes: /api/plugins/hermes-achievements/
2026-09-09 22:56:30,231 WARNING hermes_cli.web_server: Failed to load plugin kanban API routes: Form data requires "python-multipart" to be installed. 
You can install "python-multipart" with: 

pip install python-multipart

2026-09-09 22:56:30,236 WARNING hermes_cli.web_server: Binding to 0.0.0.0 with --insecure — the dashboard has no robust authentication. Only use on trusted networks.
2026-09-09 22:56:36,784 INFO hermes_cli.web_server: Mounted plugin API routes: /api/plugins/hermes-achievements/
2026-09-09 22:56:36,796 WARNING hermes_cli.web_server: Failed to load plugin kanban API routes: Form data requires "python-multipart" to be installed. 
You can install "python-multipart" with: 

pip install python-multipart

2026-09-09 22:56:36,801 WARNING hermes_cli.web_server: Binding to 0.0.0.0 with --insecure — the dashboard has no robust authentication. Only use on trusted networks.
2026-09-09 22:56:43,252 INFO hermes_cli.web_server: Mounted plugin API routes: /api/plugins/hermes-achievements/
2026-09-09 22:56:43,263 WARNING hermes_cli.web_server: Failed to load plugin kanban API routes: Form data requires "python-multipart" to be installed. 
You can install "python-multipart" with: 

pip install python-multipart

2026-09-09 22:56:43,267 WARNING hermes_cli.web_server: Binding to 0.0.0.0 with --insecure — the dashboard has no robust authentication. Only use on trusted networks.
2026-09-09 22:56:49,736 INFO hermes_cli.web_server: Mounted plugin API routes: /api/plugins/hermes-achievements/
2026-09-09 22:56:49,747 WARNING hermes_cli.web_server: Failed to load plugin kanban API routes: Form data requires "python-multipart" to be installed. 
You can install "python-multipart" with: 

pip install python-multipart

2026-09-09 22:56:49,752 WARNING hermes_cli.web_server: Binding to 0.0.0.0 with --insecure — the dashboard has no robust authentication. Only use on trusted networks.
2026-09-09 22:56:56,256 INFO hermes_cli.web_server: Mounted plugin API routes: /api/plugins/hermes-achievements/
2026-09-09 22:56:56,268 WARNING hermes_cli.web_server: Failed to load plugin kanban API routes: Form data requires "python-multipart" to be installed. 
You can install "python-multipart" with: 

pip install python-multipart

2026-09-09 22:56:56,273 WARNING hermes_cli.web_server: Binding to 0.0.0.0 with --insecure — the dashboard has no robust authentication. Only use on trusted networks.
2026-09-09 22:57:02,748 INFO hermes_cli.web_server: Mounted plugin API routes: /api/plugins/hermes-achievements/
2026-09-09 22:57:02,760 WARNING hermes_cli.web_server: Failed to load plugin kanban API routes: Form data requires "python-multipart" to be installed. 
You can install "python-multipart" with: 

pip install python-multipart

2026-09-09 22:57:02,765 WARNING hermes_cli.web_server: Binding to 0.0.0.0 with --insecure — the dashboard has no robust authentication. Only use on trusted networks.
2026-09-09 22:57:09,259 INFO hermes_cli.web_server: Mounted plugin API routes: /api/plugins/hermes-achievements/
2026-09-09 22:57:09,271 WARNING hermes_cli.web_server: Failed to load plugin kanban API routes: Form data requires "python-multipart" to be installed. 
You can install "python-multipart" with: 

pip install python-multipart

2026-09-09 22:57:09,276 WARNING hermes_cli.web_server: Binding to 0.0.0.0 with --insecure — the dashboard has no robust authentication. Only use on trusted networks.
2026-09-09 22:57:15,747 INFO hermes_cli.web_server: Mounted plugin API routes: /api/plugins/hermes-achievements/
2026-09-09 22:57:15,759 WARNING hermes_cli.web_server: Failed to load plugin kanban API routes: Form data requires "python-multipart" to be installed. 
You can install "python-multipart" with: 

pip install python-multipart

2026-09-09 22:57:15,764 WARNING hermes_cli.web_server: Binding to 0.0.0.0 with --insecure — the dashboard has no robust authentication. Only use on trusted networks.
2026-09-09 22:57:22,230 INFO hermes_cli.web_server: Mounted plugin API routes: /api/plugins/hermes-achievements/
2026-09-09 22:57:22,241 WARNING hermes_cli.web_server: Failed to load plugin kanban API routes: Form data requires "python-multipart" to be installed. 
You can install "python-multipart" with: 

pip install python-multipart

2026-09-09 22:57:22,246 WARNING hermes_cli.web_server: Binding to 0.0.0.0 with --insecure — the dashboard has no robust authentication. Only use on trusted networks.
2026-09-09 22:57:28,808 INFO hermes_cli.web_server: Mounted plugin API routes: /api/plugins/hermes-achievements/
2026-09-09 22:57:28,821 WARNING hermes_cli.web_server: Failed to load plugin kanban API routes: Form data requires "python-multipart" to be installed. 
You can install "python-multipart" with: 

pip install python-multipart

2026-09-09 22:57:28,826 WARNING hermes_cli.web_server: Binding to 0.0.0.0 with --insecure — the dashboard has no robust authentication. Only use on trusted networks.
2026-09-09 22:57:35,264 INFO hermes_cli.web_server: Mounted plugin API routes: /api/plugins/hermes-achievements/
2026-09-09 22:57:35,276 WARNING hermes_cli.web_server: Failed to load plugin kanban API routes: Form data requires "python-multipart" to be installed. 
You can install "python-multipart" with: 

pip install python-multipart

2026-09-09 22:57:35,280 WARNING hermes_cli.web_server: Binding to 0.0.0.0 with --insecure — the dashboard has no robust authentication. Only use on trusted networks.
2026-09-09 22:57:41,801 INFO hermes_cli.web_server: Mounted plugin API routes: /api/plugins/hermes-achievements/
2026-09-09 22:57:41,812 WARNING hermes_cli.web_server: Failed to load plugin kanban API routes: Form data requires "python-multipart" to be installed. 
You can install "python-multipart" with: 

pip install python-multipart

2026-09-09 22:57:41,817 WARNING hermes_cli.web_server: Binding to 0.0.0.0 with --insecure — the dashboard has no robust authentication. Only use on trusted networks.
2026-09-09 22:57:48,242 INFO hermes_cli.web_server: Mounted plugin API routes: /api/plugins/hermes-achievements/
2026-09-09 22:57:48,253 WARNING hermes_cli.web_server: Failed to load plugin kanban API routes: Form data requires "python-multipart" to be installed. 
You can install "python-multipart" with: 

pip install python-multipart

2026-09-09 22:57:48,258 WARNING hermes_cli.web_server: Binding to 0.0.0.0 with --insecure — the dashboard has no robust authentication. Only use on trusted networks.
2026-09-09 22:57:54,756 INFO hermes_cli.web_server: Mounted plugin API routes: /api/plugins/hermes-achievements/
2026-09-09 22:57:54,768 WARNING hermes_cli.web_server: Failed to load plugin kanban API routes: Form data requires "python-multipart" to be installed. 
You can install "python-multipart" with: 

pip install python-multipart

2026-09-09 22:57:54,772 WARNING hermes_cli.web_server: Binding to 0.0.0.0 with --insecure — the dashboard has no robust authentication. Only use on trusted networks.
2026-09-09 22:58:01,261 INFO hermes_cli.web_server: Mounted plugin API routes: /api/plugins/hermes-achievements/
2026-09-09 22:58:01,272 WARNING hermes_cli.web_server: Failed to load plugin kanban API routes: Form data requires "python-multipart" to be installed. 
You can install "python-multipart" with: 

pip install python-multipart

2026-09-09 22:58:01,277 WARNING hermes_cli.web_server: Binding to 0.0.0.0 with --insecure — the dashboard has no robust authentication. Only use on trusted networks.
2026-09-09 22:58:07,822 INFO hermes_cli.web_server: Mounted plugin API routes: /api/plugins/hermes-achievements/
2026-09-09 22:58:07,834 WARNING hermes_cli.web_server: Failed to load plugin kanban API routes: Form data requires "python-multipart" to be installed. 
You can install "python-multipart" with: 

pip install python-multipart

2026-09-09 22:58:07,839 WARNING hermes_cli.web_server: Binding to 0.0.0.0 with --insecure — the dashboard has no robust authentication. Only use on trusted networks.
2026-09-09 23:03:12,527 INFO hermes_cli.web_server: Mounted plugin API routes: /api/plugins/hermes-achievements/
2026-09-09 23:03:12,538 WARNING hermes_cli.web_server: Failed to load plugin kanban API routes: Form data requires "python-multipart" to be installed. 
You can install "python-multipart" with: 

pip install python-multipart

2026-09-09 23:03:12,543 WARNING hermes_cli.web_server: Binding to 0.0.0.0 with --insecure — the dashboard has no robust authentication. Only use on trusted networks.
2026-09-09 23:03:19,013 INFO hermes_cli.web_server: Mounted plugin API routes: /api/plugins/hermes-achievements/
2026-09-09 23:03:19,024 WARNING hermes_cli.web_server: Failed to load plugin kanban API routes: Form data requires "python-multipart" to be installed. 
You can install "python-multipart" with: 

pip install python-multipart

2026-09-09 23:03:19,029 WARNING hermes_cli.web_server: Binding to 0.0.0.0 with --insecure — the dashboard has no robust authentication. Only use on trusted networks.
2026-09-09 23:03:25,479 INFO hermes_cli.web_server: Mounted plugin API routes: /api/plugins/hermes-achievements/
2026-09-09 23:03:25,490 WARNING hermes_cli.web_server: Failed to load plugin kanban API routes: Form data requires "python-multipart" to be installed. 
You can install "python-multipart" with: 

pip install python-multipart

2026-09-09 23:03:25,495 WARNING hermes_cli.web_server: Binding to 0.0.0.0 with --insecure — the dashboard has no robust authentication. Only use on trusted networks.
2026-09-09 23:03:32,031 INFO hermes_cli.web_server: Mounted plugin API routes: /api/plugins/hermes-achievements/
2026-09-09 23:03:32,042 WARNING hermes_cli.web_server: Failed to load plugin kanban API routes: Form data requires "python-multipart" to be installed. 
You can install "python-multipart" with: 

pip install python-multipart

2026-09-09 23:03:32,047 WARNING hermes_cli.web_server: Binding to 0.0.0.0 with --insecure — the dashboard has no robust authentication. Only use on trusted networks.
2026-09-09 23:03:38,523 INFO hermes_cli.web_server: Mounted plugin API routes: /api/plugins/hermes-achievements/
2026-09-09 23:03:38,535 WARNING hermes_cli.web_server: Failed to load plugin kanban API routes: Form data requires "python-multipart" to be installed. 
You can install "python-multipart" with: 

pip install python-multipart

2026-09-09 23:03:38,541 WARNING hermes_cli.web_server: Binding to 0.0.0.0 with --insecure — the dashboard has no robust authentication. Only use on trusted networks.
2026-09-09 23:03:45,018 INFO hermes_cli.web_server: Mounted plugin API routes: /api/plugins/hermes-achievements/
2026-09-09 23:03:45,029 WARNING hermes_cli.web_server: Failed to load plugin kanban API routes: Form data requires "python-multipart" to be installed. 
You can install "python-multipart" with: 

pip install python-multipart

2026-09-09 23:03:45,033 WARNING hermes_cli.web_server: Binding to 0.0.0.0 with --insecure — the dashboard has no robust authentication. Only use on trusted networks.
2026-09-09 23:03:51,508 INFO hermes_cli.web_server: Mounted plugin API routes: /api/plugins/hermes-achievements/
2026-09-09 23:03:51,520 WARNING hermes_cli.web_server: Failed to load plugin kanban API routes: Form data requires "python-multipart" to be installed. 
You can install "python-multipart" with: 

pip install python-multipart

2026-09-09 23:03:51,525 WARNING hermes_cli.web_server: Binding to 0.0.0.0 with --insecure — the dashboard has no robust authentication. Only use on trusted networks.
2026-09-09 23:03:58,023 INFO hermes_cli.web_server: Mounted plugin API routes: /api/plugins/hermes-achievements/
2026-09-09 23:03:58,034 WARNING hermes_cli.web_server: Failed to load plugin kanban API routes: Form data requires "python-multipart" to be installed. 
You can install "python-multipart" with: 

pip install python-multipart

2026-09-09 23:03:58,039 WARNING hermes_cli.web_server: Binding to 0.0.0.0 with --insecure — the dashboard has no robust authentication. Only use on trusted networks.
2026-09-09 23:04:04,539 INFO hermes_cli.web_server: Mounted plugin API routes: /api/plugins/hermes-achievements/
2026-09-09 23:04:04,550 WARNING hermes_cli.web_server: Failed to load plugin kanban API routes: Form data requires "python-multipart" to be installed. 
You can install "python-multipart" with: 

pip install python-multipart

2026-09-09 23:04:04,555 WARNING hermes_cli.web_server: Binding to 0.0.0.0 with --insecure — the dashboard has no robust authentication. Only use on trusted networks.
2026-09-09 23:04:10,928 INFO hermes_cli.web_server: Mounted plugin API routes: /api/plugins/hermes-achievements/
2026-09-09 23:04:10,940 WARNING hermes_cli.web_server: Failed to load plugin kanban API routes: Form data requires "python-multipart" to be installed. 
You can install "python-multipart" with: 

pip install python-multipart

2026-09-09 23:04:10,945 WARNING hermes_cli.web_server: Binding to 0.0.0.0 with --insecure — the dashboard has no robust authentication. Only use on trusted networks.
2026-09-09 23:04:17,513 INFO hermes_cli.web_server: Mounted plugin API routes: /api/plugins/hermes-achievements/
2026-09-09 23:04:17,525 WARNING hermes_cli.web_server: Failed to load plugin kanban API routes: Form data requires "python-multipart" to be installed. 
You can install "python-multipart" with: 

pip install python-multipart

2026-09-09 23:04:17,530 WARNING hermes_cli.web_server: Binding to 0.0.0.0 with --insecure — the dashboard has no robust authentication. Only use on trusted networks.
2026-09-09 23:04:24,014 INFO hermes_cli.web_server: Mounted plugin API routes: /api/plugins/hermes-achievements/
2026-09-09 23:04:24,026 WARNING hermes_cli.web_server: Failed to load plugin kanban API routes: Form data requires "python-multipart" to be installed. 
You can install "python-multipart" with: 

pip install python-multipart

2026-09-09 23:04:24,031 WARNING hermes_cli.web_server: Binding to 0.0.0.0 with --insecure — the dashboard has no robust authentication. Only use on trusted networks.
2026-09-09 23:04:30,494 INFO hermes_cli.web_server: Mounted plugin API routes: /api/plugins/hermes-achievements/
2026-09-09 23:04:30,505 WARNING hermes_cli.web_server: Failed to load plugin kanban API routes: Form data requires "python-multipart" to be installed. 
You can install "python-multipart" with: 

pip install python-multipart

2026-09-09 23:04:30,510 WARNING hermes_cli.web_server: Binding to 0.0.0.0 with --insecure — the dashboard has no robust authentication. Only use on trusted networks.
2026-09-09 23:04:37,027 INFO hermes_cli.web_server: Mounted plugin API routes: /api/plugins/hermes-achievements/
2026-09-09 23:04:37,038 WARNING hermes_cli.web_server: Failed to load plugin kanban API routes: Form data requires "python-multipart" to be installed. 
You can install "python-multipart" with: 

pip install python-multipart

2026-09-09 23:04:37,044 WARNING hermes_cli.web_server: Binding to 0.0.0.0 with --insecure — the dashboard has no robust authentication. Only use on trusted networks.
2026-09-09 23:04:43,540 INFO hermes_cli.web_server: Mounted plugin API routes: /api/plugins/hermes-achievements/
2026-09-09 23:04:43,551 WARNING hermes_cli.web_server: Failed to load plugin kanban API routes: Form data requires "python-multipart" to be installed. 
You can install "python-multipart" with: 

pip install python-multipart

2026-09-09 23:04:43,557 WARNING hermes_cli.web_server: Binding to 0.0.0.0 with --insecure — the dashboard has no robust authentication. Only use on trusted networks.
2026-09-09 23:04:50,003 INFO hermes_cli.web_server: Mounted plugin API routes: /api/plugins/hermes-achievements/
2026-09-09 23:04:50,014 WARNING hermes_cli.web_server: Failed to load plugin kanban API routes: Form data requires "python-multipart" to be installed. 
You can install "python-multipart" with: 

pip install python-multipart

2026-09-09 23:04:50,019 WARNING hermes_cli.web_server: Binding to 0.0.0.0 with --insecure — the dashboard has no robust authentication. Only use on trusted networks.
2026-09-09 23:04:56,517 INFO hermes_cli.web_server: Mounted plugin API routes: /api/plugins/hermes-achievements/
2026-09-09 23:04:56,529 WARNING hermes_cli.web_server: Failed to load plugin kanban API routes: Form data requires "python-multipart" to be installed. 
You can install "python-multipart" with: 

pip install python-multipart

2026-09-09 23:04:56,534 WARNING hermes_cli.web_server: Binding to 0.0.0.0 with --insecure — the dashboard has no robust authentication. Only use on trusted networks.
2026-09-09 23:05:02,974 INFO hermes_cli.web_server: Mounted plugin API routes: /api/plugins/hermes-achievements/
2026-09-09 23:05:02,986 WARNING hermes_cli.web_server: Failed to load plugin kanban API routes: Form data requires "python-multipart" to be installed. 
You can install "python-multipart" with: 

pip install python-multipart

2026-09-09 23:05:02,991 WARNING hermes_cli.web_server: Binding to 0.0.0.0 with --insecure — the dashboard has no robust authentication. Only use on trusted networks.
2026-09-09 23:05:09,495 INFO hermes_cli.web_server: Mounted plugin API routes: /api/plugins/hermes-achievements/
2026-09-09 23:05:09,506 WARNING hermes_cli.web_server: Failed to load plugin kanban API routes: Form data requires "python-multipart" to be installed. 
You can install "python-multipart" with: 

pip install python-multipart

2026-09-09 23:05:09,511 WARNING hermes_cli.web_server: Binding to 0.0.0.0 with --insecure — the dashboard has no robust authentication. Only use on trusted networks.
2026-09-09 23:05:16,006 INFO hermes_cli.web_server: Mounted plugin API routes: /api/plugins/hermes-achievements/
2026-09-09 23:05:16,018 WARNING hermes_cli.web_server: Failed to load plugin kanban API routes: Form data requires "python-multipart" to be installed. 
You can install "python-multipart" with: 

pip install python-multipart

2026-09-09 23:05:16,023 WARNING hermes_cli.web_server: Binding to 0.0.0.0 with --insecure — the dashboard has no robust authentication. Only use on trusted networks.
2026-09-09 23:05:22,526 INFO hermes_cli.web_server: Mounted plugin API routes: /api/plugins/hermes-achievements/
2026-09-09 23:05:22,537 WARNING hermes_cli.web_server: Failed to load plugin kanban API routes: Form data requires "python-multipart" to be installed. 
You can install "python-multipart" with: 

pip install python-multipart

2026-09-09 23:05:22,542 WARNING hermes_cli.web_server: Binding to 0.0.0.0 with --insecure — the dashboard has no robust authentication. Only use on trusted networks.
2026-09-09 23:05:29,004 INFO hermes_cli.web_server: Mounted plugin API routes: /api/plugins/hermes-achievements/
2026-09-09 23:05:29,015 WARNING hermes_cli.web_server: Failed to load plugin kanban API routes: Form data requires "python-multipart" to be installed. 
You can install "python-multipart" with: 

pip install python-multipart

2026-09-09 23:05:29,020 WARNING hermes_cli.web_server: Binding to 0.0.0.0 with --insecure — the dashboard has no robust authentication. Only use on trusted networks.
2026-09-09 23:05:35,503 INFO hermes_cli.web_server: Mounted plugin API routes: /api/plugins/hermes-achievements/
2026-09-09 23:05:35,514 WARNING hermes_cli.web_server: Failed to load plugin kanban API routes: Form data requires "python-multipart" to be installed. 
You can install "python-multipart" with: 

pip install python-multipart

2026-09-09 23:05:35,519 WARNING hermes_cli.web_server: Binding to 0.0.0.0 with --insecure — the dashboard has no robust authentication. Only use on trusted networks.
2026-09-09 23:05:41,970 INFO hermes_cli.web_server: Mounted plugin API routes: /api/plugins/hermes-achievements/
2026-09-09 23:05:41,981 WARNING hermes_cli.web_server: Failed to load plugin kanban API routes: Form data requires "python-multipart" to be installed. 
You can install "python-multipart" with: 

pip install python-multipart

2026-09-09 23:05:41,986 WARNING hermes_cli.web_server: Binding to 0.0.0.0 with --insecure — the dashboard has no robust authentication. Only use on trusted networks.
2026-09-09 23:05:48,503 INFO hermes_cli.web_server: Mounted plugin API routes: /api/plugins/hermes-achievements/
2026-09-09 23:05:48,515 WARNING hermes_cli.web_server: Failed to load plugin kanban API routes: Form data requires "python-multipart" to be installed. 
You can install "python-multipart" with: 

pip install python-multipart

2026-09-09 23:05:48,520 WARNING hermes_cli.web_server: Binding to 0.0.0.0 with --insecure — the dashboard has no robust authentication. Only use on trusted networks.
2026-09-09 23:05:54,997 INFO hermes_cli.web_server: Mounted plugin API routes: /api/plugins/hermes-achievements/
2026-09-09 23:05:55,008 WARNING hermes_cli.web_server: Failed to load plugin kanban API routes: Form data requires "python-multipart" to be installed. 
You can install "python-multipart" with: 

pip install python-multipart

2026-09-09 23:05:55,013 WARNING hermes_cli.web_server: Binding to 0.0.0.0 with --insecure — the dashboard has no robust authentication. Only use on trusted networks.
2026-09-09 23:06:01,482 INFO hermes_cli.web_server: Mounted plugin API routes: /api/plugins/hermes-achievements/
2026-09-09 23:06:01,494 WARNING hermes_cli.web_server: Failed to load plugin kanban API routes: Form data requires "python-multipart" to be installed. 
You can install "python-multipart" with: 

pip install python-multipart

2026-09-09 23:06:01,498 WARNING hermes_cli.web_server: Binding to 0.0.0.0 with --insecure — the dashboard has no robust authentication. Only use on trusted networks.
2026-09-09 23:06:07,991 INFO hermes_cli.web_server: Mounted plugin API routes: /api/plugins/hermes-achievements/
2026-09-09 23:06:08,003 WARNING hermes_cli.web_server: Failed to load plugin kanban API routes: Form data requires "python-multipart" to be installed. 
You can install "python-multipart" with: 

pip install python-multipart

2026-09-09 23:06:08,007 WARNING hermes_cli.web_server: Binding to 0.0.0.0 with --insecure — the dashboard has no robust authentication. Only use on trusted networks.
2026-09-09 23:06:14,487 INFO hermes_cli.web_server: Mounted plugin API routes: /api/plugins/hermes-achievements/
2026-09-09 23:06:14,498 WARNING hermes_cli.web_server: Failed to load plugin kanban API routes: Form data requires "python-multipart" to be installed. 
You can install "python-multipart" with: 

pip install python-multipart

2026-09-09 23:06:14,503 WARNING hermes_cli.web_server: Binding to 0.0.0.0 with --insecure — the dashboard has no robust authentication. Only use on trusted networks.
2026-09-09 23:06:20,991 INFO hermes_cli.web_server: Mounted plugin API routes: /api/plugins/hermes-achievements/
2026-09-09 23:06:21,002 WARNING hermes_cli.web_server: Failed to load plugin kanban API routes: Form data requires "python-multipart" to be installed. 
You can install "python-multipart" with: 

pip install python-multipart

2026-09-09 23:06:21,007 WARNING hermes_cli.web_server: Binding to 0.0.0.0 with --insecure — the dashboard has no robust authentication. Only use on trusted networks.
2026-09-09 23:06:27,501 INFO hermes_cli.web_server: Mounted plugin API routes: /api/plugins/hermes-achievements/
2026-09-09 23:06:27,512 WARNING hermes_cli.web_server: Failed to load plugin kanban API routes: Form data requires "python-multipart" to be installed. 
You can install "python-multipart" with: 

pip install python-multipart

2026-09-09 23:06:27,517 WARNING hermes_cli.web_server: Binding to 0.0.0.0 with --insecure — the dashboard has no robust authentication. Only use on trusted networks.
2026-09-09 23:06:34,039 INFO hermes_cli.web_server: Mounted plugin API routes: /api/plugins/hermes-achievements/
2026-09-09 23:06:34,052 WARNING hermes_cli.web_server: Failed to load plugin kanban API routes: Form data requires "python-multipart" to be installed. 
You can install "python-multipart" with: 

pip install python-multipart

2026-09-09 23:06:34,057 WARNING hermes_cli.web_server: Binding to 0.0.0.0 with --insecure — the dashboard has no robust authentication. Only use on trusted networks.
2026-09-09 23:06:40,484 INFO hermes_cli.web_server: Mounted plugin API routes: /api/plugins/hermes-achievements/
2026-09-09 23:06:40,497 WARNING hermes_cli.web_server: Failed to load plugin kanban API routes: Form data requires "python-multipart" to be installed. 
You can install "python-multipart" with: 

pip install python-multipart

2026-09-09 23:06:40,503 WARNING hermes_cli.web_server: Binding to 0.0.0.0 with --insecure — the dashboard has no robust authentication. Only use on trusted networks.
2026-09-09 23:06:46,984 INFO hermes_cli.web_server: Mounted plugin API routes: /api/plugins/hermes-achievements/
2026-09-09 23:06:46,995 WARNING hermes_cli.web_server: Failed to load plugin kanban API routes: Form data requires "python-multipart" to be installed. 
You can install "python-multipart" with: 

pip install python-multipart

2026-09-09 23:06:47,000 WARNING hermes_cli.web_server: Binding to 0.0.0.0 with --insecure — the dashboard has no robust authentication. Only use on trusted networks.
2026-09-09 23:06:53,515 INFO hermes_cli.web_server: Mounted plugin API routes: /api/plugins/hermes-achievements/
2026-09-09 23:06:53,526 WARNING hermes_cli.web_server: Failed to load plugin kanban API routes: Form data requires "python-multipart" to be installed. 
You can install "python-multipart" with: 

pip install python-multipart

2026-09-09 23:06:53,531 WARNING hermes_cli.web_server: Binding to 0.0.0.0 with --insecure — the dashboard has no robust authentication. Only use on trusted networks.
2026-09-09 23:06:59,990 INFO hermes_cli.web_server: Mounted plugin API routes: /api/plugins/hermes-achievements/
2026-09-09 23:07:00,002 WARNING hermes_cli.web_server: Failed to load plugin kanban API routes: Form data requires "python-multipart" to be installed. 
You can install "python-multipart" with: 

pip install python-multipart

2026-09-09 23:07:00,007 WARNING hermes_cli.web_server: Binding to 0.0.0.0 with --insecure — the dashboard has no robust authentication. Only use on trusted networks.
2026-09-09 23:07:06,510 INFO hermes_cli.web_server: Mounted plugin API routes: /api/plugins/hermes-achievements/
2026-09-09 23:07:06,522 WARNING hermes_cli.web_server: Failed to load plugin kanban API routes: Form data requires "python-multipart" to be installed. 
You can install "python-multipart" with: 

pip install python-multipart

2026-09-09 23:07:06,527 WARNING hermes_cli.web_server: Binding to 0.0.0.0 with --insecure — the dashboard has no robust authentication. Only use on trusted networks.
2026-09-09 23:07:12,999 INFO hermes_cli.web_server: Mounted plugin API routes: /api/plugins/hermes-achievements/
2026-09-09 23:07:13,011 WARNING hermes_cli.web_server: Failed to load plugin kanban API routes: Form data requires "python-multipart" to be installed. 
You can install "python-multipart" with: 

pip install python-multipart

2026-09-09 23:07:13,015 WARNING hermes_cli.web_server: Binding to 0.0.0.0 with --insecure — the dashboard has no robust authentication. Only use on trusted networks.
2026-09-09 23:07:19,485 INFO hermes_cli.web_server: Mounted plugin API routes: /api/plugins/hermes-achievements/
2026-09-09 23:07:19,497 WARNING hermes_cli.web_server: Failed to load plugin kanban API routes: Form data requires "python-multipart" to be installed. 
You can install "python-multipart" with: 

pip install python-multipart

2026-09-09 23:07:19,502 WARNING hermes_cli.web_server: Binding to 0.0.0.0 with --insecure — the dashboard has no robust authentication. Only use on trusted networks.
2026-09-09 23:07:26,003 INFO hermes_cli.web_server: Mounted plugin API routes: /api/plugins/hermes-achievements/
2026-09-09 23:07:26,014 WARNING hermes_cli.web_server: Failed to load plugin kanban API routes: Form data requires "python-multipart" to be installed. 
You can install "python-multipart" with: 

pip install python-multipart

2026-09-09 23:07:26,019 WARNING hermes_cli.web_server: Binding to 0.0.0.0 with --insecure — the dashboard has no robust authentication. Only use on trusted networks.
2026-09-09 23:07:32,494 INFO hermes_cli.web_server: Mounted plugin API routes: /api/plugins/hermes-achievements/
2026-09-09 23:07:32,505 WARNING hermes_cli.web_server: Failed to load plugin kanban API routes: Form data requires "python-multipart" to be installed. 
You can install "python-multipart" with: 

pip install python-multipart

2026-09-09 23:07:32,510 WARNING hermes_cli.web_server: Binding to 0.0.0.0 with --insecure — the dashboard has no robust authentication. Only use on trusted networks.
2026-09-09 23:07:39,092 INFO hermes_cli.web_server: Mounted plugin API routes: /api/plugins/hermes-achievements/
2026-09-09 23:07:39,104 WARNING hermes_cli.web_server: Failed to load plugin kanban API routes: Form data requires "python-multipart" to be installed. 
You can install "python-multipart" with: 

pip install python-multipart

2026-09-09 23:07:39,109 WARNING hermes_cli.web_server: Binding to 0.0.0.0 with --insecure — the dashboard has no robust authentication. Only use on trusted networks.
2026-09-09 23:07:45,504 INFO hermes_cli.web_server: Mounted plugin API routes: /api/plugins/hermes-achievements/
2026-09-09 23:07:45,516 WARNING hermes_cli.web_server: Failed to load plugin kanban API routes: Form data requires "python-multipart" to be installed. 
You can install "python-multipart" with: 

pip install python-multipart

2026-09-09 23:07:45,521 WARNING hermes_cli.web_server: Binding to 0.0.0.0 with --insecure — the dashboard has no robust authentication. Only use on trusted networks.
2026-09-09 23:07:52,021 INFO hermes_cli.web_server: Mounted plugin API routes: /api/plugins/hermes-achievements/
2026-09-09 23:07:52,033 WARNING hermes_cli.web_server: Failed to load plugin kanban API routes: Form data requires "python-multipart" to be installed. 
You can install "python-multipart" with: 

pip install python-multipart

2026-09-09 23:07:52,038 WARNING hermes_cli.web_server: Binding to 0.0.0.0 with --insecure — the dashboard has no robust authentication. Only use on trusted networks.
2026-09-09 23:07:58,484 INFO hermes_cli.web_server: Mounted plugin API routes: /api/plugins/hermes-achievements/
2026-09-09 23:07:58,495 WARNING hermes_cli.web_server: Failed to load plugin kanban API routes: Form data requires "python-multipart" to be installed. 
You can install "python-multipart" with: 

pip install python-multipart

2026-09-09 23:07:58,500 WARNING hermes_cli.web_server: Binding to 0.0.0.0 with --insecure — the dashboard has no robust authentication. Only use on trusted networks.
2026-09-09 23:08:05,005 INFO hermes_cli.web_server: Mounted plugin API routes: /api/plugins/hermes-achievements/
2026-09-09 23:08:05,017 WARNING hermes_cli.web_server: Failed to load plugin kanban API routes: Form data requires "python-multipart" to be installed. 
You can install "python-multipart" with: 

pip install python-multipart

2026-09-09 23:08:05,021 WARNING hermes_cli.web_server: Binding to 0.0.0.0 with --insecure — the dashboard has no robust authentication. Only use on trusted networks.
2026-09-09 23:08:11,491 INFO hermes_cli.web_server: Mounted plugin API routes: /api/plugins/hermes-achievements/
2026-09-09 23:08:11,503 WARNING hermes_cli.web_server: Failed to load plugin kanban API routes: Form data requires "python-multipart" to be installed. 
You can install "python-multipart" with: 

pip install python-multipart

2026-09-09 23:08:11,508 WARNING hermes_cli.web_server: Binding to 0.0.0.0 with --insecure — the dashboard has no robust authentication. Only use on trusted networks.
2026-09-09 23:13:16,289 INFO hermes_cli.web_server: Mounted plugin API routes: /api/plugins/hermes-achievements/
2026-09-09 23:13:16,301 WARNING hermes_cli.web_server: Failed to load plugin kanban API routes: Form data requires "python-multipart" to be installed. 
You can install "python-multipart" with: 

pip install python-multipart

2026-09-09 23:13:16,307 WARNING hermes_cli.web_server: Binding to 0.0.0.0 with --insecure — the dashboard has no robust authentication. Only use on trusted networks.
2026-09-09 23:13:22,751 INFO hermes_cli.web_server: Mounted plugin API routes: /api/plugins/hermes-achievements/
2026-09-09 23:13:22,763 WARNING hermes_cli.web_server: Failed to load plugin kanban API routes: Form data requires "python-multipart" to be installed. 
You can install "python-multipart" with: 

pip install python-multipart

2026-09-09 23:13:22,767 WARNING hermes_cli.web_server: Binding to 0.0.0.0 with --insecure — the dashboard has no robust authentication. Only use on trusted networks.
2026-09-09 23:13:29,268 INFO hermes_cli.web_server: Mounted plugin API routes: /api/plugins/hermes-achievements/
2026-09-09 23:13:29,279 WARNING hermes_cli.web_server: Failed to load plugin kanban API routes: Form data requires "python-multipart" to be installed. 
You can install "python-multipart" with: 

pip install python-multipart

2026-09-09 23:13:29,283 WARNING hermes_cli.web_server: Binding to 0.0.0.0 with --insecure — the dashboard has no robust authentication. Only use on trusted networks.
2026-09-09 23:13:35,754 INFO hermes_cli.web_server: Mounted plugin API routes: /api/plugins/hermes-achievements/
2026-09-09 23:13:35,765 WARNING hermes_cli.web_server: Failed to load plugin kanban API routes: Form data requires "python-multipart" to be installed. 
You can install "python-multipart" with: 

pip install python-multipart

2026-09-09 23:13:35,770 WARNING hermes_cli.web_server: Binding to 0.0.0.0 with --insecure — the dashboard has no robust authentication. Only use on trusted networks.
2026-09-09 23:13:42,243 INFO hermes_cli.web_server: Mounted plugin API routes: /api/plugins/hermes-achievements/
2026-09-09 23:13:42,255 WARNING hermes_cli.web_server: Failed to load plugin kanban API routes: Form data requires "python-multipart" to be installed. 
You can install "python-multipart" with: 

pip install python-multipart

2026-09-09 23:13:42,260 WARNING hermes_cli.web_server: Binding to 0.0.0.0 with --insecure — the dashboard has no robust authentication. Only use on trusted networks.
2026-09-09 23:13:48,744 INFO hermes_cli.web_server: Mounted plugin API routes: /api/plugins/hermes-achievements/
2026-09-09 23:13:48,755 WARNING hermes_cli.web_server: Failed to load plugin kanban API routes: Form data requires "python-multipart" to be installed. 
You can install "python-multipart" with: 

pip install python-multipart

2026-09-09 23:13:48,760 WARNING hermes_cli.web_server: Binding to 0.0.0.0 with --insecure — the dashboard has no robust authentication. Only use on trusted networks.
2026-09-09 23:13:55,304 INFO hermes_cli.web_server: Mounted plugin API routes: /api/plugins/hermes-achievements/
2026-09-09 23:13:55,316 WARNING hermes_cli.web_server: Failed to load plugin kanban API routes: Form data requires "python-multipart" to be installed. 
You can install "python-multipart" with: 

pip install python-multipart

2026-09-09 23:13:55,321 WARNING hermes_cli.web_server: Binding to 0.0.0.0 with --insecure — the dashboard has no robust authentication. Only use on trusted networks.
2026-09-09 23:14:01,729 INFO hermes_cli.web_server: Mounted plugin API routes: /api/plugins/hermes-achievements/
2026-09-09 23:14:01,740 WARNING hermes_cli.web_server: Failed to load plugin kanban API routes: Form data requires "python-multipart" to be installed. 
You can install "python-multipart" with: 

pip install python-multipart

2026-09-09 23:14:01,745 WARNING hermes_cli.web_server: Binding to 0.0.0.0 with --insecure — the dashboard has no robust authentication. Only use on trusted networks.
2026-09-09 23:14:08,313 INFO hermes_cli.web_server: Mounted plugin API routes: /api/plugins/hermes-achievements/
2026-09-09 23:14:08,325 WARNING hermes_cli.web_server: Failed to load plugin kanban API routes: Form data requires "python-multipart" to be installed. 
You can install "python-multipart" with: 

pip install python-multipart

2026-09-09 23:14:08,330 WARNING hermes_cli.web_server: Binding to 0.0.0.0 with --insecure — the dashboard has no robust authentication. Only use on trusted networks.
2026-09-09 23:14:14,710 INFO hermes_cli.web_server: Mounted plugin API routes: /api/plugins/hermes-achievements/
2026-09-09 23:14:14,722 WARNING hermes_cli.web_server: Failed to load plugin kanban API routes: Form data requires "python-multipart" to be installed. 
You can install "python-multipart" with: 

pip install python-multipart

2026-09-09 23:14:14,726 WARNING hermes_cli.web_server: Binding to 0.0.0.0 with --insecure — the dashboard has no robust authentication. Only use on trusted networks.
2026-09-09 23:14:21,222 INFO hermes_cli.web_server: Mounted plugin API routes: /api/plugins/hermes-achievements/
2026-09-09 23:14:21,233 WARNING hermes_cli.web_server: Failed to load plugin kanban API routes: Form data requires "python-multipart" to be installed. 
You can install "python-multipart" with: 

pip install python-multipart

2026-09-09 23:14:21,238 WARNING hermes_cli.web_server: Binding to 0.0.0.0 with --insecure — the dashboard has no robust authentication. Only use on trusted networks.
2026-09-09 23:14:27,733 INFO hermes_cli.web_server: Mounted plugin API routes: /api/plugins/hermes-achievements/
2026-09-09 23:14:27,745 WARNING hermes_cli.web_server: Failed to load plugin kanban API routes: Form data requires "python-multipart" to be installed. 
You can install "python-multipart" with: 

pip install python-multipart

2026-09-09 23:14:27,749 WARNING hermes_cli.web_server: Binding to 0.0.0.0 with --insecure — the dashboard has no robust authentication. Only use on trusted networks.
2026-09-09 23:14:34,237 INFO hermes_cli.web_server: Mounted plugin API routes: /api/plugins/hermes-achievements/
2026-09-09 23:14:34,248 WARNING hermes_cli.web_server: Failed to load plugin kanban API routes: Form data requires "python-multipart" to be installed. 
You can install "python-multipart" with: 

pip install python-multipart

2026-09-09 23:14:34,253 WARNING hermes_cli.web_server: Binding to 0.0.0.0 with --insecure — the dashboard has no robust authentication. Only use on trusted networks.
2026-09-09 23:14:40,785 INFO hermes_cli.web_server: Mounted plugin API routes: /api/plugins/hermes-achievements/
2026-09-09 23:14:40,796 WARNING hermes_cli.web_server: Failed to load plugin kanban API routes: Form data requires "python-multipart" to be installed. 
You can install "python-multipart" with: 

pip install python-multipart

2026-09-09 23:14:40,801 WARNING hermes_cli.web_server: Binding to 0.0.0.0 with --insecure — the dashboard has no robust authentication. Only use on trusted networks.
2026-09-09 23:14:47,275 INFO hermes_cli.web_server: Mounted plugin API routes: /api/plugins/hermes-achievements/
2026-09-09 23:14:47,287 WARNING hermes_cli.web_server: Failed to load plugin kanban API routes: Form data requires "python-multipart" to be installed. 
You can install "python-multipart" with: 

pip install python-multipart

2026-09-09 23:14:47,292 WARNING hermes_cli.web_server: Binding to 0.0.0.0 with --insecure — the dashboard has no robust authentication. Only use on trusted networks.
2026-09-09 23:14:53,723 INFO hermes_cli.web_server: Mounted plugin API routes: /api/plugins/hermes-achievements/
2026-09-09 23:14:53,734 WARNING hermes_cli.web_server: Failed to load plugin kanban API routes: Form data requires "python-multipart" to be installed. 
You can install "python-multipart" with: 

pip install python-multipart

2026-09-09 23:14:53,739 WARNING hermes_cli.web_server: Binding to 0.0.0.0 with --insecure — the dashboard has no robust authentication. Only use on trusted networks.
2026-09-09 23:15:00,254 INFO hermes_cli.web_server: Mounted plugin API routes: /api/plugins/hermes-achievements/
2026-09-09 23:15:00,265 WARNING hermes_cli.web_server: Failed to load plugin kanban API routes: Form data requires "python-multipart" to be installed. 
You can install "python-multipart" with: 

pip install python-multipart

2026-09-09 23:15:00,270 WARNING hermes_cli.web_server: Binding to 0.0.0.0 with --insecure — the dashboard has no robust authentication. Only use on trusted networks.
2026-09-09 23:15:06,736 INFO hermes_cli.web_server: Mounted plugin API routes: /api/plugins/hermes-achievements/
2026-09-09 23:15:06,747 WARNING hermes_cli.web_server: Failed to load plugin kanban API routes: Form data requires "python-multipart" to be installed. 
You can install "python-multipart" with: 

pip install python-multipart

2026-09-09 23:15:06,752 WARNING hermes_cli.web_server: Binding to 0.0.0.0 with --insecure — the dashboard has no robust authentication. Only use on trusted networks.
2026-09-09 23:15:13,275 INFO hermes_cli.web_server: Mounted plugin API routes: /api/plugins/hermes-achievements/
2026-09-09 23:15:13,287 WARNING hermes_cli.web_server: Failed to load plugin kanban API routes: Form data requires "python-multipart" to be installed. 
You can install "python-multipart" with: 

pip install python-multipart

2026-09-09 23:15:13,292 WARNING hermes_cli.web_server: Binding to 0.0.0.0 with --insecure — the dashboard has no robust authentication. Only use on trusted networks.
2026-09-09 23:15:19,740 INFO hermes_cli.web_server: Mounted plugin API routes: /api/plugins/hermes-achievements/
2026-09-09 23:15:19,751 WARNING hermes_cli.web_server: Failed to load plugin kanban API routes: Form data requires "python-multipart" to be installed. 
You can install "python-multipart" with: 

pip install python-multipart

2026-09-09 23:15:19,756 WARNING hermes_cli.web_server: Binding to 0.0.0.0 with --insecure — the dashboard has no robust authentication. Only use on trusted networks.
2026-09-09 23:15:26,242 INFO hermes_cli.web_server: Mounted plugin API routes: /api/plugins/hermes-achievements/
2026-09-09 23:15:26,253 WARNING hermes_cli.web_server: Failed to load plugin kanban API routes: Form data requires "python-multipart" to be installed. 
You can install "python-multipart" with: 

pip install python-multipart

2026-09-09 23:15:26,258 WARNING hermes_cli.web_server: Binding to 0.0.0.0 with --insecure — the dashboard has no robust authentication. Only use on trusted networks.
2026-09-09 23:15:32,759 INFO hermes_cli.web_server: Mounted plugin API routes: /api/plugins/hermes-achievements/
2026-09-09 23:15:32,770 WARNING hermes_cli.web_server: Failed to load plugin kanban API routes: Form data requires "python-multipart" to be installed. 
You can install "python-multipart" with: 

pip install python-multipart

2026-09-09 23:15:32,775 WARNING hermes_cli.web_server: Binding to 0.0.0.0 with --insecure — the dashboard has no robust authentication. Only use on trusted networks.
2026-09-09 23:15:39,238 INFO hermes_cli.web_server: Mounted plugin API routes: /api/plugins/hermes-achievements/
2026-09-09 23:15:39,249 WARNING hermes_cli.web_server: Failed to load plugin kanban API routes: Form data requires "python-multipart" to be installed. 
You can install "python-multipart" with: 

pip install python-multipart

2026-09-09 23:15:39,254 WARNING hermes_cli.web_server: Binding to 0.0.0.0 with --insecure — the dashboard has no robust authentication. Only use on trusted networks.
2026-09-09 23:15:45,754 INFO hermes_cli.web_server: Mounted plugin API routes: /api/plugins/hermes-achievements/
2026-09-09 23:15:45,765 WARNING hermes_cli.web_server: Failed to load plugin kanban API routes: Form data requires "python-multipart" to be installed. 
You can install "python-multipart" with: 

pip install python-multipart

2026-09-09 23:15:45,770 WARNING hermes_cli.web_server: Binding to 0.0.0.0 with --insecure — the dashboard has no robust authentication. Only use on trusted networks.
2026-09-09 23:15:52,258 INFO hermes_cli.web_server: Mounted plugin API routes: /api/plugins/hermes-achievements/
2026-09-09 23:15:52,269 WARNING hermes_cli.web_server: Failed to load plugin kanban API routes: Form data requires "python-multipart" to be installed. 
You can install "python-multipart" with: 

pip install python-multipart

2026-09-09 23:15:52,274 WARNING hermes_cli.web_server: Binding to 0.0.0.0 with --insecure — the dashboard has no robust authentication. Only use on trusted networks.
2026-09-09 23:15:58,755 INFO hermes_cli.web_server: Mounted plugin API routes: /api/plugins/hermes-achievements/
2026-09-09 23:15:58,767 WARNING hermes_cli.web_server: Failed to load plugin kanban API routes: Form data requires "python-multipart" to be installed. 
You can install "python-multipart" with: 

pip install python-multipart

2026-09-09 23:15:58,771 WARNING hermes_cli.web_server: Binding to 0.0.0.0 with --insecure — the dashboard has no robust authentication. Only use on trusted networks.
2026-09-09 23:16:05,303 INFO hermes_cli.web_server: Mounted plugin API routes: /api/plugins/hermes-achievements/
2026-09-09 23:16:05,314 WARNING hermes_cli.web_server: Failed to load plugin kanban API routes: Form data requires "python-multipart" to be installed. 
You can install "python-multipart" with: 

pip install python-multipart

2026-09-09 23:16:05,318 WARNING hermes_cli.web_server: Binding to 0.0.0.0 with --insecure — the dashboard has no robust authentication. Only use on trusted networks.
2026-09-09 23:16:11,743 INFO hermes_cli.web_server: Mounted plugin API routes: /api/plugins/hermes-achievements/
2026-09-09 23:16:11,755 WARNING hermes_cli.web_server: Failed to load plugin kanban API routes: Form data requires "python-multipart" to be installed. 
You can install "python-multipart" with: 

pip install python-multipart

2026-09-09 23:16:11,760 WARNING hermes_cli.web_server: Binding to 0.0.0.0 with --insecure — the dashboard has no robust authentication. Only use on trusted networks.
2026-09-09 23:16:18,240 INFO hermes_cli.web_server: Mounted plugin API routes: /api/plugins/hermes-achievements/
2026-09-09 23:16:18,251 WARNING hermes_cli.web_server: Failed to load plugin kanban API routes: Form data requires "python-multipart" to be installed. 
You can install "python-multipart" with: 

pip install python-multipart

2026-09-09 23:16:18,256 WARNING hermes_cli.web_server: Binding to 0.0.0.0 with --insecure — the dashboard has no robust authentication. Only use on trusted networks.
2026-09-09 23:16:24,781 INFO hermes_cli.web_server: Mounted plugin API routes: /api/plugins/hermes-achievements/
2026-09-09 23:16:24,793 WARNING hermes_cli.web_server: Failed to load plugin kanban API routes: Form data requires "python-multipart" to be installed. 
You can install "python-multipart" with: 

pip install python-multipart

2026-09-09 23:16:24,798 WARNING hermes_cli.web_server: Binding to 0.0.0.0 with --insecure — the dashboard has no robust authentication. Only use on trusted networks.
2026-09-09 23:16:31,312 INFO hermes_cli.web_server: Mounted plugin API routes: /api/plugins/hermes-achievements/
2026-09-09 23:16:31,323 WARNING hermes_cli.web_server: Failed to load plugin kanban API routes: Form data requires "python-multipart" to be installed. 
You can install "python-multipart" with: 

pip install python-multipart

2026-09-09 23:16:31,328 WARNING hermes_cli.web_server: Binding to 0.0.0.0 with --insecure — the dashboard has no robust authentication. Only use on trusted networks.
2026-09-09 23:16:37,760 INFO hermes_cli.web_server: Mounted plugin API routes: /api/plugins/hermes-achievements/
2026-09-09 23:16:37,774 WARNING hermes_cli.web_server: Failed to load plugin kanban API routes: Form data requires "python-multipart" to be installed. 
You can install "python-multipart" with: 

pip install python-multipart

2026-09-09 23:16:37,779 WARNING hermes_cli.web_server: Binding to 0.0.0.0 with --insecure — the dashboard has no robust authentication. Only use on trusted networks.
2026-09-09 23:16:44,277 INFO hermes_cli.web_server: Mounted plugin API routes: /api/plugins/hermes-achievements/
2026-09-09 23:16:44,290 WARNING hermes_cli.web_server: Failed to load plugin kanban API routes: Form data requires "python-multipart" to be installed. 
You can install "python-multipart" with: 

pip install python-multipart

2026-09-09 23:16:44,296 WARNING hermes_cli.web_server: Binding to 0.0.0.0 with --insecure — the dashboard has no robust authentication. Only use on trusted networks.
2026-09-09 23:16:50,755 INFO hermes_cli.web_server: Mounted plugin API routes: /api/plugins/hermes-achievements/
2026-09-09 23:16:50,767 WARNING hermes_cli.web_server: Failed to load plugin kanban API routes: Form data requires "python-multipart" to be installed. 
You can install "python-multipart" with: 

pip install python-multipart

2026-09-09 23:16:50,772 WARNING hermes_cli.web_server: Binding to 0.0.0.0 with --insecure — the dashboard has no robust authentication. Only use on trusted networks.
2026-09-09 23:16:57,244 INFO hermes_cli.web_server: Mounted plugin API routes: /api/plugins/hermes-achievements/
2026-09-09 23:16:57,256 WARNING hermes_cli.web_server: Failed to load plugin kanban API routes: Form data requires "python-multipart" to be installed. 
You can install "python-multipart" with: 

pip install python-multipart

2026-09-09 23:16:57,260 WARNING hermes_cli.web_server: Binding to 0.0.0.0 with --insecure — the dashboard has no robust authentication. Only use on trusted networks.
2026-09-09 23:17:03,738 INFO hermes_cli.web_server: Mounted plugin API routes: /api/plugins/hermes-achievements/
2026-09-09 23:17:03,749 WARNING hermes_cli.web_server: Failed to load plugin kanban API routes: Form data requires "python-multipart" to be installed. 
You can install "python-multipart" with: 

pip install python-multipart

2026-09-09 23:17:03,754 WARNING hermes_cli.web_server: Binding to 0.0.0.0 with --insecure — the dashboard has no robust authentication. Only use on trusted networks.
2026-09-09 23:17:10,281 INFO hermes_cli.web_server: Mounted plugin API routes: /api/plugins/hermes-achievements/
2026-09-09 23:17:10,292 WARNING hermes_cli.web_server: Failed to load plugin kanban API routes: Form data requires "python-multipart" to be installed. 
You can install "python-multipart" with: 

pip install python-multipart

2026-09-09 23:17:10,297 WARNING hermes_cli.web_server: Binding to 0.0.0.0 with --insecure — the dashboard has no robust authentication. Only use on trusted networks.
2026-09-09 23:17:16,751 INFO hermes_cli.web_server: Mounted plugin API routes: /api/plugins/hermes-achievements/
2026-09-09 23:17:16,762 WARNING hermes_cli.web_server: Failed to load plugin kanban API routes: Form data requires "python-multipart" to be installed. 
You can install "python-multipart" with: 

pip install python-multipart

2026-09-09 23:17:16,767 WARNING hermes_cli.web_server: Binding to 0.0.0.0 with --insecure — the dashboard has no robust authentication. Only use on trusted networks.
2026-09-09 23:17:23,278 INFO hermes_cli.web_server: Mounted plugin API routes: /api/plugins/hermes-achievements/
2026-09-09 23:17:23,290 WARNING hermes_cli.web_server: Failed to load plugin kanban API routes: Form data requires "python-multipart" to be installed. 
You can install "python-multipart" with: 

pip install python-multipart

2026-09-09 23:17:23,295 WARNING hermes_cli.web_server: Binding to 0.0.0.0 with --insecure — the dashboard has no robust authentication. Only use on trusted networks.
2026-09-09 23:17:29,776 INFO hermes_cli.web_server: Mounted plugin API routes: /api/plugins/hermes-achievements/
2026-09-09 23:17:29,787 WARNING hermes_cli.web_server: Failed to load plugin kanban API routes: Form data requires "python-multipart" to be installed. 
You can install "python-multipart" with: 

pip install python-multipart

2026-09-09 23:17:29,792 WARNING hermes_cli.web_server: Binding to 0.0.0.0 with --insecure — the dashboard has no robust authentication. Only use on trusted networks.
2026-09-09 23:17:36,240 INFO hermes_cli.web_server: Mounted plugin API routes: /api/plugins/hermes-achievements/
2026-09-09 23:17:36,251 WARNING hermes_cli.web_server: Failed to load plugin kanban API routes: Form data requires "python-multipart" to be installed. 
You can install "python-multipart" with: 

pip install python-multipart

2026-09-09 23:17:36,256 WARNING hermes_cli.web_server: Binding to 0.0.0.0 with --insecure — the dashboard has no robust authentication. Only use on trusted networks.
2026-09-09 23:17:42,772 INFO hermes_cli.web_server: Mounted plugin API routes: /api/plugins/hermes-achievements/
2026-09-09 23:17:42,783 WARNING hermes_cli.web_server: Failed to load plugin kanban API routes: Form data requires "python-multipart" to be installed. 
You can install "python-multipart" with: 

pip install python-multipart

2026-09-09 23:17:42,788 WARNING hermes_cli.web_server: Binding to 0.0.0.0 with --insecure — the dashboard has no robust authentication. Only use on trusted networks.
2026-09-09 23:17:49,245 INFO hermes_cli.web_server: Mounted plugin API routes: /api/plugins/hermes-achievements/
2026-09-09 23:17:49,256 WARNING hermes_cli.web_server: Failed to load plugin kanban API routes: Form data requires "python-multipart" to be installed. 
You can install "python-multipart" with: 

pip install python-multipart

2026-09-09 23:17:49,261 WARNING hermes_cli.web_server: Binding to 0.0.0.0 with --insecure — the dashboard has no robust authentication. Only use on trusted networks.
2026-09-09 23:17:55,768 INFO hermes_cli.web_server: Mounted plugin API routes: /api/plugins/hermes-achievements/
2026-09-09 23:17:55,781 WARNING hermes_cli.web_server: Failed to load plugin kanban API routes: Form data requires "python-multipart" to be installed. 
You can install "python-multipart" with: 

pip install python-multipart

2026-09-09 23:17:55,787 WARNING hermes_cli.web_server: Binding to 0.0.0.0 with --insecure — the dashboard has no robust authentication. Only use on trusted networks.
2026-09-09 23:18:02,320 INFO hermes_cli.web_server: Mounted plugin API routes: /api/plugins/hermes-achievements/
2026-09-09 23:18:02,331 WARNING hermes_cli.web_server: Failed to load plugin kanban API routes: Form data requires "python-multipart" to be installed. 
You can install "python-multipart" with: 

pip install python-multipart

2026-09-09 23:18:02,336 WARNING hermes_cli.web_server: Binding to 0.0.0.0 with --insecure — the dashboard has no robust authentication. Only use on trusted networks.
2026-09-09 23:18:08,733 INFO hermes_cli.web_server: Mounted plugin API routes: /api/plugins/hermes-achievements/
2026-09-09 23:18:08,744 WARNING hermes_cli.web_server: Failed to load plugin kanban API routes: Form data requires "python-multipart" to be installed. 
You can install "python-multipart" with: 

pip install python-multipart

2026-09-09 23:18:08,749 WARNING hermes_cli.web_server: Binding to 0.0.0.0 with --insecure — the dashboard has no robust authentication. Only use on trusted networks.
2026-09-09 23:18:15,253 INFO hermes_cli.web_server: Mounted plugin API routes: /api/plugins/hermes-achievements/
2026-09-09 23:18:15,265 WARNING hermes_cli.web_server: Failed to load plugin kanban API routes: Form data requires "python-multipart" to be installed. 
You can install "python-multipart" with: 

pip install python-multipart

2026-09-09 23:18:15,270 WARNING hermes_cli.web_server: Binding to 0.0.0.0 with --insecure — the dashboard has no robust authentication. Only use on trusted networks.
2026-09-09 23:23:20,247 INFO hermes_cli.web_server: Mounted plugin API routes: /api/plugins/hermes-achievements/
2026-09-09 23:23:20,259 WARNING hermes_cli.web_server: Failed to load plugin kanban API routes: Form data requires "python-multipart" to be installed. 
You can install "python-multipart" with: 

pip install python-multipart

2026-09-09 23:23:20,264 WARNING hermes_cli.web_server: Binding to 0.0.0.0 with --insecure — the dashboard has no robust authentication. Only use on trusted networks.
2026-09-09 23:23:26,777 INFO hermes_cli.web_server: Mounted plugin API routes: /api/plugins/hermes-achievements/
2026-09-09 23:23:26,789 WARNING hermes_cli.web_server: Failed to load plugin kanban API routes: Form data requires "python-multipart" to be installed. 
You can install "python-multipart" with: 

pip install python-multipart

2026-09-09 23:23:26,794 WARNING hermes_cli.web_server: Binding to 0.0.0.0 with --insecure — the dashboard has no robust authentication. Only use on trusted networks.
2026-09-09 23:23:33,246 INFO hermes_cli.web_server: Mounted plugin API routes: /api/plugins/hermes-achievements/
2026-09-09 23:23:33,257 WARNING hermes_cli.web_server: Failed to load plugin kanban API routes: Form data requires "python-multipart" to be installed. 
You can install "python-multipart" with: 

pip install python-multipart

2026-09-09 23:23:33,262 WARNING hermes_cli.web_server: Binding to 0.0.0.0 with --insecure — the dashboard has no robust authentication. Only use on trusted networks.
2026-09-09 23:23:39,743 INFO hermes_cli.web_server: Mounted plugin API routes: /api/plugins/hermes-achievements/
2026-09-09 23:23:39,754 WARNING hermes_cli.web_server: Failed to load plugin kanban API routes: Form data requires "python-multipart" to be installed. 
You can install "python-multipart" with: 

pip install python-multipart

2026-09-09 23:23:39,759 WARNING hermes_cli.web_server: Binding to 0.0.0.0 with --insecure — the dashboard has no robust authentication. Only use on trusted networks.
2026-09-09 23:23:46,254 INFO hermes_cli.web_server: Mounted plugin API routes: /api/plugins/hermes-achievements/
2026-09-09 23:23:46,265 WARNING hermes_cli.web_server: Failed to load plugin kanban API routes: Form data requires "python-multipart" to be installed. 
You can install "python-multipart" with: 

pip install python-multipart

2026-09-09 23:23:46,270 WARNING hermes_cli.web_server: Binding to 0.0.0.0 with --insecure — the dashboard has no robust authentication. Only use on trusted networks.
2026-09-09 23:23:52,767 INFO hermes_cli.web_server: Mounted plugin API routes: /api/plugins/hermes-achievements/
2026-09-09 23:23:52,779 WARNING hermes_cli.web_server: Failed to load plugin kanban API routes: Form data requires "python-multipart" to be installed. 
You can install "python-multipart" with: 

pip install python-multipart

2026-09-09 23:23:52,784 WARNING hermes_cli.web_server: Binding to 0.0.0.0 with --insecure — the dashboard has no robust authentication. Only use on trusted networks.
2026-09-09 23:23:59,278 INFO hermes_cli.web_server: Mounted plugin API routes: /api/plugins/hermes-achievements/
2026-09-09 23:23:59,290 WARNING hermes_cli.web_server: Failed to load plugin kanban API routes: Form data requires "python-multipart" to be installed. 
You can install "python-multipart" with: 

pip install python-multipart

2026-09-09 23:23:59,295 WARNING hermes_cli.web_server: Binding to 0.0.0.0 with --insecure — the dashboard has no robust authentication. Only use on trusted networks.
2026-09-09 23:24:05,740 INFO hermes_cli.web_server: Mounted plugin API routes: /api/plugins/hermes-achievements/
2026-09-09 23:24:05,751 WARNING hermes_cli.web_server: Failed to load plugin kanban API routes: Form data requires "python-multipart" to be installed. 
You can install "python-multipart" with: 

pip install python-multipart

2026-09-09 23:24:05,756 WARNING hermes_cli.web_server: Binding to 0.0.0.0 with --insecure — the dashboard has no robust authentication. Only use on trusted networks.
2026-09-09 23:24:12,229 INFO hermes_cli.web_server: Mounted plugin API routes: /api/plugins/hermes-achievements/
2026-09-09 23:24:12,240 WARNING hermes_cli.web_server: Failed to load plugin kanban API routes: Form data requires "python-multipart" to be installed. 
You can install "python-multipart" with: 

pip install python-multipart

2026-09-09 23:24:12,245 WARNING hermes_cli.web_server: Binding to 0.0.0.0 with --insecure — the dashboard has no robust authentication. Only use on trusted networks.
2026-09-09 23:24:18,821 INFO hermes_cli.web_server: Mounted plugin API routes: /api/plugins/hermes-achievements/
2026-09-09 23:24:18,833 WARNING hermes_cli.web_server: Failed to load plugin kanban API routes: Form data requires "python-multipart" to be installed. 
You can install "python-multipart" with: 

pip install python-multipart

2026-09-09 23:24:18,838 WARNING hermes_cli.web_server: Binding to 0.0.0.0 with --insecure — the dashboard has no robust authentication. Only use on trusted networks.
2026-09-09 23:24:25,255 INFO hermes_cli.web_server: Mounted plugin API routes: /api/plugins/hermes-achievements/
2026-09-09 23:24:25,267 WARNING hermes_cli.web_server: Failed to load plugin kanban API routes: Form data requires "python-multipart" to be installed. 
You can install "python-multipart" with: 

pip install python-multipart

2026-09-09 23:24:25,272 WARNING hermes_cli.web_server: Binding to 0.0.0.0 with --insecure — the dashboard has no robust authentication. Only use on trusted networks.
2026-09-09 23:24:31,732 INFO hermes_cli.web_server: Mounted plugin API routes: /api/plugins/hermes-achievements/
2026-09-09 23:24:31,744 WARNING hermes_cli.web_server: Failed to load plugin kanban API routes: Form data requires "python-multipart" to be installed. 
You can install "python-multipart" with: 

pip install python-multipart

2026-09-09 23:24:31,749 WARNING hermes_cli.web_server: Binding to 0.0.0.0 with --insecure — the dashboard has no robust authentication. Only use on trusted networks.
2026-09-09 23:24:38,339 INFO hermes_cli.web_server: Mounted plugin API routes: /api/plugins/hermes-achievements/
2026-09-09 23:24:38,352 WARNING hermes_cli.web_server: Failed to load plugin kanban API routes: Form data requires "python-multipart" to be installed. 
You can install "python-multipart" with: 

pip install python-multipart

2026-09-09 23:24:38,357 WARNING hermes_cli.web_server: Binding to 0.0.0.0 with --insecure — the dashboard has no robust authentication. Only use on trusted networks.
2026-09-09 23:24:44,766 INFO hermes_cli.web_server: Mounted plugin API routes: /api/plugins/hermes-achievements/
2026-09-09 23:24:44,777 WARNING hermes_cli.web_server: Failed to load plugin kanban API routes: Form data requires "python-multipart" to be installed. 
You can install "python-multipart" with: 

pip install python-multipart

2026-09-09 23:24:44,782 WARNING hermes_cli.web_server: Binding to 0.0.0.0 with --insecure — the dashboard has no robust authentication. Only use on trusted networks.
2026-09-09 23:24:51,266 INFO hermes_cli.web_server: Mounted plugin API routes: /api/plugins/hermes-achievements/
2026-09-09 23:24:51,277 WARNING hermes_cli.web_server: Failed to load plugin kanban API routes: Form data requires "python-multipart" to be installed. 
You can install "python-multipart" with: 

pip install python-multipart

2026-09-09 23:24:51,282 WARNING hermes_cli.web_server: Binding to 0.0.0.0 with --insecure — the dashboard has no robust authentication. Only use on trusted networks.
2026-09-09 23:24:57,734 INFO hermes_cli.web_server: Mounted plugin API routes: /api/plugins/hermes-achievements/
2026-09-09 23:24:57,745 WARNING hermes_cli.web_server: Failed to load plugin kanban API routes: Form data requires "python-multipart" to be installed. 
You can install "python-multipart" with: 

pip install python-multipart

2026-09-09 23:24:57,750 WARNING hermes_cli.web_server: Binding to 0.0.0.0 with --insecure — the dashboard has no robust authentication. Only use on trusted networks.
2026-09-09 23:25:04,245 INFO hermes_cli.web_server: Mounted plugin API routes: /api/plugins/hermes-achievements/
2026-09-09 23:25:04,256 WARNING hermes_cli.web_server: Failed to load plugin kanban API routes: Form data requires "python-multipart" to be installed. 
You can install "python-multipart" with: 

pip install python-multipart

2026-09-09 23:25:04,261 WARNING hermes_cli.web_server: Binding to 0.0.0.0 with --insecure — the dashboard has no robust authentication. Only use on trusted networks.
2026-09-09 23:25:10,737 INFO hermes_cli.web_server: Mounted plugin API routes: /api/plugins/hermes-achievements/
2026-09-09 23:25:10,748 WARNING hermes_cli.web_server: Failed to load plugin kanban API routes: Form data requires "python-multipart" to be installed. 
You can install "python-multipart" with: 

pip install python-multipart

2026-09-09 23:25:10,754 WARNING hermes_cli.web_server: Binding to 0.0.0.0 with --insecure — the dashboard has no robust authentication. Only use on trusted networks.
2026-09-09 23:25:17,236 INFO hermes_cli.web_server: Mounted plugin API routes: /api/plugins/hermes-achievements/
2026-09-09 23:25:17,248 WARNING hermes_cli.web_server: Failed to load plugin kanban API routes: Form data requires "python-multipart" to be installed. 
You can install "python-multipart" with: 

pip install python-multipart

2026-09-09 23:25:17,253 WARNING hermes_cli.web_server: Binding to 0.0.0.0 with --insecure — the dashboard has no robust authentication. Only use on trusted networks.
2026-09-09 23:25:23,734 INFO hermes_cli.web_server: Mounted plugin API routes: /api/plugins/hermes-achievements/
2026-09-09 23:25:23,745 WARNING hermes_cli.web_server: Failed to load plugin kanban API routes: Form data requires "python-multipart" to be installed. 
You can install "python-multipart" with: 

pip install python-multipart

2026-09-09 23:25:23,750 WARNING hermes_cli.web_server: Binding to 0.0.0.0 with --insecure — the dashboard has no robust authentication. Only use on trusted networks.
2026-09-09 23:25:30,238 INFO hermes_cli.web_server: Mounted plugin API routes: /api/plugins/hermes-achievements/
2026-09-09 23:25:30,249 WARNING hermes_cli.web_server: Failed to load plugin kanban API routes: Form data requires "python-multipart" to be installed. 
You can install "python-multipart" with: 

pip install python-multipart

2026-09-09 23:25:30,254 WARNING hermes_cli.web_server: Binding to 0.0.0.0 with --insecure — the dashboard has no robust authentication. Only use on trusted networks.
2026-09-09 23:25:36,759 INFO hermes_cli.web_server: Mounted plugin API routes: /api/plugins/hermes-achievements/
2026-09-09 23:25:36,771 WARNING hermes_cli.web_server: Failed to load plugin kanban API routes: Form data requires "python-multipart" to be installed. 
You can install "python-multipart" with: 

pip install python-multipart

2026-09-09 23:25:36,776 WARNING hermes_cli.web_server: Binding to 0.0.0.0 with --insecure — the dashboard has no robust authentication. Only use on trusted networks.
2026-09-09 23:25:43,227 INFO hermes_cli.web_server: Mounted plugin API routes: /api/plugins/hermes-achievements/
2026-09-09 23:25:43,238 WARNING hermes_cli.web_server: Failed to load plugin kanban API routes: Form data requires "python-multipart" to be installed. 
You can install "python-multipart" with: 

pip install python-multipart

2026-09-09 23:25:43,243 WARNING hermes_cli.web_server: Binding to 0.0.0.0 with --insecure — the dashboard has no robust authentication. Only use on trusted networks.
2026-09-09 23:25:49,760 INFO hermes_cli.web_server: Mounted plugin API routes: /api/plugins/hermes-achievements/
2026-09-09 23:25:49,771 WARNING hermes_cli.web_server: Failed to load plugin kanban API routes: Form data requires "python-multipart" to be installed. 
You can install "python-multipart" with: 

pip install python-multipart

2026-09-09 23:25:49,776 WARNING hermes_cli.web_server: Binding to 0.0.0.0 with --insecure — the dashboard has no robust authentication. Only use on trusted networks.
2026-09-09 23:25:56,271 INFO hermes_cli.web_server: Mounted plugin API routes: /api/plugins/hermes-achievements/
2026-09-09 23:25:56,282 WARNING hermes_cli.web_server: Failed to load plugin kanban API routes: Form data requires "python-multipart" to be installed. 
You can install "python-multipart" with: 

pip install python-multipart

2026-09-09 23:25:56,287 WARNING hermes_cli.web_server: Binding to 0.0.0.0 with --insecure — the dashboard has no robust authentication. Only use on trusted networks.
2026-09-09 23:26:02,738 INFO hermes_cli.web_server: Mounted plugin API routes: /api/plugins/hermes-achievements/
2026-09-09 23:26:02,749 WARNING hermes_cli.web_server: Failed to load plugin kanban API routes: Form data requires "python-multipart" to be installed. 
You can install "python-multipart" with: 

pip install python-multipart

2026-09-09 23:26:02,754 WARNING hermes_cli.web_server: Binding to 0.0.0.0 with --insecure — the dashboard has no robust authentication. Only use on trusted networks.
2026-09-09 23:26:09,251 INFO hermes_cli.web_server: Mounted plugin API routes: /api/plugins/hermes-achievements/
2026-09-09 23:26:09,263 WARNING hermes_cli.web_server: Failed to load plugin kanban API routes: Form data requires "python-multipart" to be installed. 
You can install "python-multipart" with: 

pip install python-multipart

2026-09-09 23:26:09,268 WARNING hermes_cli.web_server: Binding to 0.0.0.0 with --insecure — the dashboard has no robust authentication. Only use on trusted networks.
2026-09-09 23:26:15,785 INFO hermes_cli.web_server: Mounted plugin API routes: /api/plugins/hermes-achievements/
2026-09-09 23:26:15,797 WARNING hermes_cli.web_server: Failed to load plugin kanban API routes: Form data requires "python-multipart" to be installed. 
You can install "python-multipart" with: 

pip install python-multipart

2026-09-09 23:26:15,802 WARNING hermes_cli.web_server: Binding to 0.0.0.0 with --insecure — the dashboard has no robust authentication. Only use on trusted networks.
2026-09-09 23:26:22,249 INFO hermes_cli.web_server: Mounted plugin API routes: /api/plugins/hermes-achievements/
2026-09-09 23:26:22,260 WARNING hermes_cli.web_server: Failed to load plugin kanban API routes: Form data requires "python-multipart" to be installed. 
You can install "python-multipart" with: 

pip install python-multipart

2026-09-09 23:26:22,265 WARNING hermes_cli.web_server: Binding to 0.0.0.0 with --insecure — the dashboard has no robust authentication. Only use on trusted networks.
2026-09-09 23:26:28,746 INFO hermes_cli.web_server: Mounted plugin API routes: /api/plugins/hermes-achievements/
2026-09-09 23:26:28,757 WARNING hermes_cli.web_server: Failed to load plugin kanban API routes: Form data requires "python-multipart" to be installed. 
You can install "python-multipart" with: 

pip install python-multipart

2026-09-09 23:26:28,762 WARNING hermes_cli.web_server: Binding to 0.0.0.0 with --insecure — the dashboard has no robust authentication. Only use on trusted networks.
2026-09-09 23:26:35,223 INFO hermes_cli.web_server: Mounted plugin API routes: /api/plugins/hermes-achievements/
2026-09-09 23:26:35,234 WARNING hermes_cli.web_server: Failed to load plugin kanban API routes: Form data requires "python-multipart" to be installed. 
You can install "python-multipart" with: 

pip install python-multipart

2026-09-09 23:26:35,239 WARNING hermes_cli.web_server: Binding to 0.0.0.0 with --insecure — the dashboard has no robust authentication. Only use on trusted networks.
2026-09-09 23:26:41,739 INFO hermes_cli.web_server: Mounted plugin API routes: /api/plugins/hermes-achievements/
2026-09-09 23:26:41,750 WARNING hermes_cli.web_server: Failed to load plugin kanban API routes: Form data requires "python-multipart" to be installed. 
You can install "python-multipart" with: 

pip install python-multipart

2026-09-09 23:26:41,755 WARNING hermes_cli.web_server: Binding to 0.0.0.0 with --insecure — the dashboard has no robust authentication. Only use on trusted networks.
2026-09-09 23:26:48,227 INFO hermes_cli.web_server: Mounted plugin API routes: /api/plugins/hermes-achievements/
2026-09-09 23:26:48,239 WARNING hermes_cli.web_server: Failed to load plugin kanban API routes: Form data requires "python-multipart" to be installed. 
You can install "python-multipart" with: 

pip install python-multipart

2026-09-09 23:26:48,245 WARNING hermes_cli.web_server: Binding to 0.0.0.0 with --insecure — the dashboard has no robust authentication. Only use on trusted networks.
2026-09-09 23:26:54,728 INFO hermes_cli.web_server: Mounted plugin API routes: /api/plugins/hermes-achievements/
2026-09-09 23:26:54,739 WARNING hermes_cli.web_server: Failed to load plugin kanban API routes: Form data requires "python-multipart" to be installed. 
You can install "python-multipart" with: 

pip install python-multipart

2026-09-09 23:26:54,744 WARNING hermes_cli.web_server: Binding to 0.0.0.0 with --insecure — the dashboard has no robust authentication. Only use on trusted networks.
2026-09-09 23:27:01,282 INFO hermes_cli.web_server: Mounted plugin API routes: /api/plugins/hermes-achievements/
2026-09-09 23:27:01,294 WARNING hermes_cli.web_server: Failed to load plugin kanban API routes: Form data requires "python-multipart" to be installed. 
You can install "python-multipart" with: 

pip install python-multipart

2026-09-09 23:27:01,298 WARNING hermes_cli.web_server: Binding to 0.0.0.0 with --insecure — the dashboard has no robust authentication. Only use on trusted networks.
2026-09-09 23:27:07,749 INFO hermes_cli.web_server: Mounted plugin API routes: /api/plugins/hermes-achievements/
2026-09-09 23:27:07,762 WARNING hermes_cli.web_server: Failed to load plugin kanban API routes: Form data requires "python-multipart" to be installed. 
You can install "python-multipart" with: 

pip install python-multipart

2026-09-09 23:27:07,767 WARNING hermes_cli.web_server: Binding to 0.0.0.0 with --insecure — the dashboard has no robust authentication. Only use on trusted networks.
2026-09-09 23:27:14,262 INFO hermes_cli.web_server: Mounted plugin API routes: /api/plugins/hermes-achievements/
2026-09-09 23:27:14,274 WARNING hermes_cli.web_server: Failed to load plugin kanban API routes: Form data requires "python-multipart" to be installed. 
You can install "python-multipart" with: 

pip install python-multipart

2026-09-09 23:27:14,279 WARNING hermes_cli.web_server: Binding to 0.0.0.0 with --insecure — the dashboard has no robust authentication. Only use on trusted networks.
2026-09-09 23:27:20,778 INFO hermes_cli.web_server: Mounted plugin API routes: /api/plugins/hermes-achievements/
2026-09-09 23:27:20,789 WARNING hermes_cli.web_server: Failed to load plugin kanban API routes: Form data requires "python-multipart" to be installed. 
You can install "python-multipart" with: 

pip install python-multipart

2026-09-09 23:27:20,794 WARNING hermes_cli.web_server: Binding to 0.0.0.0 with --insecure — the dashboard has no robust authentication. Only use on trusted networks.
2026-09-09 23:27:27,272 INFO hermes_cli.web_server: Mounted plugin API routes: /api/plugins/hermes-achievements/
2026-09-09 23:27:27,283 WARNING hermes_cli.web_server: Failed to load plugin kanban API routes: Form data requires "python-multipart" to be installed. 
You can install "python-multipart" with: 

pip install python-multipart

2026-09-09 23:27:27,287 WARNING hermes_cli.web_server: Binding to 0.0.0.0 with --insecure — the dashboard has no robust authentication. Only use on trusted networks.
2026-09-09 23:27:33,731 INFO hermes_cli.web_server: Mounted plugin API routes: /api/plugins/hermes-achievements/
2026-09-09 23:27:33,742 WARNING hermes_cli.web_server: Failed to load plugin kanban API routes: Form data requires "python-multipart" to be installed. 
You can install "python-multipart" with: 

pip install python-multipart

2026-09-09 23:27:33,747 WARNING hermes_cli.web_server: Binding to 0.0.0.0 with --insecure — the dashboard has no robust authentication. Only use on trusted networks.
2026-09-09 23:27:40,242 INFO hermes_cli.web_server: Mounted plugin API routes: /api/plugins/hermes-achievements/
2026-09-09 23:27:40,254 WARNING hermes_cli.web_server: Failed to load plugin kanban API routes: Form data requires "python-multipart" to be installed. 
You can install "python-multipart" with: 

pip install python-multipart

2026-09-09 23:27:40,259 WARNING hermes_cli.web_server: Binding to 0.0.0.0 with --insecure — the dashboard has no robust authentication. Only use on trusted networks.
2026-09-09 23:27:46,732 INFO hermes_cli.web_server: Mounted plugin API routes: /api/plugins/hermes-achievements/
2026-09-09 23:27:46,744 WARNING hermes_cli.web_server: Failed to load plugin kanban API routes: Form data requires "python-multipart" to be installed. 
You can install "python-multipart" with: 

pip install python-multipart

2026-09-09 23:27:46,749 WARNING hermes_cli.web_server: Binding to 0.0.0.0 with --insecure — the dashboard has no robust authentication. Only use on trusted networks.
2026-09-09 23:27:53,274 INFO hermes_cli.web_server: Mounted plugin API routes: /api/plugins/hermes-achievements/
2026-09-09 23:27:53,286 WARNING hermes_cli.web_server: Failed to load plugin kanban API routes: Form data requires "python-multipart" to be installed. 
You can install "python-multipart" with: 

pip install python-multipart

2026-09-09 23:27:53,291 WARNING hermes_cli.web_server: Binding to 0.0.0.0 with --insecure — the dashboard has no robust authentication. Only use on trusted networks.
2026-09-09 23:27:59,743 INFO hermes_cli.web_server: Mounted plugin API routes: /api/plugins/hermes-achievements/
2026-09-09 23:27:59,754 WARNING hermes_cli.web_server: Failed to load plugin kanban API routes: Form data requires "python-multipart" to be installed. 
You can install "python-multipart" with: 

pip install python-multipart

2026-09-09 23:27:59,759 WARNING hermes_cli.web_server: Binding to 0.0.0.0 with --insecure — the dashboard has no robust authentication. Only use on trusted networks.
2026-09-09 23:28:06,276 INFO hermes_cli.web_server: Mounted plugin API routes: /api/plugins/hermes-achievements/
2026-09-09 23:28:06,287 WARNING hermes_cli.web_server: Failed to load plugin kanban API routes: Form data requires "python-multipart" to be installed. 
You can install "python-multipart" with: 

pip install python-multipart

2026-09-09 23:28:06,292 WARNING hermes_cli.web_server: Binding to 0.0.0.0 with --insecure — the dashboard has no robust authentication. Only use on trusted networks.
2026-09-09 23:28:12,732 INFO hermes_cli.web_server: Mounted plugin API routes: /api/plugins/hermes-achievements/
2026-09-09 23:28:12,744 WARNING hermes_cli.web_server: Failed to load plugin kanban API routes: Form data requires "python-multipart" to be installed. 
You can install "python-multipart" with: 

pip install python-multipart

2026-09-09 23:28:12,748 WARNING hermes_cli.web_server: Binding to 0.0.0.0 with --insecure — the dashboard has no robust authentication. Only use on trusted networks.
2026-09-09 23:28:19,275 INFO hermes_cli.web_server: Mounted plugin API routes: /api/plugins/hermes-achievements/
2026-09-09 23:28:19,287 WARNING hermes_cli.web_server: Failed to load plugin kanban API routes: Form data requires "python-multipart" to be installed. 
You can install "python-multipart" with: 

pip install python-multipart

2026-09-09 23:28:19,292 WARNING hermes_cli.web_server: Binding to 0.0.0.0 with --insecure — the dashboard has no robust authentication. Only use on trusted networks.
2026-09-09 23:33:24,010 INFO hermes_cli.web_server: Mounted plugin API routes: /api/plugins/hermes-achievements/
2026-09-09 23:33:24,022 WARNING hermes_cli.web_server: Failed to load plugin kanban API routes: Form data requires "python-multipart" to be installed. 
You can install "python-multipart" with: 

pip install python-multipart

2026-09-09 23:33:24,026 WARNING hermes_cli.web_server: Binding to 0.0.0.0 with --insecure — the dashboard has no robust authentication. Only use on trusted networks.
2026-09-09 23:33:30,505 INFO hermes_cli.web_server: Mounted plugin API routes: /api/plugins/hermes-achievements/
2026-09-09 23:33:30,516 WARNING hermes_cli.web_server: Failed to load plugin kanban API routes: Form data requires "python-multipart" to be installed. 
You can install "python-multipart" with: 

pip install python-multipart

2026-09-09 23:33:30,521 WARNING hermes_cli.web_server: Binding to 0.0.0.0 with --insecure — the dashboard has no robust authentication. Only use on trusted networks.
2026-09-09 23:33:36,909 INFO hermes_cli.web_server: Mounted plugin API routes: /api/plugins/hermes-achievements/
2026-09-09 23:33:36,920 WARNING hermes_cli.web_server: Failed to load plugin kanban API routes: Form data requires "python-multipart" to be installed. 
You can install "python-multipart" with: 

pip install python-multipart

2026-09-09 23:33:36,925 WARNING hermes_cli.web_server: Binding to 0.0.0.0 with --insecure — the dashboard has no robust authentication. Only use on trusted networks.
2026-09-09 23:33:43,288 INFO hermes_cli.web_server: Mounted plugin API routes: /api/plugins/hermes-achievements/
2026-09-09 23:33:43,300 WARNING hermes_cli.web_server: Failed to load plugin kanban API routes: Form data requires "python-multipart" to be installed. 
You can install "python-multipart" with: 

pip install python-multipart

2026-09-09 23:33:43,304 WARNING hermes_cli.web_server: Binding to 0.0.0.0 with --insecure — the dashboard has no robust authentication. Only use on trusted networks.
2026-09-09 23:33:49,757 INFO hermes_cli.web_server: Mounted plugin API routes: /api/plugins/hermes-achievements/
2026-09-09 23:33:49,768 WARNING hermes_cli.web_server: Failed to load plugin kanban API routes: Form data requires "python-multipart" to be installed. 
You can install "python-multipart" with: 

pip install python-multipart

2026-09-09 23:33:49,773 WARNING hermes_cli.web_server: Binding to 0.0.0.0 with --insecure — the dashboard has no robust authentication. Only use on trusted networks.
2026-09-09 23:33:56,236 INFO hermes_cli.web_server: Mounted plugin API routes: /api/plugins/hermes-achievements/
2026-09-09 23:33:56,248 WARNING hermes_cli.web_server: Failed to load plugin kanban API routes: Form data requires "python-multipart" to be installed. 
You can install "python-multipart" with: 

pip install python-multipart

2026-09-09 23:33:56,252 WARNING hermes_cli.web_server: Binding to 0.0.0.0 with --insecure — the dashboard has no robust authentication. Only use on trusted networks.
2026-09-09 23:34:02,763 INFO hermes_cli.web_server: Mounted plugin API routes: /api/plugins/hermes-achievements/
2026-09-09 23:34:02,775 WARNING hermes_cli.web_server: Failed to load plugin kanban API routes: Form data requires "python-multipart" to be installed. 
You can install "python-multipart" with: 

pip install python-multipart

2026-09-09 23:34:02,780 WARNING hermes_cli.web_server: Binding to 0.0.0.0 with --insecure — the dashboard has no robust authentication. Only use on trusted networks.
2026-09-09 23:34:09,325 INFO hermes_cli.web_server: Mounted plugin API routes: /api/plugins/hermes-achievements/
2026-09-09 23:34:09,336 WARNING hermes_cli.web_server: Failed to load plugin kanban API routes: Form data requires "python-multipart" to be installed. 
You can install "python-multipart" with: 

pip install python-multipart

2026-09-09 23:34:09,341 WARNING hermes_cli.web_server: Binding to 0.0.0.0 with --insecure — the dashboard has no robust authentication. Only use on trusted networks.
2026-09-09 23:34:15,743 INFO hermes_cli.web_server: Mounted plugin API routes: /api/plugins/hermes-achievements/
2026-09-09 23:34:15,755 WARNING hermes_cli.web_server: Failed to load plugin kanban API routes: Form data requires "python-multipart" to be installed. 
You can install "python-multipart" with: 

pip install python-multipart

2026-09-09 23:34:15,760 WARNING hermes_cli.web_server: Binding to 0.0.0.0 with --insecure — the dashboard has no robust authentication. Only use on trusted networks.
2026-09-09 23:34:22,332 INFO hermes_cli.web_server: Mounted plugin API routes: /api/plugins/hermes-achievements/
2026-09-09 23:34:22,343 WARNING hermes_cli.web_server: Failed to load plugin kanban API routes: Form data requires "python-multipart" to be installed. 
You can install "python-multipart" with: 

pip install python-multipart

2026-09-09 23:34:22,348 WARNING hermes_cli.web_server: Binding to 0.0.0.0 with --insecure — the dashboard has no robust authentication. Only use on trusted networks.
2026-09-09 23:34:28,779 INFO hermes_cli.web_server: Mounted plugin API routes: /api/plugins/hermes-achievements/
2026-09-09 23:34:28,791 WARNING hermes_cli.web_server: Failed to load plugin kanban API routes: Form data requires "python-multipart" to be installed. 
You can install "python-multipart" with: 

pip install python-multipart

2026-09-09 23:34:28,798 WARNING hermes_cli.web_server: Binding to 0.0.0.0 with --insecure — the dashboard has no robust authentication. Only use on trusted networks.
2026-09-09 23:34:35,250 INFO hermes_cli.web_server: Mounted plugin API routes: /api/plugins/hermes-achievements/
2026-09-09 23:34:35,262 WARNING hermes_cli.web_server: Failed to load plugin kanban API routes: Form data requires "python-multipart" to be installed. 
You can install "python-multipart" with: 

pip install python-multipart

2026-09-09 23:34:35,267 WARNING hermes_cli.web_server: Binding to 0.0.0.0 with --insecure — the dashboard has no robust authentication. Only use on trusted networks.
2026-09-09 23:34:41,773 INFO hermes_cli.web_server: Mounted plugin API routes: /api/plugins/hermes-achievements/
2026-09-09 23:34:41,785 WARNING hermes_cli.web_server: Failed to load plugin kanban API routes: Form data requires "python-multipart" to be installed. 
You can install "python-multipart" with: 

pip install python-multipart

2026-09-09 23:34:41,790 WARNING hermes_cli.web_server: Binding to 0.0.0.0 with --insecure — the dashboard has no robust authentication. Only use on trusted networks.
2026-09-09 23:34:48,232 INFO hermes_cli.web_server: Mounted plugin API routes: /api/plugins/hermes-achievements/
2026-09-09 23:34:48,244 WARNING hermes_cli.web_server: Failed to load plugin kanban API routes: Form data requires "python-multipart" to be installed. 
You can install "python-multipart" with: 

pip install python-multipart

2026-09-09 23:34:48,249 WARNING hermes_cli.web_server: Binding to 0.0.0.0 with --insecure — the dashboard has no robust authentication. Only use on trusted networks.
2026-09-09 23:34:54,742 INFO hermes_cli.web_server: Mounted plugin API routes: /api/plugins/hermes-achievements/
2026-09-09 23:34:54,753 WARNING hermes_cli.web_server: Failed to load plugin kanban API routes: Form data requires "python-multipart" to be installed. 
You can install "python-multipart" with: 

pip install python-multipart

2026-09-09 23:34:54,758 WARNING hermes_cli.web_server: Binding to 0.0.0.0 with --insecure — the dashboard has no robust authentication. Only use on trusted networks.
2026-09-09 23:35:01,253 INFO hermes_cli.web_server: Mounted plugin API routes: /api/plugins/hermes-achievements/
2026-09-09 23:35:01,264 WARNING hermes_cli.web_server: Failed to load plugin kanban API routes: Form data requires "python-multipart" to be installed. 
You can install "python-multipart" with: 

pip install python-multipart

2026-09-09 23:35:01,269 WARNING hermes_cli.web_server: Binding to 0.0.0.0 with --insecure — the dashboard has no robust authentication. Only use on trusted networks.
2026-09-09 23:35:07,737 INFO hermes_cli.web_server: Mounted plugin API routes: /api/plugins/hermes-achievements/
2026-09-09 23:35:07,748 WARNING hermes_cli.web_server: Failed to load plugin kanban API routes: Form data requires "python-multipart" to be installed. 
You can install "python-multipart" with: 

pip install python-multipart

2026-09-09 23:35:07,753 WARNING hermes_cli.web_server: Binding to 0.0.0.0 with --insecure — the dashboard has no robust authentication. Only use on trusted networks.
2026-09-09 23:35:14,290 INFO hermes_cli.web_server: Mounted plugin API routes: /api/plugins/hermes-achievements/
2026-09-09 23:35:14,301 WARNING hermes_cli.web_server: Failed to load plugin kanban API routes: Form data requires "python-multipart" to be installed. 
You can install "python-multipart" with: 

pip install python-multipart

2026-09-09 23:35:14,307 WARNING hermes_cli.web_server: Binding to 0.0.0.0 with --insecure — the dashboard has no robust authentication. Only use on trusted networks.
2026-09-09 23:35:20,757 INFO hermes_cli.web_server: Mounted plugin API routes: /api/plugins/hermes-achievements/
2026-09-09 23:35:20,769 WARNING hermes_cli.web_server: Failed to load plugin kanban API routes: Form data requires "python-multipart" to be installed. 
You can install "python-multipart" with: 

pip install python-multipart

2026-09-09 23:35:20,774 WARNING hermes_cli.web_server: Binding to 0.0.0.0 with --insecure — the dashboard has no robust authentication. Only use on trusted networks.
2026-09-09 23:35:27,237 INFO hermes_cli.web_server: Mounted plugin API routes: /api/plugins/hermes-achievements/
2026-09-09 23:35:27,248 WARNING hermes_cli.web_server: Failed to load plugin kanban API routes: Form data requires "python-multipart" to be installed. 
You can install "python-multipart" with: 

pip install python-multipart

2026-09-09 23:35:27,253 WARNING hermes_cli.web_server: Binding to 0.0.0.0 with --insecure — the dashboard has no robust authentication. Only use on trusted networks.
2026-09-09 23:35:33,745 INFO hermes_cli.web_server: Mounted plugin API routes: /api/plugins/hermes-achievements/
2026-09-09 23:35:33,756 WARNING hermes_cli.web_server: Failed to load plugin kanban API routes: Form data requires "python-multipart" to be installed. 
You can install "python-multipart" with: 

pip install python-multipart

2026-09-09 23:35:33,761 WARNING hermes_cli.web_server: Binding to 0.0.0.0 with --insecure — the dashboard has no robust authentication. Only use on trusted networks.
2026-09-09 23:35:40,251 INFO hermes_cli.web_server: Mounted plugin API routes: /api/plugins/hermes-achievements/
2026-09-09 23:35:40,262 WARNING hermes_cli.web_server: Failed to load plugin kanban API routes: Form data requires "python-multipart" to be installed. 
You can install "python-multipart" with: 

pip install python-multipart

2026-09-09 23:35:40,267 WARNING hermes_cli.web_server: Binding to 0.0.0.0 with --insecure — the dashboard has no robust authentication. Only use on trusted networks.
2026-09-09 23:35:46,732 INFO hermes_cli.web_server: Mounted plugin API routes: /api/plugins/hermes-achievements/
2026-09-09 23:35:46,743 WARNING hermes_cli.web_server: Failed to load plugin kanban API routes: Form data requires "python-multipart" to be installed. 
You can install "python-multipart" with: 

pip install python-multipart

2026-09-09 23:35:46,748 WARNING hermes_cli.web_server: Binding to 0.0.0.0 with --insecure — the dashboard has no robust authentication. Only use on trusted networks.
2026-09-09 23:35:53,265 INFO hermes_cli.web_server: Mounted plugin API routes: /api/plugins/hermes-achievements/
2026-09-09 23:35:53,276 WARNING hermes_cli.web_server: Failed to load plugin kanban API routes: Form data requires "python-multipart" to be installed. 
You can install "python-multipart" with: 

pip install python-multipart

2026-09-09 23:35:53,281 WARNING hermes_cli.web_server: Binding to 0.0.0.0 with --insecure — the dashboard has no robust authentication. Only use on trusted networks.
2026-09-09 23:35:59,739 INFO hermes_cli.web_server: Mounted plugin API routes: /api/plugins/hermes-achievements/
2026-09-09 23:35:59,750 WARNING hermes_cli.web_server: Failed to load plugin kanban API routes: Form data requires "python-multipart" to be installed. 
You can install "python-multipart" with: 

pip install python-multipart

2026-09-09 23:35:59,755 WARNING hermes_cli.web_server: Binding to 0.0.0.0 with --insecure — the dashboard has no robust authentication. Only use on trusted networks.
2026-09-09 23:36:06,253 INFO hermes_cli.web_server: Mounted plugin API routes: /api/plugins/hermes-achievements/
2026-09-09 23:36:06,264 WARNING hermes_cli.web_server: Failed to load plugin kanban API routes: Form data requires "python-multipart" to be installed. 
You can install "python-multipart" with: 

pip install python-multipart

2026-09-09 23:36:06,269 WARNING hermes_cli.web_server: Binding to 0.0.0.0 with --insecure — the dashboard has no robust authentication. Only use on trusted networks.
2026-09-09 23:36:12,796 INFO hermes_cli.web_server: Mounted plugin API routes: /api/plugins/hermes-achievements/
2026-09-09 23:36:12,807 WARNING hermes_cli.web_server: Failed to load plugin kanban API routes: Form data requires "python-multipart" to be installed. 
You can install "python-multipart" with: 

pip install python-multipart

2026-09-09 23:36:12,812 WARNING hermes_cli.web_server: Binding to 0.0.0.0 with --insecure — the dashboard has no robust authentication. Only use on trusted networks.
2026-09-09 23:36:19,260 INFO hermes_cli.web_server: Mounted plugin API routes: /api/plugins/hermes-achievements/
2026-09-09 23:36:19,272 WARNING hermes_cli.web_server: Failed to load plugin kanban API routes: Form data requires "python-multipart" to be installed. 
You can install "python-multipart" with: 

pip install python-multipart

2026-09-09 23:36:19,278 WARNING hermes_cli.web_server: Binding to 0.0.0.0 with --insecure — the dashboard has no robust authentication. Only use on trusted networks.
2026-09-09 23:36:25,764 INFO hermes_cli.web_server: Mounted plugin API routes: /api/plugins/hermes-achievements/
2026-09-09 23:36:25,776 WARNING hermes_cli.web_server: Failed to load plugin kanban API routes: Form data requires "python-multipart" to be installed. 
You can install "python-multipart" with: 

pip install python-multipart

2026-09-09 23:36:25,781 WARNING hermes_cli.web_server: Binding to 0.0.0.0 with --insecure — the dashboard has no robust authentication. Only use on trusted networks.
2026-09-09 23:36:32,267 INFO hermes_cli.web_server: Mounted plugin API routes: /api/plugins/hermes-achievements/
2026-09-09 23:36:32,279 WARNING hermes_cli.web_server: Failed to load plugin kanban API routes: Form data requires "python-multipart" to be installed. 
You can install "python-multipart" with: 

pip install python-multipart

2026-09-09 23:36:32,284 WARNING hermes_cli.web_server: Binding to 0.0.0.0 with --insecure — the dashboard has no robust authentication. Only use on trusted networks.
2026-09-09 23:36:38,788 INFO hermes_cli.web_server: Mounted plugin API routes: /api/plugins/hermes-achievements/
2026-09-09 23:36:38,799 WARNING hermes_cli.web_server: Failed to load plugin kanban API routes: Form data requires "python-multipart" to be installed. 
You can install "python-multipart" with: 

pip install python-multipart

2026-09-09 23:36:38,804 WARNING hermes_cli.web_server: Binding to 0.0.0.0 with --insecure — the dashboard has no robust authentication. Only use on trusted networks.
2026-09-09 23:36:45,266 INFO hermes_cli.web_server: Mounted plugin API routes: /api/plugins/hermes-achievements/
2026-09-09 23:36:45,278 WARNING hermes_cli.web_server: Failed to load plugin kanban API routes: Form data requires "python-multipart" to be installed. 
You can install "python-multipart" with: 

pip install python-multipart

2026-09-09 23:36:45,283 WARNING hermes_cli.web_server: Binding to 0.0.0.0 with --insecure — the dashboard has no robust authentication. Only use on trusted networks.
2026-09-09 23:36:51,784 INFO hermes_cli.web_server: Mounted plugin API routes: /api/plugins/hermes-achievements/
2026-09-09 23:36:51,796 WARNING hermes_cli.web_server: Failed to load plugin kanban API routes: Form data requires "python-multipart" to be installed. 
You can install "python-multipart" with: 

pip install python-multipart

2026-09-09 23:36:51,801 WARNING hermes_cli.web_server: Binding to 0.0.0.0 with --insecure — the dashboard has no robust authentication. Only use on trusted networks.
2026-09-09 23:36:58,247 INFO hermes_cli.web_server: Mounted plugin API routes: /api/plugins/hermes-achievements/
2026-09-09 23:36:58,259 WARNING hermes_cli.web_server: Failed to load plugin kanban API routes: Form data requires "python-multipart" to be installed. 
You can install "python-multipart" with: 

pip install python-multipart

2026-09-09 23:36:58,264 WARNING hermes_cli.web_server: Binding to 0.0.0.0 with --insecure — the dashboard has no robust authentication. Only use on trusted networks.
2026-09-09 23:37:04,726 INFO hermes_cli.web_server: Mounted plugin API routes: /api/plugins/hermes-achievements/
2026-09-09 23:37:04,737 WARNING hermes_cli.web_server: Failed to load plugin kanban API routes: Form data requires "python-multipart" to be installed. 
You can install "python-multipart" with: 

pip install python-multipart

2026-09-09 23:37:04,742 WARNING hermes_cli.web_server: Binding to 0.0.0.0 with --insecure — the dashboard has no robust authentication. Only use on trusted networks.
2026-09-09 23:37:11,229 INFO hermes_cli.web_server: Mounted plugin API routes: /api/plugins/hermes-achievements/
2026-09-09 23:37:11,240 WARNING hermes_cli.web_server: Failed to load plugin kanban API routes: Form data requires "python-multipart" to be installed. 
You can install "python-multipart" with: 

pip install python-multipart

2026-09-09 23:37:11,244 WARNING hermes_cli.web_server: Binding to 0.0.0.0 with --insecure — the dashboard has no robust authentication. Only use on trusted networks.
2026-09-09 23:37:17,749 INFO hermes_cli.web_server: Mounted plugin API routes: /api/plugins/hermes-achievements/
2026-09-09 23:37:17,760 WARNING hermes_cli.web_server: Failed to load plugin kanban API routes: Form data requires "python-multipart" to be installed. 
You can install "python-multipart" with: 

pip install python-multipart

2026-09-09 23:37:17,765 WARNING hermes_cli.web_server: Binding to 0.0.0.0 with --insecure — the dashboard has no robust authentication. Only use on trusted networks.
2026-09-09 23:37:24,275 INFO hermes_cli.web_server: Mounted plugin API routes: /api/plugins/hermes-achievements/
2026-09-09 23:37:24,288 WARNING hermes_cli.web_server: Failed to load plugin kanban API routes: Form data requires "python-multipart" to be installed. 
You can install "python-multipart" with: 

pip install python-multipart

2026-09-09 23:37:24,294 WARNING hermes_cli.web_server: Binding to 0.0.0.0 with --insecure — the dashboard has no robust authentication. Only use on trusted networks.
2026-09-09 23:37:30,775 INFO hermes_cli.web_server: Mounted plugin API routes: /api/plugins/hermes-achievements/
2026-09-09 23:37:30,786 WARNING hermes_cli.web_server: Failed to load plugin kanban API routes: Form data requires "python-multipart" to be installed. 
You can install "python-multipart" with: 

pip install python-multipart

2026-09-09 23:37:30,791 WARNING hermes_cli.web_server: Binding to 0.0.0.0 with --insecure — the dashboard has no robust authentication. Only use on trusted networks.
2026-09-09 23:37:37,221 INFO hermes_cli.web_server: Mounted plugin API routes: /api/plugins/hermes-achievements/
2026-09-09 23:37:37,233 WARNING hermes_cli.web_server: Failed to load plugin kanban API routes: Form data requires "python-multipart" to be installed. 
You can install "python-multipart" with: 

pip install python-multipart

2026-09-09 23:37:37,237 WARNING hermes_cli.web_server: Binding to 0.0.0.0 with --insecure — the dashboard has no robust authentication. Only use on trusted networks.
2026-09-09 23:37:43,743 INFO hermes_cli.web_server: Mounted plugin API routes: /api/plugins/hermes-achievements/
2026-09-09 23:37:43,754 WARNING hermes_cli.web_server: Failed to load plugin kanban API routes: Form data requires "python-multipart" to be installed. 
You can install "python-multipart" with: 

pip install python-multipart

2026-09-09 23:37:43,759 WARNING hermes_cli.web_server: Binding to 0.0.0.0 with --insecure — the dashboard has no robust authentication. Only use on trusted networks.
2026-09-09 23:37:50,236 INFO hermes_cli.web_server: Mounted plugin API routes: /api/plugins/hermes-achievements/
2026-09-09 23:37:50,247 WARNING hermes_cli.web_server: Failed to load plugin kanban API routes: Form data requires "python-multipart" to be installed. 
You can install "python-multipart" with: 

pip install python-multipart

2026-09-09 23:37:50,252 WARNING hermes_cli.web_server: Binding to 0.0.0.0 with --insecure — the dashboard has no robust authentication. Only use on trusted networks.
2026-09-09 23:37:56,737 INFO hermes_cli.web_server: Mounted plugin API routes: /api/plugins/hermes-achievements/
2026-09-09 23:37:56,749 WARNING hermes_cli.web_server: Failed to load plugin kanban API routes: Form data requires "python-multipart" to be installed. 
You can install "python-multipart" with: 

pip install python-multipart

2026-09-09 23:37:56,754 WARNING hermes_cli.web_server: Binding to 0.0.0.0 with --insecure — the dashboard has no robust authentication. Only use on trusted networks.
2026-09-09 23:38:03,243 INFO hermes_cli.web_server: Mounted plugin API routes: /api/plugins/hermes-achievements/
2026-09-09 23:38:03,254 WARNING hermes_cli.web_server: Failed to load plugin kanban API routes: Form data requires "python-multipart" to be installed. 
You can install "python-multipart" with: 

pip install python-multipart

2026-09-09 23:38:03,259 WARNING hermes_cli.web_server: Binding to 0.0.0.0 with --insecure — the dashboard has no robust authentication. Only use on trusted networks.
2026-09-09 23:38:09,763 INFO hermes_cli.web_server: Mounted plugin API routes: /api/plugins/hermes-achievements/
2026-09-09 23:38:09,775 WARNING hermes_cli.web_server: Failed to load plugin kanban API routes: Form data requires "python-multipart" to be installed. 
You can install "python-multipart" with: 

pip install python-multipart

2026-09-09 23:38:09,780 WARNING hermes_cli.web_server: Binding to 0.0.0.0 with --insecure — the dashboard has no robust authentication. Only use on trusted networks.
2026-09-09 23:38:16,277 INFO hermes_cli.web_server: Mounted plugin API routes: /api/plugins/hermes-achievements/
2026-09-09 23:38:16,289 WARNING hermes_cli.web_server: Failed to load plugin kanban API routes: Form data requires "python-multipart" to be installed. 
You can install "python-multipart" with: 

pip install python-multipart

2026-09-09 23:38:16,295 WARNING hermes_cli.web_server: Binding to 0.0.0.0 with --insecure — the dashboard has no robust authentication. Only use on trusted networks.
2026-09-09 23:38:22,722 INFO hermes_cli.web_server: Mounted plugin API routes: /api/plugins/hermes-achievements/
2026-09-09 23:38:22,733 WARNING hermes_cli.web_server: Failed to load plugin kanban API routes: Form data requires "python-multipart" to be installed. 
You can install "python-multipart" with: 

pip install python-multipart

2026-09-09 23:38:22,740 WARNING hermes_cli.web_server: Binding to 0.0.0.0 with --insecure — the dashboard has no robust authentication. Only use on trusted networks.
2026-09-09 23:43:27,792 INFO hermes_cli.web_server: Mounted plugin API routes: /api/plugins/hermes-achievements/
2026-09-09 23:43:27,805 WARNING hermes_cli.web_server: Failed to load plugin kanban API routes: Form data requires "python-multipart" to be installed. 
You can install "python-multipart" with: 

pip install python-multipart

2026-09-09 23:43:27,809 WARNING hermes_cli.web_server: Binding to 0.0.0.0 with --insecure — the dashboard has no robust authentication. Only use on trusted networks.
2026-09-09 23:43:34,250 INFO hermes_cli.web_server: Mounted plugin API routes: /api/plugins/hermes-achievements/
2026-09-09 23:43:34,261 WARNING hermes_cli.web_server: Failed to load plugin kanban API routes: Form data requires "python-multipart" to be installed. 
You can install "python-multipart" with: 

pip install python-multipart

2026-09-09 23:43:34,266 WARNING hermes_cli.web_server: Binding to 0.0.0.0 with --insecure — the dashboard has no robust authentication. Only use on trusted networks.
2026-09-09 23:43:40,767 INFO hermes_cli.web_server: Mounted plugin API routes: /api/plugins/hermes-achievements/
2026-09-09 23:43:40,779 WARNING hermes_cli.web_server: Failed to load plugin kanban API routes: Form data requires "python-multipart" to be installed. 
You can install "python-multipart" with: 

pip install python-multipart

2026-09-09 23:43:40,784 WARNING hermes_cli.web_server: Binding to 0.0.0.0 with --insecure — the dashboard has no robust authentication. Only use on trusted networks.
2026-09-09 23:43:47,236 INFO hermes_cli.web_server: Mounted plugin API routes: /api/plugins/hermes-achievements/
2026-09-09 23:43:47,248 WARNING hermes_cli.web_server: Failed to load plugin kanban API routes: Form data requires "python-multipart" to be installed. 
You can install "python-multipart" with: 

pip install python-multipart

2026-09-09 23:43:47,253 WARNING hermes_cli.web_server: Binding to 0.0.0.0 with --insecure — the dashboard has no robust authentication. Only use on trusted networks.
2026-09-09 23:43:53,742 INFO hermes_cli.web_server: Mounted plugin API routes: /api/plugins/hermes-achievements/
2026-09-09 23:43:53,754 WARNING hermes_cli.web_server: Failed to load plugin kanban API routes: Form data requires "python-multipart" to be installed. 
You can install "python-multipart" with: 

pip install python-multipart

2026-09-09 23:43:53,759 WARNING hermes_cli.web_server: Binding to 0.0.0.0 with --insecure — the dashboard has no robust authentication. Only use on trusted networks.
2026-09-09 23:44:00,303 INFO hermes_cli.web_server: Mounted plugin API routes: /api/plugins/hermes-achievements/
2026-09-09 23:44:00,315 WARNING hermes_cli.web_server: Failed to load plugin kanban API routes: Form data requires "python-multipart" to be installed. 
You can install "python-multipart" with: 

pip install python-multipart

2026-09-09 23:44:00,320 WARNING hermes_cli.web_server: Binding to 0.0.0.0 with --insecure — the dashboard has no robust authentication. Only use on trusted networks.
2026-09-09 23:44:06,750 INFO hermes_cli.web_server: Mounted plugin API routes: /api/plugins/hermes-achievements/
2026-09-09 23:44:06,761 WARNING hermes_cli.web_server: Failed to load plugin kanban API routes: Form data requires "python-multipart" to be installed. 
You can install "python-multipart" with: 

pip install python-multipart

2026-09-09 23:44:06,766 WARNING hermes_cli.web_server: Binding to 0.0.0.0 with --insecure — the dashboard has no robust authentication. Only use on trusted networks.
2026-09-09 23:44:13,234 INFO hermes_cli.web_server: Mounted plugin API routes: /api/plugins/hermes-achievements/
2026-09-09 23:44:13,245 WARNING hermes_cli.web_server: Failed to load plugin kanban API routes: Form data requires "python-multipart" to be installed. 
You can install "python-multipart" with: 

pip install python-multipart

2026-09-09 23:44:13,250 WARNING hermes_cli.web_server: Binding to 0.0.0.0 with --insecure — the dashboard has no robust authentication. Only use on trusted networks.
2026-09-09 23:44:19,799 INFO hermes_cli.web_server: Mounted plugin API routes: /api/plugins/hermes-achievements/
2026-09-09 23:44:19,810 WARNING hermes_cli.web_server: Failed to load plugin kanban API routes: Form data requires "python-multipart" to be installed. 
You can install "python-multipart" with: 

pip install python-multipart

2026-09-09 23:44:19,815 WARNING hermes_cli.web_server: Binding to 0.0.0.0 with --insecure — the dashboard has no robust authentication. Only use on trusted networks.
2026-09-09 23:44:26,246 INFO hermes_cli.web_server: Mounted plugin API routes: /api/plugins/hermes-achievements/
2026-09-09 23:44:26,257 WARNING hermes_cli.web_server: Failed to load plugin kanban API routes: Form data requires "python-multipart" to be installed. 
You can install "python-multipart" with: 

pip install python-multipart

2026-09-09 23:44:26,262 WARNING hermes_cli.web_server: Binding to 0.0.0.0 with --insecure — the dashboard has no robust authentication. Only use on trusted networks.
2026-09-09 23:44:32,761 INFO hermes_cli.web_server: Mounted plugin API routes: /api/plugins/hermes-achievements/
2026-09-09 23:44:32,772 WARNING hermes_cli.web_server: Failed to load plugin kanban API routes: Form data requires "python-multipart" to be installed. 
You can install "python-multipart" with: 

pip install python-multipart

2026-09-09 23:44:32,777 WARNING hermes_cli.web_server: Binding to 0.0.0.0 with --insecure — the dashboard has no robust authentication. Only use on trusted networks.
2026-09-09 23:44:39,259 INFO hermes_cli.web_server: Mounted plugin API routes: /api/plugins/hermes-achievements/
2026-09-09 23:44:39,270 WARNING hermes_cli.web_server: Failed to load plugin kanban API routes: Form data requires "python-multipart" to be installed. 
You can install "python-multipart" with: 

pip install python-multipart

2026-09-09 23:44:39,275 WARNING hermes_cli.web_server: Binding to 0.0.0.0 with --insecure — the dashboard has no robust authentication. Only use on trusted networks.
2026-09-09 23:44:45,748 INFO hermes_cli.web_server: Mounted plugin API routes: /api/plugins/hermes-achievements/
2026-09-09 23:44:45,760 WARNING hermes_cli.web_server: Failed to load plugin kanban API routes: Form data requires "python-multipart" to be installed. 
You can install "python-multipart" with: 

pip install python-multipart

2026-09-09 23:44:45,765 WARNING hermes_cli.web_server: Binding to 0.0.0.0 with --insecure — the dashboard has no robust authentication. Only use on trusted networks.
2026-09-09 23:44:52,254 INFO hermes_cli.web_server: Mounted plugin API routes: /api/plugins/hermes-achievements/
2026-09-09 23:44:52,266 WARNING hermes_cli.web_server: Failed to load plugin kanban API routes: Form data requires "python-multipart" to be installed. 
You can install "python-multipart" with: 

pip install python-multipart

2026-09-09 23:44:52,271 WARNING hermes_cli.web_server: Binding to 0.0.0.0 with --insecure — the dashboard has no robust authentication. Only use on trusted networks.
2026-09-09 23:44:58,737 INFO hermes_cli.web_server: Mounted plugin API routes: /api/plugins/hermes-achievements/
2026-09-09 23:44:58,750 WARNING hermes_cli.web_server: Failed to load plugin kanban API routes: Form data requires "python-multipart" to be installed. 
You can install "python-multipart" with: 

pip install python-multipart

2026-09-09 23:44:58,756 WARNING hermes_cli.web_server: Binding to 0.0.0.0 with --insecure — the dashboard has no robust authentication. Only use on trusted networks.
2026-09-09 23:45:05,235 INFO hermes_cli.web_server: Mounted plugin API routes: /api/plugins/hermes-achievements/
2026-09-09 23:45:05,246 WARNING hermes_cli.web_server: Failed to load plugin kanban API routes: Form data requires "python-multipart" to be installed. 
You can install "python-multipart" with: 

pip install python-multipart

2026-09-09 23:45:05,251 WARNING hermes_cli.web_server: Binding to 0.0.0.0 with --insecure — the dashboard has no robust authentication. Only use on trusted networks.
2026-09-09 23:45:11,757 INFO hermes_cli.web_server: Mounted plugin API routes: /api/plugins/hermes-achievements/
2026-09-09 23:45:11,768 WARNING hermes_cli.web_server: Failed to load plugin kanban API routes: Form data requires "python-multipart" to be installed. 
You can install "python-multipart" with: 

pip install python-multipart

2026-09-09 23:45:11,773 WARNING hermes_cli.web_server: Binding to 0.0.0.0 with --insecure — the dashboard has no robust authentication. Only use on trusted networks.
2026-09-09 23:45:18,277 INFO hermes_cli.web_server: Mounted plugin API routes: /api/plugins/hermes-achievements/
2026-09-09 23:45:18,288 WARNING hermes_cli.web_server: Failed to load plugin kanban API routes: Form data requires "python-multipart" to be installed. 
You can install "python-multipart" with: 

pip install python-multipart

2026-09-09 23:45:18,293 WARNING hermes_cli.web_server: Binding to 0.0.0.0 with --insecure — the dashboard has no robust authentication. Only use on trusted networks.
2026-09-09 23:45:24,767 INFO hermes_cli.web_server: Mounted plugin API routes: /api/plugins/hermes-achievements/
2026-09-09 23:45:24,778 WARNING hermes_cli.web_server: Failed to load plugin kanban API routes: Form data requires "python-multipart" to be installed. 
You can install "python-multipart" with: 

pip install python-multipart

2026-09-09 23:45:24,783 WARNING hermes_cli.web_server: Binding to 0.0.0.0 with --insecure — the dashboard has no robust authentication. Only use on trusted networks.
2026-09-09 23:45:31,242 INFO hermes_cli.web_server: Mounted plugin API routes: /api/plugins/hermes-achievements/
2026-09-09 23:45:31,254 WARNING hermes_cli.web_server: Failed to load plugin kanban API routes: Form data requires "python-multipart" to be installed. 
You can install "python-multipart" with: 

pip install python-multipart

2026-09-09 23:45:31,258 WARNING hermes_cli.web_server: Binding to 0.0.0.0 with --insecure — the dashboard has no robust authentication. Only use on trusted networks.
2026-09-09 23:45:37,826 INFO hermes_cli.web_server: Mounted plugin API routes: /api/plugins/hermes-achievements/
2026-09-09 23:45:37,837 WARNING hermes_cli.web_server: Failed to load plugin kanban API routes: Form data requires "python-multipart" to be installed. 
You can install "python-multipart" with: 

pip install python-multipart

2026-09-09 23:45:37,842 WARNING hermes_cli.web_server: Binding to 0.0.0.0 with --insecure — the dashboard has no robust authentication. Only use on trusted networks.
2026-09-09 23:45:44,299 INFO hermes_cli.web_server: Mounted plugin API routes: /api/plugins/hermes-achievements/
2026-09-09 23:45:44,310 WARNING hermes_cli.web_server: Failed to load plugin kanban API routes: Form data requires "python-multipart" to be installed. 
You can install "python-multipart" with: 

pip install python-multipart

2026-09-09 23:45:44,315 WARNING hermes_cli.web_server: Binding to 0.0.0.0 with --insecure — the dashboard has no robust authentication. Only use on trusted networks.
2026-09-09 23:45:50,773 INFO hermes_cli.web_server: Mounted plugin API routes: /api/plugins/hermes-achievements/
2026-09-09 23:45:50,785 WARNING hermes_cli.web_server: Failed to load plugin kanban API routes: Form data requires "python-multipart" to be installed. 
You can install "python-multipart" with: 

pip install python-multipart

2026-09-09 23:45:50,789 WARNING hermes_cli.web_server: Binding to 0.0.0.0 with --insecure — the dashboard has no robust authentication. Only use on trusted networks.
2026-09-09 23:45:57,270 INFO hermes_cli.web_server: Mounted plugin API routes: /api/plugins/hermes-achievements/
2026-09-09 23:45:57,282 WARNING hermes_cli.web_server: Failed to load plugin kanban API routes: Form data requires "python-multipart" to be installed. 
You can install "python-multipart" with: 

pip install python-multipart

2026-09-09 23:45:57,287 WARNING hermes_cli.web_server: Binding to 0.0.0.0 with --insecure — the dashboard has no robust authentication. Only use on trusted networks.
2026-09-09 23:46:03,755 INFO hermes_cli.web_server: Mounted plugin API routes: /api/plugins/hermes-achievements/
2026-09-09 23:46:03,768 WARNING hermes_cli.web_server: Failed to load plugin kanban API routes: Form data requires "python-multipart" to be installed. 
You can install "python-multipart" with: 

pip install python-multipart

2026-09-09 23:46:03,773 WARNING hermes_cli.web_server: Binding to 0.0.0.0 with --insecure — the dashboard has no robust authentication. Only use on trusted networks.
2026-09-09 23:46:10,274 INFO hermes_cli.web_server: Mounted plugin API routes: /api/plugins/hermes-achievements/
2026-09-09 23:46:10,286 WARNING hermes_cli.web_server: Failed to load plugin kanban API routes: Form data requires "python-multipart" to be installed. 
You can install "python-multipart" with: 

pip install python-multipart

2026-09-09 23:46:10,291 WARNING hermes_cli.web_server: Binding to 0.0.0.0 with --insecure — the dashboard has no robust authentication. Only use on trusted networks.
2026-09-09 23:46:16,756 INFO hermes_cli.web_server: Mounted plugin API routes: /api/plugins/hermes-achievements/
2026-09-09 23:46:16,767 WARNING hermes_cli.web_server: Failed to load plugin kanban API routes: Form data requires "python-multipart" to be installed. 
You can install "python-multipart" with: 

pip install python-multipart

2026-09-09 23:46:16,772 WARNING hermes_cli.web_server: Binding to 0.0.0.0 with --insecure — the dashboard has no robust authentication. Only use on trusted networks.
2026-09-09 23:46:23,254 INFO hermes_cli.web_server: Mounted plugin API routes: /api/plugins/hermes-achievements/
2026-09-09 23:46:23,266 WARNING hermes_cli.web_server: Failed to load plugin kanban API routes: Form data requires "python-multipart" to be installed. 
You can install "python-multipart" with: 

pip install python-multipart

2026-09-09 23:46:23,271 WARNING hermes_cli.web_server: Binding to 0.0.0.0 with --insecure — the dashboard has no robust authentication. Only use on trusted networks.
2026-09-09 23:46:29,756 INFO hermes_cli.web_server: Mounted plugin API routes: /api/plugins/hermes-achievements/
2026-09-09 23:46:29,768 WARNING hermes_cli.web_server: Failed to load plugin kanban API routes: Form data requires "python-multipart" to be installed. 
You can install "python-multipart" with: 

pip install python-multipart

2026-09-09 23:46:29,773 WARNING hermes_cli.web_server: Binding to 0.0.0.0 with --insecure — the dashboard has no robust authentication. Only use on trusted networks.
2026-09-09 23:46:36,287 INFO hermes_cli.web_server: Mounted plugin API routes: /api/plugins/hermes-achievements/
2026-09-09 23:46:36,303 WARNING hermes_cli.web_server: Failed to load plugin kanban API routes: Form data requires "python-multipart" to be installed. 
You can install "python-multipart" with: 

pip install python-multipart

2026-09-09 23:46:36,309 WARNING hermes_cli.web_server: Binding to 0.0.0.0 with --insecure — the dashboard has no robust authentication. Only use on trusted networks.
2026-09-09 23:46:42,792 INFO hermes_cli.web_server: Mounted plugin API routes: /api/plugins/hermes-achievements/
2026-09-09 23:46:42,803 WARNING hermes_cli.web_server: Failed to load plugin kanban API routes: Form data requires "python-multipart" to be installed. 
You can install "python-multipart" with: 

pip install python-multipart

2026-09-09 23:46:42,808 WARNING hermes_cli.web_server: Binding to 0.0.0.0 with --insecure — the dashboard has no robust authentication. Only use on trusted networks.
2026-09-09 23:46:49,243 INFO hermes_cli.web_server: Mounted plugin API routes: /api/plugins/hermes-achievements/
2026-09-09 23:46:49,255 WARNING hermes_cli.web_server: Failed to load plugin kanban API routes: Form data requires "python-multipart" to be installed. 
You can install "python-multipart" with: 

pip install python-multipart

2026-09-09 23:46:49,260 WARNING hermes_cli.web_server: Binding to 0.0.0.0 with --insecure — the dashboard has no robust authentication. Only use on trusted networks.
2026-09-09 23:46:55,785 INFO hermes_cli.web_server: Mounted plugin API routes: /api/plugins/hermes-achievements/
2026-09-09 23:46:55,796 WARNING hermes_cli.web_server: Failed to load plugin kanban API routes: Form data requires "python-multipart" to be installed. 
You can install "python-multipart" with: 

pip install python-multipart

2026-09-09 23:46:55,801 WARNING hermes_cli.web_server: Binding to 0.0.0.0 with --insecure — the dashboard has no robust authentication. Only use on trusted networks.
2026-09-09 23:47:02,319 INFO hermes_cli.web_server: Mounted plugin API routes: /api/plugins/hermes-achievements/
2026-09-09 23:47:02,331 WARNING hermes_cli.web_server: Failed to load plugin kanban API routes: Form data requires "python-multipart" to be installed. 
You can install "python-multipart" with: 

pip install python-multipart

2026-09-09 23:47:02,336 WARNING hermes_cli.web_server: Binding to 0.0.0.0 with --insecure — the dashboard has no robust authentication. Only use on trusted networks.
2026-09-09 23:47:08,762 INFO hermes_cli.web_server: Mounted plugin API routes: /api/plugins/hermes-achievements/
2026-09-09 23:47:08,773 WARNING hermes_cli.web_server: Failed to load plugin kanban API routes: Form data requires "python-multipart" to be installed. 
You can install "python-multipart" with: 

pip install python-multipart

2026-09-09 23:47:08,778 WARNING hermes_cli.web_server: Binding to 0.0.0.0 with --insecure — the dashboard has no robust authentication. Only use on trusted networks.
2026-09-09 23:47:15,274 INFO hermes_cli.web_server: Mounted plugin API routes: /api/plugins/hermes-achievements/
2026-09-09 23:47:15,286 WARNING hermes_cli.web_server: Failed to load plugin kanban API routes: Form data requires "python-multipart" to be installed. 
You can install "python-multipart" with: 

pip install python-multipart

2026-09-09 23:47:15,290 WARNING hermes_cli.web_server: Binding to 0.0.0.0 with --insecure — the dashboard has no robust authentication. Only use on trusted networks.
2026-09-09 23:47:21,813 INFO hermes_cli.web_server: Mounted plugin API routes: /api/plugins/hermes-achievements/
2026-09-09 23:47:21,825 WARNING hermes_cli.web_server: Failed to load plugin kanban API routes: Form data requires "python-multipart" to be installed. 
You can install "python-multipart" with: 

pip install python-multipart

2026-09-09 23:47:21,830 WARNING hermes_cli.web_server: Binding to 0.0.0.0 with --insecure — the dashboard has no robust authentication. Only use on trusted networks.
2026-09-09 23:47:28,269 INFO hermes_cli.web_server: Mounted plugin API routes: /api/plugins/hermes-achievements/
2026-09-09 23:47:28,281 WARNING hermes_cli.web_server: Failed to load plugin kanban API routes: Form data requires "python-multipart" to be installed. 
You can install "python-multipart" with: 

pip install python-multipart

2026-09-09 23:47:28,286 WARNING hermes_cli.web_server: Binding to 0.0.0.0 with --insecure — the dashboard has no robust authentication. Only use on trusted networks.
2026-09-09 23:47:34,820 INFO hermes_cli.web_server: Mounted plugin API routes: /api/plugins/hermes-achievements/
2026-09-09 23:47:34,832 WARNING hermes_cli.web_server: Failed to load plugin kanban API routes: Form data requires "python-multipart" to be installed. 
You can install "python-multipart" with: 

pip install python-multipart

2026-09-09 23:47:34,837 WARNING hermes_cli.web_server: Binding to 0.0.0.0 with --insecure — the dashboard has no robust authentication. Only use on trusted networks.
2026-09-09 23:47:41,285 INFO hermes_cli.web_server: Mounted plugin API routes: /api/plugins/hermes-achievements/
2026-09-09 23:47:41,297 WARNING hermes_cli.web_server: Failed to load plugin kanban API routes: Form data requires "python-multipart" to be installed. 
You can install "python-multipart" with: 

pip install python-multipart

2026-09-09 23:47:41,302 WARNING hermes_cli.web_server: Binding to 0.0.0.0 with --insecure — the dashboard has no robust authentication. Only use on trusted networks.
2026-09-09 23:47:47,761 INFO hermes_cli.web_server: Mounted plugin API routes: /api/plugins/hermes-achievements/
2026-09-09 23:47:47,773 WARNING hermes_cli.web_server: Failed to load plugin kanban API routes: Form data requires "python-multipart" to be installed. 
You can install "python-multipart" with: 

pip install python-multipart

2026-09-09 23:47:47,778 WARNING hermes_cli.web_server: Binding to 0.0.0.0 with --insecure — the dashboard has no robust authentication. Only use on trusted networks.
2026-09-09 23:47:54,246 INFO hermes_cli.web_server: Mounted plugin API routes: /api/plugins/hermes-achievements/
2026-09-09 23:47:54,258 WARNING hermes_cli.web_server: Failed to load plugin kanban API routes: Form data requires "python-multipart" to be installed. 
You can install "python-multipart" with: 

pip install python-multipart

2026-09-09 23:47:54,263 WARNING hermes_cli.web_server: Binding to 0.0.0.0 with --insecure — the dashboard has no robust authentication. Only use on trusted networks.
2026-09-09 23:48:00,775 INFO hermes_cli.web_server: Mounted plugin API routes: /api/plugins/hermes-achievements/
2026-09-09 23:48:00,787 WARNING hermes_cli.web_server: Failed to load plugin kanban API routes: Form data requires "python-multipart" to be installed. 
You can install "python-multipart" with: 

pip install python-multipart

2026-09-09 23:48:00,792 WARNING hermes_cli.web_server: Binding to 0.0.0.0 with --insecure — the dashboard has no robust authentication. Only use on trusted networks.
2026-09-09 23:48:07,314 INFO hermes_cli.web_server: Mounted plugin API routes: /api/plugins/hermes-achievements/
2026-09-09 23:48:07,326 WARNING hermes_cli.web_server: Failed to load plugin kanban API routes: Form data requires "python-multipart" to be installed. 
You can install "python-multipart" with: 

pip install python-multipart

2026-09-09 23:48:07,331 WARNING hermes_cli.web_server: Binding to 0.0.0.0 with --insecure — the dashboard has no robust authentication. Only use on trusted networks.
2026-09-09 23:48:13,778 INFO hermes_cli.web_server: Mounted plugin API routes: /api/plugins/hermes-achievements/
2026-09-09 23:48:13,790 WARNING hermes_cli.web_server: Failed to load plugin kanban API routes: Form data requires "python-multipart" to be installed. 
You can install "python-multipart" with: 

pip install python-multipart

2026-09-09 23:48:13,795 WARNING hermes_cli.web_server: Binding to 0.0.0.0 with --insecure — the dashboard has no robust authentication. Only use on trusted networks.
2026-09-09 23:48:20,241 INFO hermes_cli.web_server: Mounted plugin API routes: /api/plugins/hermes-achievements/
2026-09-09 23:48:20,252 WARNING hermes_cli.web_server: Failed to load plugin kanban API routes: Form data requires "python-multipart" to be installed. 
You can install "python-multipart" with: 

pip install python-multipart

2026-09-09 23:48:20,257 WARNING hermes_cli.web_server: Binding to 0.0.0.0 with --insecure — the dashboard has no robust authentication. Only use on trusted networks.
2026-09-09 23:48:26,775 INFO hermes_cli.web_server: Mounted plugin API routes: /api/plugins/hermes-achievements/
2026-09-09 23:48:26,786 WARNING hermes_cli.web_server: Failed to load plugin kanban API routes: Form data requires "python-multipart" to be installed. 
You can install "python-multipart" with: 

pip install python-multipart

2026-09-09 23:48:26,791 WARNING hermes_cli.web_server: Binding to 0.0.0.0 with --insecure — the dashboard has no robust authentication. Only use on trusted networks.
2026-09-09 23:53:31,741 INFO hermes_cli.web_server: Mounted plugin API routes: /api/plugins/hermes-achievements/
2026-09-09 23:53:31,752 WARNING hermes_cli.web_server: Failed to load plugin kanban API routes: Form data requires "python-multipart" to be installed. 
You can install "python-multipart" with: 

pip install python-multipart

2026-09-09 23:53:31,757 WARNING hermes_cli.web_server: Binding to 0.0.0.0 with --insecure — the dashboard has no robust authentication. Only use on trusted networks.
2026-09-09 23:53:38,261 INFO hermes_cli.web_server: Mounted plugin API routes: /api/plugins/hermes-achievements/
2026-09-09 23:53:38,272 WARNING hermes_cli.web_server: Failed to load plugin kanban API routes: Form data requires "python-multipart" to be installed. 
You can install "python-multipart" with: 

pip install python-multipart

2026-09-09 23:53:38,277 WARNING hermes_cli.web_server: Binding to 0.0.0.0 with --insecure — the dashboard has no robust authentication. Only use on trusted networks.
2026-09-09 23:53:44,745 INFO hermes_cli.web_server: Mounted plugin API routes: /api/plugins/hermes-achievements/
2026-09-09 23:53:44,758 WARNING hermes_cli.web_server: Failed to load plugin kanban API routes: Form data requires "python-multipart" to be installed. 
You can install "python-multipart" with: 

pip install python-multipart

2026-09-09 23:53:44,763 WARNING hermes_cli.web_server: Binding to 0.0.0.0 with --insecure — the dashboard has no robust authentication. Only use on trusted networks.
2026-09-09 23:53:51,273 INFO hermes_cli.web_server: Mounted plugin API routes: /api/plugins/hermes-achievements/
2026-09-09 23:53:51,284 WARNING hermes_cli.web_server: Failed to load plugin kanban API routes: Form data requires "python-multipart" to be installed. 
You can install "python-multipart" with: 

pip install python-multipart

2026-09-09 23:53:51,289 WARNING hermes_cli.web_server: Binding to 0.0.0.0 with --insecure — the dashboard has no robust authentication. Only use on trusted networks.
2026-09-09 23:53:57,740 INFO hermes_cli.web_server: Mounted plugin API routes: /api/plugins/hermes-achievements/
2026-09-09 23:53:57,752 WARNING hermes_cli.web_server: Failed to load plugin kanban API routes: Form data requires "python-multipart" to be installed. 
You can install "python-multipart" with: 

pip install python-multipart

2026-09-09 23:53:57,756 WARNING hermes_cli.web_server: Binding to 0.0.0.0 with --insecure — the dashboard has no robust authentication. Only use on trusted networks.
2026-09-09 23:54:04,252 INFO hermes_cli.web_server: Mounted plugin API routes: /api/plugins/hermes-achievements/
2026-09-09 23:54:04,263 WARNING hermes_cli.web_server: Failed to load plugin kanban API routes: Form data requires "python-multipart" to be installed. 
You can install "python-multipart" with: 

pip install python-multipart

2026-09-09 23:54:04,268 WARNING hermes_cli.web_server: Binding to 0.0.0.0 with --insecure — the dashboard has no robust authentication. Only use on trusted networks.
2026-09-09 23:54:10,833 INFO hermes_cli.web_server: Mounted plugin API routes: /api/plugins/hermes-achievements/
2026-09-09 23:54:10,845 WARNING hermes_cli.web_server: Failed to load plugin kanban API routes: Form data requires "python-multipart" to be installed. 
You can install "python-multipart" with: 

pip install python-multipart

2026-09-09 23:54:10,850 WARNING hermes_cli.web_server: Binding to 0.0.0.0 with --insecure — the dashboard has no robust authentication. Only use on trusted networks.
2026-09-09 23:54:17,248 INFO hermes_cli.web_server: Mounted plugin API routes: /api/plugins/hermes-achievements/
2026-09-09 23:54:17,260 WARNING hermes_cli.web_server: Failed to load plugin kanban API routes: Form data requires "python-multipart" to be installed. 
You can install "python-multipart" with: 

pip install python-multipart

2026-09-09 23:54:17,265 WARNING hermes_cli.web_server: Binding to 0.0.0.0 with --insecure — the dashboard has no robust authentication. Only use on trusted networks.
2026-09-09 23:54:23,752 INFO hermes_cli.web_server: Mounted plugin API routes: /api/plugins/hermes-achievements/
2026-09-09 23:54:23,763 WARNING hermes_cli.web_server: Failed to load plugin kanban API routes: Form data requires "python-multipart" to be installed. 
You can install "python-multipart" with: 

pip install python-multipart

2026-09-09 23:54:23,768 WARNING hermes_cli.web_server: Binding to 0.0.0.0 with --insecure — the dashboard has no robust authentication. Only use on trusted networks.
2026-09-09 23:54:30,258 INFO hermes_cli.web_server: Mounted plugin API routes: /api/plugins/hermes-achievements/
2026-09-09 23:54:30,269 WARNING hermes_cli.web_server: Failed to load plugin kanban API routes: Form data requires "python-multipart" to be installed. 
You can install "python-multipart" with: 

pip install python-multipart

2026-09-09 23:54:30,274 WARNING hermes_cli.web_server: Binding to 0.0.0.0 with --insecure — the dashboard has no robust authentication. Only use on trusted networks.
2026-09-09 23:54:36,778 INFO hermes_cli.web_server: Mounted plugin API routes: /api/plugins/hermes-achievements/
2026-09-09 23:54:36,789 WARNING hermes_cli.web_server: Failed to load plugin kanban API routes: Form data requires "python-multipart" to be installed. 
You can install "python-multipart" with: 

pip install python-multipart

2026-09-09 23:54:36,794 WARNING hermes_cli.web_server: Binding to 0.0.0.0 with --insecure — the dashboard has no robust authentication. Only use on trusted networks.
2026-09-09 23:54:43,249 INFO hermes_cli.web_server: Mounted plugin API routes: /api/plugins/hermes-achievements/
2026-09-09 23:54:43,261 WARNING hermes_cli.web_server: Failed to load plugin kanban API routes: Form data requires "python-multipart" to be installed. 
You can install "python-multipart" with: 

pip install python-multipart

2026-09-09 23:54:43,265 WARNING hermes_cli.web_server: Binding to 0.0.0.0 with --insecure — the dashboard has no robust authentication. Only use on trusted networks.
2026-09-09 23:54:49,758 INFO hermes_cli.web_server: Mounted plugin API routes: /api/plugins/hermes-achievements/
2026-09-09 23:54:49,770 WARNING hermes_cli.web_server: Failed to load plugin kanban API routes: Form data requires "python-multipart" to be installed. 
You can install "python-multipart" with: 

pip install python-multipart

2026-09-09 23:54:49,775 WARNING hermes_cli.web_server: Binding to 0.0.0.0 with --insecure — the dashboard has no robust authentication. Only use on trusted networks.
2026-09-09 23:54:56,252 INFO hermes_cli.web_server: Mounted plugin API routes: /api/plugins/hermes-achievements/
2026-09-09 23:54:56,264 WARNING hermes_cli.web_server: Failed to load plugin kanban API routes: Form data requires "python-multipart" to be installed. 
You can install "python-multipart" with: 

pip install python-multipart

2026-09-09 23:54:56,268 WARNING hermes_cli.web_server: Binding to 0.0.0.0 with --insecure — the dashboard has no robust authentication. Only use on trusted networks.
2026-09-09 23:55:02,773 INFO hermes_cli.web_server: Mounted plugin API routes: /api/plugins/hermes-achievements/
2026-09-09 23:55:02,784 WARNING hermes_cli.web_server: Failed to load plugin kanban API routes: Form data requires "python-multipart" to be installed. 
You can install "python-multipart" with: 

pip install python-multipart

2026-09-09 23:55:02,789 WARNING hermes_cli.web_server: Binding to 0.0.0.0 with --insecure — the dashboard has no robust authentication. Only use on trusted networks.
2026-09-09 23:55:09,233 INFO hermes_cli.web_server: Mounted plugin API routes: /api/plugins/hermes-achievements/
2026-09-09 23:55:09,244 WARNING hermes_cli.web_server: Failed to load plugin kanban API routes: Form data requires "python-multipart" to be installed. 
You can install "python-multipart" with: 

pip install python-multipart

2026-09-09 23:55:09,249 WARNING hermes_cli.web_server: Binding to 0.0.0.0 with --insecure — the dashboard has no robust authentication. Only use on trusted networks.
2026-09-09 23:55:15,720 INFO hermes_cli.web_server: Mounted plugin API routes: /api/plugins/hermes-achievements/
2026-09-09 23:55:15,731 WARNING hermes_cli.web_server: Failed to load plugin kanban API routes: Form data requires "python-multipart" to be installed. 
You can install "python-multipart" with: 

pip install python-multipart

2026-09-09 23:55:15,736 WARNING hermes_cli.web_server: Binding to 0.0.0.0 with --insecure — the dashboard has no robust authentication. Only use on trusted networks.
2026-09-09 23:55:22,233 INFO hermes_cli.web_server: Mounted plugin API routes: /api/plugins/hermes-achievements/
2026-09-09 23:55:22,244 WARNING hermes_cli.web_server: Failed to load plugin kanban API routes: Form data requires "python-multipart" to be installed. 
You can install "python-multipart" with: 

pip install python-multipart

2026-09-09 23:55:22,249 WARNING hermes_cli.web_server: Binding to 0.0.0.0 with --insecure — the dashboard has no robust authentication. Only use on trusted networks.
2026-09-09 23:55:28,746 INFO hermes_cli.web_server: Mounted plugin API routes: /api/plugins/hermes-achievements/
2026-09-09 23:55:28,757 WARNING hermes_cli.web_server: Failed to load plugin kanban API routes: Form data requires "python-multipart" to be installed. 
You can install "python-multipart" with: 

pip install python-multipart

2026-09-09 23:55:28,762 WARNING hermes_cli.web_server: Binding to 0.0.0.0 with --insecure — the dashboard has no robust authentication. Only use on trusted networks.
2026-09-09 23:55:35,285 INFO hermes_cli.web_server: Mounted plugin API routes: /api/plugins/hermes-achievements/
2026-09-09 23:55:35,296 WARNING hermes_cli.web_server: Failed to load plugin kanban API routes: Form data requires "python-multipart" to be installed. 
You can install "python-multipart" with: 

pip install python-multipart

2026-09-09 23:55:35,301 WARNING hermes_cli.web_server: Binding to 0.0.0.0 with --insecure — the dashboard has no robust authentication. Only use on trusted networks.
2026-09-09 23:55:41,768 INFO hermes_cli.web_server: Mounted plugin API routes: /api/plugins/hermes-achievements/
2026-09-09 23:55:41,780 WARNING hermes_cli.web_server: Failed to load plugin kanban API routes: Form data requires "python-multipart" to be installed. 
You can install "python-multipart" with: 

pip install python-multipart

2026-09-09 23:55:41,785 WARNING hermes_cli.web_server: Binding to 0.0.0.0 with --insecure — the dashboard has no robust authentication. Only use on trusted networks.
2026-09-09 23:55:48,244 INFO hermes_cli.web_server: Mounted plugin API routes: /api/plugins/hermes-achievements/
2026-09-09 23:55:48,255 WARNING hermes_cli.web_server: Failed to load plugin kanban API routes: Form data requires "python-multipart" to be installed. 
You can install "python-multipart" with: 

pip install python-multipart

2026-09-09 23:55:48,260 WARNING hermes_cli.web_server: Binding to 0.0.0.0 with --insecure — the dashboard has no robust authentication. Only use on trusted networks.
2026-09-09 23:55:54,749 INFO hermes_cli.web_server: Mounted plugin API routes: /api/plugins/hermes-achievements/
2026-09-09 23:55:54,760 WARNING hermes_cli.web_server: Failed to load plugin kanban API routes: Form data requires "python-multipart" to be installed. 
You can install "python-multipart" with: 

pip install python-multipart

2026-09-09 23:55:54,765 WARNING hermes_cli.web_server: Binding to 0.0.0.0 with --insecure — the dashboard has no robust authentication. Only use on trusted networks.
2026-09-09 23:56:01,267 INFO hermes_cli.web_server: Mounted plugin API routes: /api/plugins/hermes-achievements/
2026-09-09 23:56:01,278 WARNING hermes_cli.web_server: Failed to load plugin kanban API routes: Form data requires "python-multipart" to be installed. 
You can install "python-multipart" with: 

pip install python-multipart

2026-09-09 23:56:01,283 WARNING hermes_cli.web_server: Binding to 0.0.0.0 with --insecure — the dashboard has no robust authentication. Only use on trusted networks.
2026-09-09 23:56:07,741 INFO hermes_cli.web_server: Mounted plugin API routes: /api/plugins/hermes-achievements/
2026-09-09 23:56:07,753 WARNING hermes_cli.web_server: Failed to load plugin kanban API routes: Form data requires "python-multipart" to be installed. 
You can install "python-multipart" with: 

pip install python-multipart

2026-09-09 23:56:07,759 WARNING hermes_cli.web_server: Binding to 0.0.0.0 with --insecure — the dashboard has no robust authentication. Only use on trusted networks.
2026-09-09 23:56:14,267 INFO hermes_cli.web_server: Mounted plugin API routes: /api/plugins/hermes-achievements/
2026-09-09 23:56:14,278 WARNING hermes_cli.web_server: Failed to load plugin kanban API routes: Form data requires "python-multipart" to be installed. 
You can install "python-multipart" with: 

pip install python-multipart

2026-09-09 23:56:14,283 WARNING hermes_cli.web_server: Binding to 0.0.0.0 with --insecure — the dashboard has no robust authentication. Only use on trusted networks.
2026-09-09 23:56:20,776 INFO hermes_cli.web_server: Mounted plugin API routes: /api/plugins/hermes-achievements/
2026-09-09 23:56:20,788 WARNING hermes_cli.web_server: Failed to load plugin kanban API routes: Form data requires "python-multipart" to be installed. 
You can install "python-multipart" with: 

pip install python-multipart

2026-09-09 23:56:20,793 WARNING hermes_cli.web_server: Binding to 0.0.0.0 with --insecure — the dashboard has no robust authentication. Only use on trusted networks.
2026-09-09 23:56:27,258 INFO hermes_cli.web_server: Mounted plugin API routes: /api/plugins/hermes-achievements/
2026-09-09 23:56:27,270 WARNING hermes_cli.web_server: Failed to load plugin kanban API routes: Form data requires "python-multipart" to be installed. 
You can install "python-multipart" with: 

pip install python-multipart

2026-09-09 23:56:27,275 WARNING hermes_cli.web_server: Binding to 0.0.0.0 with --insecure — the dashboard has no robust authentication. Only use on trusted networks.
2026-09-09 23:56:33,754 INFO hermes_cli.web_server: Mounted plugin API routes: /api/plugins/hermes-achievements/
2026-09-09 23:56:33,766 WARNING hermes_cli.web_server: Failed to load plugin kanban API routes: Form data requires "python-multipart" to be installed. 
You can install "python-multipart" with: 

pip install python-multipart

2026-09-09 23:56:33,770 WARNING hermes_cli.web_server: Binding to 0.0.0.0 with --insecure — the dashboard has no robust authentication. Only use on trusted networks.
2026-09-09 23:56:40,242 INFO hermes_cli.web_server: Mounted plugin API routes: /api/plugins/hermes-achievements/
2026-09-09 23:56:40,255 WARNING hermes_cli.web_server: Failed to load plugin kanban API routes: Form data requires "python-multipart" to be installed. 
You can install "python-multipart" with: 

pip install python-multipart

2026-09-09 23:56:40,260 WARNING hermes_cli.web_server: Binding to 0.0.0.0 with --insecure — the dashboard has no robust authentication. Only use on trusted networks.
2026-09-09 23:56:46,737 INFO hermes_cli.web_server: Mounted plugin API routes: /api/plugins/hermes-achievements/
2026-09-09 23:56:46,749 WARNING hermes_cli.web_server: Failed to load plugin kanban API routes: Form data requires "python-multipart" to be installed. 
You can install "python-multipart" with: 

pip install python-multipart

2026-09-09 23:56:46,754 WARNING hermes_cli.web_server: Binding to 0.0.0.0 with --insecure — the dashboard has no robust authentication. Only use on trusted networks.
2026-09-09 23:56:53,263 INFO hermes_cli.web_server: Mounted plugin API routes: /api/plugins/hermes-achievements/
2026-09-09 23:56:53,274 WARNING hermes_cli.web_server: Failed to load plugin kanban API routes: Form data requires "python-multipart" to be installed. 
You can install "python-multipart" with: 

pip install python-multipart

2026-09-09 23:56:53,279 WARNING hermes_cli.web_server: Binding to 0.0.0.0 with --insecure — the dashboard has no robust authentication. Only use on trusted networks.
2026-09-09 23:56:59,739 INFO hermes_cli.web_server: Mounted plugin API routes: /api/plugins/hermes-achievements/
2026-09-09 23:56:59,751 WARNING hermes_cli.web_server: Failed to load plugin kanban API routes: Form data requires "python-multipart" to be installed. 
You can install "python-multipart" with: 

pip install python-multipart

2026-09-09 23:56:59,755 WARNING hermes_cli.web_server: Binding to 0.0.0.0 with --insecure — the dashboard has no robust authentication. Only use on trusted networks.
2026-09-09 23:57:06,243 INFO hermes_cli.web_server: Mounted plugin API routes: /api/plugins/hermes-achievements/
2026-09-09 23:57:06,256 WARNING hermes_cli.web_server: Failed to load plugin kanban API routes: Form data requires "python-multipart" to be installed. 
You can install "python-multipart" with: 

pip install python-multipart

2026-09-09 23:57:06,262 WARNING hermes_cli.web_server: Binding to 0.0.0.0 with --insecure — the dashboard has no robust authentication. Only use on trusted networks.
2026-09-09 23:57:12,733 INFO hermes_cli.web_server: Mounted plugin API routes: /api/plugins/hermes-achievements/
2026-09-09 23:57:12,745 WARNING hermes_cli.web_server: Failed to load plugin kanban API routes: Form data requires "python-multipart" to be installed. 
You can install "python-multipart" with: 

pip install python-multipart

2026-09-09 23:57:12,750 WARNING hermes_cli.web_server: Binding to 0.0.0.0 with --insecure — the dashboard has no robust authentication. Only use on trusted networks.
2026-09-09 23:57:19,250 INFO hermes_cli.web_server: Mounted plugin API routes: /api/plugins/hermes-achievements/
2026-09-09 23:57:19,261 WARNING hermes_cli.web_server: Failed to load plugin kanban API routes: Form data requires "python-multipart" to be installed. 
You can install "python-multipart" with: 

pip install python-multipart

2026-09-09 23:57:19,266 WARNING hermes_cli.web_server: Binding to 0.0.0.0 with --insecure — the dashboard has no robust authentication. Only use on trusted networks.
2026-09-09 23:57:25,736 INFO hermes_cli.web_server: Mounted plugin API routes: /api/plugins/hermes-achievements/
2026-09-09 23:57:25,747 WARNING hermes_cli.web_server: Failed to load plugin kanban API routes: Form data requires "python-multipart" to be installed. 
You can install "python-multipart" with: 

pip install python-multipart

2026-09-09 23:57:25,752 WARNING hermes_cli.web_server: Binding to 0.0.0.0 with --insecure — the dashboard has no robust authentication. Only use on trusted networks.
2026-09-09 23:57:32,234 INFO hermes_cli.web_server: Mounted plugin API routes: /api/plugins/hermes-achievements/
2026-09-09 23:57:32,246 WARNING hermes_cli.web_server: Failed to load plugin kanban API routes: Form data requires "python-multipart" to be installed. 
You can install "python-multipart" with: 

pip install python-multipart

2026-09-09 23:57:32,251 WARNING hermes_cli.web_server: Binding to 0.0.0.0 with --insecure — the dashboard has no robust authentication. Only use on trusted networks.
2026-09-09 23:57:38,756 INFO hermes_cli.web_server: Mounted plugin API routes: /api/plugins/hermes-achievements/
2026-09-09 23:57:38,767 WARNING hermes_cli.web_server: Failed to load plugin kanban API routes: Form data requires "python-multipart" to be installed. 
You can install "python-multipart" with: 

pip install python-multipart

2026-09-09 23:57:38,772 WARNING hermes_cli.web_server: Binding to 0.0.0.0 with --insecure — the dashboard has no robust authentication. Only use on trusted networks.
2026-09-09 23:57:45,311 INFO hermes_cli.web_server: Mounted plugin API routes: /api/plugins/hermes-achievements/
2026-09-09 23:57:45,322 WARNING hermes_cli.web_server: Failed to load plugin kanban API routes: Form data requires "python-multipart" to be installed. 
You can install "python-multipart" with: 

pip install python-multipart

2026-09-09 23:57:45,327 WARNING hermes_cli.web_server: Binding to 0.0.0.0 with --insecure — the dashboard has no robust authentication. Only use on trusted networks.
2026-09-09 23:57:51,764 INFO hermes_cli.web_server: Mounted plugin API routes: /api/plugins/hermes-achievements/
2026-09-09 23:57:51,776 WARNING hermes_cli.web_server: Failed to load plugin kanban API routes: Form data requires "python-multipart" to be installed. 
You can install "python-multipart" with: 

pip install python-multipart

2026-09-09 23:57:51,781 WARNING hermes_cli.web_server: Binding to 0.0.0.0 with --insecure — the dashboard has no robust authentication. Only use on trusted networks.
2026-09-09 23:57:58,222 INFO hermes_cli.web_server: Mounted plugin API routes: /api/plugins/hermes-achievements/
2026-09-09 23:57:58,233 WARNING hermes_cli.web_server: Failed to load plugin kanban API routes: Form data requires "python-multipart" to be installed. 
You can install "python-multipart" with: 

pip install python-multipart

2026-09-09 23:57:58,238 WARNING hermes_cli.web_server: Binding to 0.0.0.0 with --insecure — the dashboard has no robust authentication. Only use on trusted networks.
2026-09-09 23:58:04,759 INFO hermes_cli.web_server: Mounted plugin API routes: /api/plugins/hermes-achievements/
2026-09-09 23:58:04,771 WARNING hermes_cli.web_server: Failed to load plugin kanban API routes: Form data requires "python-multipart" to be installed. 
You can install "python-multipart" with: 

pip install python-multipart

2026-09-09 23:58:04,775 WARNING hermes_cli.web_server: Binding to 0.0.0.0 with --insecure — the dashboard has no robust authentication. Only use on trusted networks.
2026-09-09 23:58:11,246 INFO hermes_cli.web_server: Mounted plugin API routes: /api/plugins/hermes-achievements/
2026-09-09 23:58:11,258 WARNING hermes_cli.web_server: Failed to load plugin kanban API routes: Form data requires "python-multipart" to be installed. 
You can install "python-multipart" with: 

pip install python-multipart

2026-09-09 23:58:11,263 WARNING hermes_cli.web_server: Binding to 0.0.0.0 with --insecure — the dashboard has no robust authentication. Only use on trusted networks.
2026-09-09 23:58:17,784 INFO hermes_cli.web_server: Mounted plugin API routes: /api/plugins/hermes-achievements/
2026-09-09 23:58:17,796 WARNING hermes_cli.web_server: Failed to load plugin kanban API routes: Form data requires "python-multipart" to be installed. 
You can install "python-multipart" with: 

pip install python-multipart

2026-09-09 23:58:17,801 WARNING hermes_cli.web_server: Binding to 0.0.0.0 with --insecure — the dashboard has no robust authentication. Only use on trusted networks.
2026-09-09 23:58:24,256 INFO hermes_cli.web_server: Mounted plugin API routes: /api/plugins/hermes-achievements/
2026-09-09 23:58:24,267 WARNING hermes_cli.web_server: Failed to load plugin kanban API routes: Form data requires "python-multipart" to be installed. 
You can install "python-multipart" with: 

pip install python-multipart

2026-09-09 23:58:24,272 WARNING hermes_cli.web_server: Binding to 0.0.0.0 with --insecure — the dashboard has no robust authentication. Only use on trusted networks.
2026-09-09 23:58:30,747 INFO hermes_cli.web_server: Mounted plugin API routes: /api/plugins/hermes-achievements/
2026-09-09 23:58:30,759 WARNING hermes_cli.web_server: Failed to load plugin kanban API routes: Form data requires "python-multipart" to be installed. 
You can install "python-multipart" with: 

pip install python-multipart

2026-09-09 23:58:30,764 WARNING hermes_cli.web_server: Binding to 0.0.0.0 with --insecure — the dashboard has no robust authentication. Only use on trusted networks.
2026-09-10 00:03:35,631 INFO hermes_cli.web_server: Mounted plugin API routes: /api/plugins/hermes-achievements/
2026-09-10 00:03:35,642 WARNING hermes_cli.web_server: Failed to load plugin kanban API routes: Form data requires "python-multipart" to be installed. 
You can install "python-multipart" with: 

pip install python-multipart

2026-09-10 00:03:35,647 WARNING hermes_cli.web_server: Binding to 0.0.0.0 with --insecure — the dashboard has no robust authentication. Only use on trusted networks.
2026-09-10 00:03:41,990 INFO hermes_cli.web_server: Mounted plugin API routes: /api/plugins/hermes-achievements/
2026-09-10 00:03:42,001 WARNING hermes_cli.web_server: Failed to load plugin kanban API routes: Form data requires "python-multipart" to be installed. 
You can install "python-multipart" with: 

pip install python-multipart

2026-09-10 00:03:42,006 WARNING hermes_cli.web_server: Binding to 0.0.0.0 with --insecure — the dashboard has no robust authentication. Only use on trusted networks.
2026-09-10 00:03:48,487 INFO hermes_cli.web_server: Mounted plugin API routes: /api/plugins/hermes-achievements/
2026-09-10 00:03:48,499 WARNING hermes_cli.web_server: Failed to load plugin kanban API routes: Form data requires "python-multipart" to be installed. 
You can install "python-multipart" with: 

pip install python-multipart

2026-09-10 00:03:48,504 WARNING hermes_cli.web_server: Binding to 0.0.0.0 with --insecure — the dashboard has no robust authentication. Only use on trusted networks.
2026-09-10 00:03:55,003 INFO hermes_cli.web_server: Mounted plugin API routes: /api/plugins/hermes-achievements/
2026-09-10 00:03:55,014 WARNING hermes_cli.web_server: Failed to load plugin kanban API routes: Form data requires "python-multipart" to be installed. 
You can install "python-multipart" with: 

pip install python-multipart

2026-09-10 00:03:55,019 WARNING hermes_cli.web_server: Binding to 0.0.0.0 with --insecure — the dashboard has no robust authentication. Only use on trusted networks.
2026-09-10 00:04:01,506 INFO hermes_cli.web_server: Mounted plugin API routes: /api/plugins/hermes-achievements/
2026-09-10 00:04:01,518 WARNING hermes_cli.web_server: Failed to load plugin kanban API routes: Form data requires "python-multipart" to be installed. 
You can install "python-multipart" with: 

pip install python-multipart

2026-09-10 00:04:01,522 WARNING hermes_cli.web_server: Binding to 0.0.0.0 with --insecure — the dashboard has no robust authentication. Only use on trusted networks.
2026-09-10 00:04:07,997 INFO hermes_cli.web_server: Mounted plugin API routes: /api/plugins/hermes-achievements/
2026-09-10 00:04:08,008 WARNING hermes_cli.web_server: Failed to load plugin kanban API routes: Form data requires "python-multipart" to be installed. 
You can install "python-multipart" with: 

pip install python-multipart

2026-09-10 00:04:08,013 WARNING hermes_cli.web_server: Binding to 0.0.0.0 with --insecure — the dashboard has no robust authentication. Only use on trusted networks.
2026-09-10 00:04:14,531 INFO hermes_cli.web_server: Mounted plugin API routes: /api/plugins/hermes-achievements/
2026-09-10 00:04:14,543 WARNING hermes_cli.web_server: Failed to load plugin kanban API routes: Form data requires "python-multipart" to be installed. 
You can install "python-multipart" with: 

pip install python-multipart

2026-09-10 00:04:14,548 WARNING hermes_cli.web_server: Binding to 0.0.0.0 with --insecure — the dashboard has no robust authentication. Only use on trusted networks.
2026-09-10 00:04:21,048 INFO hermes_cli.web_server: Mounted plugin API routes: /api/plugins/hermes-achievements/
2026-09-10 00:04:21,059 WARNING hermes_cli.web_server: Failed to load plugin kanban API routes: Form data requires "python-multipart" to be installed. 
You can install "python-multipart" with: 

pip install python-multipart

2026-09-10 00:04:21,064 WARNING hermes_cli.web_server: Binding to 0.0.0.0 with --insecure — the dashboard has no robust authentication. Only use on trusted networks.
2026-09-10 00:04:27,533 INFO hermes_cli.web_server: Mounted plugin API routes: /api/plugins/hermes-achievements/
2026-09-10 00:04:27,545 WARNING hermes_cli.web_server: Failed to load plugin kanban API routes: Form data requires "python-multipart" to be installed. 
You can install "python-multipart" with: 

pip install python-multipart

2026-09-10 00:04:27,550 WARNING hermes_cli.web_server: Binding to 0.0.0.0 with --insecure — the dashboard has no robust authentication. Only use on trusted networks.
2026-09-10 00:04:34,010 INFO hermes_cli.web_server: Mounted plugin API routes: /api/plugins/hermes-achievements/
2026-09-10 00:04:34,022 WARNING hermes_cli.web_server: Failed to load plugin kanban API routes: Form data requires "python-multipart" to be installed. 
You can install "python-multipart" with: 

pip install python-multipart

2026-09-10 00:04:34,027 WARNING hermes_cli.web_server: Binding to 0.0.0.0 with --insecure — the dashboard has no robust authentication. Only use on trusted networks.
2026-09-10 00:04:40,535 INFO hermes_cli.web_server: Mounted plugin API routes: /api/plugins/hermes-achievements/
2026-09-10 00:04:40,547 WARNING hermes_cli.web_server: Failed to load plugin kanban API routes: Form data requires "python-multipart" to be installed. 
You can install "python-multipart" with: 

pip install python-multipart

2026-09-10 00:04:40,551 WARNING hermes_cli.web_server: Binding to 0.0.0.0 with --insecure — the dashboard has no robust authentication. Only use on trusted networks.
2026-09-10 00:04:47,063 INFO hermes_cli.web_server: Mounted plugin API routes: /api/plugins/hermes-achievements/
2026-09-10 00:04:47,076 WARNING hermes_cli.web_server: Failed to load plugin kanban API routes: Form data requires "python-multipart" to be installed. 
You can install "python-multipart" with: 

pip install python-multipart

2026-09-10 00:04:47,081 WARNING hermes_cli.web_server: Binding to 0.0.0.0 with --insecure — the dashboard has no robust authentication. Only use on trusted networks.
2026-09-10 00:04:53,515 INFO hermes_cli.web_server: Mounted plugin API routes: /api/plugins/hermes-achievements/
2026-09-10 00:04:53,526 WARNING hermes_cli.web_server: Failed to load plugin kanban API routes: Form data requires "python-multipart" to be installed. 
You can install "python-multipart" with: 

pip install python-multipart

2026-09-10 00:04:53,531 WARNING hermes_cli.web_server: Binding to 0.0.0.0 with --insecure — the dashboard has no robust authentication. Only use on trusted networks.
2026-09-10 00:05:00,045 INFO hermes_cli.web_server: Mounted plugin API routes: /api/plugins/hermes-achievements/
2026-09-10 00:05:00,057 WARNING hermes_cli.web_server: Failed to load plugin kanban API routes: Form data requires "python-multipart" to be installed. 
You can install "python-multipart" with: 

pip install python-multipart

2026-09-10 00:05:00,062 WARNING hermes_cli.web_server: Binding to 0.0.0.0 with --insecure — the dashboard has no robust authentication. Only use on trusted networks.
2026-09-10 00:05:06,478 INFO hermes_cli.web_server: Mounted plugin API routes: /api/plugins/hermes-achievements/
2026-09-10 00:05:06,490 WARNING hermes_cli.web_server: Failed to load plugin kanban API routes: Form data requires "python-multipart" to be installed. 
You can install "python-multipart" with: 

pip install python-multipart

2026-09-10 00:05:06,494 WARNING hermes_cli.web_server: Binding to 0.0.0.0 with --insecure — the dashboard has no robust authentication. Only use on trusted networks.
2026-09-10 00:05:13,009 INFO hermes_cli.web_server: Mounted plugin API routes: /api/plugins/hermes-achievements/
2026-09-10 00:05:13,021 WARNING hermes_cli.web_server: Failed to load plugin kanban API routes: Form data requires "python-multipart" to be installed. 
You can install "python-multipart" with: 

pip install python-multipart

2026-09-10 00:05:13,026 WARNING hermes_cli.web_server: Binding to 0.0.0.0 with --insecure — the dashboard has no robust authentication. Only use on trusted networks.
2026-09-10 00:05:19,475 INFO hermes_cli.web_server: Mounted plugin API routes: /api/plugins/hermes-achievements/
2026-09-10 00:05:19,487 WARNING hermes_cli.web_server: Failed to load plugin kanban API routes: Form data requires "python-multipart" to be installed. 
You can install "python-multipart" with: 

pip install python-multipart

2026-09-10 00:05:19,492 WARNING hermes_cli.web_server: Binding to 0.0.0.0 with --insecure — the dashboard has no robust authentication. Only use on trusted networks.
2026-09-10 00:05:26,006 INFO hermes_cli.web_server: Mounted plugin API routes: /api/plugins/hermes-achievements/
2026-09-10 00:05:26,017 WARNING hermes_cli.web_server: Failed to load plugin kanban API routes: Form data requires "python-multipart" to be installed. 
You can install "python-multipart" with: 

pip install python-multipart

2026-09-10 00:05:26,022 WARNING hermes_cli.web_server: Binding to 0.0.0.0 with --insecure — the dashboard has no robust authentication. Only use on trusted networks.
2026-09-10 00:05:32,559 INFO hermes_cli.web_server: Mounted plugin API routes: /api/plugins/hermes-achievements/
2026-09-10 00:05:32,571 WARNING hermes_cli.web_server: Failed to load plugin kanban API routes: Form data requires "python-multipart" to be installed. 
You can install "python-multipart" with: 

pip install python-multipart

2026-09-10 00:05:32,577 WARNING hermes_cli.web_server: Binding to 0.0.0.0 with --insecure — the dashboard has no robust authentication. Only use on trusted networks.
2026-09-10 00:05:38,985 INFO hermes_cli.web_server: Mounted plugin API routes: /api/plugins/hermes-achievements/
2026-09-10 00:05:38,996 WARNING hermes_cli.web_server: Failed to load plugin kanban API routes: Form data requires "python-multipart" to be installed. 
You can install "python-multipart" with: 

pip install python-multipart

2026-09-10 00:05:39,001 WARNING hermes_cli.web_server: Binding to 0.0.0.0 with --insecure — the dashboard has no robust authentication. Only use on trusted networks.
2026-09-10 00:05:45,515 INFO hermes_cli.web_server: Mounted plugin API routes: /api/plugins/hermes-achievements/
2026-09-10 00:05:45,527 WARNING hermes_cli.web_server: Failed to load plugin kanban API routes: Form data requires "python-multipart" to be installed. 
You can install "python-multipart" with: 

pip install python-multipart

2026-09-10 00:05:45,532 WARNING hermes_cli.web_server: Binding to 0.0.0.0 with --insecure — the dashboard has no robust authentication. Only use on trusted networks.
2026-09-10 00:05:52,002 INFO hermes_cli.web_server: Mounted plugin API routes: /api/plugins/hermes-achievements/
2026-09-10 00:05:52,014 WARNING hermes_cli.web_server: Failed to load plugin kanban API routes: Form data requires "python-multipart" to be installed. 
You can install "python-multipart" with: 

pip install python-multipart

2026-09-10 00:05:52,018 WARNING hermes_cli.web_server: Binding to 0.0.0.0 with --insecure — the dashboard has no robust authentication. Only use on trusted networks.
2026-09-10 00:05:58,491 INFO hermes_cli.web_server: Mounted plugin API routes: /api/plugins/hermes-achievements/
2026-09-10 00:05:58,503 WARNING hermes_cli.web_server: Failed to load plugin kanban API routes: Form data requires "python-multipart" to be installed. 
You can install "python-multipart" with: 

pip install python-multipart

2026-09-10 00:05:58,508 WARNING hermes_cli.web_server: Binding to 0.0.0.0 with --insecure — the dashboard has no robust authentication. Only use on trusted networks.
2026-09-10 00:06:04,991 INFO hermes_cli.web_server: Mounted plugin API routes: /api/plugins/hermes-achievements/
2026-09-10 00:06:05,002 WARNING hermes_cli.web_server: Failed to load plugin kanban API routes: Form data requires "python-multipart" to be installed. 
You can install "python-multipart" with: 

pip install python-multipart

2026-09-10 00:06:05,007 WARNING hermes_cli.web_server: Binding to 0.0.0.0 with --insecure — the dashboard has no robust authentication. Only use on trusted networks.
2026-09-10 00:06:11,519 INFO hermes_cli.web_server: Mounted plugin API routes: /api/plugins/hermes-achievements/
2026-09-10 00:06:11,530 WARNING hermes_cli.web_server: Failed to load plugin kanban API routes: Form data requires "python-multipart" to be installed. 
You can install "python-multipart" with: 

pip install python-multipart

2026-09-10 00:06:11,535 WARNING hermes_cli.web_server: Binding to 0.0.0.0 with --insecure — the dashboard has no robust authentication. Only use on trusted networks.
2026-09-10 00:06:18,020 INFO hermes_cli.web_server: Mounted plugin API routes: /api/plugins/hermes-achievements/
2026-09-10 00:06:18,032 WARNING hermes_cli.web_server: Failed to load plugin kanban API routes: Form data requires "python-multipart" to be installed. 
You can install "python-multipart" with: 

pip install python-multipart

2026-09-10 00:06:18,037 WARNING hermes_cli.web_server: Binding to 0.0.0.0 with --insecure — the dashboard has no robust authentication. Only use on trusted networks.
2026-09-10 00:06:24,510 INFO hermes_cli.web_server: Mounted plugin API routes: /api/plugins/hermes-achievements/
2026-09-10 00:06:24,524 WARNING hermes_cli.web_server: Failed to load plugin kanban API routes: Form data requires "python-multipart" to be installed. 
You can install "python-multipart" with: 

pip install python-multipart

2026-09-10 00:06:24,530 WARNING hermes_cli.web_server: Binding to 0.0.0.0 with --insecure — the dashboard has no robust authentication. Only use on trusted networks.
2026-09-10 00:06:31,038 INFO hermes_cli.web_server: Mounted plugin API routes: /api/plugins/hermes-achievements/
2026-09-10 00:06:31,050 WARNING hermes_cli.web_server: Failed to load plugin kanban API routes: Form data requires "python-multipart" to be installed. 
You can install "python-multipart" with: 

pip install python-multipart

2026-09-10 00:06:31,055 WARNING hermes_cli.web_server: Binding to 0.0.0.0 with --insecure — the dashboard has no robust authentication. Only use on trusted networks.
2026-09-10 00:06:37,539 INFO hermes_cli.web_server: Mounted plugin API routes: /api/plugins/hermes-achievements/
2026-09-10 00:06:37,551 WARNING hermes_cli.web_server: Failed to load plugin kanban API routes: Form data requires "python-multipart" to be installed. 
You can install "python-multipart" with: 

pip install python-multipart

2026-09-10 00:06:37,555 WARNING hermes_cli.web_server: Binding to 0.0.0.0 with --insecure — the dashboard has no robust authentication. Only use on trusted networks.
2026-09-10 00:06:44,013 INFO hermes_cli.web_server: Mounted plugin API routes: /api/plugins/hermes-achievements/
2026-09-10 00:06:44,024 WARNING hermes_cli.web_server: Failed to load plugin kanban API routes: Form data requires "python-multipart" to be installed. 
You can install "python-multipart" with: 

pip install python-multipart

2026-09-10 00:06:44,029 WARNING hermes_cli.web_server: Binding to 0.0.0.0 with --insecure — the dashboard has no robust authentication. Only use on trusted networks.
2026-09-10 00:06:50,510 INFO hermes_cli.web_server: Mounted plugin API routes: /api/plugins/hermes-achievements/
2026-09-10 00:06:50,521 WARNING hermes_cli.web_server: Failed to load plugin kanban API routes: Form data requires "python-multipart" to be installed. 
You can install "python-multipart" with: 

pip install python-multipart

2026-09-10 00:06:50,525 WARNING hermes_cli.web_server: Binding to 0.0.0.0 with --insecure — the dashboard has no robust authentication. Only use on trusted networks.
2026-09-10 00:06:57,027 INFO hermes_cli.web_server: Mounted plugin API routes: /api/plugins/hermes-achievements/
2026-09-10 00:06:57,038 WARNING hermes_cli.web_server: Failed to load plugin kanban API routes: Form data requires "python-multipart" to be installed. 
You can install "python-multipart" with: 

pip install python-multipart

2026-09-10 00:06:57,043 WARNING hermes_cli.web_server: Binding to 0.0.0.0 with --insecure — the dashboard has no robust authentication. Only use on trusted networks.
2026-09-10 00:07:03,491 INFO hermes_cli.web_server: Mounted plugin API routes: /api/plugins/hermes-achievements/
2026-09-10 00:07:03,502 WARNING hermes_cli.web_server: Failed to load plugin kanban API routes: Form data requires "python-multipart" to be installed. 
You can install "python-multipart" with: 

pip install python-multipart

2026-09-10 00:07:03,507 WARNING hermes_cli.web_server: Binding to 0.0.0.0 with --insecure — the dashboard has no robust authentication. Only use on trusted networks.
2026-09-10 00:07:10,020 INFO hermes_cli.web_server: Mounted plugin API routes: /api/plugins/hermes-achievements/
2026-09-10 00:07:10,032 WARNING hermes_cli.web_server: Failed to load plugin kanban API routes: Form data requires "python-multipart" to be installed. 
You can install "python-multipart" with: 

pip install python-multipart

2026-09-10 00:07:10,037 WARNING hermes_cli.web_server: Binding to 0.0.0.0 with --insecure — the dashboard has no robust authentication. Only use on trusted networks.
2026-09-10 00:07:16,497 INFO hermes_cli.web_server: Mounted plugin API routes: /api/plugins/hermes-achievements/
2026-09-10 00:07:16,509 WARNING hermes_cli.web_server: Failed to load plugin kanban API routes: Form data requires "python-multipart" to be installed. 
You can install "python-multipart" with: 

pip install python-multipart

2026-09-10 00:07:16,514 WARNING hermes_cli.web_server: Binding to 0.0.0.0 with --insecure — the dashboard has no robust authentication. Only use on trusted networks.
2026-09-10 00:07:23,029 INFO hermes_cli.web_server: Mounted plugin API routes: /api/plugins/hermes-achievements/
2026-09-10 00:07:23,040 WARNING hermes_cli.web_server: Failed to load plugin kanban API routes: Form data requires "python-multipart" to be installed. 
You can install "python-multipart" with: 

pip install python-multipart

2026-09-10 00:07:23,045 WARNING hermes_cli.web_server: Binding to 0.0.0.0 with --insecure — the dashboard has no robust authentication. Only use on trusted networks.
2026-09-10 00:07:29,487 INFO hermes_cli.web_server: Mounted plugin API routes: /api/plugins/hermes-achievements/
2026-09-10 00:07:29,498 WARNING hermes_cli.web_server: Failed to load plugin kanban API routes: Form data requires "python-multipart" to be installed. 
You can install "python-multipart" with: 

pip install python-multipart

2026-09-10 00:07:29,503 WARNING hermes_cli.web_server: Binding to 0.0.0.0 with --insecure — the dashboard has no robust authentication. Only use on trusted networks.
2026-09-10 00:07:36,024 INFO hermes_cli.web_server: Mounted plugin API routes: /api/plugins/hermes-achievements/
2026-09-10 00:07:36,035 WARNING hermes_cli.web_server: Failed to load plugin kanban API routes: Form data requires "python-multipart" to be installed. 
You can install "python-multipart" with: 

pip install python-multipart

2026-09-10 00:07:36,040 WARNING hermes_cli.web_server: Binding to 0.0.0.0 with --insecure — the dashboard has no robust authentication. Only use on trusted networks.
2026-09-10 00:07:42,567 INFO hermes_cli.web_server: Mounted plugin API routes: /api/plugins/hermes-achievements/
2026-09-10 00:07:42,579 WARNING hermes_cli.web_server: Failed to load plugin kanban API routes: Form data requires "python-multipart" to be installed. 
You can install "python-multipart" with: 

pip install python-multipart

2026-09-10 00:07:42,584 WARNING hermes_cli.web_server: Binding to 0.0.0.0 with --insecure — the dashboard has no robust authentication. Only use on trusted networks.
2026-09-10 00:07:49,021 INFO hermes_cli.web_server: Mounted plugin API routes: /api/plugins/hermes-achievements/
2026-09-10 00:07:49,032 WARNING hermes_cli.web_server: Failed to load plugin kanban API routes: Form data requires "python-multipart" to be installed. 
You can install "python-multipart" with: 

pip install python-multipart

2026-09-10 00:07:49,037 WARNING hermes_cli.web_server: Binding to 0.0.0.0 with --insecure — the dashboard has no robust authentication. Only use on trusted networks.
2026-09-10 00:07:55,489 INFO hermes_cli.web_server: Mounted plugin API routes: /api/plugins/hermes-achievements/
2026-09-10 00:07:55,501 WARNING hermes_cli.web_server: Failed to load plugin kanban API routes: Form data requires "python-multipart" to be installed. 
You can install "python-multipart" with: 

pip install python-multipart

2026-09-10 00:07:55,505 WARNING hermes_cli.web_server: Binding to 0.0.0.0 with --insecure — the dashboard has no robust authentication. Only use on trusted networks.
2026-09-10 00:08:02,057 INFO hermes_cli.web_server: Mounted plugin API routes: /api/plugins/hermes-achievements/
2026-09-10 00:08:02,068 WARNING hermes_cli.web_server: Failed to load plugin kanban API routes: Form data requires "python-multipart" to be installed. 
You can install "python-multipart" with: 

pip install python-multipart

2026-09-10 00:08:02,074 WARNING hermes_cli.web_server: Binding to 0.0.0.0 with --insecure — the dashboard has no robust authentication. Only use on trusted networks.
2026-09-10 00:08:08,498 INFO hermes_cli.web_server: Mounted plugin API routes: /api/plugins/hermes-achievements/
2026-09-10 00:08:08,510 WARNING hermes_cli.web_server: Failed to load plugin kanban API routes: Form data requires "python-multipart" to be installed. 
You can install "python-multipart" with: 

pip install python-multipart

2026-09-10 00:08:08,515 WARNING hermes_cli.web_server: Binding to 0.0.0.0 with --insecure — the dashboard has no robust authentication. Only use on trusted networks.
2026-09-10 00:08:15,005 INFO hermes_cli.web_server: Mounted plugin API routes: /api/plugins/hermes-achievements/
2026-09-10 00:08:15,017 WARNING hermes_cli.web_server: Failed to load plugin kanban API routes: Form data requires "python-multipart" to be installed. 
You can install "python-multipart" with: 

pip install python-multipart

2026-09-10 00:08:15,021 WARNING hermes_cli.web_server: Binding to 0.0.0.0 with --insecure — the dashboard has no robust authentication. Only use on trusted networks.
2026-09-10 00:08:21,532 INFO hermes_cli.web_server: Mounted plugin API routes: /api/plugins/hermes-achievements/
2026-09-10 00:08:21,543 WARNING hermes_cli.web_server: Failed to load plugin kanban API routes: Form data requires "python-multipart" to be installed. 
You can install "python-multipart" with: 

pip install python-multipart

2026-09-10 00:08:21,548 WARNING hermes_cli.web_server: Binding to 0.0.0.0 with --insecure — the dashboard has no robust authentication. Only use on trusted networks.
2026-09-10 00:08:27,981 INFO hermes_cli.web_server: Mounted plugin API routes: /api/plugins/hermes-achievements/
2026-09-10 00:08:27,992 WARNING hermes_cli.web_server: Failed to load plugin kanban API routes: Form data requires "python-multipart" to be installed. 
You can install "python-multipart" with: 

pip install python-multipart

2026-09-10 00:08:27,997 WARNING hermes_cli.web_server: Binding to 0.0.0.0 with --insecure — the dashboard has no robust authentication. Only use on trusted networks.
2026-09-10 00:08:34,482 INFO hermes_cli.web_server: Mounted plugin API routes: /api/plugins/hermes-achievements/
2026-09-10 00:08:34,493 WARNING hermes_cli.web_server: Failed to load plugin kanban API routes: Form data requires "python-multipart" to be installed. 
You can install "python-multipart" with: 

pip install python-multipart

2026-09-10 00:08:34,497 WARNING hermes_cli.web_server: Binding to 0.0.0.0 with --insecure — the dashboard has no robust authentication. Only use on trusted networks.
2026-09-10 00:13:39,503 INFO hermes_cli.web_server: Mounted plugin API routes: /api/plugins/hermes-achievements/
2026-09-10 00:13:39,514 WARNING hermes_cli.web_server: Failed to load plugin kanban API routes: Form data requires "python-multipart" to be installed. 
You can install "python-multipart" with: 

pip install python-multipart

2026-09-10 00:13:39,519 WARNING hermes_cli.web_server: Binding to 0.0.0.0 with --insecure — the dashboard has no robust authentication. Only use on trusted networks.
2026-09-10 00:13:45,980 INFO hermes_cli.web_server: Mounted plugin API routes: /api/plugins/hermes-achievements/
2026-09-10 00:13:45,991 WARNING hermes_cli.web_server: Failed to load plugin kanban API routes: Form data requires "python-multipart" to be installed. 
You can install "python-multipart" with: 

pip install python-multipart

2026-09-10 00:13:45,996 WARNING hermes_cli.web_server: Binding to 0.0.0.0 with --insecure — the dashboard has no robust authentication. Only use on trusted networks.
2026-09-10 00:13:52,497 INFO hermes_cli.web_server: Mounted plugin API routes: /api/plugins/hermes-achievements/
2026-09-10 00:13:52,509 WARNING hermes_cli.web_server: Failed to load plugin kanban API routes: Form data requires "python-multipart" to be installed. 
You can install "python-multipart" with: 

pip install python-multipart

2026-09-10 00:13:52,513 WARNING hermes_cli.web_server: Binding to 0.0.0.0 with --insecure — the dashboard has no robust authentication. Only use on trusted networks.
2026-09-10 00:13:59,008 INFO hermes_cli.web_server: Mounted plugin API routes: /api/plugins/hermes-achievements/
2026-09-10 00:13:59,019 WARNING hermes_cli.web_server: Failed to load plugin kanban API routes: Form data requires "python-multipart" to be installed. 
You can install "python-multipart" with: 

pip install python-multipart

2026-09-10 00:13:59,024 WARNING hermes_cli.web_server: Binding to 0.0.0.0 with --insecure — the dashboard has no robust authentication. Only use on trusted networks.
2026-09-10 00:14:05,532 INFO hermes_cli.web_server: Mounted plugin API routes: /api/plugins/hermes-achievements/
2026-09-10 00:14:05,543 WARNING hermes_cli.web_server: Failed to load plugin kanban API routes: Form data requires "python-multipart" to be installed. 
You can install "python-multipart" with: 

pip install python-multipart

2026-09-10 00:14:05,548 WARNING hermes_cli.web_server: Binding to 0.0.0.0 with --insecure — the dashboard has no robust authentication. Only use on trusted networks.
2026-09-10 00:14:12,020 INFO hermes_cli.web_server: Mounted plugin API routes: /api/plugins/hermes-achievements/
2026-09-10 00:14:12,031 WARNING hermes_cli.web_server: Failed to load plugin kanban API routes: Form data requires "python-multipart" to be installed. 
You can install "python-multipart" with: 

pip install python-multipart

2026-09-10 00:14:12,036 WARNING hermes_cli.web_server: Binding to 0.0.0.0 with --insecure — the dashboard has no robust authentication. Only use on trusted networks.
2026-09-10 00:14:18,494 INFO hermes_cli.web_server: Mounted plugin API routes: /api/plugins/hermes-achievements/
2026-09-10 00:14:18,505 WARNING hermes_cli.web_server: Failed to load plugin kanban API routes: Form data requires "python-multipart" to be installed. 
You can install "python-multipart" with: 

pip install python-multipart

2026-09-10 00:14:18,510 WARNING hermes_cli.web_server: Binding to 0.0.0.0 with --insecure — the dashboard has no robust authentication. Only use on trusted networks.
2026-09-10 00:14:24,994 INFO hermes_cli.web_server: Mounted plugin API routes: /api/plugins/hermes-achievements/
2026-09-10 00:14:25,006 WARNING hermes_cli.web_server: Failed to load plugin kanban API routes: Form data requires "python-multipart" to be installed. 
You can install "python-multipart" with: 

pip install python-multipart

2026-09-10 00:14:25,010 WARNING hermes_cli.web_server: Binding to 0.0.0.0 with --insecure — the dashboard has no robust authentication. Only use on trusted networks.
2026-09-10 00:14:31,546 INFO hermes_cli.web_server: Mounted plugin API routes: /api/plugins/hermes-achievements/
2026-09-10 00:14:31,557 WARNING hermes_cli.web_server: Failed to load plugin kanban API routes: Form data requires "python-multipart" to be installed. 
You can install "python-multipart" with: 

pip install python-multipart

2026-09-10 00:14:31,562 WARNING hermes_cli.web_server: Binding to 0.0.0.0 with --insecure — the dashboard has no robust authentication. Only use on trusted networks.
2026-09-10 00:14:38,043 INFO hermes_cli.web_server: Mounted plugin API routes: /api/plugins/hermes-achievements/
2026-09-10 00:14:38,054 WARNING hermes_cli.web_server: Failed to load plugin kanban API routes: Form data requires "python-multipart" to be installed. 
You can install "python-multipart" with: 

pip install python-multipart

2026-09-10 00:14:38,059 WARNING hermes_cli.web_server: Binding to 0.0.0.0 with --insecure — the dashboard has no robust authentication. Only use on trusted networks.
2026-09-10 00:14:44,517 INFO hermes_cli.web_server: Mounted plugin API routes: /api/plugins/hermes-achievements/
2026-09-10 00:14:44,528 WARNING hermes_cli.web_server: Failed to load plugin kanban API routes: Form data requires "python-multipart" to be installed. 
You can install "python-multipart" with: 

pip install python-multipart

2026-09-10 00:14:44,533 WARNING hermes_cli.web_server: Binding to 0.0.0.0 with --insecure — the dashboard has no robust authentication. Only use on trusted networks.
2026-09-10 00:14:51,041 INFO hermes_cli.web_server: Mounted plugin API routes: /api/plugins/hermes-achievements/
2026-09-10 00:14:51,055 WARNING hermes_cli.web_server: Failed to load plugin kanban API routes: Form data requires "python-multipart" to be installed. 
You can install "python-multipart" with: 

pip install python-multipart

2026-09-10 00:14:51,060 WARNING hermes_cli.web_server: Binding to 0.0.0.0 with --insecure — the dashboard has no robust authentication. Only use on trusted networks.
2026-09-10 00:14:57,526 INFO hermes_cli.web_server: Mounted plugin API routes: /api/plugins/hermes-achievements/
2026-09-10 00:14:57,539 WARNING hermes_cli.web_server: Failed to load plugin kanban API routes: Form data requires "python-multipart" to be installed. 
You can install "python-multipart" with: 

pip install python-multipart

2026-09-10 00:14:57,544 WARNING hermes_cli.web_server: Binding to 0.0.0.0 with --insecure — the dashboard has no robust authentication. Only use on trusted networks.
2026-09-10 00:15:04,000 INFO hermes_cli.web_server: Mounted plugin API routes: /api/plugins/hermes-achievements/
2026-09-10 00:15:04,011 WARNING hermes_cli.web_server: Failed to load plugin kanban API routes: Form data requires "python-multipart" to be installed. 
You can install "python-multipart" with: 

pip install python-multipart

2026-09-10 00:15:04,016 WARNING hermes_cli.web_server: Binding to 0.0.0.0 with --insecure — the dashboard has no robust authentication. Only use on trusted networks.
2026-09-10 00:15:10,506 INFO hermes_cli.web_server: Mounted plugin API routes: /api/plugins/hermes-achievements/
2026-09-10 00:15:10,517 WARNING hermes_cli.web_server: Failed to load plugin kanban API routes: Form data requires "python-multipart" to be installed. 
You can install "python-multipart" with: 

pip install python-multipart

2026-09-10 00:15:10,522 WARNING hermes_cli.web_server: Binding to 0.0.0.0 with --insecure — the dashboard has no robust authentication. Only use on trusted networks.
2026-09-10 00:15:17,033 INFO hermes_cli.web_server: Mounted plugin API routes: /api/plugins/hermes-achievements/
2026-09-10 00:15:17,044 WARNING hermes_cli.web_server: Failed to load plugin kanban API routes: Form data requires "python-multipart" to be installed. 
You can install "python-multipart" with: 

pip install python-multipart

2026-09-10 00:15:17,049 WARNING hermes_cli.web_server: Binding to 0.0.0.0 with --insecure — the dashboard has no robust authentication. Only use on trusted networks.
2026-09-10 00:15:23,492 INFO hermes_cli.web_server: Mounted plugin API routes: /api/plugins/hermes-achievements/
2026-09-10 00:15:23,503 WARNING hermes_cli.web_server: Failed to load plugin kanban API routes: Form data requires "python-multipart" to be installed. 
You can install "python-multipart" with: 

pip install python-multipart

2026-09-10 00:15:23,508 WARNING hermes_cli.web_server: Binding to 0.0.0.0 with --insecure — the dashboard has no robust authentication. Only use on trusted networks.
2026-09-10 00:15:30,031 INFO hermes_cli.web_server: Mounted plugin API routes: /api/plugins/hermes-achievements/
2026-09-10 00:15:30,043 WARNING hermes_cli.web_server: Failed to load plugin kanban API routes: Form data requires "python-multipart" to be installed. 
You can install "python-multipart" with: 

pip install python-multipart

2026-09-10 00:15:30,048 WARNING hermes_cli.web_server: Binding to 0.0.0.0 with --insecure — the dashboard has no robust authentication. Only use on trusted networks.
2026-09-10 00:15:36,556 INFO hermes_cli.web_server: Mounted plugin API routes: /api/plugins/hermes-achievements/
2026-09-10 00:15:36,569 WARNING hermes_cli.web_server: Failed to load plugin kanban API routes: Form data requires "python-multipart" to be installed. 
You can install "python-multipart" with: 

pip install python-multipart

2026-09-10 00:15:36,574 WARNING hermes_cli.web_server: Binding to 0.0.0.0 with --insecure — the dashboard has no robust authentication. Only use on trusted networks.
2026-09-10 00:15:43,064 INFO hermes_cli.web_server: Mounted plugin API routes: /api/plugins/hermes-achievements/
2026-09-10 00:15:43,076 WARNING hermes_cli.web_server: Failed to load plugin kanban API routes: Form data requires "python-multipart" to be installed. 
You can install "python-multipart" with: 

pip install python-multipart

2026-09-10 00:15:43,081 WARNING hermes_cli.web_server: Binding to 0.0.0.0 with --insecure — the dashboard has no robust authentication. Only use on trusted networks.
2026-09-10 00:15:49,511 INFO hermes_cli.web_server: Mounted plugin API routes: /api/plugins/hermes-achievements/
2026-09-10 00:15:49,522 WARNING hermes_cli.web_server: Failed to load plugin kanban API routes: Form data requires "python-multipart" to be installed. 
You can install "python-multipart" with: 

pip install python-multipart

2026-09-10 00:15:49,527 WARNING hermes_cli.web_server: Binding to 0.0.0.0 with --insecure — the dashboard has no robust authentication. Only use on trusted networks.
2026-09-10 00:15:56,005 INFO hermes_cli.web_server: Mounted plugin API routes: /api/plugins/hermes-achievements/
2026-09-10 00:15:56,016 WARNING hermes_cli.web_server: Failed to load plugin kanban API routes: Form data requires "python-multipart" to be installed. 
You can install "python-multipart" with: 

pip install python-multipart

2026-09-10 00:15:56,021 WARNING hermes_cli.web_server: Binding to 0.0.0.0 with --insecure — the dashboard has no robust authentication. Only use on trusted networks.
2026-09-10 00:16:02,527 INFO hermes_cli.web_server: Mounted plugin API routes: /api/plugins/hermes-achievements/
2026-09-10 00:16:02,539 WARNING hermes_cli.web_server: Failed to load plugin kanban API routes: Form data requires "python-multipart" to be installed. 
You can install "python-multipart" with: 

pip install python-multipart

2026-09-10 00:16:02,544 WARNING hermes_cli.web_server: Binding to 0.0.0.0 with --insecure — the dashboard has no robust authentication. Only use on trusted networks.
2026-09-10 00:16:09,032 INFO hermes_cli.web_server: Mounted plugin API routes: /api/plugins/hermes-achievements/
2026-09-10 00:16:09,043 WARNING hermes_cli.web_server: Failed to load plugin kanban API routes: Form data requires "python-multipart" to be installed. 
You can install "python-multipart" with: 

pip install python-multipart

2026-09-10 00:16:09,048 WARNING hermes_cli.web_server: Binding to 0.0.0.0 with --insecure — the dashboard has no robust authentication. Only use on trusted networks.
2026-09-10 00:16:15,495 INFO hermes_cli.web_server: Mounted plugin API routes: /api/plugins/hermes-achievements/
2026-09-10 00:16:15,507 WARNING hermes_cli.web_server: Failed to load plugin kanban API routes: Form data requires "python-multipart" to be installed. 
You can install "python-multipart" with: 

pip install python-multipart

2026-09-10 00:16:15,513 WARNING hermes_cli.web_server: Binding to 0.0.0.0 with --insecure — the dashboard has no robust authentication. Only use on trusted networks.
2026-09-10 00:16:22,045 INFO hermes_cli.web_server: Mounted plugin API routes: /api/plugins/hermes-achievements/
2026-09-10 00:16:22,056 WARNING hermes_cli.web_server: Failed to load plugin kanban API routes: Form data requires "python-multipart" to be installed. 
You can install "python-multipart" with: 

pip install python-multipart

2026-09-10 00:16:22,061 WARNING hermes_cli.web_server: Binding to 0.0.0.0 with --insecure — the dashboard has no robust authentication. Only use on trusted networks.
2026-09-10 00:16:28,507 INFO hermes_cli.web_server: Mounted plugin API routes: /api/plugins/hermes-achievements/
2026-09-10 00:16:28,518 WARNING hermes_cli.web_server: Failed to load plugin kanban API routes: Form data requires "python-multipart" to be installed. 
You can install "python-multipart" with: 

pip install python-multipart

2026-09-10 00:16:28,523 WARNING hermes_cli.web_server: Binding to 0.0.0.0 with --insecure — the dashboard has no robust authentication. Only use on trusted networks.
2026-09-10 00:16:35,008 INFO hermes_cli.web_server: Mounted plugin API routes: /api/plugins/hermes-achievements/
2026-09-10 00:16:35,020 WARNING hermes_cli.web_server: Failed to load plugin kanban API routes: Form data requires "python-multipart" to be installed. 
You can install "python-multipart" with: 

pip install python-multipart

2026-09-10 00:16:35,025 WARNING hermes_cli.web_server: Binding to 0.0.0.0 with --insecure — the dashboard has no robust authentication. Only use on trusted networks.
2026-09-10 00:16:41,512 INFO hermes_cli.web_server: Mounted plugin API routes: /api/plugins/hermes-achievements/
2026-09-10 00:16:41,524 WARNING hermes_cli.web_server: Failed to load plugin kanban API routes: Form data requires "python-multipart" to be installed. 
You can install "python-multipart" with: 

pip install python-multipart

2026-09-10 00:16:41,529 WARNING hermes_cli.web_server: Binding to 0.0.0.0 with --insecure — the dashboard has no robust authentication. Only use on trusted networks.
2026-09-10 00:16:48,051 INFO hermes_cli.web_server: Mounted plugin API routes: /api/plugins/hermes-achievements/
2026-09-10 00:16:48,064 WARNING hermes_cli.web_server: Failed to load plugin kanban API routes: Form data requires "python-multipart" to be installed. 
You can install "python-multipart" with: 

pip install python-multipart

2026-09-10 00:16:48,069 WARNING hermes_cli.web_server: Binding to 0.0.0.0 with --insecure — the dashboard has no robust authentication. Only use on trusted networks.
2026-09-10 00:16:54,507 INFO hermes_cli.web_server: Mounted plugin API routes: /api/plugins/hermes-achievements/
2026-09-10 00:16:54,519 WARNING hermes_cli.web_server: Failed to load plugin kanban API routes: Form data requires "python-multipart" to be installed. 
You can install "python-multipart" with: 

pip install python-multipart

2026-09-10 00:16:54,523 WARNING hermes_cli.web_server: Binding to 0.0.0.0 with --insecure — the dashboard has no robust authentication. Only use on trusted networks.
2026-09-10 00:17:01,028 INFO hermes_cli.web_server: Mounted plugin API routes: /api/plugins/hermes-achievements/
2026-09-10 00:17:01,042 WARNING hermes_cli.web_server: Failed to load plugin kanban API routes: Form data requires "python-multipart" to be installed. 
You can install "python-multipart" with: 

pip install python-multipart

2026-09-10 00:17:01,048 WARNING hermes_cli.web_server: Binding to 0.0.0.0 with --insecure — the dashboard has no robust authentication. Only use on trusted networks.
2026-09-10 00:17:07,486 INFO hermes_cli.web_server: Mounted plugin API routes: /api/plugins/hermes-achievements/
2026-09-10 00:17:07,498 WARNING hermes_cli.web_server: Failed to load plugin kanban API routes: Form data requires "python-multipart" to be installed. 
You can install "python-multipart" with: 

pip install python-multipart

2026-09-10 00:17:07,503 WARNING hermes_cli.web_server: Binding to 0.0.0.0 with --insecure — the dashboard has no robust authentication. Only use on trusted networks.
2026-09-10 00:17:14,010 INFO hermes_cli.web_server: Mounted plugin API routes: /api/plugins/hermes-achievements/
2026-09-10 00:17:14,021 WARNING hermes_cli.web_server: Failed to load plugin kanban API routes: Form data requires "python-multipart" to be installed. 
You can install "python-multipart" with: 

pip install python-multipart

2026-09-10 00:17:14,026 WARNING hermes_cli.web_server: Binding to 0.0.0.0 with --insecure — the dashboard has no robust authentication. Only use on trusted networks.
2026-09-10 00:17:20,491 INFO hermes_cli.web_server: Mounted plugin API routes: /api/plugins/hermes-achievements/
2026-09-10 00:17:20,502 WARNING hermes_cli.web_server: Failed to load plugin kanban API routes: Form data requires "python-multipart" to be installed. 
You can install "python-multipart" with: 

pip install python-multipart

2026-09-10 00:17:20,507 WARNING hermes_cli.web_server: Binding to 0.0.0.0 with --insecure — the dashboard has no robust authentication. Only use on trusted networks.
2026-09-10 00:17:27,014 INFO hermes_cli.web_server: Mounted plugin API routes: /api/plugins/hermes-achievements/
2026-09-10 00:17:27,025 WARNING hermes_cli.web_server: Failed to load plugin kanban API routes: Form data requires "python-multipart" to be installed. 
You can install "python-multipart" with: 

pip install python-multipart

2026-09-10 00:17:27,030 WARNING hermes_cli.web_server: Binding to 0.0.0.0 with --insecure — the dashboard has no robust authentication. Only use on trusted networks.
2026-09-10 00:17:33,511 INFO hermes_cli.web_server: Mounted plugin API routes: /api/plugins/hermes-achievements/
2026-09-10 00:17:33,523 WARNING hermes_cli.web_server: Failed to load plugin kanban API routes: Form data requires "python-multipart" to be installed. 
You can install "python-multipart" with: 

pip install python-multipart

2026-09-10 00:17:33,527 WARNING hermes_cli.web_server: Binding to 0.0.0.0 with --insecure — the dashboard has no robust authentication. Only use on trusted networks.
2026-09-10 00:17:39,986 INFO hermes_cli.web_server: Mounted plugin API routes: /api/plugins/hermes-achievements/
2026-09-10 00:17:39,997 WARNING hermes_cli.web_server: Failed to load plugin kanban API routes: Form data requires "python-multipart" to be installed. 
You can install "python-multipart" with: 

pip install python-multipart

2026-09-10 00:17:40,002 WARNING hermes_cli.web_server: Binding to 0.0.0.0 with --insecure — the dashboard has no robust authentication. Only use on trusted networks.
2026-09-10 00:17:46,535 INFO hermes_cli.web_server: Mounted plugin API routes: /api/plugins/hermes-achievements/
2026-09-10 00:17:46,547 WARNING hermes_cli.web_server: Failed to load plugin kanban API routes: Form data requires "python-multipart" to be installed. 
You can install "python-multipart" with: 

pip install python-multipart

2026-09-10 00:17:46,552 WARNING hermes_cli.web_server: Binding to 0.0.0.0 with --insecure — the dashboard has no robust authentication. Only use on trusted networks.
2026-09-10 00:17:53,024 INFO hermes_cli.web_server: Mounted plugin API routes: /api/plugins/hermes-achievements/
2026-09-10 00:17:53,035 WARNING hermes_cli.web_server: Failed to load plugin kanban API routes: Form data requires "python-multipart" to be installed. 
You can install "python-multipart" with: 

pip install python-multipart

2026-09-10 00:17:53,040 WARNING hermes_cli.web_server: Binding to 0.0.0.0 with --insecure — the dashboard has no robust authentication. Only use on trusted networks.
2026-09-10 00:17:59,556 INFO hermes_cli.web_server: Mounted plugin API routes: /api/plugins/hermes-achievements/
2026-09-10 00:17:59,568 WARNING hermes_cli.web_server: Failed to load plugin kanban API routes: Form data requires "python-multipart" to be installed. 
You can install "python-multipart" with: 

pip install python-multipart

2026-09-10 00:17:59,573 WARNING hermes_cli.web_server: Binding to 0.0.0.0 with --insecure — the dashboard has no robust authentication. Only use on trusted networks.
2026-09-10 00:18:06,017 INFO hermes_cli.web_server: Mounted plugin API routes: /api/plugins/hermes-achievements/
2026-09-10 00:18:06,029 WARNING hermes_cli.web_server: Failed to load plugin kanban API routes: Form data requires "python-multipart" to be installed. 
You can install "python-multipart" with: 

pip install python-multipart

2026-09-10 00:18:06,034 WARNING hermes_cli.web_server: Binding to 0.0.0.0 with --insecure — the dashboard has no robust authentication. Only use on trusted networks.
2026-09-10 00:18:12,548 INFO hermes_cli.web_server: Mounted plugin API routes: /api/plugins/hermes-achievements/
2026-09-10 00:18:12,560 WARNING hermes_cli.web_server: Failed to load plugin kanban API routes: Form data requires "python-multipart" to be installed. 
You can install "python-multipart" with: 

pip install python-multipart

2026-09-10 00:18:12,565 WARNING hermes_cli.web_server: Binding to 0.0.0.0 with --insecure — the dashboard has no robust authentication. Only use on trusted networks.
2026-09-10 00:18:19,002 INFO hermes_cli.web_server: Mounted plugin API routes: /api/plugins/hermes-achievements/
2026-09-10 00:18:19,013 WARNING hermes_cli.web_server: Failed to load plugin kanban API routes: Form data requires "python-multipart" to be installed. 
You can install "python-multipart" with: 

pip install python-multipart

2026-09-10 00:18:19,018 WARNING hermes_cli.web_server: Binding to 0.0.0.0 with --insecure — the dashboard has no robust authentication. Only use on trusted networks.
2026-09-10 00:18:25,503 INFO hermes_cli.web_server: Mounted plugin API routes: /api/plugins/hermes-achievements/
2026-09-10 00:18:25,514 WARNING hermes_cli.web_server: Failed to load plugin kanban API routes: Form data requires "python-multipart" to be installed. 
You can install "python-multipart" with: 

pip install python-multipart

2026-09-10 00:18:25,519 WARNING hermes_cli.web_server: Binding to 0.0.0.0 with --insecure — the dashboard has no robust authentication. Only use on trusted networks.
2026-09-10 00:18:32,032 INFO hermes_cli.web_server: Mounted plugin API routes: /api/plugins/hermes-achievements/
2026-09-10 00:18:32,043 WARNING hermes_cli.web_server: Failed to load plugin kanban API routes: Form data requires "python-multipart" to be installed. 
You can install "python-multipart" with: 

pip install python-multipart

2026-09-10 00:18:32,048 WARNING hermes_cli.web_server: Binding to 0.0.0.0 with --insecure — the dashboard has no robust authentication. Only use on trusted networks.
2026-09-10 00:18:38,471 INFO hermes_cli.web_server: Mounted plugin API routes: /api/plugins/hermes-achievements/
2026-09-10 00:18:38,482 WARNING hermes_cli.web_server: Failed to load plugin kanban API routes: Form data requires "python-multipart" to be installed. 
You can install "python-multipart" with: 

pip install python-multipart

2026-09-10 00:18:38,487 WARNING hermes_cli.web_server: Binding to 0.0.0.0 with --insecure — the dashboard has no robust authentication. Only use on trusted networks.
2026-09-10 00:18:45,017 INFO hermes_cli.web_server: Mounted plugin API routes: /api/plugins/hermes-achievements/
2026-09-10 00:18:45,028 WARNING hermes_cli.web_server: Failed to load plugin kanban API routes: Form data requires "python-multipart" to be installed. 
You can install "python-multipart" with: 

pip install python-multipart

2026-09-10 00:18:45,033 WARNING hermes_cli.web_server: Binding to 0.0.0.0 with --insecure — the dashboard has no robust authentication. Only use on trusted networks.
2026-09-10 00:18:51,478 INFO hermes_cli.web_server: Mounted plugin API routes: /api/plugins/hermes-achievements/
2026-09-10 00:18:51,491 WARNING hermes_cli.web_server: Failed to load plugin kanban API routes: Form data requires "python-multipart" to be installed. 
You can install "python-multipart" with: 

pip install python-multipart

2026-09-10 00:18:51,496 WARNING hermes_cli.web_server: Binding to 0.0.0.0 with --insecure — the dashboard has no robust authentication. Only use on trusted networks.
2026-09-10 00:23:52,804 INFO hermes_cli.web_server: Mounted plugin API routes: /api/plugins/hermes-achievements/
2026-09-10 00:23:52,815 WARNING hermes_cli.web_server: Failed to load plugin kanban API routes: Form data requires "python-multipart" to be installed. 
You can install "python-multipart" with: 

pip install python-multipart

2026-09-10 00:23:52,820 WARNING hermes_cli.web_server: Binding to 0.0.0.0 with --insecure — the dashboard has no robust authentication. Only use on trusted networks.
2026-09-10 00:23:59,261 INFO hermes_cli.web_server: Mounted plugin API routes: /api/plugins/hermes-achievements/
2026-09-10 00:23:59,273 WARNING hermes_cli.web_server: Failed to load plugin kanban API routes: Form data requires "python-multipart" to be installed. 
You can install "python-multipart" with: 

pip install python-multipart

2026-09-10 00:23:59,278 WARNING hermes_cli.web_server: Binding to 0.0.0.0 with --insecure — the dashboard has no robust authentication. Only use on trusted networks.
2026-09-10 00:24:05,771 INFO hermes_cli.web_server: Mounted plugin API routes: /api/plugins/hermes-achievements/
2026-09-10 00:24:05,782 WARNING hermes_cli.web_server: Failed to load plugin kanban API routes: Form data requires "python-multipart" to be installed. 
You can install "python-multipart" with: 

pip install python-multipart

2026-09-10 00:24:05,787 WARNING hermes_cli.web_server: Binding to 0.0.0.0 with --insecure — the dashboard has no robust authentication. Only use on trusted networks.
2026-09-10 00:24:12,258 INFO hermes_cli.web_server: Mounted plugin API routes: /api/plugins/hermes-achievements/
2026-09-10 00:24:12,269 WARNING hermes_cli.web_server: Failed to load plugin kanban API routes: Form data requires "python-multipart" to be installed. 
You can install "python-multipart" with: 

pip install python-multipart

2026-09-10 00:24:12,274 WARNING hermes_cli.web_server: Binding to 0.0.0.0 with --insecure — the dashboard has no robust authentication. Only use on trusted networks.
2026-09-10 00:24:18,740 INFO hermes_cli.web_server: Mounted plugin API routes: /api/plugins/hermes-achievements/
2026-09-10 00:24:18,752 WARNING hermes_cli.web_server: Failed to load plugin kanban API routes: Form data requires "python-multipart" to be installed. 
You can install "python-multipart" with: 

pip install python-multipart

2026-09-10 00:24:18,757 WARNING hermes_cli.web_server: Binding to 0.0.0.0 with --insecure — the dashboard has no robust authentication. Only use on trusted networks.
2026-09-10 00:24:25,240 INFO hermes_cli.web_server: Mounted plugin API routes: /api/plugins/hermes-achievements/
2026-09-10 00:24:25,251 WARNING hermes_cli.web_server: Failed to load plugin kanban API routes: Form data requires "python-multipart" to be installed. 
You can install "python-multipart" with: 

pip install python-multipart

2026-09-10 00:24:25,256 WARNING hermes_cli.web_server: Binding to 0.0.0.0 with --insecure — the dashboard has no robust authentication. Only use on trusted networks.
2026-09-10 00:24:31,737 INFO hermes_cli.web_server: Mounted plugin API routes: /api/plugins/hermes-achievements/
2026-09-10 00:24:31,750 WARNING hermes_cli.web_server: Failed to load plugin kanban API routes: Form data requires "python-multipart" to be installed. 
You can install "python-multipart" with: 

pip install python-multipart

2026-09-10 00:24:31,755 WARNING hermes_cli.web_server: Binding to 0.0.0.0 with --insecure — the dashboard has no robust authentication. Only use on trusted networks.
2026-09-10 00:24:38,247 INFO hermes_cli.web_server: Mounted plugin API routes: /api/plugins/hermes-achievements/
2026-09-10 00:24:38,259 WARNING hermes_cli.web_server: Failed to load plugin kanban API routes: Form data requires "python-multipart" to be installed. 
You can install "python-multipart" with: 

pip install python-multipart

2026-09-10 00:24:38,264 WARNING hermes_cli.web_server: Binding to 0.0.0.0 with --insecure — the dashboard has no robust authentication. Only use on trusted networks.
2026-09-10 00:24:44,777 INFO hermes_cli.web_server: Mounted plugin API routes: /api/plugins/hermes-achievements/
2026-09-10 00:24:44,790 WARNING hermes_cli.web_server: Failed to load plugin kanban API routes: Form data requires "python-multipart" to be installed. 
You can install "python-multipart" with: 

pip install python-multipart

2026-09-10 00:24:44,795 WARNING hermes_cli.web_server: Binding to 0.0.0.0 with --insecure — the dashboard has no robust authentication. Only use on trusted networks.
2026-09-10 00:24:51,245 INFO hermes_cli.web_server: Mounted plugin API routes: /api/plugins/hermes-achievements/
2026-09-10 00:24:51,256 WARNING hermes_cli.web_server: Failed to load plugin kanban API routes: Form data requires "python-multipart" to be installed. 
You can install "python-multipart" with: 

pip install python-multipart

2026-09-10 00:24:51,261 WARNING hermes_cli.web_server: Binding to 0.0.0.0 with --insecure — the dashboard has no robust authentication. Only use on trusted networks.
2026-09-10 00:24:57,782 INFO hermes_cli.web_server: Mounted plugin API routes: /api/plugins/hermes-achievements/
2026-09-10 00:24:57,793 WARNING hermes_cli.web_server: Failed to load plugin kanban API routes: Form data requires "python-multipart" to be installed. 
You can install "python-multipart" with: 

pip install python-multipart

2026-09-10 00:24:57,798 WARNING hermes_cli.web_server: Binding to 0.0.0.0 with --insecure — the dashboard has no robust authentication. Only use on trusted networks.
2026-09-10 00:25:04,273 INFO hermes_cli.web_server: Mounted plugin API routes: /api/plugins/hermes-achievements/
2026-09-10 00:25:04,284 WARNING hermes_cli.web_server: Failed to load plugin kanban API routes: Form data requires "python-multipart" to be installed. 
You can install "python-multipart" with: 

pip install python-multipart

2026-09-10 00:25:04,289 WARNING hermes_cli.web_server: Binding to 0.0.0.0 with --insecure — the dashboard has no robust authentication. Only use on trusted networks.
2026-09-10 00:25:10,726 INFO hermes_cli.web_server: Mounted plugin API routes: /api/plugins/hermes-achievements/
2026-09-10 00:25:10,737 WARNING hermes_cli.web_server: Failed to load plugin kanban API routes: Form data requires "python-multipart" to be installed. 
You can install "python-multipart" with: 

pip install python-multipart

2026-09-10 00:25:10,742 WARNING hermes_cli.web_server: Binding to 0.0.0.0 with --insecure — the dashboard has no robust authentication. Only use on trusted networks.
2026-09-10 00:25:17,241 INFO hermes_cli.web_server: Mounted plugin API routes: /api/plugins/hermes-achievements/
2026-09-10 00:25:17,252 WARNING hermes_cli.web_server: Failed to load plugin kanban API routes: Form data requires "python-multipart" to be installed. 
You can install "python-multipart" with: 

pip install python-multipart

2026-09-10 00:25:17,257 WARNING hermes_cli.web_server: Binding to 0.0.0.0 with --insecure — the dashboard has no robust authentication. Only use on trusted networks.
2026-09-10 00:25:23,756 INFO hermes_cli.web_server: Mounted plugin API routes: /api/plugins/hermes-achievements/
2026-09-10 00:25:23,767 WARNING hermes_cli.web_server: Failed to load plugin kanban API routes: Form data requires "python-multipart" to be installed. 
You can install "python-multipart" with: 

pip install python-multipart

2026-09-10 00:25:23,772 WARNING hermes_cli.web_server: Binding to 0.0.0.0 with --insecure — the dashboard has no robust authentication. Only use on trusted networks.
2026-09-10 00:25:30,234 INFO hermes_cli.web_server: Mounted plugin API routes: /api/plugins/hermes-achievements/
2026-09-10 00:25:30,245 WARNING hermes_cli.web_server: Failed to load plugin kanban API routes: Form data requires "python-multipart" to be installed. 
You can install "python-multipart" with: 

pip install python-multipart

2026-09-10 00:25:30,250 WARNING hermes_cli.web_server: Binding to 0.0.0.0 with --insecure — the dashboard has no robust authentication. Only use on trusted networks.
2026-09-10 00:25:36,773 INFO hermes_cli.web_server: Mounted plugin API routes: /api/plugins/hermes-achievements/
2026-09-10 00:25:36,784 WARNING hermes_cli.web_server: Failed to load plugin kanban API routes: Form data requires "python-multipart" to be installed. 
You can install "python-multipart" with: 

pip install python-multipart

2026-09-10 00:25:36,789 WARNING hermes_cli.web_server: Binding to 0.0.0.0 with --insecure — the dashboard has no robust authentication. Only use on trusted networks.
2026-09-10 00:25:43,245 INFO hermes_cli.web_server: Mounted plugin API routes: /api/plugins/hermes-achievements/
2026-09-10 00:25:43,257 WARNING hermes_cli.web_server: Failed to load plugin kanban API routes: Form data requires "python-multipart" to be installed. 
You can install "python-multipart" with: 

pip install python-multipart

2026-09-10 00:25:43,263 WARNING hermes_cli.web_server: Binding to 0.0.0.0 with --insecure — the dashboard has no robust authentication. Only use on trusted networks.
2026-09-10 00:25:49,811 INFO hermes_cli.web_server: Mounted plugin API routes: /api/plugins/hermes-achievements/
2026-09-10 00:25:49,823 WARNING hermes_cli.web_server: Failed to load plugin kanban API routes: Form data requires "python-multipart" to be installed. 
You can install "python-multipart" with: 

pip install python-multipart

2026-09-10 00:25:49,828 WARNING hermes_cli.web_server: Binding to 0.0.0.0 with --insecure — the dashboard has no robust authentication. Only use on trusted networks.
2026-09-10 00:25:56,253 INFO hermes_cli.web_server: Mounted plugin API routes: /api/plugins/hermes-achievements/
2026-09-10 00:25:56,264 WARNING hermes_cli.web_server: Failed to load plugin kanban API routes: Form data requires "python-multipart" to be installed. 
You can install "python-multipart" with: 

pip install python-multipart

2026-09-10 00:25:56,269 WARNING hermes_cli.web_server: Binding to 0.0.0.0 with --insecure — the dashboard has no robust authentication. Only use on trusted networks.
2026-09-10 00:26:02,755 INFO hermes_cli.web_server: Mounted plugin API routes: /api/plugins/hermes-achievements/
2026-09-10 00:26:02,767 WARNING hermes_cli.web_server: Failed to load plugin kanban API routes: Form data requires "python-multipart" to be installed. 
You can install "python-multipart" with: 

pip install python-multipart

2026-09-10 00:26:02,772 WARNING hermes_cli.web_server: Binding to 0.0.0.0 with --insecure — the dashboard has no robust authentication. Only use on trusted networks.
2026-09-10 00:26:09,269 INFO hermes_cli.web_server: Mounted plugin API routes: /api/plugins/hermes-achievements/
2026-09-10 00:26:09,282 WARNING hermes_cli.web_server: Failed to load plugin kanban API routes: Form data requires "python-multipart" to be installed. 
You can install "python-multipart" with: 

pip install python-multipart

2026-09-10 00:26:09,287 WARNING hermes_cli.web_server: Binding to 0.0.0.0 with --insecure — the dashboard has no robust authentication. Only use on trusted networks.
2026-09-10 00:26:15,750 INFO hermes_cli.web_server: Mounted plugin API routes: /api/plugins/hermes-achievements/
2026-09-10 00:26:15,762 WARNING hermes_cli.web_server: Failed to load plugin kanban API routes: Form data requires "python-multipart" to be installed. 
You can install "python-multipart" with: 

pip install python-multipart

2026-09-10 00:26:15,768 WARNING hermes_cli.web_server: Binding to 0.0.0.0 with --insecure — the dashboard has no robust authentication. Only use on trusted networks.
2026-09-10 00:26:22,257 INFO hermes_cli.web_server: Mounted plugin API routes: /api/plugins/hermes-achievements/
2026-09-10 00:26:22,269 WARNING hermes_cli.web_server: Failed to load plugin kanban API routes: Form data requires "python-multipart" to be installed. 
You can install "python-multipart" with: 

pip install python-multipart

2026-09-10 00:26:22,274 WARNING hermes_cli.web_server: Binding to 0.0.0.0 with --insecure — the dashboard has no robust authentication. Only use on trusted networks.
2026-09-10 00:26:28,753 INFO hermes_cli.web_server: Mounted plugin API routes: /api/plugins/hermes-achievements/
2026-09-10 00:26:28,766 WARNING hermes_cli.web_server: Failed to load plugin kanban API routes: Form data requires "python-multipart" to be installed. 
You can install "python-multipart" with: 

pip install python-multipart

2026-09-10 00:26:28,772 WARNING hermes_cli.web_server: Binding to 0.0.0.0 with --insecure — the dashboard has no robust authentication. Only use on trusted networks.
2026-09-10 00:26:35,245 INFO hermes_cli.web_server: Mounted plugin API routes: /api/plugins/hermes-achievements/
2026-09-10 00:26:35,257 WARNING hermes_cli.web_server: Failed to load plugin kanban API routes: Form data requires "python-multipart" to be installed. 
You can install "python-multipart" with: 

pip install python-multipart

2026-09-10 00:26:35,262 WARNING hermes_cli.web_server: Binding to 0.0.0.0 with --insecure — the dashboard has no robust authentication. Only use on trusted networks.
2026-09-10 00:26:41,767 INFO hermes_cli.web_server: Mounted plugin API routes: /api/plugins/hermes-achievements/
2026-09-10 00:26:41,779 WARNING hermes_cli.web_server: Failed to load plugin kanban API routes: Form data requires "python-multipart" to be installed. 
You can install "python-multipart" with: 

pip install python-multipart

2026-09-10 00:26:41,783 WARNING hermes_cli.web_server: Binding to 0.0.0.0 with --insecure — the dashboard has no robust authentication. Only use on trusted networks.
2026-09-10 00:26:48,288 INFO hermes_cli.web_server: Mounted plugin API routes: /api/plugins/hermes-achievements/
2026-09-10 00:26:48,300 WARNING hermes_cli.web_server: Failed to load plugin kanban API routes: Form data requires "python-multipart" to be installed. 
You can install "python-multipart" with: 

pip install python-multipart

2026-09-10 00:26:48,305 WARNING hermes_cli.web_server: Binding to 0.0.0.0 with --insecure — the dashboard has no robust authentication. Only use on trusted networks.
2026-09-10 00:26:54,735 INFO hermes_cli.web_server: Mounted plugin API routes: /api/plugins/hermes-achievements/
2026-09-10 00:26:54,746 WARNING hermes_cli.web_server: Failed to load plugin kanban API routes: Form data requires "python-multipart" to be installed. 
You can install "python-multipart" with: 

pip install python-multipart

2026-09-10 00:26:54,751 WARNING hermes_cli.web_server: Binding to 0.0.0.0 with --insecure — the dashboard has no robust authentication. Only use on trusted networks.
2026-09-10 00:27:01,243 INFO hermes_cli.web_server: Mounted plugin API routes: /api/plugins/hermes-achievements/
2026-09-10 00:27:01,255 WARNING hermes_cli.web_server: Failed to load plugin kanban API routes: Form data requires "python-multipart" to be installed. 
You can install "python-multipart" with: 

pip install python-multipart

2026-09-10 00:27:01,259 WARNING hermes_cli.web_server: Binding to 0.0.0.0 with --insecure — the dashboard has no robust authentication. Only use on trusted networks.
2026-09-10 00:27:07,790 INFO hermes_cli.web_server: Mounted plugin API routes: /api/plugins/hermes-achievements/
2026-09-10 00:27:07,801 WARNING hermes_cli.web_server: Failed to load plugin kanban API routes: Form data requires "python-multipart" to be installed. 
You can install "python-multipart" with: 

pip install python-multipart

2026-09-10 00:27:07,806 WARNING hermes_cli.web_server: Binding to 0.0.0.0 with --insecure — the dashboard has no robust authentication. Only use on trusted networks.
2026-09-10 00:27:14,246 INFO hermes_cli.web_server: Mounted plugin API routes: /api/plugins/hermes-achievements/
2026-09-10 00:27:14,258 WARNING hermes_cli.web_server: Failed to load plugin kanban API routes: Form data requires "python-multipart" to be installed. 
You can install "python-multipart" with: 

pip install python-multipart

2026-09-10 00:27:14,263 WARNING hermes_cli.web_server: Binding to 0.0.0.0 with --insecure — the dashboard has no robust authentication. Only use on trusted networks.
2026-09-10 00:27:20,755 INFO hermes_cli.web_server: Mounted plugin API routes: /api/plugins/hermes-achievements/
2026-09-10 00:27:20,767 WARNING hermes_cli.web_server: Failed to load plugin kanban API routes: Form data requires "python-multipart" to be installed. 
You can install "python-multipart" with: 

pip install python-multipart

2026-09-10 00:27:20,771 WARNING hermes_cli.web_server: Binding to 0.0.0.0 with --insecure — the dashboard has no robust authentication. Only use on trusted networks.
2026-09-10 00:27:27,266 INFO hermes_cli.web_server: Mounted plugin API routes: /api/plugins/hermes-achievements/
2026-09-10 00:27:27,278 WARNING hermes_cli.web_server: Failed to load plugin kanban API routes: Form data requires "python-multipart" to be installed. 
You can install "python-multipart" with: 

pip install python-multipart

2026-09-10 00:27:27,283 WARNING hermes_cli.web_server: Binding to 0.0.0.0 with --insecure — the dashboard has no robust authentication. Only use on trusted networks.
2026-09-10 00:27:33,762 INFO hermes_cli.web_server: Mounted plugin API routes: /api/plugins/hermes-achievements/
2026-09-10 00:27:33,774 WARNING hermes_cli.web_server: Failed to load plugin kanban API routes: Form data requires "python-multipart" to be installed. 
You can install "python-multipart" with: 

pip install python-multipart

2026-09-10 00:27:33,779 WARNING hermes_cli.web_server: Binding to 0.0.0.0 with --insecure — the dashboard has no robust authentication. Only use on trusted networks.
2026-09-10 00:27:40,294 INFO hermes_cli.web_server: Mounted plugin API routes: /api/plugins/hermes-achievements/
2026-09-10 00:27:40,309 WARNING hermes_cli.web_server: Failed to load plugin kanban API routes: Form data requires "python-multipart" to be installed. 
You can install "python-multipart" with: 

pip install python-multipart

2026-09-10 00:27:40,314 WARNING hermes_cli.web_server: Binding to 0.0.0.0 with --insecure — the dashboard has no robust authentication. Only use on trusted networks.
2026-09-10 00:27:46,747 INFO hermes_cli.web_server: Mounted plugin API routes: /api/plugins/hermes-achievements/
2026-09-10 00:27:46,759 WARNING hermes_cli.web_server: Failed to load plugin kanban API routes: Form data requires "python-multipart" to be installed. 
You can install "python-multipart" with: 

pip install python-multipart

2026-09-10 00:27:46,764 WARNING hermes_cli.web_server: Binding to 0.0.0.0 with --insecure — the dashboard has no robust authentication. Only use on trusted networks.
2026-09-10 00:27:53,252 INFO hermes_cli.web_server: Mounted plugin API routes: /api/plugins/hermes-achievements/
2026-09-10 00:27:53,263 WARNING hermes_cli.web_server: Failed to load plugin kanban API routes: Form data requires "python-multipart" to be installed. 
You can install "python-multipart" with: 

pip install python-multipart

2026-09-10 00:27:53,268 WARNING hermes_cli.web_server: Binding to 0.0.0.0 with --insecure — the dashboard has no robust authentication. Only use on trusted networks.
2026-09-10 00:27:59,760 INFO hermes_cli.web_server: Mounted plugin API routes: /api/plugins/hermes-achievements/
2026-09-10 00:27:59,772 WARNING hermes_cli.web_server: Failed to load plugin kanban API routes: Form data requires "python-multipart" to be installed. 
You can install "python-multipart" with: 

pip install python-multipart

2026-09-10 00:27:59,776 WARNING hermes_cli.web_server: Binding to 0.0.0.0 with --insecure — the dashboard has no robust authentication. Only use on trusted networks.
2026-09-10 00:28:06,251 INFO hermes_cli.web_server: Mounted plugin API routes: /api/plugins/hermes-achievements/
2026-09-10 00:28:06,262 WARNING hermes_cli.web_server: Failed to load plugin kanban API routes: Form data requires "python-multipart" to be installed. 
You can install "python-multipart" with: 

pip install python-multipart

2026-09-10 00:28:06,267 WARNING hermes_cli.web_server: Binding to 0.0.0.0 with --insecure — the dashboard has no robust authentication. Only use on trusted networks.
2026-09-10 00:28:12,804 INFO hermes_cli.web_server: Mounted plugin API routes: /api/plugins/hermes-achievements/
2026-09-10 00:28:12,816 WARNING hermes_cli.web_server: Failed to load plugin kanban API routes: Form data requires "python-multipart" to be installed. 
You can install "python-multipart" with: 

pip install python-multipart

2026-09-10 00:28:12,820 WARNING hermes_cli.web_server: Binding to 0.0.0.0 with --insecure — the dashboard has no robust authentication. Only use on trusted networks.
2026-09-10 00:28:19,255 INFO hermes_cli.web_server: Mounted plugin API routes: /api/plugins/hermes-achievements/
2026-09-10 00:28:19,267 WARNING hermes_cli.web_server: Failed to load plugin kanban API routes: Form data requires "python-multipart" to be installed. 
You can install "python-multipart" with: 

pip install python-multipart

2026-09-10 00:28:19,272 WARNING hermes_cli.web_server: Binding to 0.0.0.0 with --insecure — the dashboard has no robust authentication. Only use on trusted networks.
2026-09-10 00:28:25,755 INFO hermes_cli.web_server: Mounted plugin API routes: /api/plugins/hermes-achievements/
2026-09-10 00:28:25,767 WARNING hermes_cli.web_server: Failed to load plugin kanban API routes: Form data requires "python-multipart" to be installed. 
You can install "python-multipart" with: 

pip install python-multipart

2026-09-10 00:28:25,772 WARNING hermes_cli.web_server: Binding to 0.0.0.0 with --insecure — the dashboard has no robust authentication. Only use on trusted networks.
2026-09-10 00:28:32,312 INFO hermes_cli.web_server: Mounted plugin API routes: /api/plugins/hermes-achievements/
2026-09-10 00:28:32,325 WARNING hermes_cli.web_server: Failed to load plugin kanban API routes: Form data requires "python-multipart" to be installed. 
You can install "python-multipart" with: 

pip install python-multipart

2026-09-10 00:28:32,330 WARNING hermes_cli.web_server: Binding to 0.0.0.0 with --insecure — the dashboard has no robust authentication. Only use on trusted networks.
2026-09-10 00:28:38,735 INFO hermes_cli.web_server: Mounted plugin API routes: /api/plugins/hermes-achievements/
2026-09-10 00:28:38,746 WARNING hermes_cli.web_server: Failed to load plugin kanban API routes: Form data requires "python-multipart" to be installed. 
You can install "python-multipart" with: 

pip install python-multipart

2026-09-10 00:28:38,751 WARNING hermes_cli.web_server: Binding to 0.0.0.0 with --insecure — the dashboard has no robust authentication. Only use on trusted networks.
2026-09-10 00:28:45,259 INFO hermes_cli.web_server: Mounted plugin API routes: /api/plugins/hermes-achievements/
2026-09-10 00:28:45,271 WARNING hermes_cli.web_server: Failed to load plugin kanban API routes: Form data requires "python-multipart" to be installed. 
You can install "python-multipart" with: 

pip install python-multipart

2026-09-10 00:28:45,275 WARNING hermes_cli.web_server: Binding to 0.0.0.0 with --insecure — the dashboard has no robust authentication. Only use on trusted networks.
2026-09-10 00:28:51,773 INFO hermes_cli.web_server: Mounted plugin API routes: /api/plugins/hermes-achievements/
2026-09-10 00:28:51,784 WARNING hermes_cli.web_server: Failed to load plugin kanban API routes: Form data requires "python-multipart" to be installed. 
You can install "python-multipart" with: 

pip install python-multipart

2026-09-10 00:28:51,790 WARNING hermes_cli.web_server: Binding to 0.0.0.0 with --insecure — the dashboard has no robust authentication. Only use on trusted networks.
2026-09-10 00:28:58,254 INFO hermes_cli.web_server: Mounted plugin API routes: /api/plugins/hermes-achievements/
2026-09-10 00:28:58,267 WARNING hermes_cli.web_server: Failed to load plugin kanban API routes: Form data requires "python-multipart" to be installed. 
You can install "python-multipart" with: 

pip install python-multipart

2026-09-10 00:28:58,273 WARNING hermes_cli.web_server: Binding to 0.0.0.0 with --insecure — the dashboard has no robust authentication. Only use on trusted networks.
2026-09-10 00:29:04,764 INFO hermes_cli.web_server: Mounted plugin API routes: /api/plugins/hermes-achievements/
2026-09-10 00:29:04,775 WARNING hermes_cli.web_server: Failed to load plugin kanban API routes: Form data requires "python-multipart" to be installed. 
You can install "python-multipart" with: 

pip install python-multipart

2026-09-10 00:29:04,780 WARNING hermes_cli.web_server: Binding to 0.0.0.0 with --insecure — the dashboard has no robust authentication. Only use on trusted networks.
2026-09-10 00:29:11,260 INFO hermes_cli.web_server: Mounted plugin API routes: /api/plugins/hermes-achievements/
2026-09-10 00:29:11,272 WARNING hermes_cli.web_server: Failed to load plugin kanban API routes: Form data requires "python-multipart" to be installed. 
You can install "python-multipart" with: 

pip install python-multipart

2026-09-10 00:29:11,277 WARNING hermes_cli.web_server: Binding to 0.0.0.0 with --insecure — the dashboard has no robust authentication. Only use on trusted networks.
2026-09-10 00:34:15,262 INFO hermes_cli.web_server: Mounted plugin API routes: /api/plugins/hermes-achievements/
2026-09-10 00:34:15,273 WARNING hermes_cli.web_server: Failed to load plugin kanban API routes: Form data requires "python-multipart" to be installed. 
You can install "python-multipart" with: 

pip install python-multipart

2026-09-10 00:34:15,278 WARNING hermes_cli.web_server: Binding to 0.0.0.0 with --insecure — the dashboard has no robust authentication. Only use on trusted networks.
2026-09-10 00:34:21,757 INFO hermes_cli.web_server: Mounted plugin API routes: /api/plugins/hermes-achievements/
2026-09-10 00:34:21,769 WARNING hermes_cli.web_server: Failed to load plugin kanban API routes: Form data requires "python-multipart" to be installed. 
You can install "python-multipart" with: 

pip install python-multipart

2026-09-10 00:34:21,773 WARNING hermes_cli.web_server: Binding to 0.0.0.0 with --insecure — the dashboard has no robust authentication. Only use on trusted networks.
2026-09-10 00:34:28,271 INFO hermes_cli.web_server: Mounted plugin API routes: /api/plugins/hermes-achievements/
2026-09-10 00:34:28,282 WARNING hermes_cli.web_server: Failed to load plugin kanban API routes: Form data requires "python-multipart" to be installed. 
You can install "python-multipart" with: 

pip install python-multipart

2026-09-10 00:34:28,287 WARNING hermes_cli.web_server: Binding to 0.0.0.0 with --insecure — the dashboard has no robust authentication. Only use on trusted networks.
2026-09-10 00:34:34,748 INFO hermes_cli.web_server: Mounted plugin API routes: /api/plugins/hermes-achievements/
2026-09-10 00:34:34,759 WARNING hermes_cli.web_server: Failed to load plugin kanban API routes: Form data requires "python-multipart" to be installed. 
You can install "python-multipart" with: 

pip install python-multipart

2026-09-10 00:34:34,764 WARNING hermes_cli.web_server: Binding to 0.0.0.0 with --insecure — the dashboard has no robust authentication. Only use on trusted networks.
2026-09-10 00:34:41,270 INFO hermes_cli.web_server: Mounted plugin API routes: /api/plugins/hermes-achievements/
2026-09-10 00:34:41,282 WARNING hermes_cli.web_server: Failed to load plugin kanban API routes: Form data requires "python-multipart" to be installed. 
You can install "python-multipart" with: 

pip install python-multipart

2026-09-10 00:34:41,286 WARNING hermes_cli.web_server: Binding to 0.0.0.0 with --insecure — the dashboard has no robust authentication. Only use on trusted networks.
2026-09-10 00:34:47,732 INFO hermes_cli.web_server: Mounted plugin API routes: /api/plugins/hermes-achievements/
2026-09-10 00:34:47,743 WARNING hermes_cli.web_server: Failed to load plugin kanban API routes: Form data requires "python-multipart" to be installed. 
You can install "python-multipart" with: 

pip install python-multipart

2026-09-10 00:34:47,748 WARNING hermes_cli.web_server: Binding to 0.0.0.0 with --insecure — the dashboard has no robust authentication. Only use on trusted networks.
2026-09-10 00:34:54,243 INFO hermes_cli.web_server: Mounted plugin API routes: /api/plugins/hermes-achievements/
2026-09-10 00:34:54,255 WARNING hermes_cli.web_server: Failed to load plugin kanban API routes: Form data requires "python-multipart" to be installed. 
You can install "python-multipart" with: 

pip install python-multipart

2026-09-10 00:34:54,260 WARNING hermes_cli.web_server: Binding to 0.0.0.0 with --insecure — the dashboard has no robust authentication. Only use on trusted networks.
2026-09-10 00:35:00,743 INFO hermes_cli.web_server: Mounted plugin API routes: /api/plugins/hermes-achievements/
2026-09-10 00:35:00,755 WARNING hermes_cli.web_server: Failed to load plugin kanban API routes: Form data requires "python-multipart" to be installed. 
You can install "python-multipart" with: 

pip install python-multipart

2026-09-10 00:35:00,760 WARNING hermes_cli.web_server: Binding to 0.0.0.0 with --insecure — the dashboard has no robust authentication. Only use on trusted networks.
2026-09-10 00:35:07,304 INFO hermes_cli.web_server: Mounted plugin API routes: /api/plugins/hermes-achievements/
2026-09-10 00:35:07,315 WARNING hermes_cli.web_server: Failed to load plugin kanban API routes: Form data requires "python-multipart" to be installed. 
You can install "python-multipart" with: 

pip install python-multipart

2026-09-10 00:35:07,320 WARNING hermes_cli.web_server: Binding to 0.0.0.0 with --insecure — the dashboard has no robust authentication. Only use on trusted networks.
2026-09-10 00:35:13,754 INFO hermes_cli.web_server: Mounted plugin API routes: /api/plugins/hermes-achievements/
2026-09-10 00:35:13,765 WARNING hermes_cli.web_server: Failed to load plugin kanban API routes: Form data requires "python-multipart" to be installed. 
You can install "python-multipart" with: 

pip install python-multipart

2026-09-10 00:35:13,770 WARNING hermes_cli.web_server: Binding to 0.0.0.0 with --insecure — the dashboard has no robust authentication. Only use on trusted networks.
2026-09-10 00:35:20,284 INFO hermes_cli.web_server: Mounted plugin API routes: /api/plugins/hermes-achievements/
2026-09-10 00:35:20,296 WARNING hermes_cli.web_server: Failed to load plugin kanban API routes: Form data requires "python-multipart" to be installed. 
You can install "python-multipart" with: 

pip install python-multipart

2026-09-10 00:35:20,300 WARNING hermes_cli.web_server: Binding to 0.0.0.0 with --insecure — the dashboard has no robust authentication. Only use on trusted networks.
2026-09-10 00:35:26,746 INFO hermes_cli.web_server: Mounted plugin API routes: /api/plugins/hermes-achievements/
2026-09-10 00:35:26,758 WARNING hermes_cli.web_server: Failed to load plugin kanban API routes: Form data requires "python-multipart" to be installed. 
You can install "python-multipart" with: 

pip install python-multipart

2026-09-10 00:35:26,763 WARNING hermes_cli.web_server: Binding to 0.0.0.0 with --insecure — the dashboard has no robust authentication. Only use on trusted networks.
2026-09-10 00:35:33,254 INFO hermes_cli.web_server: Mounted plugin API routes: /api/plugins/hermes-achievements/
2026-09-10 00:35:33,266 WARNING hermes_cli.web_server: Failed to load plugin kanban API routes: Form data requires "python-multipart" to be installed. 
You can install "python-multipart" with: 

pip install python-multipart

2026-09-10 00:35:33,270 WARNING hermes_cli.web_server: Binding to 0.0.0.0 with --insecure — the dashboard has no robust authentication. Only use on trusted networks.
2026-09-10 00:35:39,759 INFO hermes_cli.web_server: Mounted plugin API routes: /api/plugins/hermes-achievements/
2026-09-10 00:35:39,771 WARNING hermes_cli.web_server: Failed to load plugin kanban API routes: Form data requires "python-multipart" to be installed. 
You can install "python-multipart" with: 

pip install python-multipart

2026-09-10 00:35:39,776 WARNING hermes_cli.web_server: Binding to 0.0.0.0 with --insecure — the dashboard has no robust authentication. Only use on trusted networks.
2026-09-10 00:35:46,255 INFO hermes_cli.web_server: Mounted plugin API routes: /api/plugins/hermes-achievements/
2026-09-10 00:35:46,267 WARNING hermes_cli.web_server: Failed to load plugin kanban API routes: Form data requires "python-multipart" to be installed. 
You can install "python-multipart" with: 

pip install python-multipart

2026-09-10 00:35:46,272 WARNING hermes_cli.web_server: Binding to 0.0.0.0 with --insecure — the dashboard has no robust authentication. Only use on trusted networks.
2026-09-10 00:35:52,746 INFO hermes_cli.web_server: Mounted plugin API routes: /api/plugins/hermes-achievements/
2026-09-10 00:35:52,757 WARNING hermes_cli.web_server: Failed to load plugin kanban API routes: Form data requires "python-multipart" to be installed. 
You can install "python-multipart" with: 

pip install python-multipart

2026-09-10 00:35:52,762 WARNING hermes_cli.web_server: Binding to 0.0.0.0 with --insecure — the dashboard has no robust authentication. Only use on trusted networks.
2026-09-10 00:35:59,256 INFO hermes_cli.web_server: Mounted plugin API routes: /api/plugins/hermes-achievements/
2026-09-10 00:35:59,268 WARNING hermes_cli.web_server: Failed to load plugin kanban API routes: Form data requires "python-multipart" to be installed. 
You can install "python-multipart" with: 

pip install python-multipart

2026-09-10 00:35:59,272 WARNING hermes_cli.web_server: Binding to 0.0.0.0 with --insecure — the dashboard has no robust authentication. Only use on trusted networks.
2026-09-10 00:36:05,737 INFO hermes_cli.web_server: Mounted plugin API routes: /api/plugins/hermes-achievements/
2026-09-10 00:36:05,749 WARNING hermes_cli.web_server: Failed to load plugin kanban API routes: Form data requires "python-multipart" to be installed. 
You can install "python-multipart" with: 

pip install python-multipart

2026-09-10 00:36:05,754 WARNING hermes_cli.web_server: Binding to 0.0.0.0 with --insecure — the dashboard has no robust authentication. Only use on trusted networks.
2026-09-10 00:36:12,240 INFO hermes_cli.web_server: Mounted plugin API routes: /api/plugins/hermes-achievements/
2026-09-10 00:36:12,252 WARNING hermes_cli.web_server: Failed to load plugin kanban API routes: Form data requires "python-multipart" to be installed. 
You can install "python-multipart" with: 

pip install python-multipart

2026-09-10 00:36:12,256 WARNING hermes_cli.web_server: Binding to 0.0.0.0 with --insecure — the dashboard has no robust authentication. Only use on trusted networks.
2026-09-10 00:36:18,767 INFO hermes_cli.web_server: Mounted plugin API routes: /api/plugins/hermes-achievements/
2026-09-10 00:36:18,778 WARNING hermes_cli.web_server: Failed to load plugin kanban API routes: Form data requires "python-multipart" to be installed. 
You can install "python-multipart" with: 

pip install python-multipart

2026-09-10 00:36:18,783 WARNING hermes_cli.web_server: Binding to 0.0.0.0 with --insecure — the dashboard has no robust authentication. Only use on trusted networks.
2026-09-10 00:36:25,244 INFO hermes_cli.web_server: Mounted plugin API routes: /api/plugins/hermes-achievements/
2026-09-10 00:36:25,256 WARNING hermes_cli.web_server: Failed to load plugin kanban API routes: Form data requires "python-multipart" to be installed. 
You can install "python-multipart" with: 

pip install python-multipart

2026-09-10 00:36:25,261 WARNING hermes_cli.web_server: Binding to 0.0.0.0 with --insecure — the dashboard has no robust authentication. Only use on trusted networks.
2026-09-10 00:36:31,730 INFO hermes_cli.web_server: Mounted plugin API routes: /api/plugins/hermes-achievements/
2026-09-10 00:36:31,741 WARNING hermes_cli.web_server: Failed to load plugin kanban API routes: Form data requires "python-multipart" to be installed. 
You can install "python-multipart" with: 

pip install python-multipart

2026-09-10 00:36:31,746 WARNING hermes_cli.web_server: Binding to 0.0.0.0 with --insecure — the dashboard has no robust authentication. Only use on trusted networks.
2026-09-10 00:36:38,242 INFO hermes_cli.web_server: Mounted plugin API routes: /api/plugins/hermes-achievements/
2026-09-10 00:36:38,254 WARNING hermes_cli.web_server: Failed to load plugin kanban API routes: Form data requires "python-multipart" to be installed. 
You can install "python-multipart" with: 

pip install python-multipart

2026-09-10 00:36:38,258 WARNING hermes_cli.web_server: Binding to 0.0.0.0 with --insecure — the dashboard has no robust authentication. Only use on trusted networks.
2026-09-10 00:36:44,733 INFO hermes_cli.web_server: Mounted plugin API routes: /api/plugins/hermes-achievements/
2026-09-10 00:36:44,744 WARNING hermes_cli.web_server: Failed to load plugin kanban API routes: Form data requires "python-multipart" to be installed. 
You can install "python-multipart" with: 

pip install python-multipart

2026-09-10 00:36:44,749 WARNING hermes_cli.web_server: Binding to 0.0.0.0 with --insecure — the dashboard has no robust authentication. Only use on trusted networks.
2026-09-10 00:36:51,269 INFO hermes_cli.web_server: Mounted plugin API routes: /api/plugins/hermes-achievements/
2026-09-10 00:36:51,280 WARNING hermes_cli.web_server: Failed to load plugin kanban API routes: Form data requires "python-multipart" to be installed. 
You can install "python-multipart" with: 

pip install python-multipart

2026-09-10 00:36:51,285 WARNING hermes_cli.web_server: Binding to 0.0.0.0 with --insecure — the dashboard has no robust authentication. Only use on trusted networks.
2026-09-10 00:36:57,790 INFO hermes_cli.web_server: Mounted plugin API routes: /api/plugins/hermes-achievements/
2026-09-10 00:36:57,802 WARNING hermes_cli.web_server: Failed to load plugin kanban API routes: Form data requires "python-multipart" to be installed. 
You can install "python-multipart" with: 

pip install python-multipart

2026-09-10 00:36:57,807 WARNING hermes_cli.web_server: Binding to 0.0.0.0 with --insecure — the dashboard has no robust authentication. Only use on trusted networks.
2026-09-10 00:37:04,253 INFO hermes_cli.web_server: Mounted plugin API routes: /api/plugins/hermes-achievements/
2026-09-10 00:37:04,265 WARNING hermes_cli.web_server: Failed to load plugin kanban API routes: Form data requires "python-multipart" to be installed. 
You can install "python-multipart" with: 

pip install python-multipart

2026-09-10 00:37:04,269 WARNING hermes_cli.web_server: Binding to 0.0.0.0 with --insecure — the dashboard has no robust authentication. Only use on trusted networks.
2026-09-10 00:37:10,776 INFO hermes_cli.web_server: Mounted plugin API routes: /api/plugins/hermes-achievements/
2026-09-10 00:37:10,787 WARNING hermes_cli.web_server: Failed to load plugin kanban API routes: Form data requires "python-multipart" to be installed. 
You can install "python-multipart" with: 

pip install python-multipart

2026-09-10 00:37:10,792 WARNING hermes_cli.web_server: Binding to 0.0.0.0 with --insecure — the dashboard has no robust authentication. Only use on trusted networks.
2026-09-10 00:37:17,253 INFO hermes_cli.web_server: Mounted plugin API routes: /api/plugins/hermes-achievements/
2026-09-10 00:37:17,265 WARNING hermes_cli.web_server: Failed to load plugin kanban API routes: Form data requires "python-multipart" to be installed. 
You can install "python-multipart" with: 

pip install python-multipart

2026-09-10 00:37:17,269 WARNING hermes_cli.web_server: Binding to 0.0.0.0 with --insecure — the dashboard has no robust authentication. Only use on trusted networks.
2026-09-10 00:37:23,745 INFO hermes_cli.web_server: Mounted plugin API routes: /api/plugins/hermes-achievements/
2026-09-10 00:37:23,756 WARNING hermes_cli.web_server: Failed to load plugin kanban API routes: Form data requires "python-multipart" to be installed. 
You can install "python-multipart" with: 

pip install python-multipart

2026-09-10 00:37:23,761 WARNING hermes_cli.web_server: Binding to 0.0.0.0 with --insecure — the dashboard has no robust authentication. Only use on trusted networks.
2026-09-10 00:37:30,247 INFO hermes_cli.web_server: Mounted plugin API routes: /api/plugins/hermes-achievements/
2026-09-10 00:37:30,259 WARNING hermes_cli.web_server: Failed to load plugin kanban API routes: Form data requires "python-multipart" to be installed. 
You can install "python-multipart" with: 

pip install python-multipart

2026-09-10 00:37:30,264 WARNING hermes_cli.web_server: Binding to 0.0.0.0 with --insecure — the dashboard has no robust authentication. Only use on trusted networks.
2026-09-10 00:37:36,729 INFO hermes_cli.web_server: Mounted plugin API routes: /api/plugins/hermes-achievements/
2026-09-10 00:37:36,741 WARNING hermes_cli.web_server: Failed to load plugin kanban API routes: Form data requires "python-multipart" to be installed. 
You can install "python-multipart" with: 

pip install python-multipart

2026-09-10 00:37:36,745 WARNING hermes_cli.web_server: Binding to 0.0.0.0 with --insecure — the dashboard has no robust authentication. Only use on trusted networks.
2026-09-10 00:37:43,227 INFO hermes_cli.web_server: Mounted plugin API routes: /api/plugins/hermes-achievements/
2026-09-10 00:37:43,238 WARNING hermes_cli.web_server: Failed to load plugin kanban API routes: Form data requires "python-multipart" to be installed. 
You can install "python-multipart" with: 

pip install python-multipart

2026-09-10 00:37:43,243 WARNING hermes_cli.web_server: Binding to 0.0.0.0 with --insecure — the dashboard has no robust authentication. Only use on trusted networks.
2026-09-10 00:37:49,794 INFO hermes_cli.web_server: Mounted plugin API routes: /api/plugins/hermes-achievements/
2026-09-10 00:37:49,806 WARNING hermes_cli.web_server: Failed to load plugin kanban API routes: Form data requires "python-multipart" to be installed. 
You can install "python-multipart" with: 

pip install python-multipart

2026-09-10 00:37:49,811 WARNING hermes_cli.web_server: Binding to 0.0.0.0 with --insecure — the dashboard has no robust authentication. Only use on trusted networks.
2026-09-10 00:37:56,256 INFO hermes_cli.web_server: Mounted plugin API routes: /api/plugins/hermes-achievements/
2026-09-10 00:37:56,267 WARNING hermes_cli.web_server: Failed to load plugin kanban API routes: Form data requires "python-multipart" to be installed. 
You can install "python-multipart" with: 

pip install python-multipart

2026-09-10 00:37:56,272 WARNING hermes_cli.web_server: Binding to 0.0.0.0 with --insecure — the dashboard has no robust authentication. Only use on trusted networks.
2026-09-10 00:38:02,738 INFO hermes_cli.web_server: Mounted plugin API routes: /api/plugins/hermes-achievements/
2026-09-10 00:38:02,750 WARNING hermes_cli.web_server: Failed to load plugin kanban API routes: Form data requires "python-multipart" to be installed. 
You can install "python-multipart" with: 

pip install python-multipart

2026-09-10 00:38:02,755 WARNING hermes_cli.web_server: Binding to 0.0.0.0 with --insecure — the dashboard has no robust authentication. Only use on trusted networks.
2026-09-10 00:38:09,258 INFO hermes_cli.web_server: Mounted plugin API routes: /api/plugins/hermes-achievements/
2026-09-10 00:38:09,269 WARNING hermes_cli.web_server: Failed to load plugin kanban API routes: Form data requires "python-multipart" to be installed. 
You can install "python-multipart" with: 

pip install python-multipart

2026-09-10 00:38:09,274 WARNING hermes_cli.web_server: Binding to 0.0.0.0 with --insecure — the dashboard has no robust authentication. Only use on trusted networks.
2026-09-10 00:38:15,797 INFO hermes_cli.web_server: Mounted plugin API routes: /api/plugins/hermes-achievements/
2026-09-10 00:38:15,809 WARNING hermes_cli.web_server: Failed to load plugin kanban API routes: Form data requires "python-multipart" to be installed. 
You can install "python-multipart" with: 

pip install python-multipart

2026-09-10 00:38:15,814 WARNING hermes_cli.web_server: Binding to 0.0.0.0 with --insecure — the dashboard has no robust authentication. Only use on trusted networks.
2026-09-10 00:38:22,260 INFO hermes_cli.web_server: Mounted plugin API routes: /api/plugins/hermes-achievements/
2026-09-10 00:38:22,272 WARNING hermes_cli.web_server: Failed to load plugin kanban API routes: Form data requires "python-multipart" to be installed. 
You can install "python-multipart" with: 

pip install python-multipart

2026-09-10 00:38:22,276 WARNING hermes_cli.web_server: Binding to 0.0.0.0 with --insecure — the dashboard has no robust authentication. Only use on trusted networks.
2026-09-10 00:38:28,770 INFO hermes_cli.web_server: Mounted plugin API routes: /api/plugins/hermes-achievements/
2026-09-10 00:38:28,781 WARNING hermes_cli.web_server: Failed to load plugin kanban API routes: Form data requires "python-multipart" to be installed. 
You can install "python-multipart" with: 

pip install python-multipart

2026-09-10 00:38:28,786 WARNING hermes_cli.web_server: Binding to 0.0.0.0 with --insecure — the dashboard has no robust authentication. Only use on trusted networks.
2026-09-10 00:38:35,280 INFO hermes_cli.web_server: Mounted plugin API routes: /api/plugins/hermes-achievements/
2026-09-10 00:38:35,291 WARNING hermes_cli.web_server: Failed to load plugin kanban API routes: Form data requires "python-multipart" to be installed. 
You can install "python-multipart" with: 

pip install python-multipart

2026-09-10 00:38:35,296 WARNING hermes_cli.web_server: Binding to 0.0.0.0 with --insecure — the dashboard has no robust authentication. Only use on trusted networks.
2026-09-10 00:38:41,746 INFO hermes_cli.web_server: Mounted plugin API routes: /api/plugins/hermes-achievements/
2026-09-10 00:38:41,758 WARNING hermes_cli.web_server: Failed to load plugin kanban API routes: Form data requires "python-multipart" to be installed. 
You can install "python-multipart" with: 

pip install python-multipart

2026-09-10 00:38:41,762 WARNING hermes_cli.web_server: Binding to 0.0.0.0 with --insecure — the dashboard has no robust authentication. Only use on trusted networks.
2026-09-10 00:38:48,256 INFO hermes_cli.web_server: Mounted plugin API routes: /api/plugins/hermes-achievements/
2026-09-10 00:38:48,267 WARNING hermes_cli.web_server: Failed to load plugin kanban API routes: Form data requires "python-multipart" to be installed. 
You can install "python-multipart" with: 

pip install python-multipart

2026-09-10 00:38:48,272 WARNING hermes_cli.web_server: Binding to 0.0.0.0 with --insecure — the dashboard has no robust authentication. Only use on trusted networks.
2026-09-10 00:38:54,779 INFO hermes_cli.web_server: Mounted plugin API routes: /api/plugins/hermes-achievements/
2026-09-10 00:38:54,791 WARNING hermes_cli.web_server: Failed to load plugin kanban API routes: Form data requires "python-multipart" to be installed. 
You can install "python-multipart" with: 

pip install python-multipart

2026-09-10 00:38:54,796 WARNING hermes_cli.web_server: Binding to 0.0.0.0 with --insecure — the dashboard has no robust authentication. Only use on trusted networks.
2026-09-10 00:39:01,245 INFO hermes_cli.web_server: Mounted plugin API routes: /api/plugins/hermes-achievements/
2026-09-10 00:39:01,257 WARNING hermes_cli.web_server: Failed to load plugin kanban API routes: Form data requires "python-multipart" to be installed. 
You can install "python-multipart" with: 

pip install python-multipart

2026-09-10 00:39:01,262 WARNING hermes_cli.web_server: Binding to 0.0.0.0 with --insecure — the dashboard has no robust authentication. Only use on trusted networks.
2026-09-10 00:39:07,749 INFO hermes_cli.web_server: Mounted plugin API routes: /api/plugins/hermes-achievements/
2026-09-10 00:39:07,760 WARNING hermes_cli.web_server: Failed to load plugin kanban API routes: Form data requires "python-multipart" to be installed. 
You can install "python-multipart" with: 

pip install python-multipart

2026-09-10 00:39:07,766 WARNING hermes_cli.web_server: Binding to 0.0.0.0 with --insecure — the dashboard has no robust authentication. Only use on trusted networks.
2026-09-10 00:39:14,239 INFO hermes_cli.web_server: Mounted plugin API routes: /api/plugins/hermes-achievements/
2026-09-10 00:39:14,251 WARNING hermes_cli.web_server: Failed to load plugin kanban API routes: Form data requires "python-multipart" to be installed. 
You can install "python-multipart" with: 

pip install python-multipart

2026-09-10 00:39:14,255 WARNING hermes_cli.web_server: Binding to 0.0.0.0 with --insecure — the dashboard has no robust authentication. Only use on trusted networks.
2026-09-10 00:39:20,772 INFO hermes_cli.web_server: Mounted plugin API routes: /api/plugins/hermes-achievements/
2026-09-10 00:39:20,784 WARNING hermes_cli.web_server: Failed to load plugin kanban API routes: Form data requires "python-multipart" to be installed. 
You can install "python-multipart" with: 

pip install python-multipart

2026-09-10 00:39:20,788 WARNING hermes_cli.web_server: Binding to 0.0.0.0 with --insecure — the dashboard has no robust authentication. Only use on trusted networks.
2026-09-10 00:39:27,246 INFO hermes_cli.web_server: Mounted plugin API routes: /api/plugins/hermes-achievements/
2026-09-10 00:39:27,257 WARNING hermes_cli.web_server: Failed to load plugin kanban API routes: Form data requires "python-multipart" to be installed. 
You can install "python-multipart" with: 

pip install python-multipart

2026-09-10 00:39:27,262 WARNING hermes_cli.web_server: Binding to 0.0.0.0 with --insecure — the dashboard has no robust authentication. Only use on trusted networks.
2026-09-10 00:39:33,741 INFO hermes_cli.web_server: Mounted plugin API routes: /api/plugins/hermes-achievements/
2026-09-10 00:39:33,753 WARNING hermes_cli.web_server: Failed to load plugin kanban API routes: Form data requires "python-multipart" to be installed. 
You can install "python-multipart" with: 

pip install python-multipart

2026-09-10 00:39:33,757 WARNING hermes_cli.web_server: Binding to 0.0.0.0 with --insecure — the dashboard has no robust authentication. Only use on trusted networks.
2026-09-10 00:39:40,244 INFO hermes_cli.web_server: Mounted plugin API routes: /api/plugins/hermes-achievements/
2026-09-10 00:39:40,257 WARNING hermes_cli.web_server: Failed to load plugin kanban API routes: Form data requires "python-multipart" to be installed. 
You can install "python-multipart" with: 

pip install python-multipart

2026-09-10 00:39:40,262 WARNING hermes_cli.web_server: Binding to 0.0.0.0 with --insecure — the dashboard has no robust authentication. Only use on trusted networks.
2026-09-10 00:39:46,740 INFO hermes_cli.web_server: Mounted plugin API routes: /api/plugins/hermes-achievements/
2026-09-10 00:39:46,751 WARNING hermes_cli.web_server: Failed to load plugin kanban API routes: Form data requires "python-multipart" to be installed. 
You can install "python-multipart" with: 

pip install python-multipart

2026-09-10 00:39:46,756 WARNING hermes_cli.web_server: Binding to 0.0.0.0 with --insecure — the dashboard has no robust authentication. Only use on trusted networks.
2026-09-10 00:39:53,255 INFO hermes_cli.web_server: Mounted plugin API routes: /api/plugins/hermes-achievements/
2026-09-10 00:39:53,266 WARNING hermes_cli.web_server: Failed to load plugin kanban API routes: Form data requires "python-multipart" to be installed. 
You can install "python-multipart" with: 

pip install python-multipart

2026-09-10 00:39:53,271 WARNING hermes_cli.web_server: Binding to 0.0.0.0 with --insecure — the dashboard has no robust authentication. Only use on trusted networks.
2026-09-10 00:39:59,756 INFO hermes_cli.web_server: Mounted plugin API routes: /api/plugins/hermes-achievements/
2026-09-10 00:39:59,767 WARNING hermes_cli.web_server: Failed to load plugin kanban API routes: Form data requires "python-multipart" to be installed. 
You can install "python-multipart" with: 

pip install python-multipart

2026-09-10 00:39:59,772 WARNING hermes_cli.web_server: Binding to 0.0.0.0 with --insecure — the dashboard has no robust authentication. Only use on trusted networks.
2026-09-10 00:40:06,230 INFO hermes_cli.web_server: Mounted plugin API routes: /api/plugins/hermes-achievements/
2026-09-10 00:40:06,241 WARNING hermes_cli.web_server: Failed to load plugin kanban API routes: Form data requires "python-multipart" to be installed. 
You can install "python-multipart" with: 

pip install python-multipart

2026-09-10 00:40:06,246 WARNING hermes_cli.web_server: Binding to 0.0.0.0 with --insecure — the dashboard has no robust authentication. Only use on trusted networks.
2026-09-10 00:40:12,729 INFO hermes_cli.web_server: Mounted plugin API routes: /api/plugins/hermes-achievements/
2026-09-10 00:40:12,740 WARNING hermes_cli.web_server: Failed to load plugin kanban API routes: Form data requires "python-multipart" to be installed. 
You can install "python-multipart" with: 

pip install python-multipart

2026-09-10 00:40:12,745 WARNING hermes_cli.web_server: Binding to 0.0.0.0 with --insecure — the dashboard has no robust authentication. Only use on trusted networks.
2026-09-10 00:40:19,265 INFO hermes_cli.web_server: Mounted plugin API routes: /api/plugins/hermes-achievements/
2026-09-10 00:40:19,276 WARNING hermes_cli.web_server: Failed to load plugin kanban API routes: Form data requires "python-multipart" to be installed. 
You can install "python-multipart" with: 

pip install python-multipart

2026-09-10 00:40:19,281 WARNING hermes_cli.web_server: Binding to 0.0.0.0 with --insecure — the dashboard has no robust authentication. Only use on trusted networks.
2026-09-10 00:40:25,742 INFO hermes_cli.web_server: Mounted plugin API routes: /api/plugins/hermes-achievements/
2026-09-10 00:40:25,753 WARNING hermes_cli.web_server: Failed to load plugin kanban API routes: Form data requires "python-multipart" to be installed. 
You can install "python-multipart" with: 

pip install python-multipart

2026-09-10 00:40:25,758 WARNING hermes_cli.web_server: Binding to 0.0.0.0 with --insecure — the dashboard has no robust authentication. Only use on trusted networks.
2026-09-10 00:40:32,311 INFO hermes_cli.web_server: Mounted plugin API routes: /api/plugins/hermes-achievements/
2026-09-10 00:40:32,324 WARNING hermes_cli.web_server: Failed to load plugin kanban API routes: Form data requires "python-multipart" to be installed. 
You can install "python-multipart" with: 

pip install python-multipart

2026-09-10 00:40:32,329 WARNING hermes_cli.web_server: Binding to 0.0.0.0 with --insecure — the dashboard has no robust authentication. Only use on trusted networks.
2026-09-10 00:40:38,749 INFO hermes_cli.web_server: Mounted plugin API routes: /api/plugins/hermes-achievements/
2026-09-10 00:40:38,761 WARNING hermes_cli.web_server: Failed to load plugin kanban API routes: Form data requires "python-multipart" to be installed. 
You can install "python-multipart" with: 

pip install python-multipart

2026-09-10 00:40:38,765 WARNING hermes_cli.web_server: Binding to 0.0.0.0 with --insecure — the dashboard has no robust authentication. Only use on trusted networks.
2026-09-10 00:40:45,280 INFO hermes_cli.web_server: Mounted plugin API routes: /api/plugins/hermes-achievements/
2026-09-10 00:40:45,291 WARNING hermes_cli.web_server: Failed to load plugin kanban API routes: Form data requires "python-multipart" to be installed. 
You can install "python-multipart" with: 

pip install python-multipart

2026-09-10 00:40:45,296 WARNING hermes_cli.web_server: Binding to 0.0.0.0 with --insecure — the dashboard has no robust authentication. Only use on trusted networks.
2026-09-10 00:40:51,779 INFO hermes_cli.web_server: Mounted plugin API routes: /api/plugins/hermes-achievements/
2026-09-10 00:40:51,790 WARNING hermes_cli.web_server: Failed to load plugin kanban API routes: Form data requires "python-multipart" to be installed. 
You can install "python-multipart" with: 

pip install python-multipart

2026-09-10 00:40:51,795 WARNING hermes_cli.web_server: Binding to 0.0.0.0 with --insecure — the dashboard has no robust authentication. Only use on trusted networks.
2026-09-10 00:40:58,250 INFO hermes_cli.web_server: Mounted plugin API routes: /api/plugins/hermes-achievements/
2026-09-10 00:40:58,261 WARNING hermes_cli.web_server: Failed to load plugin kanban API routes: Form data requires "python-multipart" to be installed. 
You can install "python-multipart" with: 

pip install python-multipart

2026-09-10 00:40:58,266 WARNING hermes_cli.web_server: Binding to 0.0.0.0 with --insecure — the dashboard has no robust authentication. Only use on trusted networks.
2026-09-10 00:41:04,750 INFO hermes_cli.web_server: Mounted plugin API routes: /api/plugins/hermes-achievements/
2026-09-10 00:41:04,761 WARNING hermes_cli.web_server: Failed to load plugin kanban API routes: Form data requires "python-multipart" to be installed. 
You can install "python-multipart" with: 

pip install python-multipart

2026-09-10 00:41:04,766 WARNING hermes_cli.web_server: Binding to 0.0.0.0 with --insecure — the dashboard has no robust authentication. Only use on trusted networks.
2026-09-10 00:41:11,242 INFO hermes_cli.web_server: Mounted plugin API routes: /api/plugins/hermes-achievements/
2026-09-10 00:41:11,253 WARNING hermes_cli.web_server: Failed to load plugin kanban API routes: Form data requires "python-multipart" to be installed. 
You can install "python-multipart" with: 

pip install python-multipart

2026-09-10 00:41:11,258 WARNING hermes_cli.web_server: Binding to 0.0.0.0 with --insecure — the dashboard has no robust authentication. Only use on trusted networks.
2026-09-10 00:41:17,757 INFO hermes_cli.web_server: Mounted plugin API routes: /api/plugins/hermes-achievements/
2026-09-10 00:41:17,768 WARNING hermes_cli.web_server: Failed to load plugin kanban API routes: Form data requires "python-multipart" to be installed. 
You can install "python-multipart" with: 

pip install python-multipart

2026-09-10 00:41:17,773 WARNING hermes_cli.web_server: Binding to 0.0.0.0 with --insecure — the dashboard has no robust authentication. Only use on trusted networks.
2026-09-10 00:41:24,285 INFO hermes_cli.web_server: Mounted plugin API routes: /api/plugins/hermes-achievements/
2026-09-10 00:41:24,297 WARNING hermes_cli.web_server: Failed to load plugin kanban API routes: Form data requires "python-multipart" to be installed. 
You can install "python-multipart" with: 

pip install python-multipart

2026-09-10 00:41:24,302 WARNING hermes_cli.web_server: Binding to 0.0.0.0 with --insecure — the dashboard has no robust authentication. Only use on trusted networks.
2026-09-10 00:41:30,744 INFO hermes_cli.web_server: Mounted plugin API routes: /api/plugins/hermes-achievements/
2026-09-10 00:41:30,755 WARNING hermes_cli.web_server: Failed to load plugin kanban API routes: Form data requires "python-multipart" to be installed. 
You can install "python-multipart" with: 

pip install python-multipart

2026-09-10 00:41:30,760 WARNING hermes_cli.web_server: Binding to 0.0.0.0 with --insecure — the dashboard has no robust authentication. Only use on trusted networks.
2026-09-10 00:41:37,274 INFO hermes_cli.web_server: Mounted plugin API routes: /api/plugins/hermes-achievements/
2026-09-10 00:41:37,286 WARNING hermes_cli.web_server: Failed to load plugin kanban API routes: Form data requires "python-multipart" to be installed. 
You can install "python-multipart" with: 

pip install python-multipart

2026-09-10 00:41:37,292 WARNING hermes_cli.web_server: Binding to 0.0.0.0 with --insecure — the dashboard has no robust authentication. Only use on trusted networks.
2026-09-10 00:41:43,785 INFO hermes_cli.web_server: Mounted plugin API routes: /api/plugins/hermes-achievements/
2026-09-10 00:41:43,798 WARNING hermes_cli.web_server: Failed to load plugin kanban API routes: Form data requires "python-multipart" to be installed. 
You can install "python-multipart" with: 

pip install python-multipart

2026-09-10 00:41:43,803 WARNING hermes_cli.web_server: Binding to 0.0.0.0 with --insecure — the dashboard has no robust authentication. Only use on trusted networks.
2026-09-10 00:41:50,250 INFO hermes_cli.web_server: Mounted plugin API routes: /api/plugins/hermes-achievements/
2026-09-10 00:41:50,261 WARNING hermes_cli.web_server: Failed to load plugin kanban API routes: Form data requires "python-multipart" to be installed. 
You can install "python-multipart" with: 

pip install python-multipart

2026-09-10 00:41:50,266 WARNING hermes_cli.web_server: Binding to 0.0.0.0 with --insecure — the dashboard has no robust authentication. Only use on trusted networks.
2026-09-10 00:41:56,784 INFO hermes_cli.web_server: Mounted plugin API routes: /api/plugins/hermes-achievements/
2026-09-10 00:41:56,795 WARNING hermes_cli.web_server: Failed to load plugin kanban API routes: Form data requires "python-multipart" to be installed. 
You can install "python-multipart" with: 

pip install python-multipart

2026-09-10 00:41:56,800 WARNING hermes_cli.web_server: Binding to 0.0.0.0 with --insecure — the dashboard has no robust authentication. Only use on trusted networks.
2026-09-10 00:42:03,294 INFO hermes_cli.web_server: Mounted plugin API routes: /api/plugins/hermes-achievements/
2026-09-10 00:42:03,306 WARNING hermes_cli.web_server: Failed to load plugin kanban API routes: Form data requires "python-multipart" to be installed. 
You can install "python-multipart" with: 

pip install python-multipart

2026-09-10 00:42:03,311 WARNING hermes_cli.web_server: Binding to 0.0.0.0 with --insecure — the dashboard has no robust authentication. Only use on trusted networks.
2026-09-10 00:42:09,749 INFO hermes_cli.web_server: Mounted plugin API routes: /api/plugins/hermes-achievements/
2026-09-10 00:42:09,760 WARNING hermes_cli.web_server: Failed to load plugin kanban API routes: Form data requires "python-multipart" to be installed. 
You can install "python-multipart" with: 

pip install python-multipart

2026-09-10 00:42:09,765 WARNING hermes_cli.web_server: Binding to 0.0.0.0 with --insecure — the dashboard has no robust authentication. Only use on trusted networks.
2026-09-10 00:42:16,251 INFO hermes_cli.web_server: Mounted plugin API routes: /api/plugins/hermes-achievements/
2026-09-10 00:42:16,262 WARNING hermes_cli.web_server: Failed to load plugin kanban API routes: Form data requires "python-multipart" to be installed. 
You can install "python-multipart" with: 

pip install python-multipart

2026-09-10 00:42:16,267 WARNING hermes_cli.web_server: Binding to 0.0.0.0 with --insecure — the dashboard has no robust authentication. Only use on trusted networks.
2026-09-10 00:42:22,802 INFO hermes_cli.web_server: Mounted plugin API routes: /api/plugins/hermes-achievements/
2026-09-10 00:42:22,814 WARNING hermes_cli.web_server: Failed to load plugin kanban API routes: Form data requires "python-multipart" to be installed. 
You can install "python-multipart" with: 

pip install python-multipart

2026-09-10 00:42:22,819 WARNING hermes_cli.web_server: Binding to 0.0.0.0 with --insecure — the dashboard has no robust authentication. Only use on trusted networks.
2026-09-10 00:42:29,291 INFO hermes_cli.web_server: Mounted plugin API routes: /api/plugins/hermes-achievements/
2026-09-10 00:42:29,305 WARNING hermes_cli.web_server: Failed to load plugin kanban API routes: Form data requires "python-multipart" to be installed. 
You can install "python-multipart" with: 

pip install python-multipart

2026-09-10 00:42:29,312 WARNING hermes_cli.web_server: Binding to 0.0.0.0 with --insecure — the dashboard has no robust authentication. Only use on trusted networks.
2026-09-10 00:42:35,772 INFO hermes_cli.web_server: Mounted plugin API routes: /api/plugins/hermes-achievements/
2026-09-10 00:42:35,784 WARNING hermes_cli.web_server: Failed to load plugin kanban API routes: Form data requires "python-multipart" to be installed. 
You can install "python-multipart" with: 

pip install python-multipart

2026-09-10 00:42:35,789 WARNING hermes_cli.web_server: Binding to 0.0.0.0 with --insecure — the dashboard has no robust authentication. Only use on trusted networks.
2026-09-10 00:42:42,301 INFO hermes_cli.web_server: Mounted plugin API routes: /api/plugins/hermes-achievements/
2026-09-10 00:42:42,312 WARNING hermes_cli.web_server: Failed to load plugin kanban API routes: Form data requires "python-multipart" to be installed. 
You can install "python-multipart" with: 

pip install python-multipart

2026-09-10 00:42:42,317 WARNING hermes_cli.web_server: Binding to 0.0.0.0 with --insecure — the dashboard has no robust authentication. Only use on trusted networks.
2026-09-10 00:42:48,789 INFO hermes_cli.web_server: Mounted plugin API routes: /api/plugins/hermes-achievements/
2026-09-10 00:42:48,800 WARNING hermes_cli.web_server: Failed to load plugin kanban API routes: Form data requires "python-multipart" to be installed. 
You can install "python-multipart" with: 

pip install python-multipart

2026-09-10 00:42:48,805 WARNING hermes_cli.web_server: Binding to 0.0.0.0 with --insecure — the dashboard has no robust authentication. Only use on trusted networks.
2026-09-10 00:42:55,253 INFO hermes_cli.web_server: Mounted plugin API routes: /api/plugins/hermes-achievements/
2026-09-10 00:42:55,265 WARNING hermes_cli.web_server: Failed to load plugin kanban API routes: Form data requires "python-multipart" to be installed. 
You can install "python-multipart" with: 

pip install python-multipart

2026-09-10 00:42:55,269 WARNING hermes_cli.web_server: Binding to 0.0.0.0 with --insecure — the dashboard has no robust authentication. Only use on trusted networks.
2026-09-10 00:43:01,782 INFO hermes_cli.web_server: Mounted plugin API routes: /api/plugins/hermes-achievements/
2026-09-10 00:43:01,794 WARNING hermes_cli.web_server: Failed to load plugin kanban API routes: Form data requires "python-multipart" to be installed. 
You can install "python-multipart" with: 

pip install python-multipart

2026-09-10 00:43:01,800 WARNING hermes_cli.web_server: Binding to 0.0.0.0 with --insecure — the dashboard has no robust authentication. Only use on trusted networks.
2026-09-10 00:43:08,289 INFO hermes_cli.web_server: Mounted plugin API routes: /api/plugins/hermes-achievements/
2026-09-10 00:43:08,300 WARNING hermes_cli.web_server: Failed to load plugin kanban API routes: Form data requires "python-multipart" to be installed. 
You can install "python-multipart" with: 

pip install python-multipart

2026-09-10 00:43:08,305 WARNING hermes_cli.web_server: Binding to 0.0.0.0 with --insecure — the dashboard has no robust authentication. Only use on trusted networks.
2026-09-10 00:43:14,763 INFO hermes_cli.web_server: Mounted plugin API routes: /api/plugins/hermes-achievements/
2026-09-10 00:43:14,774 WARNING hermes_cli.web_server: Failed to load plugin kanban API routes: Form data requires "python-multipart" to be installed. 
You can install "python-multipart" with: 

pip install python-multipart

2026-09-10 00:43:14,779 WARNING hermes_cli.web_server: Binding to 0.0.0.0 with --insecure — the dashboard has no robust authentication. Only use on trusted networks.
2026-09-10 00:43:21,236 INFO hermes_cli.web_server: Mounted plugin API routes: /api/plugins/hermes-achievements/
2026-09-10 00:43:21,247 WARNING hermes_cli.web_server: Failed to load plugin kanban API routes: Form data requires "python-multipart" to be installed. 
You can install "python-multipart" with: 

pip install python-multipart

2026-09-10 00:43:21,252 WARNING hermes_cli.web_server: Binding to 0.0.0.0 with --insecure — the dashboard has no robust authentication. Only use on trusted networks.
2026-09-10 00:43:27,801 INFO hermes_cli.web_server: Mounted plugin API routes: /api/plugins/hermes-achievements/
2026-09-10 00:43:27,813 WARNING hermes_cli.web_server: Failed to load plugin kanban API routes: Form data requires "python-multipart" to be installed. 
You can install "python-multipart" with: 

pip install python-multipart

2026-09-10 00:43:27,818 WARNING hermes_cli.web_server: Binding to 0.0.0.0 with --insecure — the dashboard has no robust authentication. Only use on trusted networks.
2026-09-10 00:43:34,284 INFO hermes_cli.web_server: Mounted plugin API routes: /api/plugins/hermes-achievements/
2026-09-10 00:43:34,295 WARNING hermes_cli.web_server: Failed to load plugin kanban API routes: Form data requires "python-multipart" to be installed. 
You can install "python-multipart" with: 

pip install python-multipart

2026-09-10 00:43:34,300 WARNING hermes_cli.web_server: Binding to 0.0.0.0 with --insecure — the dashboard has no robust authentication. Only use on trusted networks.
2026-09-10 00:48:39,553 INFO hermes_cli.web_server: Mounted plugin API routes: /api/plugins/hermes-achievements/
2026-09-10 00:48:39,564 WARNING hermes_cli.web_server: Failed to load plugin kanban API routes: Form data requires "python-multipart" to be installed. 
You can install "python-multipart" with: 

pip install python-multipart

2026-09-10 00:48:39,569 WARNING hermes_cli.web_server: Binding to 0.0.0.0 with --insecure — the dashboard has no robust authentication. Only use on trusted networks.
2026-09-10 00:48:46,009 INFO hermes_cli.web_server: Mounted plugin API routes: /api/plugins/hermes-achievements/
2026-09-10 00:48:46,021 WARNING hermes_cli.web_server: Failed to load plugin kanban API routes: Form data requires "python-multipart" to be installed. 
You can install "python-multipart" with: 

pip install python-multipart

2026-09-10 00:48:46,025 WARNING hermes_cli.web_server: Binding to 0.0.0.0 with --insecure — the dashboard has no robust authentication. Only use on trusted networks.
2026-09-10 00:48:52,517 INFO hermes_cli.web_server: Mounted plugin API routes: /api/plugins/hermes-achievements/
2026-09-10 00:48:52,529 WARNING hermes_cli.web_server: Failed to load plugin kanban API routes: Form data requires "python-multipart" to be installed. 
You can install "python-multipart" with: 

pip install python-multipart

2026-09-10 00:48:52,534 WARNING hermes_cli.web_server: Binding to 0.0.0.0 with --insecure — the dashboard has no robust authentication. Only use on trusted networks.
2026-09-10 00:48:59,016 INFO hermes_cli.web_server: Mounted plugin API routes: /api/plugins/hermes-achievements/
2026-09-10 00:48:59,028 WARNING hermes_cli.web_server: Failed to load plugin kanban API routes: Form data requires "python-multipart" to be installed. 
You can install "python-multipart" with: 

pip install python-multipart

2026-09-10 00:48:59,033 WARNING hermes_cli.web_server: Binding to 0.0.0.0 with --insecure — the dashboard has no robust authentication. Only use on trusted networks.
2026-09-10 00:54:04,549 INFO hermes_cli.web_server: Mounted plugin API routes: /api/plugins/hermes-achievements/
2026-09-10 00:54:04,560 WARNING hermes_cli.web_server: Failed to load plugin kanban API routes: Form data requires "python-multipart" to be installed. 
You can install "python-multipart" with: 

pip install python-multipart

2026-09-10 00:54:04,565 WARNING hermes_cli.web_server: Binding to 0.0.0.0 with --insecure — the dashboard has no robust authentication. Only use on trusted networks.
2026-09-10 00:54:11,033 INFO hermes_cli.web_server: Mounted plugin API routes: /api/plugins/hermes-achievements/
2026-09-10 00:54:11,044 WARNING hermes_cli.web_server: Failed to load plugin kanban API routes: Form data requires "python-multipart" to be installed. 
You can install "python-multipart" with: 

pip install python-multipart

2026-09-10 00:54:11,049 WARNING hermes_cli.web_server: Binding to 0.0.0.0 with --insecure — the dashboard has no robust authentication. Only use on trusted networks.
2026-09-10 00:54:17,503 INFO hermes_cli.web_server: Mounted plugin API routes: /api/plugins/hermes-achievements/
2026-09-10 00:54:17,515 WARNING hermes_cli.web_server: Failed to load plugin kanban API routes: Form data requires "python-multipart" to be installed. 
You can install "python-multipart" with: 

pip install python-multipart

2026-09-10 00:54:17,520 WARNING hermes_cli.web_server: Binding to 0.0.0.0 with --insecure — the dashboard has no robust authentication. Only use on trusted networks.
2026-09-10 00:54:24,001 INFO hermes_cli.web_server: Mounted plugin API routes: /api/plugins/hermes-achievements/
2026-09-10 00:54:24,013 WARNING hermes_cli.web_server: Failed to load plugin kanban API routes: Form data requires "python-multipart" to be installed. 
You can install "python-multipart" with: 

pip install python-multipart

2026-09-10 00:54:24,018 WARNING hermes_cli.web_server: Binding to 0.0.0.0 with --insecure — the dashboard has no robust authentication. Only use on trusted networks.
2026-09-10 00:54:30,523 INFO hermes_cli.web_server: Mounted plugin API routes: /api/plugins/hermes-achievements/
2026-09-10 00:54:30,534 WARNING hermes_cli.web_server: Failed to load plugin kanban API routes: Form data requires "python-multipart" to be installed. 
You can install "python-multipart" with: 

pip install python-multipart

2026-09-10 00:54:30,539 WARNING hermes_cli.web_server: Binding to 0.0.0.0 with --insecure — the dashboard has no robust authentication. Only use on trusted networks.
2026-09-10 00:54:36,986 INFO hermes_cli.web_server: Mounted plugin API routes: /api/plugins/hermes-achievements/
2026-09-10 00:54:36,998 WARNING hermes_cli.web_server: Failed to load plugin kanban API routes: Form data requires "python-multipart" to be installed. 
You can install "python-multipart" with: 

pip install python-multipart

2026-09-10 00:54:37,002 WARNING hermes_cli.web_server: Binding to 0.0.0.0 with --insecure — the dashboard has no robust authentication. Only use on trusted networks.
2026-09-10 00:59:43,587 INFO hermes_cli.web_server: Mounted plugin API routes: /api/plugins/hermes-achievements/
2026-09-10 00:59:43,599 WARNING hermes_cli.web_server: Failed to load plugin kanban API routes: Form data requires "python-multipart" to be installed. 
You can install "python-multipart" with: 

pip install python-multipart

2026-09-10 00:59:43,604 WARNING hermes_cli.web_server: Binding to 0.0.0.0 with --insecure — the dashboard has no robust authentication. Only use on trusted networks.
2026-09-10 03:17:33,994 INFO hermes_cli.web_server: Mounted plugin API routes: /api/plugins/hermes-achievements/
2026-09-10 03:17:34,006 WARNING hermes_cli.web_server: Failed to load plugin kanban API routes: Form data requires "python-multipart" to be installed. 
You can install "python-multipart" with: 

pip install python-multipart

2026-09-10 03:17:34,010 WARNING hermes_cli.web_server: Binding to 0.0.0.0 with --insecure — the dashboard has no robust authentication. Only use on trusted networks.
2026-09-10 03:20:05,546 INFO hermes_cli.web_server: Mounted plugin API routes: /api/plugins/hermes-achievements/
2026-09-10 03:20:05,558 WARNING hermes_cli.web_server: Failed to load plugin kanban API routes: Form data requires "python-multipart" to be installed. 
You can install "python-multipart" with: 

pip install python-multipart

2026-09-10 03:20:05,562 WARNING hermes_cli.web_server: Binding to 0.0.0.0 with --insecure — the dashboard has no robust authentication. Only use on trusted networks.
